Date,Close,High,Low,Open,Volume
2000-05-26,32.590641021728516,32.590641021728516,32.30104544190454,32.45698152334822,74800
2000-05-30,33.793556213378906,33.793556213378906,33.058429413747064,33.058429413747064,57600
2000-05-31,33.91610336303711,34.35049680512527,33.90496506965023,33.90496506965023,36000
2000-06-01,34.68464660644531,34.68464660644531,34.61224769734387,34.61224769734387,7000
2000-06-02,36.48902893066406,36.48902893066406,36.25512489905724,36.25512489905724,29400
2000-06-05,36.355384826660156,36.75636333577773,36.310831658980426,36.399937994339886,48400
2000-06-06,36.7118034362793,37.35782424917499,36.60042053750418,36.92900008889078,151800
2000-06-07,36.75634765625,36.75634765625,36.15488014914773,36.48902876420455,131000
2000-06-08,36.667266845703125,37.15735182176963,36.667266845703125,37.15735182176963,91400
2000-06-09,37.313270568847656,37.313270568847656,37.00139845663042,37.02367503607451,41600
2000-06-12,36.20500946044922,37.42465214185798,36.17716373712938,37.42465214185798,85200
2000-06-13,36.667266845703125,36.667266845703125,35.776203252854934,36.11592124762831,168200
2000-06-14,36.48902893066406,36.967975281097075,36.48902893066406,36.967975281097075,43200
2000-06-15,36.533599853515625,36.533599853515625,35.91542461209181,36.26628083019722,26800
2000-06-16,36.33310317993164,36.71180505243859,36.33310317993164,36.68952847170289,30200
2000-06-19,37.24645233154297,37.24645233154297,36.36652717179659,36.53360156921679,59200
2000-06-20,37.491493225097656,37.54718468859305,37.15734444412531,37.302142249213325,47000
2000-06-21,37.691192626953125,37.7580605026958,37.17853891292597,37.17853891292597,66800
2000-06-22,36.55445861816406,37.802659644150154,36.55445861816406,37.802659644150154,139600
2000-06-23,36.30925750732422,36.91106840523567,36.019496704626114,36.91106840523567,235800
2000-06-26,36.755027770996094,36.755027770996094,36.2869528266717,36.4541224496447,93600
2000-06-27,36.17551803588867,37.13395751558258,36.17551803588867,36.8107628073137,112800
2000-06-28,37.08937454223633,37.2231102677492,36.331538764330055,36.331538764330055,170600
2000-06-29,36.50985336303711,36.97792840615297,36.398406924199996,36.911060542850706,212200
2000-06-30,36.860931396484375,36.860931396484375,36.23125864549379,36.53216420791407,1171800
2000-07-03,37.379150390625,37.379150390625,36.73276078935599,36.77733938254696,15800
2000-07-05,36.955657958984375,37.178550950293086,36.82749448898187,37.167406300727656,138800
2000-07-06,37.390289306640625,37.390289306640625,36.6213086919884,36.96679273625245,154600
2000-07-07,37.62431716918945,37.769197537435744,37.395851973108776,37.395851973108776,71800
2000-07-10,37.86951446533203,38.00325024331437,37.602042909367356,37.602042909367356,44800
2000-07-11,37.82493209838867,38.01439109829221,37.69119633375088,37.80264280428237,253200
2000-07-12,38.582763671875,38.582763671875,37.980952800043326,38.025531383141974,45200
2000-07-13,38.70535659790039,38.70535659790039,38.51589761081018,38.616199427504995,102600
2000-07-14,38.73878479003906,38.905954459731404,38.42673473994669,38.905954459731404,54800
2000-07-17,38.87254333496094,38.93941124207383,38.671939613622264,38.7722414742916,46600
2000-07-18,38.20384979248047,38.61620173014726,38.20384979248047,38.61620173014726,235400
2000-07-19,37.53517150878906,38.08125921779461,37.53517150878906,38.08125921779461,35400
2000-07-20,38.15928649902344,38.15928649902344,37.89181486468449,37.89181486468449,150400
2000-07-21,37.111690521240234,37.93639475504557,37.111690521240234,37.93639475504557,150600
2000-07-24,36.57114028930664,37.31225893298755,36.49312780049812,37.31225893298755,37000
2000-07-25,36.64358139038086,36.86090190045155,36.42068855953913,36.86090190045155,36800
2000-07-26,36.57673645019531,36.57673645019531,35.997214727035605,36.376132776793874,15800
2000-07-27,35.573726654052734,36.50430502987147,35.573726654052734,36.50430502987147,275000
2000-07-28,34.949607849121094,35.77988392844492,34.86045068624068,35.77988392844492,171600
2000-07-31,35.841182708740234,35.841182708740234,34.72671807227443,35.12792534140212,166400
2000-08-01,35.607147216796875,35.70744903994278,35.40654357050506,35.57371327574824,263400
2000-08-02,35.66286849975586,35.86347213506699,35.30623981475831,35.39539698600769,388600
2000-08-03,35.640586853027344,35.707454745809756,34.97190792520319,34.97190792520319,1084200
2000-08-04,35.818885803222656,36.075212615131214,35.60713756729819,36.064067971135195,570400
2000-08-07,36.48199462890625,36.48199462890625,35.952624002704006,35.952624002704006,88200
2000-08-08,36.30925750732422,36.48757184744613,36.30925750732422,36.37612538486994,49600
2000-08-09,36.04735565185547,36.576726309905595,36.04735565185547,36.576726309905595,23000
2000-08-10,35.841182708740234,36.086364928762706,35.729736245093655,36.05293098966874,43000
2000-08-11,36.46529006958008,36.46529006958008,35.484560996804085,35.484560996804085,176000
2000-08-14,36.844207763671875,36.844207763671875,36.33155393513923,36.35384323203196,56800
2000-08-15,36.30925750732422,36.82191123517471,36.30925750732422,36.76618800388662,189200
2000-08-16,36.48755645751953,36.755027854886805,36.33153147572195,36.46526717440559,219400
2000-08-17,36.8219108581543,36.977935904163424,36.532150058423056,36.62130722757113,358800
2000-08-18,36.76618576049805,37.044801899938015,36.688173241454855,36.95564473531722,52200
2000-08-21,36.89992141723633,37.03365716384063,36.665883860678804,37.00022322718955,129200
2000-08-22,36.844207763671875,37.156257920170006,36.844207763671875,36.92222030279641,195600
2000-08-23,36.788482666015625,36.91107379274273,36.64360224351995,36.799627313899904,153000
2000-08-24,37.334564208984375,37.535167837569965,36.989080181975865,36.989080181975865,276200
2000-08-25,37.49058151245117,37.57973866230242,37.24539935036023,37.356845787674295,208600
2000-08-28,37.557472229003906,37.89181174439563,37.49060432592556,37.66891873413448,156000
2000-08-29,37.914093017578125,37.914093017578125,37.53517498036541,37.64662146189856,140200
2000-08-30,37.95867156982422,38.09240734752178,37.746923255136416,37.880659032833975,619000
2000-08-31,38.337589263916016,38.62735011300375,38.09240700699562,38.09240700699562,151200
2000-09-01,38.64963912963867,38.716507017406215,38.33201666274285,38.51590335410359,186800
2000-09-05,38.38216781616211,38.716507257069445,38.38216781616211,38.59948845275188,110400
2000-09-06,38.21498107910156,38.560465014199885,38.15925786376312,38.560465014199885,217800
2000-09-07,38.78335952758789,38.805648814672715,38.38215236006112,38.38215236006112,213800
2000-09-08,38.114715576171875,38.671948260034036,38.114715576171875,38.58836335745471,128600
2000-09-11,38.15928649902344,38.45461976193936,38.025550681853964,38.3097392933391,314600
2000-09-12,38.03667449951172,38.38215850463474,37.980951272878976,38.38215850463474,93000
2000-09-13,38.22614288330078,38.29301077172638,37.86951414503092,37.86951414503092,81200
2000-09-14,38.44902038574219,38.5939007524131,38.220555192145746,38.393297167791836,114000
2000-09-15,37.73576736450195,38.29299960556075,37.6688994955749,38.24842102627605,67000
2000-09-18,36.844207763671875,37.90294936607624,36.73833360343144,37.90294936607624,201400
2000-09-19,37.44601058959961,37.60203563372294,36.82748273611069,37.0782372713089,54800
2000-09-20,37.14845657348633,37.43920307285738,36.94717053546022,37.43920307285738,40400
2000-09-21,36.45515441894531,37.21556868289878,36.45515441894531,37.21556868289878,207400
2000-09-22,36.924808502197266,36.924808502197266,35.7841875248429,35.7841875248429,127600
2000-09-25,36.96955490112305,37.34417077807031,36.94718977414112,37.34417077807031,113800
2000-09-26,36.4439697265625,36.947185018889996,36.25386617168323,36.947185018889996,65200
2000-09-27,36.2762336730957,36.79063156118522,36.142042919681046,36.611710556632346,43600
2000-09-28,37.26028060913086,37.32737595236459,36.3433109182699,36.365676032681144,121000
2000-09-29,37.08138656616211,37.35535941624383,37.08138656616211,37.22675991518506,130400
2000-10-02,36.477508544921875,37.360930732245244,36.477508544921875,37.360930732245244,169600
2000-10-03,35.946353912353516,36.919237032706526,35.946353912353516,36.919237032706526,151000
2000-10-04,36.19796371459961,36.19796371459961,35.650018017344316,36.10850319259875,99800
2000-10-05,35.82893371582031,36.36569676774271,35.80656858865688,36.23150600476212,408800
2000-10-06,34.956695556640625,35.89603094587857,34.911965300010245,35.89603094587857,185600
2000-10-09,34.87840270996094,34.97904574439173,34.57647360666856,34.97904574439173,361800
2000-10-10,34.039710998535156,35.10764542703716,34.039710998535156,34.923133195934724,420400
2000-10-11,33.92789077758789,34.21863736961732,33.63714418555846,34.15154200222591,168200
2000-10-12,32.899105072021484,34.24101282478919,32.899105072021484,34.24101282478919,161400
2000-10-13,34.17389678955078,34.453460735800384,32.96618054175252,32.98854565745249,378800
2000-10-16,34.442298889160156,34.733045568094624,34.15155221022569,34.35283837256493,1098000
2000-10-17,33.57563018798828,34.53733017005889,33.329613913505106,34.44227842764493,265800
2000-10-18,33.301666259765625,33.502952355358566,32.6530777295217,32.79285974035013,343600
2000-10-19,34.33047103881836,34.419931549668696,33.83843822914148,33.83843822914148,150600
2000-10-20,34.76658248901367,35.090876761185235,34.582070230709164,34.598844072373204,264800
2000-10-23,35.11323928833008,35.15796952946171,34.82808400111593,34.956683444369375,143200
2000-10-24,34.59885025024414,35.448725046307025,34.59885025024414,35.22507378418521,73800
2000-10-25,33.82725143432617,34.71067386847882,33.82725143432617,34.53175286915677,33000
2000-10-26,34.35281753540039,34.35281753540039,33.5253082588315,34.14594021625817,105800
2000-10-27,34.37520217895508,34.53175807697244,34.084455511208546,34.084455511208546,138800
2000-10-30,34.53175354003906,34.73303966818696,34.01735565699444,34.3081022865414,73600
2000-10-31,35.42634963989258,35.55494907829497,34.665935569339325,34.665935569339325,285000
2000-11-01,35.44872283935547,35.58291358827417,35.26980184079721,35.31453209043677,528200
2000-11-02,36.29859161376953,36.36568697719609,35.694733342930476,35.70591590350157,211800
2000-11-03,36.25385665893555,36.36568225011055,36.052570594820544,36.35449969099305,224200
2000-11-06,35.97431945800781,36.56699553238593,35.94077175568452,36.56699553238593,68200
2000-11-07,36.2762336730957,36.2762336730957,35.82893116171351,35.996669603481834,79400
2000-11-08,35.62763214111328,36.32095078290519,35.62763214111328,36.298585665428035,192600
2000-11-09,35.24744415283203,35.56055596637241,34.73304617344425,35.33690467098643,249000
2000-11-10,34.35281753540039,35.33688262104988,34.35281753540039,35.33688262104988,189000
2000-11-13,34.00617980957031,34.27456136676521,33.14512231357001,33.99499724468719,160800
2000-11-14,34.82248306274414,34.93430863455771,34.621197033479724,34.66592726220515,129600
2000-11-15,35.26980209350586,35.381627718406,34.75540421896519,34.86722984386533,542200
2000-11-16,34.246585845947266,35.241833565225406,34.246585845947266,34.81130505744778,165400
2000-11-17,34.464664459228516,34.99583628330812,34.37520394148879,34.710680883012756,215400
2000-11-20,33.57004928588867,34.24100296915094,33.54768416311327,34.129177355273896,79800
2000-11-21,33.37437438964844,33.681895011432765,33.234592288837376,33.681895011432765,84400
2000-11-22,32.67544174194336,33.279300008221576,32.54125101610376,33.122744161408704,123400
2000-11-24,33.5924186706543,33.70424429871906,32.98856027910458,33.072429500153156,82200
2000-11-27,33.687461853027344,34.39196312995373,33.68187057305174,34.28572881041721,235600
2000-11-28,32.67544174194336,33.79369779060672,32.56361613707703,33.54768145990078,171000
2000-11-29,32.58599853515625,32.921475527625255,32.250521542687245,32.921475527625255,526800
2000-11-30,31.892681121826172,32.40707920443627,31.467743575322178,32.20579299819754,214600
2000-12-01,32.60834503173828,33.10037767282075,32.29523335104943,32.33996359114784,309200
2000-12-04,32.250518798828125,32.731369113789846,32.20578853697122,32.731369113789846,528200
2000-12-05,33.816070556640625,33.816070556640625,32.742544507223464,32.742544507223464,392400
2000-12-06,33.03329086303711,34.01735639991838,33.03329086303711,33.704244638183425,310800
2000-12-07,32.9438362121582,33.21221776989473,32.72018491404444,32.72018491404444,236200
2000-12-08,33.39113998413086,34.263380077487255,33.39113998413086,33.614791290119676,359600
2000-12-11,34.91197204589844,34.91197204589844,34.19628780152384,34.330478597344076,250800
2000-12-12,34.15154266357422,34.911956842068996,34.15154266357422,34.911956842068996,323200
2000-12-13,33.51559829711914,34.431140868332555,33.49874782034834,34.431140868332555,525400
2000-12-14,32.98198699951172,33.678473101000044,32.98198699951172,33.43133287143967,593800
2000-12-15,32.802249908447266,32.858418144591866,32.352904019290456,32.600044258326704,389000
2000-12-18,33.29653549194336,33.40887198145734,32.93705872549863,32.95952602340142,239600
2000-12-19,32.71236801147461,33.611059440361274,32.71236801147461,33.25158286880661,453800
2000-12-20,31.67888641357422,32.3529052734375,31.56654993693034,32.161933263142906,261400
2000-12-21,31.9260311126709,32.31920883573335,31.45421784499596,31.678890829603073,404600
2000-12-22,33.251590728759766,33.318992601858604,32.397833669507826,32.44276825157372,885600
2000-12-26,33.442569732666016,33.50997161993374,33.08309300057152,33.25159771874082,514000
2000-12-27,34.330013275146484,34.330013275146484,33.206648966404785,33.43132182815312,741200
2000-12-28,35.4309196472168,35.498321523527295,34.307555042041884,34.307555042041884,1201000
2000-12-29,34.419891357421875,35.66682606390811,34.37495677340436,35.56572324986869,1803800
2001-01-02,33.217891693115234,34.41989183216269,32.95951783145083,34.41989183216269,826000
2001-01-03,34.5940055847168,35.04896815207547,32.86964128620924,32.89210857348621,1409800
2001-01-04,34.150299072265625,34.71198162279631,34.01549526013826,34.46484130056281,506600
2001-01-05,33.094329833984375,34.10535824031791,32.93705874855471,34.10535824031791,263200
2001-01-08,33.206687927246094,33.251622552316796,32.600070488791665,32.9820148018926,423400
2001-01-09,33.15610122680664,33.476260090084295,32.95951245110984,33.206652626271534,327600
2001-01-10,34.217689514160156,34.217689514160156,32.84718455003424,32.84718455003424,1021800
2001-01-11,34.683895111083984,34.82431573906408,33.970558320945095,33.970558320945095,431200
2001-01-12,34.779361724853516,35.03211871413298,34.37495054200638,34.554688845494,1014200
2001-01-16,35.47585678100586,35.47585678100586,34.53223044484231,34.68950150086957,445200
2001-01-17,35.45341873168945,36.082503474710556,35.20627829693116,36.015101537958294,1089600
2001-01-18,35.58818817138672,35.58818817138672,35.060206844349096,35.54325359036224,916200
2001-01-19,34.9590950012207,35.88025367413204,34.79059036593204,35.88025367413204,590800
2001-01-22,35.20624923706055,35.29611841188393,34.700735128679014,34.86923983147285,237600
2001-01-23,36.082489013671875,36.082489013671875,35.13886227732429,35.22873149030978,3197400
2001-01-24,35.94768142700195,36.239756338596344,35.8128776216507,36.127419834136965,938800
2001-01-25,35.812862396240234,36.060002600982166,35.66682500252909,35.96451661278642,772000
2001-01-26,35.812862396240234,35.947666144281285,35.35228292376663,35.61065677417865,435200
2001-01-29,36.540809631347656,36.540809631347656,35.728391465220895,35.728391465220895,596800
2001-01-30,36.778053283691406,36.778053283691406,36.25321773091834,36.666616405577464,1381400
2001-01-31,36.271217346191406,37.044093178307186,36.271217346191406,36.82840485857931,922400
2001-02-01,36.53721618652344,36.53721618652344,36.12741291613566,36.28917635454508,702800
2001-02-02,35.72119140625,36.59471967050695,35.72119140625,36.59471967050695,856000
2001-02-05,35.793087005615234,35.94406652805506,35.55583386215106,35.58818544156433,541600
2001-02-06,36.3610725402832,36.4832933145687,35.857804559353255,35.857804559353255,424800
2001-02-07,36.45093536376953,36.522829601675106,35.96564240143346,35.96564240143346,406600
2001-02-08,35.904537200927734,36.5947346529519,35.85780621024177,36.5408125913358,2393800
2001-02-09,35.444419860839844,35.929713100887916,35.31860350121123,35.857818821840404,985000
2001-02-12,36.23524475097656,36.271191864813865,35.41204295393409,35.46236946182411,443200
2001-02-13,35.89375686645508,36.84637090670752,35.89375686645508,36.5408161842919,913000
2001-02-14,36.271217346191406,36.271217346191406,35.69605489296254,36.091478908145454,336000
2001-02-15,36.45093536376953,36.720542869799495,36.3179280067959,36.66662082007563,1262000
2001-02-16,35.6636962890625,36.091474598156324,35.55225934841073,35.62415361800724,675400
2001-02-20,35.25028991699219,35.947675703264316,35.056172139083756,35.83983157911852,631000
2001-02-21,34.635581970214844,35.282641173464754,34.527740598066366,34.94113663852017,399600
2001-02-22,34.150299072265625,34.68591878452632,33.8806914480109,34.635592247406024,526600
2001-02-23,34.22216033935547,34.330004382093556,33.233600003745444,34.07837193915527,380800
2001-02-26,34.97708511352539,35.04538382372509,34.40551571629739,34.56368634692973,903200
2001-02-27,34.34798812866211,34.97707214023036,34.24014405821495,34.97707214023036,448400
2001-02-28,33.8447380065918,34.43787521794382,33.736893879949584,34.43787521794382,316200
2001-03-01,34.078392028808594,34.078392028808594,33.32348876979262,33.80878450561419,541600
2001-03-02,34.16825485229492,34.61760064076493,33.5211958198625,33.539170748436916,1030800
2001-03-05,34.042442321777344,34.527738059834185,34.00649520037043,34.509763127835946,522200
2001-03-06,34.54573440551758,34.653578587738465,34.37677979991421,34.50978725897444,522000
2001-03-07,34.72544860839844,34.9411340794887,34.59963231214491,34.79734559382157,394600
2001-03-08,34.437862396240234,34.79733902775594,34.437862396240234,34.72184652165928,830400
2001-03-09,33.826942443847656,34.417679988286345,33.826942443847656,34.07548268325019,246600
2001-03-12,32.86882019042969,33.589232687754176,32.656299822833645,33.589232687754176,1006400
2001-03-13,33.211002349853516,33.211002349853516,32.42215283515432,33.06692210391243,672200
2001-03-14,32.418548583984375,33.247023702614634,32.31048565610933,32.32849706013997,655800
2001-03-15,32.292484283447266,32.92284509252901,32.23845280732354,32.79677348034367,561600
2001-03-16,31.698139190673828,32.544623039884755,31.572067595796398,32.36451997630138,301400
2001-03-19,32.52659606933594,32.562616112141725,31.521621210581834,32.05832726840141,784600
2001-03-20,31.770174026489258,32.83638640373369,31.770174026489258,32.45456610377233,625200
2001-03-21,31.28390121459961,31.91426192948048,31.031758027909113,31.78819033613523,494800
2001-03-22,30.977724075317383,31.247878645741665,29.951137257336,31.067775598792142,1193000
2001-03-23,31.788192749023438,31.878244286556082,31.337935061360216,31.60808967395815,297200
2001-03-26,32.22045135498047,32.40055449893934,31.914276559881557,32.05835962467983,1011600
2001-03-27,32.47977828979492,32.63466699845926,31.734151889516376,32.27446095488211,633200
2001-03-28,31.608083724975586,32.05834132789547,31.536043607770132,32.02232126929274,1233200
2001-03-29,31.66211700439453,32.20242615891268,31.518034013558797,31.608085539311823,591800
2001-03-30,32.274478912353516,32.36453047335235,31.662129396823616,31.860241182127737,231400
2001-04-02,31.518047332763672,32.418562970842636,31.464015844847808,32.25647125525067,340200
2001-04-03,30.44822883605957,31.446001522475488,30.347371542448244,31.446001522475488,507400
2001-04-04,30.545490264892578,30.923705168168038,30.40140721919718,30.491458779237362,356400
2001-04-05,32.0223274230957,32.0223274230957,30.977729033947885,30.977729033947885,950000
2001-04-06,31.12179946899414,31.618882767954183,31.06776801846172,31.51802552597566,405000
2001-04-09,31.806217193603516,31.91427743404519,31.373967987368953,31.554071136261033,569800
2001-04-10,32.56264877319336,32.68872042354279,31.950296438679754,31.968307852225045,769000
2001-04-11,32.346500396728516,33.06691240780796,32.101560203035355,33.06691240780796,526800
2001-04-12,32.74272918701172,32.7787492409424,32.07634857075522,32.148388678616584,492000
2001-04-16,32.152000427246094,32.70671820574699,32.152000427246094,32.5986552658249,262400
2001-04-17,32.67070007324219,32.81478309772439,31.96829910760475,31.96829910760475,295400
2001-04-18,33.62525177001953,34.57979885041736,33.13897389831664,33.19300538365152,688600
2001-04-19,33.99986267089844,34.0358827409207,33.39111331934799,33.607239235791944,251200
2001-04-20,33.60362243652344,33.859368399978834,33.13895630636227,33.859368399978834,504000
2001-04-23,32.99489212036133,33.301066884807646,32.95887204480687,33.138975170734774,305200
2001-04-24,33.247039794921875,33.50998883285424,32.95887367987921,33.21101696942473,319200
2001-04-25,33.9674186706543,34.00343871229771,33.10652675905766,33.31904692846088,390200
2001-04-26,34.453712463378906,34.54376398432441,33.98544345520058,34.03947491739875,323600
2001-04-27,34.903995513916016,34.903995513916016,34.543789167535365,34.66986083913733,1658400
2001-04-30,34.94000244140625,35.33622872358495,34.76350216762902,35.1741370280158,1112800
2001-05-01,35.37225341796875,35.37225341796875,34.59060649807202,34.81393536725208,563400
2001-05-02,35.28218460083008,35.51631910354986,34.9399899225003,35.44427898647653,590200
2001-05-03,34.846336364746094,35.0300422400641,34.68784755394733,34.994022180707766,385600
2001-05-04,35.33622741699219,35.480310445590085,34.38888610712093,34.63382643129081,754000
2001-05-07,35.120113372802734,35.66042280930739,35.08409329333361,35.51633974327497,269000
2001-05-08,35.30021286010742,35.4803159869447,34.95801801837884,35.33623293584375,437800
2001-05-09,35.084075927734375,35.44428204044591,34.9760129946591,34.9760129946591,237000
2001-05-10,35.120113372802734,35.60639131602574,35.120113372802734,35.60639131602574,562600
2001-05-11,34.91117858886719,35.426273481348545,34.8139241398106,35.17413028145757,1009600
2001-05-14,34.903995513916016,35.05528151983837,34.687872255718894,34.911198431654846,249400
2001-05-15,35.24616622924805,35.37223781423757,34.88596013033258,34.93999159480079,435000
2001-05-16,35.923370361328125,35.930573277107506,34.97602616923745,34.97602616923745,633200
2001-05-17,36.294376373291016,36.32679361118671,35.84051580566549,35.9305673529159,173600
2001-05-18,36.43486022949219,36.50690037527177,36.110674077173265,36.110674077173265,309000
2001-05-21,37.06520080566406,37.06520080566406,36.27274589570979,36.32677734950388,376000
2001-05-22,37.24531555175781,37.38939855787668,36.84908934604699,37.173272674620996,896200
2001-05-23,36.38080596923828,37.083206569382895,36.38080596923828,36.97514641836648,659000
2001-05-24,36.7590217590332,36.86708190531923,36.135864197651564,36.59692741737382,540200
2001-05-25,36.488887786865234,36.813071156148084,36.488887786865234,36.77705108713389,339600
2001-05-29,36.020626068115234,36.560935459136964,36.020626068115234,36.560935459136964,753600
2001-05-30,35.55234146118164,35.98459043603717,35.408261217717616,35.98459043603717,849400
2001-05-31,35.69643783569336,36.092664150076956,35.58837761258266,35.714449246956235,972000
2001-06-01,36.11785888671875,36.200707486173386,35.4802953968963,35.930552952694484,538200
2001-06-04,36.589744567871094,36.589744567871094,36.12868109536246,36.29077277773797,417800
2001-06-05,37.10122299194336,37.2633146144912,36.54290251756026,36.59693397446089,1191600
2001-06-06,36.867095947265625,37.19128200590687,36.79505582230295,37.101230475626224,1081200
2001-06-07,37.0219841003418,37.15526135237268,36.741023770040336,36.741023770040336,262800
2001-06-08,36.806705474853516,37.05954729155067,36.4996824815015,37.02342742570381,545400
2001-06-11,36.319068908691406,36.80669383280995,36.301007603596254,36.80669383280995,513400
2001-06-12,36.409385681152344,36.662227527308765,35.92537060394934,36.1204212091712,690200
2001-06-13,36.35880661010742,36.842818789077334,36.264892770990635,36.57191570974589,759400
2001-06-14,35.45219039916992,36.13847888421301,35.45219039916992,36.03011652918599,865200
2001-06-15,35.66891098022461,35.81339319610844,35.34382668342824,35.39800785885581,817800
2001-06-18,35.39801025390625,35.759214440170595,35.21740816077407,35.57861234703842,685600
2001-06-19,35.289642333984375,35.7953286662109,35.101817399267055,35.75920880443089,763600
2001-06-20,35.70503234863281,35.79533339289125,35.0368051722742,35.0368051722742,861400
2001-06-21,35.75559616088867,35.97593090128984,35.596668217150075,35.63278807910117,776800
2001-06-22,35.10906219482422,35.84953222469541,35.03682242615068,35.84953222469541,673400
2001-06-25,34.863426208496094,35.31493143307435,34.76590229252563,35.289647250728734,1857600
2001-06-26,35.39801025390625,35.434130121378836,34.62142070228405,34.675601881377546,1007600
2001-06-27,35.74115753173828,35.831458589429154,35.36189474289838,35.47025435866568,989000
2001-06-28,36.192665100097656,36.391328541839925,35.939823224943645,35.939823224943645,922600
2001-06-29,36.806705474853516,36.987307559856944,36.282957774882085,36.44550130484665,2283200
2001-07-02,35.975948333740234,36.69835694588671,35.87119875428658,36.69835694588671,2142000
2001-07-03,35.75923156738281,35.95428225207919,35.614749272522104,35.84953265719944,1084800
2001-07-05,35.289642333984375,35.75559599152225,35.23546391919877,35.398004675093205,849600
2001-07-06,34.63948059082031,35.19934540306773,34.513059681975356,35.072924494222775,588600
2001-07-09,34.96455383300781,35.0187322369635,34.404686442140736,34.765890499276075,895400
2001-07-10,34.314395904541016,35.07292410496126,34.16269081561079,35.07292410496126,775600
2001-07-11,34.314395904541016,34.40108413310556,33.76897684012717,34.242156173365416,1103400
2001-07-12,35.1560173034668,35.21742137679018,34.58531381361702,34.60337513201579,1254200
2001-07-13,35.325782775878906,35.452203733781616,34.92845582851297,35.0729381043033,241200
2001-07-16,34.72978973388672,35.39440424155122,34.72978973388672,35.289654676714356,547200
2001-07-17,35.416053771972656,35.416053771972656,34.63946461052045,34.711704309171324,558400
2001-07-18,34.74784851074219,35.358284588493454,34.72978995130747,34.928450639708146,877800
2001-07-19,35.03681182861328,35.459420134645846,34.856209705785375,35.10905157543656,431000
2001-07-20,35.03681182861328,35.25353382485282,34.856209705785375,34.856209705785375,629600
2001-07-23,34.78397750854492,35.27160279486147,34.67561510902111,35.27160279486147,1452000
2001-07-24,34.206024169921875,34.80201143384406,33.88094271302645,34.67559056107713,588200
2001-07-25,34.40470886230469,34.42277017923859,33.92069643310069,34.27828791107753,603600
2001-07-26,34.91038513183594,35.07292591324585,34.11934708256408,34.3180104871933,622800
2001-07-27,34.85621643066406,35.065715594948244,34.737018345215795,34.91039762911966,592200
2001-07-30,34.8020133972168,35.036796606039836,34.56723018839376,35.00067674832133,378000
2001-07-31,34.758705139160156,35.27883766879318,34.71897242953782,34.88873620473999,652200
2001-08-01,35.289642333984375,35.32576495153319,34.838137172312265,35.054861854529925,439000
2001-08-02,35.1812858581543,35.57860988438961,35.00068377752288,35.560548574018846,553000
2001-08-03,35.09101486206055,35.322185502730896,34.71174906570719,35.21743587558786,303000
2001-08-06,34.60335922241211,35.036803106995166,34.53111673780226,35.036803106995166,236800
2001-08-07,34.63948059082031,34.71172032279768,34.42275863911908,34.60336072483163,427400
2001-08-08,33.862892150878906,34.7911867908109,33.862892150878906,34.31439737955729,1126400
2001-08-09,34.206024169921875,34.206024169921875,33.75451908449118,34.025422135749594,535200
2001-08-10,34.169921875,34.3866438762318,33.77621056093537,34.07962081150594,425400
2001-08-13,34.458892822265625,34.5383582139189,34.1735410775881,34.3685917418906,1614800
2001-08-14,34.56725311279297,34.82009779604169,34.46611634180161,34.51307466816926,4667800
2001-08-15,34.523895263671875,34.75867852555479,34.3216190543515,34.585299311247205,931600
2001-08-16,34.74784851074219,34.85621089042968,34.133802374565846,34.40470556801478,1579400
2001-08-17,34.206024169921875,34.67559056107713,34.16990431424109,34.45886867122407,2412000
2001-08-20,34.585289001464844,34.585289001464844,34.15184522855798,34.169903778230925,2469600
2001-08-21,33.98930358886719,34.67559189630185,33.95318373179556,34.56722956931853,910400
2001-08-22,34.44084167480469,34.44084167480469,33.87375083280946,34.278300784436865,1277800
2001-08-23,33.98930358886719,34.67197908386415,33.98930358886719,34.38662752819195,842200
2001-08-24,34.711727142333984,34.711727142333984,34.26022183934897,34.31440302686111,2401000
2001-08-27,34.585289001464844,34.83813074303246,34.44080682523979,34.71170987224865,249400
2001-08-28,34.206024169921875,34.56722823826642,34.1337844585603,34.5491696883102,985000
2001-08-29,34.06155776977539,34.332460924606785,33.880955666554456,34.332460924606785,653000
2001-08-30,33.63172912597656,34.02544044961464,33.45112699459693,33.8809609491268,959400
2001-08-31,33.91346740722656,34.00376847131137,33.685909717809984,33.73647809323589,995600
2001-09-04,33.59199142456055,34.13018492415581,33.59199142456055,33.84483326845915,697400
2001-09-05,33.357215881347656,33.7184201740656,33.014072905573634,33.6642389790039,569200
2001-09-06,32.580623626708984,33.15855265578636,32.580623626708984,33.05019027389189,305400
2001-09-07,31.977413177490234,32.54450376398269,31.847379421474272,32.25554200510154,4950200
2001-09-10,31.731773376464844,32.00267639804383,31.46087035488586,31.731773376464844,4777800
2001-09-17,30.16055679321289,30.698750388326506,29.618750383753977,29.618750383753977,1338800
2001-09-18,29.67291831970215,30.28696420712727,29.474254956010604,30.24723153438896,4303400
2001-09-19,28.954130172729492,29.871586421291408,28.029445541122964,29.802959496792766,1636000
2001-09-20,27.852449417114258,28.643487307657807,27.668234547583154,28.57124483148449,732000
2001-09-21,27.328710556030273,27.469579970791727,26.54850817664135,26.909712369520822,1011200
2001-09-24,28.173934936523438,28.38343408846189,27.63212849543645,27.63212849543645,1702800
2001-09-25,28.517080307006836,28.71574378772057,28.083636220066342,28.260625567393845,924600
2001-09-26,28.09446907043457,28.75186076414657,27.939151116415086,28.607378497840305,990600
2001-09-27,28.545969009399414,28.55319463701609,27.67907833195456,28.09446373528954,1879400
2001-09-28,28.968589782714844,29.178088981672296,28.63628241898483,28.751867708793995,2264800
2001-10-01,28.821388244628906,29.107789793056906,28.295716232065196,29.075160368092348,906000
2001-10-02,29.13680076599121,29.13680076599121,28.64012917569792,28.64012917569792,1107200
2001-10-03,29.800230026245117,29.999624406610362,28.640124811144634,28.640124811144634,1441200
2001-10-04,30.09749412536621,30.431026650426233,29.745839372336402,29.908978146773862,2346200
2001-10-05,29.94524383544922,30.054004909326007,29.368817335265646,30.054004909326007,503800
2001-10-08,29.673337936401367,30.014119984353503,29.54645188638997,29.54645188638997,348000
2001-10-09,29.42683219909668,29.709607777655837,29.365202191648663,29.600849429084644,1017200
2001-10-10,30.45279884338379,30.45279884338379,29.401451663465977,29.401451663465977,638600
2001-10-11,30.942224502563477,31.32288567112481,30.81533836834646,30.81533836834646,1523400
2001-10-12,30.84433364868164,31.09810585084396,30.380291469922224,30.858835312506567,573800
2001-10-15,30.960344314575195,31.021974311640236,30.561558238512,30.72469711683935,590600
2001-10-16,31.377246856689453,31.467880148862548,31.07996976899804,31.141599743857686,966400
2001-10-17,30.489030838012695,31.703516077464904,30.48903083801269,31.649138329326977,797400
2001-10-18,30.293256759643555,30.652166423048545,30.199000170584238,30.652166423048545,969400
2001-10-19,30.67029571533203,30.79718173063725,30.253382151408285,30.253382151408285,519200
2001-10-22,30.94584083557129,31.087228592737812,30.699318095861308,30.72469531468839,369600
2001-10-23,30.742816925048828,31.282990626653795,30.742816925048828,31.181481771684687,851600
2001-10-24,30.942224502563477,30.953100061794895,30.67032445813689,30.81533836834646,527600
2001-10-25,31.63102149963379,31.63102149963379,30.45278860709729,30.597802439360464,1195000
2001-10-26,31.63102149963379,31.776035331896963,31.32286883476754,31.32286883476754,951600
2001-10-29,30.9965763092041,31.547625337701668,30.960323556760844,31.544001998592744,516400
2001-10-30,30.344036102294922,30.742824945004955,30.217150000482448,30.742824945004955,887200
2001-10-31,30.851566314697266,31.094462828335015,30.601420356045452,30.688427525754427,1531200
2001-11-01,31.395389556884766,31.39538955688477,30.63407002656633,30.93859673232965,786000
2001-11-02,31.177852630615234,31.4316247433382,31.123472101915002,31.340991450807344,369600
2001-11-05,31.63102149963379,31.649149265882485,31.402626580807727,31.612893733385096,305600
2001-11-06,32.08419418334961,32.08419418334961,31.35912764813267,31.449760965034788,1671200
2001-11-07,31.866687774658203,32.138587836274894,31.76155275225716,31.794179432014143,584200
2001-11-08,31.79416275024414,32.22920428011941,31.522262831287975,32.02980989985462,483200
2001-11-09,31.685420989990234,31.71804766966801,31.478777054299645,31.562158190749813,421400
2001-11-12,31.812274932861328,31.823150481746143,30.837060149544133,31.431614126446934,230200
2001-11-13,32.392337799072266,32.392337799072266,31.993551870021417,32.08418516143791,442200
2001-11-14,32.71499252319336,32.71499252319336,32.05518226368654,32.62798533674977,285600
2001-11-15,32.59172821044922,32.772994771390636,32.410461649507795,32.555475451442575,363400
2001-11-16,32.62437057495117,32.68237723002308,32.36697226636606,32.50473668920707,423200
2001-11-19,32.99053192138672,33.12829358642985,32.63162471120218,32.68237915442384,316200
2001-11-20,32.8020133972168,33.22617668400476,32.664248976410455,32.990529491597165,457000
2001-11-21,32.68960189819336,32.79111070170964,32.395951035748766,32.73673296118838,384800
2001-11-23,33.16453170776367,33.18990891604244,32.64610922500455,32.64610922500455,224600
2001-11-26,33.334930419921875,33.40743872770288,32.95427217623081,33.164542119932044,549200
2001-11-27,33.226165771484375,33.47631177938043,33.030397526668814,33.31679906449666,420800
2001-11-28,32.646121978759766,33.25880132253164,32.646121978759766,33.06303302536884,641400
2001-11-29,33.6068115234375,33.6068115234375,32.70047892824331,32.754859437136474,507000
2001-11-30,33.208045959472656,33.55970366312376,33.13554041406201,33.498073672933785,740200
2001-12-03,32.99053192138672,33.13917190932853,32.8455180410778,32.954279142786916,210800
2001-12-04,33.751834869384766,33.842468154622594,32.976014169021646,32.9905158265687,680400
2001-12-05,34.49503707885742,34.79594032088169,34.00561777592086,34.114376084401755,600400
2001-12-06,34.98444366455078,34.98444366455078,34.567530052154325,34.65816332589668,738000
2001-12-07,34.71979904174805,34.97720001583011,34.64366741109742,34.857563410846915,526800
2001-12-10,34.11802291870117,34.868467043360425,34.078144018258016,34.71257755051282,674600
2001-12-11,34.313785552978516,34.585685592596555,34.09988941687234,34.3862911238459,429000
2001-12-12,34.36814498901367,34.48777883081849,33.980234614898585,34.404397752163874,249400
2001-12-13,33.755470275878906,34.273892920916374,33.75184416901595,34.05999687054807,796400
2001-12-14,34.1408576965332,34.1408576965332,33.71546110077109,33.92270580952328,1147400
2001-12-17,34.79532241821289,34.79532241821289,34.05360636402774,34.05360636402774,798800
2001-12-18,35.104393005371094,35.14075122002182,34.76989021830408,35.086212511068744,1727800
2001-12-19,34.8316764831543,35.04255508180546,34.58807079979119,34.81349600229296,1551600
2001-12-20,34.286319732666016,34.842608445708464,34.15906182402168,34.831701259014125,5581600
2001-12-21,34.97711944580078,35.078926284814074,34.32630020502748,34.504457318883475,1577800
2001-12-24,35.140750885009766,35.21346731361799,34.980771413326956,35.068031682447604,319000
2001-12-26,35.449798583984375,35.537058849945566,35.122569119187595,35.122569119187595,963000
2001-12-27,35.59522247314453,35.68611936261939,35.43524306000385,35.44978689519417,1705200
2001-12-28,35.63157653808594,35.82427747757174,35.540679659162244,35.740653902375406,2017600
2001-12-31,35.03166198730469,35.77701761905814,35.03166198730469,35.72247892849883,2346600
2002-01-02,35.355262756347656,35.373443248658994,34.64263128621112,35.30436070662031,1807400
2002-01-03,35.84609603881836,35.84609603881836,35.26799315265878,35.26799315265878,1013400
2002-01-04,36.158782958984375,36.300581890278195,35.74065946996329,35.90427276793215,1304400
2002-01-07,35.5770378112793,36.28603513036559,35.5770378112793,36.12241908413678,1661800
2002-01-08,35.99518585205078,36.08244613195461,35.37708781063768,35.722495050141305,743600
2002-01-09,35.63157653808594,36.40601694789282,35.63157653808594,36.26785469055176,868800
2002-01-10,35.849727630615234,35.849727630615234,35.617031848082554,35.68611436206813,365200
2002-01-11,35.41342544555664,35.97698444423111,35.30434807861182,35.904268048903006,802800
2002-01-14,34.88623046875,35.362532129583506,34.79533356521084,35.362532129583506,781000
2002-01-15,35.12256622314453,35.12256622314453,34.708076526563445,34.97349673000048,1170000
2002-01-16,34.409912109375,34.84985254066881,34.24993276201297,34.722597502518006,4382800
2002-01-17,34.57717514038086,34.9044044872393,34.366293697521776,34.72261071386826,813400
2002-01-18,34.1408576965332,34.7807723025205,34.104499511023505,34.57716147055305,991000
2002-01-22,33.92271423339844,34.57353340530672,33.85363172200884,34.4499149890858,1331400
2002-01-23,34.3953742980957,34.48627116610016,33.74091851283499,34.04996730925968,1752600
2002-01-24,34.6680793762207,34.82442216542042,34.577182470266294,34.577182470266294,956600
2002-01-25,34.64262390136719,34.748064631597856,34.417201378900934,34.66807492080541,770400
2002-01-28,34.868045806884766,34.9044040062674,34.540816464535446,34.75896843478406,617600
2002-01-29,34.25357437133789,34.915303439465525,34.04996628082237,34.849857585520944,1519000
2002-01-30,34.682613372802734,34.7553297673515,33.813639420367565,34.32266250406685,1250600
2002-01-31,34.97711944580078,34.97711944580078,34.54445216929337,34.758967481534896,2674000
2002-02-01,34.77714157104492,35.03892498959451,34.62443550154174,34.72260289652172,768400
2002-02-04,33.959083557128906,34.68989543484976,33.85364281664553,34.631720085360996,2787200
2002-02-05,33.828182220458984,34.06814853429994,33.59184978446759,33.868177068424565,1805200
2002-02-06,33.45005416870117,33.97725499982239,33.28644088289192,33.83182220085987,1273600
2002-02-07,33.01374435424805,33.486406414745225,32.9955638706337,33.41369002819253,1973000
2002-02-08,33.8863639831543,33.8863639831543,33.053750801246466,33.16282541936182,1737800
2002-02-11,34.03543472290039,34.177233661921896,33.722749171736766,33.740929660925445,1031600
2002-02-12,34.10814666748047,34.264489422599254,33.79909780939529,33.92271901700106,394600
2002-02-13,34.431732177734375,34.46445649237389,34.18085871060851,34.2681189263935,359200
2002-02-14,33.995426177978516,34.60625319780295,33.995426177978516,34.51899298752863,1958000
2002-02-15,33.94453811645508,34.13723909811641,33.74092995076811,34.08270040403506,847800
2002-02-19,33.28643798828125,33.74092238039895,33.17736062459197,33.63184501670966,981400
2002-02-20,33.84999084472656,33.84999084472656,33.042826266555586,33.231893292876904,1388200
2002-02-21,33.12645721435547,33.84999555975342,33.12645721435547,33.7772791696254,665600
2002-02-22,33.722740173339844,33.722740173339844,33.00647236410067,33.159178446306825,1361800
2002-02-25,33.93362808227539,33.93362808227539,33.57731104829779,33.72274662898156,740600
2002-02-26,34.09360885620117,34.184505758400014,33.70820687854316,33.91908835739326,994200
2002-02-27,34.24995040893555,34.3917493493571,34.04270559032303,34.26813089830373,1247600
2002-02-28,33.8863639831543,34.351758451887754,33.79910373387135,34.286312571437215,1466200
2002-03-01,34.72261047363281,34.72261047363281,33.922718985915594,34.04997407160431,1445200
2002-03-04,35.26798629760742,35.44250951219649,34.631708194300074,34.72260506620112,1448800
2002-03-05,35.34798049926758,35.56976911692352,35.15891342817428,35.260720267814456,1330800
2002-03-06,35.77701950073242,35.864279745844904,35.049844318904334,35.347986032495726,846600
2002-03-07,35.81338119506836,36.104252405726434,35.68612608063799,36.031533216085194,1150200
2002-03-08,36.175567626953125,36.313894178741016,35.92440084617201,36.29205153639818,1206800
2002-03-11,36.18284606933594,36.3939740034489,35.86979507108435,36.1755642635002,1110600
2002-03-12,36.12462615966797,36.219270256546466,35.72785357734931,35.873459239347696,818000
2002-03-13,35.8188362121582,36.055444929963826,35.69143237247684,35.85523691246782,1581200
2002-03-14,35.982635498046875,36.12096202709887,35.49486007529197,35.946234803052405,1402200
2002-03-15,36.12824630737305,36.255650146972556,35.70963131109286,35.89527849290668,1414800
2002-03-18,36.33209228515625,36.53230030161123,36.0736437039478,36.215608378453915,1362400
2002-03-19,36.56505584716797,36.637860016139165,36.36485063118611,36.51045619193342,621200
2002-03-20,35.98992919921875,36.41946420739696,35.98264739149597,36.383060723174935,1805600
2002-03-21,36.59419631958008,36.626958906751746,36.03725733243032,36.237465428489095,960200
2002-03-22,36.32844543457031,36.80530087917498,36.31388460258001,36.60145478570026,1018600
2002-03-25,35.887996673583984,36.452217248000935,35.83703513776257,36.41945745091377,1873600
2002-03-26,36.29205322265625,36.35029656868271,35.96444412144201,35.96444412144201,843600
2002-03-27,36.630592346191406,36.630592346191406,36.20833911199355,36.292060467124195,976400
2002-03-28,36.43767166137695,36.921809231484204,36.43767166137695,36.72888293982255,1783000
2002-04-01,36.474056243896484,36.70338592682553,36.059082160838145,36.43765554449047,1304000
2002-04-02,36.2410774230957,36.54684931502622,36.14643618883618,36.17919597518882,5878800
2002-04-03,35.982635498046875,36.36849064113427,35.86251070508962,36.310247307387115,6075400
2002-04-04,36.12462615966797,36.32847519734451,35.800655019749996,35.81885676894867,2093200
2002-04-05,36.07365798950195,36.36486926017826,35.928052354163796,36.25566433937552,815400
2002-04-08,36.52501678466797,36.52501678466797,35.67322877752368,35.67686968052382,1162200
2002-04-09,36.39033126831055,36.652420721296856,36.37577043456741,36.52501412034318,954600
2002-04-10,37.092872619628906,37.092872619628906,36.52501125694469,36.58325458735121,2098000
2002-04-11,36.49953842163086,37.11107963774753,36.40853528100157,37.001877535309646,1505600
2002-04-12,37.31128692626953,37.31128692626953,36.49225867666849,36.765268093202174,2963400
2002-04-15,37.03826904296875,37.5842877512189,36.97638758922714,37.49328463317721,2844000
2002-04-16,37.96651077270508,37.96651077270508,37.402290198971386,37.45689263791261,1361400
2002-04-17,37.646156311035156,38.13029339972525,37.58427487848813,38.13029339972525,6833400
2002-04-18,37.486019134521484,37.75902858717653,37.183888007056254,37.69350620745149,2359200
2002-04-19,37.45689010620117,37.72625860232377,37.45689010620117,37.711697767777245,760800
2002-04-22,36.96183776855469,37.45325419694109,36.95091783548764,37.42049439773994,1507000
2002-04-23,37.092872619628906,37.15839497773882,36.910866377900795,36.9836677637141,1798200
2002-04-24,36.779823303222656,37.365883649919574,36.68153837307375,37.12927496967384,1095400
2002-04-25,36.878116607666016,36.961840729880564,36.47770329235199,36.61966798798882,1388200
2002-04-26,36.17193603515625,37.089246640593885,36.17193603515625,36.99096445248112,2200800
2002-04-29,36.281131744384766,36.46677893044301,36.073644693094536,36.4012565575516,3547600
2002-04-30,36.87448501586914,37.00552980078716,36.262943611983815,36.328466004442824,1444200
2002-05-01,37.1292724609375,37.1292724609375,36.386686678455376,36.947266223383885,1435200
2002-05-02,37.256683349609375,37.347686485674465,36.99823477644795,37.09287881557034,932200
2002-05-03,37.092872619628906,37.31127955426368,36.87446568499414,37.31127955426368,1494800
2002-05-06,36.383052825927734,37.245763558886935,36.383052825927734,37.12563875229857,2717000
2002-05-07,36.1209716796875,36.597827299093446,36.11004896879478,36.57598743169951,1302400
2002-05-08,36.983680725097656,36.9909625325479,36.575988378150605,36.728873008255746,2224000
2002-05-09,36.310237884521484,36.98366028734193,36.29203615315028,36.98366028734193,1718000
2002-05-10,35.720550537109375,36.415815840768246,35.63682920582612,36.39761410238735,1788600
2002-05-13,36.18284606933594,36.20104502953485,35.673227971447645,35.72783040643482,2245000
2002-05-14,37.27489471435547,37.27489471435547,36.481347051837574,36.656071562977715,9461400
2002-05-15,37.238487243652344,37.42777255921361,36.8235131335566,37.0382792180818,1803200
2002-05-16,36.798030853271484,37.256687487595826,36.67426790753074,37.256687487595826,1452200
2002-05-17,36.910858154296875,37.04554096576414,36.590525462819635,36.838054007509214,1620400
2002-05-20,36.444950103759766,36.85628342765552,36.4049084872429,36.85628342765552,1856200
2002-05-21,35.89162826538086,36.63421402252325,35.77150348616782,36.52865007508101,2511000
2002-05-22,35.6732292175293,36.1027641293996,35.43662050911683,35.78243409131822,2344600
2002-05-23,36.383052825927734,36.39761366101681,35.49122319998571,35.92803714387664,2384600
2002-05-24,35.80790710449219,36.273842614334576,35.80790710449219,36.21924018926358,1608400
2002-05-28,35.7169189453125,35.964447635721115,35.309223814876,35.964447635721115,2984200
2002-05-29,35.26189422607422,35.63682668172374,35.19273095775998,35.63682668172374,1952000
2002-05-30,35.3892936706543,35.54581914779136,34.95975883412896,35.26188985837874,3009400
2002-05-31,35.12722396850586,35.76060526037481,35.12722396850586,35.50943839717644,6645800
2002-06-03,34.30817794799805,35.29101058204945,34.30817794799805,35.29101058204945,2000800
2002-06-04,34.31544876098633,34.50837767164819,33.856795122733196,34.2535673176466,5450800
2002-06-05,34.43558120727539,34.52658433032696,34.11525121392403,34.41738224898202,1600400
2002-06-06,33.76581573486328,34.43559770842116,33.68937340813306,34.41739874140706,1848400
2002-06-07,34.071571350097656,34.21717691368,33.20158164861694,33.216142482694686,2509000
2002-06-10,34.03516387939453,34.38097459402926,33.92595903414431,34.14436872464475,2447000
2002-06-11,33.48915100097656,34.286339288506575,33.48915100097656,34.21717602273692,2877200
2002-06-12,33.59836959838867,33.74033431348415,33.10695028607766,33.492805593820925,4146000
2002-06-13,33.12515640258789,33.70393527480953,33.041432257845635,33.561970540974166,1413200
2002-06-14,33.39558792114258,33.432085274524994,32.30430118296177,32.70212706859838,3394200
2002-06-17,34.17298889160156,34.23503744899339,33.48682925108156,33.48682925108156,1479000
2002-06-18,34.267887115478516,34.50877465553595,33.99780336400131,34.13649441809619,1905600
2002-06-19,33.578086853027344,34.44308857114305,33.578086853027344,33.83357118264615,2348000
2002-06-20,33.50509262084961,34.00146456964519,33.32990137468689,33.66568157988085,1983200
2002-06-21,33.43207931518555,33.81165784875505,33.286087143109725,33.505076793507996,1713200
2002-06-24,33.326255798339844,33.72043407286348,32.7970369778824,33.304357933501024,2586600
2002-06-25,32.85541915893555,33.70582117687747,32.64738117190728,33.541581686696624,1502800
2002-06-26,32.8371696472168,32.96126120301615,32.08166303138507,32.118160383998436,6941400
2002-06-27,33.46860122680664,33.46860122680664,32.65834950700003,33.32261173214888,4792200
2002-06-28,33.08534622192383,33.81530420681098,33.08534622192383,33.38097831474113,3006800
2002-07-01,32.410133361816406,33.44302172146559,32.33713589772396,33.17658863509163,1844600
2002-07-02,31.435665130615234,32.337164419159016,31.388218825533823,32.32256491346374,1720600
2002-07-03,31.059709548950195,31.388191176313697,30.65823324198082,31.315196496707824,2908600
2002-07-05,32.088966369628906,32.088966369628906,31.315212349656285,31.44295449591875,1063400
2002-07-08,31.424711227416992,32.20576655887282,31.40646393661209,32.02692751538971,1810000
2002-07-09,31.304258346557617,31.70573761197656,31.132720496733764,31.461199481793273,1619000
2002-07-10,30.44292640686035,31.348073560775376,30.421025754159785,31.348073560775376,2447800
2002-07-11,30.205671310424805,30.38085972031135,29.59980466352405,30.293265515368077,3428800
2002-07-12,29.946542739868164,30.72394738840969,29.89179530612408,30.293271845963787,3394800
2002-07-15,29.76040267944336,29.891795407044714,28.778607793913856,29.891795407044714,3691200
2002-07-16,29.563308715820312,30.11077739574291,29.358921299711515,29.545058645995013,2598200
2002-07-17,29.837045669555664,30.293269609457127,29.242130654369337,30.28961903825833,2669000
2002-07-18,28.79685401916504,29.89179141316698,28.79685401916504,29.67280449128055,1829400
2002-07-19,28.194637298583984,28.712906985808146,27.97565038133417,28.486621711296888,2860400
2002-07-22,27.632566452026367,28.39172362428874,27.227439441086805,27.957397617976905,3325800
2002-07-23,26.187265396118164,27.793174911121866,26.187265396118164,27.793174911121866,3187000
2002-07-24,27.73842430114746,27.73842430114746,25.366059064865112,25.694540962187602,6626600
2002-07-25,27.51942253112793,28.17638318868322,26.789464388575833,27.008451274427596,6251400
2002-07-26,27.95741081237793,27.95741081237793,27.24570236784959,27.720173736011557,2480400
2002-07-29,29.034088134765625,29.307822456144674,28.285879875835086,28.577864265800542,2366800
2002-07-30,29.121700286865234,29.35528682897908,28.29319567082322,29.08885070007701,3403200
2002-07-31,28.66912269592285,29.16184415219554,28.596125171374887,29.12169620983687,1834800
2002-08-01,28.249387741088867,28.742109053666283,28.103395519140367,28.577869544330486,2009800
2002-08-02,27.36248779296875,28.2311371825057,27.322339863010697,28.194639823790194,2652400
2002-08-05,26.632522583007812,27.47927389493525,26.632522583007812,27.362480706551096,1793400
2002-08-06,27.793161392211914,27.793161392211914,27.008455703375557,27.11795055654148,1486400
2002-08-07,27.898998260498047,28.231127733586856,27.304080652730466,28.012140870018435,3205600
2002-08-08,28.347925186157227,28.395374249871473,27.62891593499621,27.89900246585888,2317200
2002-08-09,28.1070499420166,28.537725524267586,27.89901190221734,27.957407128256747,4054000
2002-08-12,28.1763858795166,28.380776072457515,27.815057344125997,27.920901619052458,1342000
2002-08-13,27.373437881469727,28.402679034430186,27.336940521208454,28.139893585236862,2094800
2002-08-14,28.351573944091797,28.435520354440325,27.063198287286852,27.57416953634531,6681200
2002-08-15,28.38078498840332,28.650868832109076,28.245741674265208,28.577874101779027,3498400
2002-08-16,28.815105438232422,28.953799310158267,28.20559086977257,28.340634170181897,2472000
2002-08-19,29.216590881347656,29.30053455180101,28.85890998128119,28.983004377677187,3215600
2002-08-20,29.07058334350586,29.158177540207898,28.85159645946611,29.12897854645078,2326600
2002-08-21,29.665510177612305,29.672811321278623,28.968401324282283,29.158189291050064,2511600
2002-08-22,29.85531234741211,30.019551943303714,29.43558553232396,29.63632250679464,1878800
2002-08-23,29.07058334350586,29.818788762689117,29.07058334350586,29.636299228561107,3484600
2002-08-26,29.59981346130371,29.69105826407257,28.924602477728232,29.19833688603481,2294200
2002-08-27,29.034088134765625,29.851640528271588,28.950141717665463,29.837041030316364,2726800
2002-08-28,28.46837043762207,28.851599615033287,28.34792666362773,28.723854699516473,2720800
2002-08-29,28.68006706237793,28.913653534600996,28.048651802275632,28.048651802275632,2405600
2002-08-30,28.486623764038086,28.89904920098737,28.377128905238134,28.59611583826811,1380800
2002-09-03,27.64716911315918,28.21288787880751,27.431832762930707,27.975650887259185,3562400
2002-09-04,28.231136322021484,28.39537860809013,27.53767538928362,27.628920175576237,1916400
2002-09-05,27.66542625427246,28.143548145980112,27.66542625427246,27.829665791014182,1483200
2002-09-06,28.577863693237305,28.614361045109376,28.030395061447848,28.030395061447848,2753400
2002-09-09,28.490276336669922,28.778610247681147,28.00850388924404,28.504875839267118,1222400
2002-09-10,28.66912269592285,28.79321431079813,28.3187401472343,28.70562006591141,1767800
2002-09-11,28.577863693237305,29.198327028770905,28.55961362501654,29.198327028770905,1719400
2002-09-12,28.103391647338867,28.592462321231594,28.092442719500916,28.468370759641967,1948400
2002-09-13,28.453466415405273,28.460791909832395,27.92248261759725,27.977412650370585,2655200
2002-09-16,28.123897552490234,28.471783174702203,28.057982058466504,28.416853130706077,1133000
2002-09-17,27.739395141601562,28.475451161302686,27.62587507862118,28.343620149002227,2629600
2002-09-18,27.666149139404297,27.721076384176136,27.171781585595173,27.336571701484154,2323200
2002-09-19,26.65543556213379,27.307264689286658,26.58585735400284,26.915434663758994,1405200
2002-09-20,26.76897621154785,27.072920120368998,26.65911888606981,27.007004607538615,1485600
2002-09-23,26.109830856323242,26.6920823804131,25.92673247105831,26.58588498169628,2234800
2002-09-24,25.908395767211914,26.314874002050573,25.816846665560988,25.886424876849887,2243400
2002-09-25,26.695755004882812,26.69575500488281,25.99631757340347,26.09152955123986,2974800
2002-09-26,27.047286987304688,27.14615886152997,26.6627793560597,26.878836849898573,4840000
2002-09-27,26.384471893310547,27.113202503726452,26.380809144232575,26.823906791463298,2526000
2002-09-30,26.201366424560547,26.578548455058648,25.809536195594976,26.109817279532532,3999800
2002-10-01,27.043607711791992,27.043607711791992,25.981637430818324,26.54924305505551,3433400
2002-10-02,26.384471893310547,26.999682427039765,26.292922723373813,26.78728768226039,2099000
2002-10-03,26.098834991455078,26.61151087938433,25.967006762878984,26.34418887945601,2119800
2002-10-04,25.377422332763672,26.27460277333433,25.212632206999395,26.27460277333433,4060200
2002-10-07,24.696308135986328,25.48729161263701,24.571799796135252,25.24926318157469,2920000
2002-10-08,24.8830509185791,25.088122857257698,24.333756171644836,25.088122857257698,5766800
2002-10-09,23.839405059814453,24.714614965774555,23.795463243057423,24.5901094264841,4646000
2002-10-10,24.53518295288086,24.564479364246417,23.656310168931125,23.828423093379314,5369400
2002-10-11,25.157703399658203,25.44699902704038,24.817140475662285,24.817140475662285,6104000
2002-10-14,25.326160430908203,25.35179408341485,24.937990100846548,24.937990100846548,3476800
2002-10-15,26.347835540771484,26.384457423749446,25.791218122109914,25.912063630679388,5130200
2002-10-16,25.688705444335938,26.12081776941842,25.531240712470463,25.999972157876588,2821800
2002-10-17,26.45771026611328,26.508977578068315,26.12813269364596,26.31855653278662,5284000
2002-10-18,26.512630462646484,26.629813245494926,26.205023911508114,26.245305755036444,2756200
2002-10-21,26.86051368713379,26.959388310267972,26.270937077314233,26.292910767931648,3263600
2002-10-22,26.516305923461914,26.816587123095136,26.402783040064254,26.622500514015034,3712400
2002-10-23,26.93742561340332,27.003341124441782,26.219680489795,26.366159713642553,3649800
2002-10-24,26.677425384521484,27.1498193981215,26.648128982005503,27.061932984432275,5630200
2002-10-25,27.259675979614258,27.259675979614258,26.604183725984953,26.604183725984953,4374800
2002-10-28,26.95208168029785,27.611236983036346,26.86053248790971,27.611236983036346,2487600
2002-10-29,26.875181198120117,27.01799771741602,26.432083433912357,26.933774023400325,4680000
2002-10-30,27.336576461791992,27.36587286001044,26.893478915706638,27.09854811551915,3422800
2002-10-31,27.28165626525879,27.60024842474982,27.21940349195826,27.483065583418522,5474000
2002-11-01,27.922487258911133,27.995725452210984,27.08023406667291,27.197416852267466,4799800
2002-11-04,28.164194107055664,28.673207379122825,28.123912240012118,28.339966987009742,4515800
2002-11-05,28.211790084838867,28.288691045622173,27.951790800135676,28.215452833597702,2669800
2002-11-06,28.69152069091797,28.74645077346092,28.215466494552484,28.453492195805197,3383400
2002-11-07,28.01036262512207,28.50838996634623,27.940787207028606,28.50838996634623,3318400
2002-11-08,27.62953758239746,28.193480788408163,27.58925572526392,28.06897526189276,2176200
2002-11-11,26.959394454956055,27.629532103587547,26.944746255824995,27.629532103587547,2235800
2002-11-12,27.39151382446289,29.215171795736822,27.116866304005814,29.163904482093557,2507000
2002-11-13,27.53797149658203,27.830929769594306,27.11684782068047,27.362198767860388,2486400
2002-11-14,28.13490104675293,28.233772954270684,27.724759621578055,27.757718786657232,2136600
2002-11-15,28.123897552490234,28.38023403266136,27.959107420501862,27.959107420501862,1922800
2002-11-18,27.9078426361084,28.47178573709653,27.856575335460235,28.47178573709653,2844200
2002-11-19,27.808961868286133,28.087269184341523,27.666145463141078,27.841918210770014,2249400
2002-11-20,28.54503631591797,28.54503631591797,27.655178077629756,27.72109360616442,2492400
2002-11-21,29.10165023803711,29.134606597767416,28.475454258431128,28.570663382446835,3331200
2002-11-22,29.303049087524414,29.346993682891195,28.808684263545366,28.856291606990595,3888400
2002-11-25,29.49715232849121,29.621657895094913,29.149263704311913,29.295742977973735,2283800
2002-11-26,29.16754913330078,29.588675628804307,29.002759046960797,29.497126512123423,2437000
2002-11-27,29.962203979492188,30.009808528969216,29.35431911120984,29.442205507882118,2574600
2002-11-29,29.592348098754883,30.112349424782074,29.588688144116844,29.97319292049855,958000
2002-12-02,29.81938934326172,30.30643149331498,29.63262829439574,30.211219594736082,3044000
2002-12-03,29.295738220214844,29.731513220275517,29.27010456102653,29.62531583396412,2852800
2002-12-04,29.006433486938477,29.350659198456697,28.801364276940447,29.054038041014177,2430000
2002-12-05,28.87095069885254,29.32503668467647,28.728134188526152,29.32503668467647,2432800
2002-12-06,28.988130569458008,29.141932504741995,28.508411018178492,28.56334107902533,1557000
2002-12-09,28.219104766845703,28.87093416769201,28.160514772652842,28.75741413316603,2156400
2002-12-10,28.768415451049805,28.89658654714525,28.3692623392492,28.372925088987216,2678800
2002-12-11,28.801362991333008,28.984461290332128,28.59995374489065,28.63657284591881,3124400
2002-12-12,28.918550491333008,29.061366964256912,28.255735435257503,28.929535944041188,1891200
2002-12-13,28.351877212524414,29.400583294208598,28.318758700804246,28.68304548552248,2011200
2002-12-16,28.859678268432617,28.896474440550932,28.443876189496464,28.443876189496464,2859800
2002-12-17,28.55424690246582,28.90013688092743,28.51009264640092,28.867018381512523,2077200
2002-12-18,28.09796142578125,28.51744359733343,27.97285118113707,28.51744359733343,2486200
2002-12-19,28.028057098388672,28.443861773960258,27.86247300409136,28.057495144111122,6629200
2002-12-20,28.344511032104492,28.42546425975756,28.10165415651203,28.23780021450424,2046200
2002-12-23,28.535860061645508,28.5947333591349,28.226766125882822,28.296680798558217,1882400
2002-12-24,28.48066520690918,28.59105369553314,28.362915801289926,28.454907612160195,673400
2002-12-26,28.48066520690918,28.88174815476727,28.351877233164256,28.517461369783835,1086200
2002-12-27,28.017044067382812,28.42548820009014,28.01704406738281,28.42548820009014,2351200
2002-12-30,27.928714752197266,28.20100973031275,27.707934964336943,28.075902213226584,3471000
2002-12-31,27.895610809326172,28.3886886401947,27.818337983585263,28.01704073864851,5448200
2003-01-02,28.664642333984375,28.719837969474092,27.991261757216442,28.149487748358087,4014200
2003-01-03,28.616811752319336,28.738241618396806,28.454908071583368,28.701445454928052,3222200
2003-01-06,28.951671600341797,29.15037430890296,28.616819959793876,28.616819959793876,2917800
2003-01-07,28.80079460144043,29.032615759048653,28.56897625119945,28.959020626725707,2988600
2003-01-08,28.51378059387207,28.71248324002398,28.407069757566383,28.66464850955615,3288400
2003-01-09,28.933259963989258,29.091485972495253,28.694083529563386,28.694083529563386,3828600
2003-01-10,28.995834350585938,29.161418569674478,28.594748395600348,28.63890549746267,2698000
2003-01-13,29.06205940246582,29.30123590826437,28.76768443128144,29.18716694043012,1759000
2003-01-14,29.080440521240234,29.234986035091914,28.892776507353894,29.032605807152702,1566400
2003-01-15,29.014223098754883,29.216606251037817,28.756647093456515,29.13197253080098,2381600
2003-01-16,28.97373390197754,29.25338973455927,28.841265497458124,29.069406151323047,2323000
2003-01-17,28.429161071777344,29.0583849659127,28.296692588025863,28.657299054729503,2416600
2003-01-21,28.017044067382812,28.53219910756377,27.99496691665348,28.480683884282584,2134600
2003-01-22,27.774179458618164,28.094309286893637,27.76681853879094,27.880887529797754,3258600
2003-01-23,27.947105407714844,28.164207497605975,27.807278893921154,27.947105407714844,2213000
2003-01-24,27.369401931762695,27.96550986318273,27.369401931762695,27.96550986318273,3565000
2003-01-27,26.95362091064453,27.45405696374571,26.90946379747582,27.229596551367855,3477400
2003-01-28,27.17439079284668,27.395170662146093,26.747550086516927,27.155994108036598,2633200
2003-01-29,27.380447387695312,27.52395440616009,26.670270405927333,27.06031483484517,3905200
2003-01-30,26.935195922851562,27.52762329557936,26.85056504524287,27.476108115982747,3346000
2003-01-31,27.317888259887695,27.317888259887695,26.732821671229775,26.806413999376446,5831000
2003-02-03,27.082393646240234,27.406206678047855,26.953605648302112,27.3767686192712,2648800
2003-02-04,27.082393646240234,27.229581132755715,26.659230675271143,26.88001330872827,4280400
2003-02-05,26.880008697509766,27.229576461569472,26.74754026310734,27.200138407842864,3436600
2003-02-06,26.73282814025879,26.942569414335814,26.59299875262874,26.79906237456564,6960800
2003-02-07,26.243417739868164,26.935194990041555,26.22869871658363,26.876321704270048,7994200
2003-02-10,26.515718460083008,26.53779840352941,26.085197462336087,26.27286154111061,2130400
2003-02-11,26.44213104248047,26.659230407197704,26.140397961473333,26.596676638452173,3132400
2003-02-12,26.070480346679688,26.449486183109897,26.00424612622031,26.353816714843262,7394600
2003-02-13,26.00056266784668,26.08519354836308,25.735625845180532,26.066794066146386,3505600
2003-02-14,26.236066818237305,26.342774853387006,25.945372345318443,26.03736416051932,2653800
2003-02-18,26.762256622314453,26.769614731328993,26.43844367833399,26.43844367833399,1881000
2003-02-19,26.438446044921875,26.696024801360018,26.247104312378855,26.696024801360018,4073800
2003-02-20,26.383256912231445,26.482609665243128,26.272868395668226,26.464210175465265,2898200
2003-02-21,26.611391067504883,26.791694231637035,26.180870064276828,26.3832503647692,2668800
2003-02-24,26.20294952392578,26.56355869153084,26.19926906508365,26.56355869153084,2446600
2003-02-25,26.44213104248047,26.512045729530048,25.88649961997141,26.088882762816098,2659400
2003-02-26,26.309654235839844,26.45684167415708,26.129351097768843,26.41636505843567,1955600
2003-02-27,26.453174591064453,26.604042563645304,26.23607518548904,26.445816478743378,2940800
2003-02-28,26.49732208251953,26.69234427307305,26.372211759464054,26.526757328502626,1443000
2003-03-03,26.416362762451172,26.769610899289763,26.221340616762156,26.677619109257837,2962200
2003-03-04,26.07417106628418,26.3648656589536,26.052093919898944,26.3648656589536,1724800
2003-03-05,26.125686645507812,26.225036613002064,25.971141003908485,26.041052904230884,1838200
2003-03-06,25.912254333496094,26.074160829740592,25.81290440639808,25.941692388698268,1848200
2003-03-07,25.98232650756836,26.12616031762576,25.63933754194828,25.724163980224432,2813200
2003-03-10,25.53607177734375,25.867997026818497,25.466000701281615,25.81267568294597,2208200
2003-03-11,25.355356216430664,25.742602782331154,25.355356216430664,25.569263896904463,2102800
2003-03-12,25.41068458557129,25.47706964912474,25.163585721029392,25.40330690419812,4736200
2003-03-13,26.09665298461914,26.12615525791596,25.536067585579964,25.742600381217542,3975600
2003-03-14,26.129846572875977,26.28105804804839,25.94544398194,26.222047868343964,3235600
2003-03-17,26.734689712524414,26.804763604996648,25.882750551459008,26.019209496336373,2270200
2003-03-18,27.085054397583008,27.085054397583008,26.638800449673415,26.885899254805445,3548000
2003-03-19,27.0186824798584,27.092442429133964,26.775269582477957,27.088753587541675,3538600
2003-03-20,27.195693969726562,27.287895267385835,26.576101136905827,26.959658872819645,4423200
2003-03-21,27.575559616088867,27.660386037993103,27.21044330824015,27.413287264689423,7680000
2003-03-24,26.9854793548584,27.26946097188222,26.85270924031025,27.180945686342962,5340800
2003-03-25,27.273141860961914,27.38378454016363,26.922778066423504,26.967035700856233,2976600
2003-03-26,26.937538146972656,27.328470845663887,26.937538146972656,27.2657746229985,2660600
2003-03-27,27.118257522583008,27.19570631010889,26.775268427104624,26.81214840015101,1205600
2003-03-28,27.107179641723633,27.251013431048296,26.992850940916878,26.992850940916878,2776000
2003-03-31,26.55397605895996,27.03711000074044,26.535534672303687,26.793700016688792,1859000
2003-04-01,27.01500129699707,27.0518812820903,26.635132104388052,26.812157158340558,2088800
2003-04-02,27.55343246459961,27.734146200546878,27.33952480194203,27.464920016305438,2797000
2003-04-03,27.56819725036621,27.80792126746947,27.512875890456034,27.80792126746947,3017200
2003-04-04,27.487051010131836,27.77471861492897,27.413291095892703,27.689894994930004,1385600
2003-04-07,27.505491256713867,28.191469123024465,27.505491256713867,28.08451528217386,3368400
2003-04-08,27.527626037597656,27.660396164287114,27.42436100878608,27.549753454125565,2013600
2003-04-09,27.37640380859375,27.881664994742184,27.225192367002727,27.560806358577175,4016000
2003-04-10,27.383792877197266,27.49812161708909,27.280527845841927,27.42067284357259,1569000
2003-04-11,27.23257827758789,27.656704877344673,27.206762022668475,27.57556727223772,1954200
2003-04-14,27.72678565979004,27.75260192111969,27.29897011345698,27.29897011345698,1661200
2003-04-15,28.025503158569336,28.025503158569336,27.531305597630464,27.71570817656468,1252600
2003-04-16,27.734161376953125,28.268930826228182,27.682528852714366,28.07346443964409,2042800
2003-04-17,28.158292770385742,28.232055541375463,27.752607378109307,27.796865040703135,3477400
2003-04-21,28.350053787231445,28.350053787231445,28.0955773253055,28.20621999929767,1799600
2003-04-22,28.740985870361328,28.822123454743846,28.10295171352066,28.10295171352066,1848600
2003-04-23,29.04341697692871,29.076608102868445,28.74837161546817,28.74837161546817,2297600
2003-04-24,28.895893096923828,29.024974382045105,28.781564360639408,28.881140548086968,2505200
2003-04-25,28.490209579467773,28.859014881467356,28.482834711482692,28.859014881467356,1117000
2003-04-28,28.99546241760254,29.106102276298873,28.600841012689518,28.693042301816483,1924800
2003-04-29,29.19093894958496,29.338461626736827,29.043416272433095,29.083985078993884,3249800
2003-04-30,29.283151626586914,29.46755434109469,28.988106157869627,29.080307515123515,2213600
2003-05-01,29.246246337890625,29.4490874600612,28.94751228554244,29.32000623435998,2613600
2003-05-02,29.98386001586914,30.002298585233284,29.32000961603971,29.32000961603971,3410400
2003-05-05,30.120311737060547,30.183007928540434,29.96910310974084,30.068679248340686,3975800
2003-05-06,30.407995223999023,30.452252872028094,30.16458519424184,30.19040145215186,3022400
2003-05-07,30.22358512878418,30.385860317801132,30.138761508169235,30.271531605772125,3449000
2003-05-08,29.97279930114746,30.153515886722946,29.89903938188928,30.013368100867627,4200400
2003-05-09,30.404306411743164,30.419058959734755,30.053939727904762,30.138766175416198,2168600
2003-05-12,30.7362060546875,30.776774828079322,30.352651346951852,30.374778745616943,2536600
2003-05-13,30.916940689086914,30.97226203201396,30.518630396524642,30.747290634201587,3012400
2003-05-14,30.898496627807617,31.012825329865375,30.762040515999363,31.012825329865375,3340200
2003-05-15,31.02020835876465,31.12716221393777,30.868996862697625,30.99070326483538,1187200
2003-05-16,30.63665199279785,31.248870058160186,30.629277125855513,31.02020979029701,3475200
2003-05-19,30.105571746826172,30.680909854049197,30.068691784330525,30.463313291931566,4013600
2003-05-20,30.09821128845215,30.282614002968455,29.82160721667769,30.146154981272023,4261000
2003-05-21,30.212509155273438,30.278894177119504,29.93590536654136,30.00966806512546,2802600
2003-05-22,30.518634796142578,30.577644987441204,30.186709504489773,30.22358946717102,3453000
2003-05-23,30.758365631103516,30.85056696524126,30.385871453333838,30.526016468269095,1370600
2003-05-27,31.481225967407227,31.492289678080127,30.710421296643172,30.710421296643172,2582600
2003-05-28,31.69510269165039,31.846311278931104,31.569707528134785,31.569707528134785,2116200
2003-05-29,31.897979736328125,32.07500757458699,31.400092986007976,31.85372488708493,4168000
2003-05-30,32.46592330932617,32.51018094901112,32.03811071408052,32.14137572625152,6961800
2003-06-02,32.63557434082031,32.98962702750542,32.50649307178313,32.73146448943106,6354800
2003-06-03,32.73881912231445,32.73881912231445,32.45484050594138,32.609737933053964,2407400
2003-06-04,33.18510437011719,33.28468056977788,32.70934516337981,32.731472582468555,2709200
2003-06-05,33.72723388671875,33.72723388671875,32.95274354159036,33.06338622536313,2841000
2003-06-06,33.339996337890625,34.32839455527924,33.339996337890625,34.077606863889265,4320000
2003-06-09,32.720401763916016,33.33999468763687,32.70564921647496,33.266231950431575,3422400
2003-06-10,33.21091842651367,33.26255094346877,32.80891918592201,32.81629686763625,2932800
2003-06-11,33.52438735961914,33.579708692662976,32.9269220275135,33.192462175116006,3112200
2003-06-12,33.71249008178711,33.786250008095884,33.487518648656255,33.73830633737126,2266400
2003-06-13,33.11403274536133,33.760502599209566,33.088174063942795,33.74572580720113,2896400
2003-06-16,33.6718635559082,33.705109242789774,33.19162741056238,33.32092089019042,3104400
2003-06-17,33.742034912109375,33.875023237595265,33.483448067211945,33.849164553105524,3670200
2003-06-18,33.71988296508789,33.81223584473302,33.457601125102066,33.60906120054547,2160400
2003-06-19,33.26179504394531,33.92673371797816,33.12141975927258,33.80113522406855,3822600
2003-06-20,32.977352142333984,33.39478879904253,32.96996515493773,33.35784822529105,2780400
2003-06-23,32.3900032043457,33.136213258108974,32.2828735219723,33.00691978572255,3962800
2003-06-24,32.37892532348633,32.593184714795754,32.131420243035784,32.29395942059236,3491000
2003-06-25,32.596866607666016,32.89239690452907,32.38630218712647,32.38630218712647,4250200
2003-06-26,33.15467834472656,33.2248674236072,32.65597344026577,32.71138572262491,6290800
2003-06-27,32.94411849975586,33.57581184221564,32.94042359551612,33.24703582453282,6459200
2003-06-30,32.84069061279297,33.36155948434382,32.54516021615489,33.13252610441671,8802400
2003-07-01,33.066001892089844,33.136188113333645,32.41583730067238,32.807412325156534,5613600
2003-07-02,33.89349365234375,33.89349365234375,33.19900128204243,33.19900128204243,4177000
2003-07-03,33.60165786743164,33.85655261454233,33.54624559827039,33.623821647742105,1816000
2003-07-07,34.299842834472656,34.35156019732433,33.93043148931219,33.93043148931219,3659800
2003-07-08,34.90938186645508,35.00542963216686,34.240748046875176,34.28138353166148,3650400
2003-07-09,35.16795349121094,35.24183743984364,34.62861334892228,34.91675370262867,7547600
2003-07-10,34.48085403442383,34.986948598223144,34.41436269711531,34.983253695577694,3662000
2003-07-11,34.95741653442383,34.98327523209133,34.57692306086486,34.62125346474629,2477400
2003-07-14,35.24553680419922,35.57431266668277,34.94631170652562,35.26770058240289,5055000
2003-07-15,35.14949035644531,35.57431397069175,34.90567751372851,35.57431397069175,3240400
2003-07-16,34.95741653442383,35.36746361057042,34.761628849457495,35.33791282636946,3465200
2003-07-17,33.84917068481445,34.680346460474446,33.83070180305345,34.63971097486021,6777000
2003-07-18,34.07819366455078,34.28137101429492,33.81591197021677,34.05972197152508,4134000
2003-07-21,33.78266906738281,34.11513986807748,33.54994091608911,34.02648192735394,4103600
2003-07-22,34.17796325683594,34.24445746392342,33.66078922214121,33.88243563963711,3774600
2003-07-23,34.41067886352539,34.41067886352539,33.867643553745474,34.18903254604412,4282600
2003-07-24,34.34418487548828,34.88722018825731,34.2333603069447,34.59907969210701,3961800
2003-07-25,34.595359802246094,34.67293581684409,34.09296033956819,34.33677026853562,2761000
2003-07-28,35.02020263671875,35.05714321387433,34.5695202676186,34.591684050234875,3708800
2003-07-29,35.03866958618164,35.186434705050495,34.57690535120722,35.07561016130255,4928000
2003-07-30,34.90568161010742,35.07561051207113,34.66556364184242,35.07561051207113,2509400
2003-07-31,34.97587585449219,35.367451085754766,34.898299788962,35.09408740459329,5324600
2003-08-01,34.484561920166016,35.0756197386436,34.373740164543584,35.001738568228646,4639000
2003-08-04,34.137325286865234,34.53998255419008,33.86395868981826,34.406994160596064,7828000
2003-08-05,33.54624557495117,34.225963960645494,33.54624557495117,34.1483879112277,6021600
2003-08-06,33.39479064941406,33.786365825969725,33.302437800725635,33.605355031688276,4478600
2003-08-07,33.50560760498047,33.50560760498047,33.11033758162327,33.43542136647508,5006600
2003-08-08,33.43173599243164,33.59797001642095,33.298747645885925,33.56472433897736,4139800
2003-08-11,33.89349365234375,33.89349365234375,33.40956565303276,33.40956565303276,4535400
2003-08-12,34.46238708496094,34.46238708496094,33.80483529654975,33.87132945596127,5286600
2003-08-13,34.5769157409668,34.5769157409668,34.28138823281345,34.466093982304066,7627000
2003-08-14,34.8022346496582,34.828093325259,34.36632924782741,34.51409431628237,2902600
2003-08-15,34.81332778930664,34.972174796022685,34.739446640390646,34.743141543351996,1488000
2003-08-18,35.50413131713867,35.578012472776216,34.84288454615658,34.968485892802924,3762000
2003-08-19,36.16905975341797,36.16905975341797,35.50042342056407,35.66666018748346,5247200
2003-08-20,36.15061950683594,36.1949499135844,35.74057240416986,35.83662020959812,4613200
2003-08-21,36.44611740112305,36.497834753665295,36.23924517256973,36.35006968137988,4575200
2003-08-22,35.80335998535156,36.863571948167596,35.79227809188707,36.863571948167596,7130400
2003-08-25,35.77009963989258,35.8661445561322,35.433933977899585,35.73685115474442,4681600
2003-08-26,35.90680694580078,35.92527865344008,35.13473804273251,35.58172574741207,5046000
2003-08-27,36.25774383544922,36.2762127217336,35.82922508888705,35.90310908918386,2388200
2003-08-28,36.49784469604492,36.56803094025207,35.940032734946456,36.31313900996855,4292200
2003-08-29,36.6493034362793,36.88572649894144,36.44982094871089,36.53109190494823,3550000
2003-09-02,37.4952507019043,37.4952507019043,36.60866292951235,36.84878086221629,6342600
2003-09-03,37.654109954833984,37.80926209048538,37.48787592640545,37.59869767256256,5528200
2003-09-04,37.80926513671875,37.88314912516196,37.517429723736534,37.73538396666152,4888200
2003-09-05,37.56914138793945,38.04199038684424,37.402907371420696,37.60608478573078,6292200
2003-09-08,38.09001159667969,38.19714124627815,37.66888280495357,37.735376973035876,4607400
2003-09-09,37.80926513671875,38.138041134729576,37.72060716897288,38.067854868691,4377400
2003-09-10,37.06305694580078,37.64672779968413,37.02611635900518,37.64672779968413,7439600
2003-09-11,37.38443374633789,37.51372999517459,37.01133024966205,37.0815165014011,5449200
2003-09-12,37.54994583129883,37.694354227183844,36.95379719187572,37.29074917394045,5092000
2003-09-15,37.45738983154297,37.87950726926481,37.416658953780164,37.62771767264109,6256800
2003-09-16,38.01649475097656,38.10166005308541,37.553646603648026,37.564754507183764,4066000
2003-09-17,38.005401611328125,38.175729456711856,37.83507376594439,37.979482218008904,3757800
2003-09-18,38.40159225463867,38.412700160345594,37.76841620433094,38.046125147009846,2872400
2003-09-19,38.3608512878418,38.47193596567849,38.17200846551969,38.47193596567849,2665200
2003-09-22,37.83507537841797,38.10167647820751,37.672151856323886,37.842479708966735,4317400
2003-09-23,38.34977340698242,38.34977340698242,37.8795205960069,37.8795205960069,4706000
2003-09-24,37.40184020996094,38.45343002265494,37.40184020996094,38.43491778862945,5422200
2003-09-25,36.3909797668457,37.65733188034365,36.3909797668457,37.52033060856262,7514800
2003-09-26,35.76890563964844,36.51316628024855,35.724474023792375,36.44281245514178,10653600
2003-09-29,36.409488677978516,36.409488677978516,35.45787296508672,36.00958718598481,13239800
2003-09-30,35.93555450439453,36.39840295074169,35.602303058024034,36.24288372576698,14310400
2003-10-01,36.90566635131836,37.0056431525217,36.02810790187486,36.054027290149534,10303000
2003-10-02,37.26112747192383,37.305561912542096,36.846417326157244,36.91676832588494,7705200
2003-10-03,37.849876403808594,38.02760853787973,37.58327537770055,37.642521305725154,8542200
2003-10-06,38.17573165893555,38.21275896224155,37.690667488121925,37.84248027917719,2976200
2003-10-07,38.39048767089844,38.47565299702338,37.8424740669246,38.00539756472796,8096800
2003-10-08,38.09056854248047,38.58303703617963,37.93134859827638,38.457143641926315,5080400
2003-10-09,38.490447998046875,38.94959536075135,38.101657277612475,38.51636737940917,10419000
2003-10-10,38.44230651855469,38.56820265384963,37.960943429192035,38.453414419463016,9808000
2003-10-13,39.04587936401367,39.13474826684906,38.47194919779399,38.55341094622558,5230400
2003-10-14,39.30137634277344,39.34210722095529,38.83482444496439,39.0088558653774,7334800
2003-10-15,38.80890655517578,39.54576314354957,38.79409506935398,39.4939243556743,8170200
2003-10-16,39.15696716308594,39.22361743295935,38.78668851378962,38.808904328746785,4426400
2003-10-17,38.397891998291016,39.216210239485605,38.39419124606964,39.138449242809656,8651800
2003-10-20,38.590450286865234,38.71264294764752,38.3275527235171,38.486772692869074,5974200
2003-10-21,38.76447296142578,38.93480080225567,38.50157545764473,38.50157545764473,8582600
2003-10-22,37.91653060913086,38.4682449525616,37.87579973562238,38.386783205544646,7309400
2003-10-23,37.58329772949219,37.95357652485664,37.35002310541367,37.638840113797464,9793400
2003-10-24,37.49070739746094,37.705469658577606,37.131536711628236,37.3425953958287,8896400
2003-10-27,38.03874588012695,38.17945082012087,37.601816742773586,37.62032898948148,7502400
2003-10-28,38.95330810546875,38.95330810546875,38.16091211698309,38.25348176820807,6610600
2003-10-29,39.212501525878906,39.34209846169363,38.72373392151957,38.79408492953252,9492400
2003-10-30,39.323577880859375,39.71237145870723,39.11251923645649,39.619801828267356,8193200
2003-10-31,39.064395904541016,39.45689035275669,38.53119376734102,39.34950920984826,4893400
2003-11-03,39.727203369140625,39.80496155969882,39.31989735073953,39.31989735073953,5433600
2003-11-04,39.782737731933594,39.98638928763395,39.590191258360306,39.69386882489893,5421000
2003-11-05,39.978981018066406,39.978981018066406,39.27174753387093,39.74940726835342,8291000
2003-11-06,40.29372787475586,40.29372787475586,39.638335821135584,40.004910941804475,6670600
2003-11-07,39.98639678955078,40.50478754450191,39.98639678955078,40.456652329578766,5796400
2003-11-10,39.34210205078125,40.18263324688901,39.330994144555405,40.09006359500482,4527000
2003-11-11,39.07179260253906,39.43096325952574,38.8792489933819,39.36431300539418,6615600
2003-11-12,39.97528076171875,39.97528076171875,39.131045932970245,39.131045932970245,8923600
2003-11-13,40.082645416259766,40.175215036158754,39.712366936663834,39.83085593713451,7083000
2003-11-14,39.323577880859375,40.338143064481095,39.24952330650785,40.075245653031956,6241800
2003-11-17,38.845924377441406,39.69385977838252,38.46823867112592,39.03846798213081,9251200
2003-11-18,38.42012023925781,39.31989762923617,38.39790159536783,39.08291947776061,11541800
2003-11-19,38.823707580566406,38.99033463241511,38.34975146197696,38.54599865248653,7253200
2003-11-20,38.560813903808594,39.15325910995955,38.42751337929943,38.50897512483298,6618600
2003-11-21,38.98664474487305,38.99034832288156,38.62006962209447,38.823721212525996,7275200
2003-11-24,39.879005432128906,39.949359272497155,39.17547832845289,39.26804798156833,7887600
2003-11-25,40.119686126708984,40.301121851434786,39.808653455750466,39.91233101273664,7972400
2003-11-26,40.33445739746094,40.54181255771525,39.823473827547595,40.397404096109256,5508000
2003-11-28,40.52699661254883,40.53070019000367,40.22707181374938,40.23817972111205,1156400
2003-12-01,41.049095153808594,41.049095153808594,40.63808558837249,40.682520047474455,5149400
2003-12-02,40.98613739013672,41.25643917460878,40.8602412025048,41.04538049460949,4948800
2003-12-03,40.2492790222168,41.23422136446302,40.230766788904674,41.130543817911054,4838000
2003-12-04,40.34184646606445,40.36406509983037,39.66053529726683,40.29000769561251,7712800
2003-12-05,39.841983795166016,40.175235158717996,39.67535952589103,40.10488130835646,6813800
2003-12-08,40.138187408447266,40.19372974490972,39.60128192264435,39.7679089320317,6081800
2003-12-09,39.46059036254883,40.34185241519083,39.39764367843187,40.30482512012212,7100600
2003-12-10,39.10512924194336,39.61981634983356,38.83852815656099,39.61981634983356,9320400
2003-12-11,40.197444915771484,40.21595997623444,39.11993563186575,39.17547798825301,8991000
2003-12-12,40.48541259765625,40.48541259765625,39.95779501101238,40.26247586870194,8462600
2003-12-15,39.53794479370117,41.20625868856075,39.51564912855347,40.50400618450734,7393200
2003-12-16,39.8879508972168,39.906567541178525,39.191623639741024,39.70921350139016,8354600
2003-12-17,39.8805046081543,39.95870133621535,39.482072037023386,39.91774073947841,6907800
2003-12-18,40.494903564453125,40.5879952967852,39.81347140195812,39.906563134290195,9705200
2003-12-19,40.364585876464844,40.561939944178974,40.09275669956194,40.51353325390747,7819200
2003-12-22,40.81513595581055,40.81513595581055,40.23796612698891,40.30871674677496,4387400
2003-12-23,41.03856658935547,41.14282889445091,40.67737014603575,40.77046189571878,5986400
2003-12-24,40.99016571044922,41.09442803031833,40.911968970547385,40.99761180146766,1266600
2003-12-26,41.1353645324707,41.239626791253635,41.03482389654896,41.090679489735095,1510000
2003-12-29,41.76093673706055,41.79817284847166,41.29920270550978,41.31781934074873,4843200
2003-12-30,41.86894226074219,41.98437511026117,41.63434925567526,41.70509988779824,5729000
2003-12-31,41.25826644897461,42.07374828098904,41.213581384383254,41.947144859382504,12725800
2004-01-02,41.70136642456055,41.939681002364985,41.392304070833255,41.396025694190236,11182200
2004-01-05,42.189186096191406,42.28227785470822,41.82054068699164,41.984383091080424,8686000
2004-01-06,42.13330841064453,42.49822632202497,42.07745281659509,42.21522956979258,6196800
2004-01-07,42.580142974853516,42.654618039348804,42.062553350577446,42.19660562573574,5919600
2004-01-08,42.90411376953125,43.094021679995706,42.60249749597835,42.92645487396215,6201200
2004-01-09,42.561546325683594,43.19829351122569,42.49452015662998,42.69559866379083,9598000
2004-01-12,43.35841369628906,43.38075480683296,42.636020818732824,42.777519253735356,5907000
2004-01-13,43.17595291137695,43.31372972538271,42.60623185067806,43.310005259886665,8131000
2004-01-14,43.399356842041016,43.484999625312156,43.10890831708607,43.33605231939685,6592000
2004-01-15,43.51108932495117,43.60418108766649,42.9264731687364,43.473853188052075,6338000
2004-01-16,43.75312805175781,43.983996643788835,43.611629596539835,43.82760032483357,6732200
2004-01-20,44.27816390991211,44.36008226829322,43.68237440249912,43.97654469052718,7429800
2004-01-21,44.21856689453125,44.44943538231677,43.753108295641454,44.25580301425567,8255600
2004-01-22,43.96908950805664,44.5834955349434,43.812696073120904,44.50157435256725,7189000
2004-01-23,44.207393646240234,44.2446297636934,43.708420581380054,44.010039666898145,8255400
2004-01-26,44.64677047729492,44.70634767545163,43.90576149695017,44.19992870692275,4996200
2004-01-27,44.0882453918457,44.64679579079409,44.04728480198142,44.61700575435928,6646800
2004-01-28,43.399356842041016,44.43825783767638,43.14986889723612,44.38240508377501,12830000
2004-01-29,42.98976135253906,43.563206771259104,42.50941050816365,43.45522001959095,17243600
2004-01-30,43.04561996459961,43.33606573855852,42.729108617104245,43.049344429657516,8807200
2004-02-02,43.15733337402344,43.47384473754455,42.6881501856769,43.13498942347912,10310800
2004-02-03,42.915283203125,43.127532212487914,42.86315206685578,43.04561104379804,4679200
2004-02-04,41.854042053222656,42.75144484621215,41.81680592969682,42.74399875788063,11437000
2004-02-05,42.245025634765625,42.40142189915434,41.924789858586706,42.1295927994921,9354400
2004-02-06,43.313720703125,43.4291535410446,42.245026603152546,42.245026603152546,11458200
2004-02-09,43.399356842041016,43.678631975282116,43.2653045508106,43.48872408921677,8756000
2004-02-10,43.92067337036133,43.95791233196537,43.32861138118461,43.41797863897972,4896000
2004-02-11,44.18879318237305,44.285609402160176,43.75312445473327,43.9430324286794,8204200
2004-02-12,43.88715744018555,44.3488915415849,43.86853796119674,44.2111176244288,5121000
2004-02-13,43.43659210205078,44.21483742769353,43.34350039280547,44.02493238630522,7421800
2004-02-17,44.19993591308594,44.19993591308594,43.70096578855964,43.72330688639423,6605200
2004-02-18,43.876014709472656,44.263276822333935,43.745686796715354,44.237211239782475,5221200
2004-02-19,43.10146713256836,44.28931841015872,43.10146713256836,44.23718727329901,9321400
2004-02-20,43.027008056640625,43.38075557084442,42.658362680565574,43.24670322335072,10968000
2004-02-23,42.37907409667969,43.17966346429027,42.29343130440848,43.161046824677946,12405200
2004-02-24,42.375362396240234,42.818477159477176,41.92852032690061,42.2636511686717,14168400
2004-02-25,42.97115707397461,42.993498187322075,42.33068530928674,42.501973807132444,10497800
2004-02-26,43.2318000793457,43.37702295502133,42.74772477407168,42.8892231849793,8306000
2004-02-27,43.455223083496094,43.60417043564141,43.17594786357405,43.33234414584057,9046400
2004-03-01,44.144107818603516,44.158999998186985,43.4924655858418,43.56693784749783,11023800
2004-03-02,43.79408264160156,44.2744364075157,42.6099554802849,44.08825290945292,14451000
2004-03-03,43.838768005371094,44.05846317094744,43.406820923246094,43.71216174853162,8672000
2004-03-04,44.39358139038086,44.42337142361304,43.70470320725672,43.8462016037087,4835200
2004-03-05,44.494117736816406,44.84414351343839,44.01376412026087,44.073344184764125,9174400
2004-03-08,43.86484146118164,44.80692968253831,43.83877588022876,44.613297217515246,7698400
2004-03-09,43.492454528808594,44.05100487203336,43.33605827359585,43.9020575456533,11062800
2004-03-10,42.580142974853516,43.84991512539929,42.53173631363149,43.59298112452368,17781600
2004-03-11,42.15194320678711,43.19457194175509,42.1072609850456,42.42004790097515,21167800
2004-03-12,43.28765869140625,43.54459280048006,42.3828068735098,42.44983303931452,13307200
2004-03-15,42.17055130004883,43.14987522141086,42.0104334198859,43.12753411657593,21093200
2004-03-16,42.189186096191406,42.647195957170496,41.712553906199936,42.46101244013688,34601400
2004-03-17,42.97115707397461,43.060524368299525,42.375370376916734,42.3939870243946,18236800
2004-03-18,42.71048355102539,42.90784040022014,42.207788789412824,42.79985365512892,17928600
2004-03-19,42.338111877441406,42.8668749906374,42.18916740255845,42.72909822634354,14281000
2004-03-22,41.52263259887695,42.13331406972439,41.36996081069814,41.93968169646999,18560600
2004-03-23,41.5933837890625,42.13331752712238,41.43326589997359,41.82425230198474,15122600
2004-03-24,41.53752899169922,41.83914527276452,41.22846378168214,41.712539048990166,13165400
2004-03-25,42.49451446533203,42.54292114280198,41.70509556230916,41.83542341775454,19901400
2004-03-26,42.60233688354492,42.89704691893011,42.37477600617341,42.40089225565138,11659800
2004-03-29,43.419288635253906,43.46032436234347,42.87090468791658,42.90074937055364,15613000
2004-03-30,43.77368927001953,43.8259188928121,43.2738035946452,43.31483932574558,9919000
2004-03-31,43.870697021484375,43.94530875908862,43.3894619869874,43.77743448408915,13493800
2004-04-01,44.351932525634766,44.37058617177004,43.792357295337936,43.863237735275845,9806600
2004-04-02,44.91523361206055,45.11668101209587,44.62052368494293,44.97492014939706,12827200
2004-04-05,45.04578399658203,45.10174206145904,44.69138766260332,44.94133046008916,7325800
2004-04-06,44.49740982055664,44.94507159138249,44.39668755865479,44.784659954912115,10185200
2004-04-07,44.833168029785156,44.948812667811154,44.15048555867389,44.48623126956032,10875800
2004-04-08,44.433998107910156,45.19502066148404,44.3705802733156,45.17263571986811,9078200
2004-04-12,44.54963302612305,44.8779188676203,44.43771972700464,44.5347106836781,7693000
2004-04-13,43.51255798339844,44.82196446722713,43.34841504920167,44.82196446722713,16763600
2004-04-14,43.37826919555664,43.77370142746254,42.95672356807482,43.24770221767702,15333200
2004-04-15,43.04254150390625,43.628230346289975,42.67695381296876,43.367096281334625,13475000
2004-04-16,43.37083053588867,43.587197556100186,42.73664329098804,43.236532194434325,13355800
2004-04-19,43.69161605834961,43.736380235826424,42.96416686675015,43.28499008734662,11097200
2004-04-20,42.725425720214844,44.10571274048196,42.628431901328845,43.81473128382398,16260800
2004-04-21,43.423030853271484,43.423030853271484,42.54263241707171,42.900760160351,12238800
2004-04-22,44.01991271972656,44.21389752347516,43.31111694568812,43.31857954168602,14381000
2004-04-23,43.926639556884766,44.22880916026739,43.53120744913508,44.20269577289044,9145400
2004-04-26,44.01991271972656,44.41534492322165,43.71774304318005,44.04602611342631,10711800
2004-04-27,43.90801239013672,44.28479393186585,43.59465155268496,44.01992860131091,6833800
2004-04-28,42.99031066894531,43.75879613104977,42.75155873299468,43.702838023466555,15350600
2004-04-29,42.13602066040039,43.22532945165,41.874886648268756,43.01269094287216,16087800
2004-04-30,41.449588775634766,42.45309426019287,41.449588775634766,42.37848254701902,18905200
2004-05-03,41.99424362182617,42.29268479749286,41.59134888851994,41.63238462132776,14629600
2004-05-04,42.229278564453125,42.870925319209505,41.94949093391263,42.02783397507329,14691400
2004-05-05,42.41579055786133,42.67692730677522,42.26284151371049,42.37848612120108,9045000
2004-05-06,41.796539306640625,42.109900067683014,41.29665062374142,42.109900067683014,22115200
2004-05-07,40.60649871826172,42.21434642239703,40.60649871826172,41.48316579556997,21520200
2004-05-10,39.88652038574219,40.57293412505969,39.59927302952645,40.289415221027674,33149000
2004-05-11,40.755741119384766,40.88630814184205,40.10290316095068,40.23720148294893,24259000
2004-05-12,41.065364837646484,41.072824589003595,39.655235600948984,40.684852057052126,31080600
2004-05-13,40.502044677734375,41.166073325501166,40.449817897313125,40.81167690890754,20447600
2004-05-14,40.34538269042969,40.96091613529467,40.158857576600745,40.5654809585971,20033200
2004-05-17,39.96113967895508,40.233464739497144,39.36052861077141,39.72238777129605,19698400
2004-05-18,40.412532806396484,40.43491490982112,39.927566360448196,40.129013829712214,13970400
2004-05-19,40.125267028808594,41.192190520791726,40.08050283925309,40.737068952668615,18784800
2004-05-20,40.207340240478516,40.513241215615835,39.908901861353534,40.214802836490854,12400600
2004-05-21,40.58412551879883,40.73334614567046,40.229726174210356,40.34537365426291,12021800
2004-05-24,41.11011505126953,41.19218651900989,40.73333654376488,40.94597496193487,10802600
2004-05-25,41.96812438964844,42.124804704294846,40.89374142988585,41.01684576502483,14969200
2004-05-26,42.25537872314453,42.25537872314453,41.80398849550846,41.945749338765886,12890600
2004-05-27,42.26659393310547,42.62472182707404,41.91965709111287,42.39716094973763,19802800
2004-05-28,42.34119415283203,42.41580304812275,42.07259757595038,42.25539136171548,6848400
2004-06-01,42.744075775146484,42.75153552390561,42.109888977072046,42.15465600806487,11926600
2004-06-02,42.60233688354492,42.870933515599646,42.423274359606765,42.829897760916424,12855600
2004-06-03,41.7816047668457,42.587394224927785,41.7816047668457,42.54635849255438,11824400
2004-06-04,42.30388641357422,42.56502037292014,42.0203675104653,42.20689258032572,11023000
2004-06-07,43.068641662597656,43.10221765841994,42.37849940651778,42.48668429904985,9933800
2004-06-08,43.027610778808594,43.12087333331041,42.83735721685094,42.94181082250941,6247600
2004-06-09,42.24791717529297,43.09101106551328,42.24791717529297,42.91940838806064,10326200
2004-06-10,42.41579055786133,42.58366479205156,42.18450134288015,42.50532462122121,9060600
2004-06-14,41.58388137817383,42.19195181587553,41.4943501806434,42.124802706191346,11226200
2004-06-15,42.34119415283203,42.464301391593935,41.85995909361023,41.86369039221884,20003800
2004-06-16,42.423255920410156,42.49413634699085,42.12481471536687,42.27030402013525,8662800
2004-06-17,42.31508255004883,42.55756573925119,42.027835160231724,42.348655700509894,17147600
2004-06-18,42.46056365966797,42.66201106180735,42.154662681488865,42.17704477745552,11470800
2004-06-21,42.292694091796875,42.673203970554624,42.266580696648276,42.47548785783711,6144000
2004-06-22,42.620975494384766,42.635897840471806,41.93456465126009,42.32253426493704,9991200
2004-06-23,43.26261520385742,43.31111068624926,42.509052501177855,42.516515096097244,16378600
2004-06-24,43.10594940185547,43.49765038284374,43.03880025566505,43.243976146807384,8302000
2004-06-25,43.61276626586914,43.762381817176546,42.91331805805192,42.91331805805192,12696200
2004-06-28,43.52298355102539,43.91572388542271,43.418253556166995,43.65015487230249,15502800
2004-06-29,43.885807037353516,44.03542256198843,43.44070163632631,43.44070163632631,7803600
2004-06-30,44.132667541503906,44.132667541503906,43.777333189090214,43.926948704619676,10870600
2004-07-01,43.32851028442383,44.166356487082744,43.32851028442383,44.06910592087266,16748000
2004-07-02,43.463157653808594,43.556667031595346,43.1265261767201,43.42201329928805,7557600
2004-07-06,42.68513107299805,43.2237427608338,42.54673626617093,43.190080778828055,13059400
2004-07-07,42.63278579711914,43.01430270461962,42.5280529238784,42.625303450762445,8702200
2004-07-08,41.85852813720703,42.63278546572454,41.73883342586231,42.36721639202717,13588000
2004-07-09,42.13531494140625,42.15775627290044,41.83608387098183,42.00440241822518,11431800
2004-07-12,41.892181396484375,42.17270939690726,41.577991405776366,41.96698772179246,13178000
2004-07-13,41.94829559326172,42.183938131378156,41.8959305847914,42.01562244039198,6838400
2004-07-14,41.705177307128906,42.236309822031714,41.54808225686403,41.61914743464325,12582800
2004-07-15,41.798683166503906,42.10913492099046,41.71639447459864,41.858530525591064,7474400
2004-07-16,41.331153869628906,42.12411459110418,41.293750681206944,42.10541157005302,13095600
2004-07-19,41.27877426147461,41.51815800727627,41.013208007653375,41.45831064398618,19252200
2004-07-20,42.09791564941406,42.23256935814251,41.308696410797566,41.39472342523676,9760000
2004-07-21,40.77756118774414,42.22508713394424,40.77756118774414,42.176463293192846,18338800
2004-07-22,40.84488296508789,40.96831599205109,40.10054933763398,40.79251795734815,18692400
2004-07-23,40.26140213012695,40.72146957769024,40.17163391609512,40.64666035459698,18983400
2004-07-26,39.7340202331543,40.485833843992665,39.53951905994181,40.35118006367041,16526600
2004-07-27,40.474578857421875,40.65411803020081,39.90230220306142,39.93970536506751,16286600
2004-07-28,40.440921783447266,40.65786129092368,39.797577045499715,40.40351576321601,20419800
2004-07-29,40.919681549072266,41.024411537400894,40.48953807956984,40.69525973784261,11042800
2004-07-30,41.14411163330078,41.20769730276026,40.77007425481623,40.844880589041644,12301000
2004-08-02,40.99449920654297,41.21518276042495,40.51947295561842,40.844883673116385,12227000
2004-08-03,40.40727615356445,40.97581482880229,40.38857598823376,40.93092929538456,14361000
2004-08-04,40.37358474731445,40.766322177463095,39.909776467408484,40.16038361275434,19376200
2004-08-05,39.6292610168457,40.44092433602908,39.54697518670773,40.388559328814516,15848800
2004-08-06,38.79888153076172,39.27764870891914,38.664227905195254,39.16169523187845,18657600
2004-08-09,38.675479888916016,38.98967003392023,38.56326749216891,38.86249864770799,10382000
2004-08-10,39.28140640258789,39.54697546721825,38.694167800077416,38.72035030387041,18270600
2004-08-11,39.229042053222656,39.427284275186054,38.57073827433066,39.01210252687451,13067600
2004-08-12,38.66425323486328,39.0532525353762,38.525858347455625,38.97096383765702,9952400
2004-08-13,38.656761169433594,38.9298097019784,38.40241564664286,38.73904984646569,9646200
2004-08-16,39.318809509277344,39.41231885212826,38.68668543842798,38.73530926938613,16553200
2004-08-17,39.56568145751953,39.816285867006435,39.401104064457414,39.61804647282487,10360800
2004-08-18,40.41099548339844,40.44091915616796,39.2739216012633,39.33002777428652,13410200
2004-08-19,40.06687927246094,40.425954761940105,39.92100494403747,40.29130109667563,10119000
2004-08-20,40.77756118774414,40.919697243859254,39.98834480051214,40.06689232188558,11919400
2004-08-23,40.62794494628906,41.08426819439422,40.474588236744324,40.94587617753375,12611200
2004-08-24,40.74015426635742,40.95709665039315,40.44092604869893,40.863587297310055,11565000
2004-08-25,40.97206497192383,41.05061249849993,40.396046923353005,40.717719377148136,12466400
2004-08-26,40.73267364501953,41.043125373535666,40.69527047555854,40.90098933443343,9472000
2004-08-27,41.054351806640625,41.23762936032296,40.82618873109189,40.82618873109189,8073200
2004-08-30,40.58679962158203,41.069308216544854,40.54565527873164,40.91969268378695,10043000
2004-08-31,40.52321243286133,40.95709720682744,40.351155563292394,40.69527215610929,24903400
2004-09-01,41.23762130737305,41.551811338044374,40.80373657509883,40.80373657509883,20113400
2004-09-02,41.96326446533203,41.96700278536439,41.12168016198639,41.14786267060997,9649400
2004-09-03,41.49946594238281,41.970754064763014,41.293746997573116,41.761293945340746,10964400
2004-09-07,42.02310562133789,42.13531799429708,41.67151236984553,41.82112506221887,11445200
2004-09-08,41.798683166503906,42.29241246425639,41.5630406108763,41.90715436459002,11916600
2004-09-09,42.14654541015625,42.44577655017982,41.779987406311356,41.78746975433575,12038400
2004-09-10,42.535526275634766,42.6103326013091,41.94828777268814,42.266218937321696,11722400
2004-09-13,42.763702392578125,42.96942127810721,42.55050115998003,42.5841631607527,13555400
2004-09-14,42.677669525146484,42.774920054456466,42.32607628694423,42.74125520236955,9151600
2004-09-15,42.41958236694336,42.55797437683751,42.21011948509248,42.54301253858539,10729200
2004-09-16,42.875911712646484,42.95072091458617,42.516836104373766,42.58416295927985,9656400
2004-09-17,42.80110549926758,42.969421210223594,42.47195357073346,42.86469118085725,12199800
2004-09-20,42.6103515625,42.89462086318069,42.49814202405634,42.60661324212765,10983200
2004-09-21,42.93199920654297,43.145200345296914,42.71879806778902,42.77864540328108,9596800
2004-09-22,42.206382751464844,42.68141189147806,42.18394141856566,42.651488211826376,14979200
2004-09-23,42.165260314941406,42.42334432095633,42.11289242504457,42.29991122686894,9478000
2004-09-24,42.24209976196289,42.58702436536208,42.23460264467308,42.36582365027023,10635200
2004-09-27,41.79219436645508,42.140868925431846,41.649723407912084,42.129621820368584,15947800
2004-09-28,42.29084014892578,42.29084014892578,41.66847359199682,41.83343877294731,13526000
2004-09-29,42.68449783325195,42.68449783325195,42.167111003538444,42.20085231703145,16073200
2004-09-30,42.68449783325195,42.96568688730552,42.48204137108502,42.49328847558269,17295400
2004-10-01,43.76053237915039,43.77177948794945,42.90196779583849,42.95445621050349,16410000
2004-10-04,44.00796127319336,44.3078974134557,43.94047578465448,44.090443854785654,13371200
2004-10-05,43.96672821044922,44.15793760715998,43.771771685076125,43.95173397499276,10255200
2004-10-06,44.251678466796875,44.337911074630256,43.820521148438544,43.93674795555347,9322000
2004-10-07,43.513057708740234,44.19166241195239,43.490563505014656,44.146671144098924,10364600
2004-10-08,42.96567916870117,43.62928681887894,42.96567916870117,43.35934491781696,15495600
2004-10-11,43.16816711425781,43.198161316365876,42.89447788613425,43.11192870040633,7916600
2004-10-12,43.06690979003906,43.246869154566404,42.58326434971772,42.81946208831081,14074200
2004-10-13,42.44082260131836,43.47184967994089,42.42957549085265,43.38936991639086,17654200
2004-10-14,42.16337585449219,42.63952442209408,42.16337585449219,42.485806312117475,13499000
2004-10-15,42.598270416259766,42.834468204623285,42.09962778042254,42.36956974449692,16297800
2004-10-18,42.778228759765625,42.909449750052644,42.26084191503266,42.48579259272512,14040600
2004-10-19,42.335819244384766,43.14564501563084,42.290830830695114,42.939438584877614,14654200
2004-10-20,42.55702209472656,42.699490169832714,42.017138255751405,42.19335050099483,14972600
2004-10-21,43.09691619873047,43.17190167720467,42.414564076834615,42.643264780474766,10623200
2004-10-22,42.36206817626953,43.228132421877184,42.33207685059025,43.096908572867854,16834000
2004-10-25,42.81572341918945,42.909453113942845,42.20085685043944,42.287089428190015,15370400
2004-10-26,43.37812042236328,43.37812042236328,42.35834330340085,42.83448910091177,15694400
2004-10-27,43.8017692565918,43.932990279987656,43.18315259154984,43.250638097925396,18685600
2004-10-28,43.64053726196289,43.89548209243673,43.43433083275512,43.84674083076798,10726400
2004-10-29,43.56180953979492,43.91048408420289,43.3968443780182,43.67428344613114,11972800
2004-11-01,43.906734466552734,43.95922286203337,43.38559763970714,43.693030896266436,13256800
2004-11-02,43.73426055908203,44.26289436170005,43.543051249010624,43.96670828857838,12997000
2004-11-03,44.43912124633789,44.652824830321165,44.13543795867829,44.39787995290224,18907000
2004-11-04,44.982765197753906,45.016506521497234,44.17668909250737,44.446631124069356,12551400
2004-11-05,45.18521499633789,45.458906993930476,44.855287463982904,45.14022656852797,10656600
2004-11-08,45.027748107910156,45.316437190865116,44.90402421521517,45.17021908509959,5433200
2004-11-09,45.1889533996582,45.42140403855896,44.990246933366954,45.046485314114236,6608800
2004-11-10,45.51513671875,45.79257579220729,45.215200575269705,45.271438959722644,11236200
2004-11-11,45.96502685546875,46.1074977760322,45.552616904137274,45.59385818531066,8648200
2004-11-12,46.433685302734375,46.50867076685637,45.871307193632866,46.01002815695631,12640800
2004-11-15,46.69612121582031,46.69612121582031,46.24621709824613,46.4524235096846,9308000
2004-11-16,46.28373718261719,46.59117056700992,46.133771910545974,46.504940821609395,11696400
2004-11-17,46.53116989135742,46.992318387709865,46.34371050185406,46.50867567994607,14988800
2004-11-18,46.45993423461914,46.63614651775917,46.212489328807926,46.54241682335731,12526000
2004-11-19,45.96502685546875,46.47116647121202,45.7850675016234,46.44492227959281,11445000
2004-11-22,46.45243453979492,46.508672925395786,45.77757963339086,45.79632671539218,13922200
2004-11-23,46.741119384765625,46.77111357094713,46.03627317191849,46.4636803135943,21859400
2004-11-24,47.02231216430664,47.202274435229675,46.73362596557967,46.78986435401832,11408600
2004-11-26,47.05229187011719,47.389719236485355,47.05229187011719,47.10853024124561,6176600
2004-11-29,47.22100830078125,47.64466825508153,46.84608960729223,47.39722054438551,17324000
2004-11-30,47.569698333740234,47.60719250365474,47.28476209313426,47.41223311755216,14468600
2004-12-01,48.01209259033203,48.23329327237796,47.49470576252742,47.54344416863848,19120200
2004-12-02,47.94462966918945,48.293304373455555,47.82090860153707,47.993368098240126,12883400
2004-12-03,47.854637145996094,48.297044320927796,47.854637145996094,47.95586682750873,13313800
2004-12-06,47.629695892333984,48.045853226595675,47.558460388258396,47.98212056251327,6219600
2004-12-07,46.793601989746094,47.88461677876188,46.75611069186022,47.790887103845854,13218200
2004-12-08,47.31473922729492,47.31473922729492,46.714869873905336,46.864837927353406,11617000
2004-12-09,46.954833984375,47.21352889524753,46.45244411964691,47.003575263469074,18757600
2004-12-10,47.31473922729492,47.46470728074299,46.801102434268856,46.86858791530035,10605200
2004-12-13,47.83213806152344,47.83213806152344,47.217271498577645,47.55844609684968,11161400
2004-12-14,48.09083938598633,48.225810392103234,47.764658977803194,47.787153192021464,11281800
2004-12-15,48.49199676513672,48.54823801825425,48.068342406514084,48.10583085445216,10569000
2004-12-16,48.11330795288086,48.525715008928074,47.862113160000156,48.4582324022456,13787000
2004-12-17,47.91835021972656,48.19579207140722,47.745887989450644,47.97083860022783,19285200
2004-12-20,47.862125396728516,48.3420209029555,47.62217478321218,48.023337701111565,11991600
2004-12-21,48.36825942993164,48.38700650909365,47.843375538227505,47.95210230448127,9142200
2004-12-22,48.461997985839844,48.68320440720017,48.31953274387289,48.372021142662064,7285200
2004-12-23,48.58648681640625,48.782068037654724,48.545119715177954,48.57520383624326,8365000
2004-12-27,48.27432632446289,48.89491331320069,48.011044300290656,48.89491331320069,10330200
2004-12-28,48.91372299194336,48.97013790721405,48.315701933852075,48.315701933852075,8985200
2004-12-29,48.909950256347656,49.04535177014047,48.748223699373916,48.90243209489856,9263400
2004-12-30,48.736934661865234,49.04534567553537,48.736934661865234,48.97388871632127,7993400
2004-12-31,48.706844329833984,49.14313867572123,48.654188511471986,48.84976972498244,15081800
2005-01-03,48.074974060058594,49.05287156825758,47.81921598534252,48.96636680639117,16062600
2005-01-04,47.04443359375,48.20662679326061,46.96168788966941,48.16901876171392,27450000
2005-01-05,46.1041374206543,47.11964589249027,46.1041374206543,46.991768280722624,29884200
2005-01-06,46.34859848022461,46.78865182663226,46.05522671309315,46.389968441850385,23061200
2005-01-07,45.83333206176758,46.600606301873995,45.80700415071365,46.45392181606967,20906200
2005-01-10,46.299720764160156,46.713446376053774,45.84838425473576,45.88599515226654,23449000
2005-01-11,45.73554611206055,46.100377823531865,45.60390654336661,46.070287959393994,23233800
2005-01-12,45.923614501953125,46.074060989293166,45.23156467752823,45.8032578859867,24791200
2005-01-13,45.78445053100586,46.213221123475925,45.566303283741334,45.99507387621141,18940600
2005-01-14,46.22073745727539,46.2997212036981,45.82205677451479,45.919844535117626,13541000
2005-01-18,46.76985168457031,46.94286406269513,46.043950364651664,46.1116511099637,16787600
2005-01-19,46.100379943847656,46.92031012738792,46.100379943847656,46.74729770492883,20194800
2005-01-20,45.825809478759766,46.25082088737986,45.74682574332802,45.93864502624923,29061600
2005-01-21,45.72050094604492,46.25458598841333,45.56629541480033,45.904799210800775,22309800
2005-01-24,45.370723724365234,46.07405937810598,45.19771127430917,45.85591212256783,18547200
2005-01-25,45.4873046875,45.96120705958562,45.30676840085292,45.57005036598296,22059200
2005-01-26,46.09284973144531,46.2244892799738,45.55500568786295,45.667838356804396,18351600
2005-01-27,46.22447967529297,46.53665544660054,45.94239375726171,46.02889849852321,20795400
2005-01-28,46.18687438964844,46.374931691121716,45.649030392653785,46.374931691121716,20704200
2005-01-31,46.728477478027344,46.826268078284805,46.3147519885904,46.4576745047154,21879000
2005-02-01,46.99177169799805,47.15350113433583,46.66078892436122,46.73225163585598,20250400
2005-02-02,47.34908676147461,47.38669766345357,46.984254986270194,47.059479659755986,17766800
2005-02-03,47.08953857421875,47.27759584147925,46.732230914234265,47.2249400362084,14914600
2005-02-04,47.683815002441406,47.789126645614274,47.03689734349145,47.09331511505607,19564000
2005-02-07,47.67253875732422,47.97343166849504,47.45815349071143,47.78537431639514,12354400
2005-02-08,47.78912353515625,47.9395699596941,47.61611115127213,47.65748398975821,10688000
2005-02-09,46.76985168457031,47.954613292767576,46.76985168457031,47.94709226307814,27444000
2005-02-10,46.85261535644531,47.10085247445456,46.56676733648773,46.916554176710285,20379000
2005-02-11,47.616119384765625,47.668775212029765,46.5479550379474,46.882696883924055,18049200
2005-02-14,47.57473373413086,47.76655297869385,47.285126762127334,47.54088479836912,8975000
2005-02-15,47.616119384765625,47.901967353861956,47.326512334812826,47.634926267157404,14451600
2005-02-16,47.75904846191406,48.067462417879874,47.37164788947512,47.54090123538206,18858800
2005-02-17,47.33779525756836,48.01856193029919,47.29642241197979,47.91701222628102,17347600
2005-02-18,47.22120666503906,47.54466557038635,47.01434241062123,47.28514548203085,15579400
2005-02-22,46.299720764160156,47.27761844759803,46.26210986662938,46.97672839782429,27227400
2005-02-23,46.574275970458984,46.85259999706906,46.38245670301903,46.44263642203036,17492200
2005-02-24,47.01058578491211,47.07452747867467,46.17561050999273,46.51787633888573,16971800
2005-02-25,47.79288864135742,47.80040967179395,46.93910964522237,46.93910964522237,23738200
2005-02-28,47.49574661254883,47.86809922689072,47.14595995376511,47.72893867491344,18075400
2005-03-01,47.8605842590332,47.9847027693737,47.49575262716816,47.638678015873005,19476800
2005-03-02,47.77408981323242,48.240471256135535,47.57851142412065,47.657495169888534,21102400
2005-03-03,47.81546401977539,48.120118898709116,47.49576707700598,47.992238399884776,17486400
2005-03-04,48.4022102355957,48.48495594337831,47.9621537777998,48.19910504774533,16204600
2005-03-07,48.281829833984375,48.6240955006782,48.2404569980208,48.48117011479432,13329800
2005-03-08,47.822975158691406,48.394668126291286,47.785364270084166,48.28559741018835,15237000
2005-03-09,47.281375885009766,47.819219989990316,47.281375885009766,47.7176702893978,22694800
2005-03-10,47.078277587890625,47.64997355434027,46.811236487987145,47.34908063836387,22922000
2005-03-11,47.04443359375,47.42806937595441,46.79243740007025,47.22120798528075,15532600
2005-03-14,47.397987365722656,47.397987365722656,46.96545762736209,47.1873639891625,14980800
2005-03-15,47.078277587890625,47.69886743363724,46.97672787872691,47.589793823333984,18482400
2005-03-16,46.81499099731445,47.11964294590869,46.61940977215918,46.916540690336845,21527600
2005-03-17,46.81499099731445,47.104598015548504,46.57803693105045,46.83379500811939,19603400
2005-03-18,46.56298828125,46.90148912310926,46.44263172492686,46.8488333090633,24139800
2005-03-21,46.6193962097168,46.739752748057235,46.318506298628805,46.668292936544184,16590200
2005-03-22,46.299720764160156,47.20615860314782,46.299720764160156,46.675835478523,30865000
2005-03-23,45.96122360229492,46.27339954910428,45.88976374749767,46.262116565164085,21073800
2005-03-24,46.130470275878906,46.56495112657291,46.09646885538846,46.206033792168924,14170800
2005-03-28,46.14935302734375,46.474268878961134,46.07001351229107,46.285364448134885,12566800
2005-03-29,45.48820114135742,46.50450532347735,45.280405052240745,46.07758221964658,21808800
2005-03-30,46.15690231323242,46.18334881502814,45.54485387668801,45.54485387668801,19132800
2005-03-31,46.14935302734375,46.23247143809976,45.903776690779054,46.22491364669311,20469400
2005-04-01,45.956668853759766,46.63672594518088,45.64686570821299,46.36848200424611,23993200
2005-04-04,46.12669372558594,46.23625866793918,45.48819855456674,45.881120211899706,30577600
2005-04-05,46.20981979370117,46.33827635793145,45.99824766726782,46.141814055568446,17858000
2005-04-06,46.353370666503906,46.700954131244586,46.224914153258844,46.33070017448837,19717800
2005-04-07,46.53472137451172,46.663177898982404,46.051126445228746,46.16069137177772,14978600
2005-04-08,45.82823181152344,46.591404705900416,45.76778098931931,46.493173561045644,19497000
2005-04-11,45.60154342651367,45.896236856656444,45.48442356331775,45.84711984373908,19150600
2005-04-12,46.02846145629883,46.13424749280032,45.072605349041794,45.533529810590686,32519000
2005-04-13,45.20484161376953,46.01713143581101,45.12927809401361,45.941567916055085,25937800
2005-04-14,44.29807662963867,45.43150289734798,44.29807662963867,45.23504361255727,36952400
2005-04-15,43.689823150634766,44.56256083090142,43.44802567313705,44.320763353403706,51555800
2005-04-18,43.96940231323242,44.11297155165569,43.304460670626604,43.606706085687414,35293400
2005-04-19,44.694793701171875,44.709903520504305,44.18852827994142,44.245200191024004,32092800
2005-04-20,43.995845794677734,44.808135516187406,43.89383865869893,44.732574888236684,31657400
2005-04-21,45.072593688964844,45.10281620410876,43.844715015520194,44.46054235867258,32386400
2005-04-22,44.34344482421875,45.00461059593586,43.85607085231565,44.93282596119271,30021000
2005-04-25,44.75148010253906,44.82704364080101,44.39256266377112,44.51346144253599,19041800
2005-04-26,44.120521545410156,45.00837185704693,43.84472267093154,44.5663361492148,30991400
2005-04-27,44.10163879394531,44.42277581615946,43.534925384466185,43.92028923463247,30928600
2005-04-28,42.97576904296875,43.93918304042993,42.97576904296875,43.92784635041031,30459400
2005-04-29,43.538692474365234,43.61047708057067,42.68862253438548,43.44046424555586,57488600
2005-05-02,43.984519958496094,44.00719045695164,43.474478421278846,43.65960401101915,25063400
2005-05-03,44.20365905761719,44.31700292613126,43.69739631181742,43.9656403926828,25104800
2005-05-04,44.694793701171875,44.789245925491805,43.98829002557567,44.11674366707327,23520000
2005-05-05,44.68724060058594,45.019714309867176,44.3774373875897,44.7325787107025,38436800
2005-05-06,44.845924377441406,45.12928110994197,44.64191006660029,45.06883317255113,23372200
2005-05-09,45.2766227722168,45.33707358724414,44.60790220508449,44.83081098243093,19355600
2005-05-10,44.736358642578125,45.27662266775762,44.59278939844617,45.015936455300796,28207600
2005-05-11,44.759029388427734,44.898816863342326,44.207428635024776,44.864815439429165,32094000
2005-05-12,44.05252456665039,45.01593857653588,43.96563011922132,44.883706015804485,30449600
2005-05-13,43.89384841918945,44.28299121632881,43.406474477908354,44.203651674602185,37347200
2005-05-16,44.57012176513672,44.58145557231,43.78805736319179,43.83717148842718,31343600
2005-05-17,44.834598541259766,44.84593235138243,44.14320729923497,44.396341549276144,22691400
2005-05-18,45.7337760925293,45.76022260462288,45.03860610221377,45.04993990990336,36759800
2005-05-19,45.84712600708008,45.99447130073255,45.5977735418429,45.68089199107335,26642600
2005-05-20,45.79044723510742,45.88112346569807,45.4768679722895,45.82823043908041,23165000
2005-05-23,46.092681884765625,46.28158631871958,45.805546338068794,45.8471055441349,27477400
2005-05-24,45.903778076171875,46.18713473096306,45.813104753725526,45.926445686170226,21963200
2005-05-25,45.559967041015625,45.941554779927905,45.45040501299046,45.91888717170928,22453600
2005-05-26,46.1946907043457,46.24002880783983,45.748876108572425,45.748876108572425,20049800
2005-05-27,46.45159912109375,46.50071611865442,46.01712122929124,46.319366593916776,15095200
2005-05-31,46.353370666503906,46.62539351106719,46.19846764795147,46.48560319304081,19278200
2005-06-01,46.878543853759766,47.03722295023665,46.33449794303438,46.34961064971609,26634800
2005-06-02,47.006996154785156,47.10522730410109,46.73119719270156,46.87854247544846,14395000
2005-06-03,46.66319274902344,47.161900538861346,46.51206856491563,46.95788332268392,21798200
2005-06-06,46.836978912353516,46.893650834876965,46.48939534847517,46.644295528755286,16974800
2005-06-07,46.931434631347656,47.509481942497146,46.82564857211167,46.99944036692136,25201400
2005-06-08,46.632957458496094,47.12788624622676,46.564951734174414,47.02965799744813,18085800
2005-06-09,47.090110778808594,47.16567142141343,46.36471823296866,46.5989579545159,21813800
2005-06-10,47.188350677490234,47.26391133411781,46.908772789023075,47.188350677490234,19949900
2005-06-13,47.3999137878418,47.4679195188268,46.94654416957761,47.05233022167567,21416100
2005-06-14,47.80794906616211,47.80794906616211,47.20345526970812,47.37724705603528,14950400
2005-06-15,47.936405181884766,47.96663059386259,47.33191135459789,47.92885027011727,20371900
2005-06-16,48.404884338378906,48.46533515833903,47.85328645973836,47.966627423482976,21612000
2005-06-17,48.374656677246094,48.85069965614469,48.26887351214607,48.60134435909374,20964800
2005-06-20,48.22773742675781,48.477662702859945,48.13685682137629,48.25803192489911,17148400
2005-06-21,48.36405944824219,48.46251512200617,48.11413417385109,48.35648437923755,13798200
2005-06-22,48.47765350341797,48.636695254915395,48.08383376944208,48.44735901102556,15672300
2005-06-23,47.621849060058594,48.55338295874393,47.621849060058594,48.40191339794857,19600900
2005-06-24,47.114437103271484,47.72788766294217,47.00840925348593,47.6672986693263,25158200
2005-06-27,47.23561096191406,47.40222780094316,47.03112744738984,47.16744979040599,19839000
2005-06-28,47.97025680541992,48.364076752337624,47.50070347561332,47.53857016705778,18261700
2005-06-29,48.34891128540039,48.51552524280284,48.18986950781712,48.364058534081025,17068800
2005-06-30,48.24287414550781,48.68970778391002,48.01567123712605,48.52309096954393,28369700
2005-07-01,48.45493698120117,48.50795379374565,48.04596995214711,48.24288128719188,14988200
2005-07-05,49.21984100341797,49.26528562427108,48.288307169087766,48.32617672345157,27172600
2005-07-06,48.77301788330078,49.33345155081758,48.757867747969065,49.23499878349603,21094100
2005-07-07,48.909358978271484,48.99266742031192,48.06870526538046,48.23531926041839,32447900
2005-07-08,49.96206283569336,49.99992662813524,48.88663405851228,48.9547923517588,24967200
2005-07-11,50.575496673583984,50.734538425490925,49.96962415842665,49.99234358325855,35662900
2005-07-12,50.41646194458008,50.84814841077007,50.2347007425223,50.49977036595748,24254400
2005-07-13,50.3028450012207,50.60578410557537,50.09836442817893,50.47703686410156,16978500
2005-07-14,49.9393310546875,50.795128822961345,49.818153081436094,50.66638155994457,26043100
2005-07-15,49.98477554321289,50.13624224877673,49.54551400775954,49.94690597777971,15694300
2005-07-18,49.69696044921875,50.04533831192625,49.50762427743763,49.91659110185462,14741300
2005-07-19,50.39375686645508,50.47706531155497,49.795453387140405,49.90148126670644,14000400
2005-07-20,51.00718307495117,51.1586555372893,50.12866590572454,50.174104755384164,23859900
2005-07-21,50.21197509765625,51.08291721281199,50.151386111777185,51.08291721281199,41935700
2005-07-22,50.98447036743164,51.060203719536915,50.21955022157424,50.325578070138505,27929800
2005-07-25,50.65123748779297,51.257115870413166,50.446756856057235,50.96932681661504,22514700
2005-07-26,50.802696228027344,51.02232693785486,50.43159307448279,50.67394898443005,21896800
2005-07-27,50.946598052978516,50.9844676160297,50.32557535429401,50.931453694608486,24091600
2005-07-28,51.46918487548828,51.49947938025875,50.75727845859719,51.0223539308173,21416900
2005-07-29,51.41615295410156,51.696372691658375,51.075350006278484,51.49946136856213,24809900
2005-08-01,51.39342498779297,51.68878903431384,51.28739716484102,51.454013966074946,19025900
2005-08-02,51.77967071533203,51.89326782308787,51.49945103400777,51.522170455558935,16505300
2005-08-03,51.522186279296875,51.73424198301239,51.4010140677814,51.61306977149691,16877600
2005-08-04,50.6588020324707,51.34798869397868,50.57549362771516,51.16622175010298,19246400
2005-08-05,49.96206283569336,50.605805088057515,49.727287677063956,50.560366225893176,33135200
2005-08-08,49.787872314453125,50.26500349306908,49.62125544433869,50.11353098474442,20272000
2005-08-09,49.863582611083984,50.03777447054927,49.56821857910248,49.90145216516683,21193800
2005-08-10,49.79545211791992,50.43919444975874,49.12899035219406,50.01508294230464,27119700
2005-08-11,50.22713088989258,50.28771988956545,49.64397765777499,49.65912201865069,22973700
2005-08-12,49.62123489379883,50.03777689657484,49.32587084749692,50.01505747425669,25523100
2005-08-15,50.15138626098633,50.35586686633189,49.41676069474726,49.71969984696016,23665800
2005-08-16,49.272865295410156,50.0453604537822,49.272865295410156,50.03778538569668,18698200
2005-08-17,49.21227264404297,49.67424770312254,49.106239045439175,49.22741699922473,21158800
2005-08-18,49.05323791503906,49.34103274121764,48.82603785962291,49.05323791503906,23307000
2005-08-19,49.31073760986328,49.348607174320485,49.00779842845858,49.26529875498208,20511600
2005-08-22,49.5909538269043,49.636392678544716,49.12897290828047,49.40918686417487,22168900
2005-08-23,49.58338165283203,49.70455385697322,49.12140070724504,49.61367614838838,20650300
2005-08-24,49.38644790649414,50.00747033833497,49.15924796006355,49.40916732332904,28753000
2005-08-25,49.65911865234375,49.74242707672536,49.363754521567,49.484926734613666,13910500
2005-08-26,48.848751068115234,49.659109963238144,48.80331221843399,49.651534895596726,19853300
2005-08-29,49.50764846801758,49.50764846801758,48.62155035977205,48.795742265280694,23967300
2005-08-30,49.28800964355469,49.431901251778186,49.00021487094109,49.318304134255236,21959000
2005-08-31,50.38616943359375,50.38616943359375,49.1668433396542,49.34103525796756,25306700
2005-09-01,50.38616943359375,50.651239067475245,50.143819228604286,50.302861008933185,21105000
2005-09-02,50.113521575927734,50.5906526649623,49.90904095068742,50.56035816898516,21928100
2005-09-06,50.86330032348633,50.88601975227599,50.189257860246656,50.264996993658386,26684300
2005-09-07,51.0147705078125,51.09807893777029,50.65124228817077,50.84057857842302,14230200
2005-09-08,50.72698974609375,50.96934000623928,50.54522271742012,50.88603156261869,13027800
2005-09-09,51.03748321533203,51.181380625956336,50.77998866798778,50.908735941659906,23016100
2005-09-12,51.26466369628906,51.56002766188194,50.954149601235244,51.067752459866675,17628700
2005-09-13,50.870849609375,51.158644335761046,50.67394411857465,51.158644335761046,23028900
2005-09-14,50.28770446777344,50.969316059850044,50.17410157274679,50.89357694444344,21257200
2005-09-15,50.113521575927734,50.46947468105375,50.03021315651168,50.355871765660545,23098600
2005-09-16,50.696685791015625,50.75726901119429,50.242274082123785,50.41646600761031,24336600
2005-09-19,50.4543342590332,50.726978966017484,50.21198405038993,50.636095470994476,24514400
2005-09-20,49.7272834777832,50.68153417116288,49.65154434312488,50.56036195626209,29350200
2005-09-21,48.924495697021484,49.68941591892807,48.924495697021484,49.628826919986274,28527200
2005-09-22,49.174415588378906,49.31831300055515,48.54581779402243,48.97750425246684,34380600
2005-09-23,49.51474380493164,49.60590528429766,48.800660039293106,49.08173692051975,27178400
2005-09-26,49.8489875793457,50.023706471231066,49.52233291651976,49.8489875793457,22874700
2005-09-27,49.6818733215332,50.02371874746639,49.34762033919252,49.77302901071087,27076800
2005-09-28,49.61348342895508,49.86417307814497,49.18047666933456,49.81099701277952,21575500
2005-09-29,50.16046142578125,50.25162291680347,49.23367321887805,49.56792622353399,24484600
2005-09-30,50.433921813964844,50.4719072037223,49.97812611565912,50.168041472932906,29016300
2005-10-03,50.73779296875,50.942899026399054,50.47191259929478,50.509892197355605,26406700
2005-10-04,49.970550537109375,50.97330384637126,49.92497268533909,50.80617732886771,17037600
2005-10-05,48.69429016113281,49.96292319300432,48.65631057203393,49.96292319300432,45606700
2005-10-06,48.261295318603516,49.020956836719755,47.75232349244742,48.68670391410623,59096500
2005-10-07,48.69429016113281,48.81583875606364,48.31445949560798,48.618325187179046,24054600
2005-10-10,48.1473503112793,48.8310439740964,48.08657599571571,48.808255054699494,16625700
2005-10-11,47.47884750366211,48.54997018742957,47.47884750366211,48.382843716895444,34321100
2005-10-12,46.81034851074219,47.70674945987429,46.5292745209605,47.433270811274106,63535700
2005-10-13,47.00026321411133,47.20537219749428,46.37734092289455,46.82554139075824,48558500
2005-10-14,47.790313720703125,47.87387696487608,46.58245159556489,47.47885256379976,52777600
2005-10-17,47.87386703491211,48.10936313801863,47.2737337674939,47.75232131347488,32203400
2005-10-18,47.2281494140625,47.88145870340002,47.17497334612836,47.78270480459569,32724600
2005-10-19,48.24610137939453,48.24610137939453,46.62802444439022,47.03064411865721,42623200
2005-10-20,47.34970474243164,48.35245773415202,47.00785647300906,48.16254235090378,47278000
2005-10-21,47.87386703491211,48.15494097238348,47.50163163295389,47.57759952002627,41173200
2005-10-24,48.92220687866211,48.92220687866211,47.79790519087529,47.97262990429273,30567800
2005-10-25,48.504390716552734,48.922206903793054,48.063788507116065,48.77786934897223,31535500
2005-10-26,48.25370788574219,49.06654271361541,48.094179636287045,48.38284897400229,34786100
2005-10-27,47.24336624145508,48.10938312662359,47.05345079168546,48.06380237544215,27349900
2005-10-28,47.90426254272461,48.0637907865754,47.11421376668387,47.43327025438546,38437300
2005-10-31,48.45121765136719,49.03616034988598,48.17014366073329,48.20053082130969,35208700
2005-11-01,48.69429016113281,48.899401966139585,48.31445949560798,48.65631057203393,30221400
2005-11-02,49.674251556396484,49.674251556396484,48.504372468018694,48.55754852677424,33256200
2005-11-03,49.8489875793457,50.25920546724971,49.58310142913895,49.962932162854834,43129900
2005-11-04,49.742645263671875,49.96294203247806,49.332427294733876,49.81861026626968,26502300
2005-11-07,49.924949645996094,50.175639306563255,49.57550608691309,49.932547883037834,20776800
2005-11-08,49.742645263671875,49.811012027282445,49.423582979547966,49.70465986449387,21210800
2005-11-09,49.90975570678711,50.21362145056615,49.4615582264247,49.69705142486888,29761700
2005-11-10,50.17565155029297,50.327581553661155,49.180490902229586,49.86418750890264,34586100
2005-11-11,50.46432113647461,50.5098989785696,50.09968101244024,50.175651810276094,19662800
2005-11-14,50.28199005126953,50.55546861964053,49.94773717975909,50.5250814680708,24330700
2005-11-15,49.552730560302734,50.319984631880324,49.49195623906146,50.2060342284925,35159500
2005-11-16,49.56792068481445,49.75783608973711,49.058948790603694,49.628695005371675,28408200
2005-11-17,50.42631912231445,50.449113831609345,49.69704491029639,49.70464314672802,22203100
2005-11-18,50.81377410888672,50.958111696356454,50.4187525481264,50.61626043062695,28896800
2005-11-21,51.33034133911133,51.421502830475944,50.532694228007884,50.90493263759423,30758600
2005-11-22,51.60379409790039,51.740533368386494,51.1176113130067,51.24675234742247,21208700
2005-11-23,51.66460418701172,51.922886434775315,51.482281169550376,51.50507589355303,21290900
2005-11-25,51.62660598754883,51.75574707944077,51.4822684167528,51.65699314959844,5901000
2005-11-28,50.942901611328125,51.770935713370065,50.75298622411529,51.748146794225754,24596300
2005-11-29,51.018882751464844,51.330341035875946,50.7833836824372,50.973299108172384,23177100
2005-11-30,51.23918914794922,51.48987894788436,50.950519733204466,50.99609758927997,38323000
2005-12-01,52.074798583984375,52.30269355845856,51.22397561031169,51.49745421628658,37384100
2005-12-02,52.27991485595703,52.27991485595704,51.74815401585515,52.112788364565446,23767700
2005-12-05,51.90768051147461,52.234335243843674,51.596216461555095,52.19634984408237,25918100
2005-12-06,52.06719207763672,52.47740992145487,51.92285455969429,52.12036814281186,26482100
2005-12-07,51.74812698364258,52.089972231455,51.46705023169861,51.976021883599046,23412400
2005-12-08,51.88486862182617,52.27229170824952,51.42906720949519,51.84688323888002,33286000
2005-12-09,52.14316940307617,52.23433087742789,51.59621214848146,51.960852250130536,22101700
2005-12-12,52.302711486816406,52.39387298530888,51.86970451155597,52.32550041249969,24178300
2005-12-13,52.31027603149414,52.43941705768578,51.89246001057342,52.1659385341296,24765500
2005-12-14,52.249515533447266,52.53819060439353,51.97603693768613,52.234324854019256,26972600
2005-12-15,51.717769622802734,52.27991765468398,51.45188918851828,52.27991765468398,31912800
2005-12-16,51.535430908203125,52.074795647620505,51.51264199161645,51.991232422964686,21479900
2005-12-19,50.89731979370117,51.63419236579681,50.7529822560618,51.596206973021005,22938900
2005-12-20,50.88215255737305,51.29996309162182,50.54789949336612,50.836568905888534,28762600
2005-12-21,51.49747085571289,51.64180844321381,50.9581117073663,50.99609131750498,30167400
2005-12-22,51.833763122558594,51.864267726691196,51.39145508987341,51.66599070890847,20624100
2005-12-23,51.955787658691406,52.06255088860708,51.82614742495947,51.932910654875144,15255300
2005-12-27,51.17794418334961,52.18457315204809,51.14743956997571,52.12356392530028,26201500
2005-12-28,51.48297882080078,51.62024665676385,51.06354770586934,51.3533327737205,20488800
2005-12-29,51.20844268798828,51.643123194932535,51.20844268798828,51.47535075046995,20883600
2005-12-30,50.88051223754883,51.086411027271495,50.68223523466775,50.911016839388836,33860500
2006-01-03,51.89478302001953,51.97104163697948,50.369587408182475,51.25419783760501,40428100
2006-01-04,52.17693328857422,52.35233331973527,51.76512983199319,51.94052986315425,29795200
2006-01-05,52.45909881591797,52.45909881591797,52.04729534141124,52.18456316624682,23712300
2006-01-06,53.08442687988281,53.1149314863592,52.375210779243524,52.71075563232497,26874100
2006-01-09,53.43522262573242,53.67162605985594,53.053923761322125,53.084428368654024,22285700
2006-01-10,53.9156494140625,53.9156494140625,53.13780240154638,53.1759346098148,27130700
2006-01-11,53.82413864135742,53.938529442092275,53.412335249606656,53.92327423231013,29588700
2006-01-12,53.63347625732422,53.946138164244566,53.419949917348106,53.72498422122461,24564000
2006-01-13,53.6563835144043,53.740269740735194,53.39709722806525,53.58774668460644,20630300
2006-01-17,53.40469741821289,53.41995262507381,53.031026304314224,53.366571037374,26979900
2006-01-18,53.29032897949219,53.38184280455156,52.848026703769705,52.91665770894488,30545300
2006-01-19,54.144439697265625,54.274079917084,53.336087952328604,53.41997416942498,26801500
2006-01-20,53.52671432495117,54.235930152359316,53.25217879058953,54.16729335969064,43301200
2006-01-23,53.69451904296875,53.80890406941696,53.37422351443361,53.572500590543925,30482700
2006-01-24,54.29692840576172,54.47232835435422,53.7173586150995,53.724980399444746,36770600
2006-01-25,54.434226989746094,54.601999430858115,53.969041882357054,54.44185459656736,32586600
2006-01-26,55.219696044921875,55.25019482951519,54.457098430611616,54.617243231437804,38990300
2006-01-27,55.494232177734375,55.852654028341995,55.10531153904668,55.31883796455963,29044200
2006-01-30,55.33406066894531,55.65435597088325,55.26542970163028,55.440823830205986,28170300
2006-01-31,55.1739501953125,55.63913532322492,55.00617774679858,55.273091633885024,38124600
2006-02-01,55.74589157104492,55.82977778479878,55.265457107130025,55.356965108927824,35011400
2006-02-02,54.90702438354492,55.738252932191244,54.647744005560526,55.66962194442749,46751000
2006-02-03,54.73924255371094,55.28068603042873,54.533343807753276,54.762119545688826,42793600
2006-02-06,55.227333068847656,55.25021007268329,54.54099386298036,54.83078475999081,24741300
2006-02-07,54.33509063720703,55.356968847351766,54.25883202450595,55.11293779581278,41861300
2006-02-08,54.678253173828125,54.78501638717811,54.052923287853005,54.479981959411724,36002600
2006-02-09,54.396087646484375,55.16630702551146,54.32745083774616,54.73925423570176,33152400
2006-02-10,54.28169250488281,54.47234188768752,53.66399036640594,54.28169250488281,31342400
2006-02-13,53.92326736450195,54.25881211907957,53.64873180496701,54.174925930435165,29784500
2006-02-14,54.5485954284668,54.73924479362607,53.61822559558443,53.99190254036957,46124800
2006-02-15,55.029022216796875,55.029022216796875,54.281674326492485,54.53333282387457,40853100
2006-02-16,55.517112731933594,55.53998973114005,54.99854608333945,55.189195500937906,30261700
2006-02-17,55.40272521972656,55.59337464868766,55.135817182812794,55.5399930413049,17558400
2006-02-21,55.158695220947266,55.616252695429026,54.79264575046648,55.4789848712686,21177400
2006-02-22,55.532344818115234,55.67724019214262,54.89176576734367,55.265436880293755,28699200
2006-02-23,55.494232177734375,55.87553102848142,55.196819539604384,55.478982783694335,38795900
2006-02-24,55.9365234375,55.9365234375,55.25018454870134,55.43321213115231,22995700
2006-02-27,56.08905792236328,56.340710718052975,55.9136579077595,55.98229471978991,20584000
2006-02-28,55.34933853149414,56.028049970839916,55.24257532652907,55.95941315727191,36395700
2006-03-01,56.35597229003906,56.35597229003906,55.37984814595393,55.49423314865232,26244900
2006-03-02,56.11953353881836,56.34831506025732,55.73823488185727,56.172920936222454,36546000
2006-03-03,55.83740997314453,56.53899852924273,55.78402836166226,55.82978236631584,38377600
2006-03-06,55.40272521972656,56.02042750774969,55.2425803975783,55.974673506609854,29340300
2006-03-07,54.60200119018555,55.212081756039474,54.47998856791044,55.1739495388638,38899700
2006-03-08,54.792633056640625,54.90702385329985,54.05291249882289,54.487592871601876,51662600
2006-03-09,54.31219482421875,55.20443250192978,54.31219482421875,54.80788436233283,31106800
2006-03-10,55.15106964111328,55.17394664295415,54.12919143782656,54.4494810999171,40266300
2006-03-13,55.26546096801758,55.73064607018397,55.05955631327024,55.364596582943825,35127000
2006-03-14,55.87553787231445,55.87553787231445,54.91466883981557,55.120567684448346,37978800
2006-03-15,56.38645935058594,56.39408113628821,55.700120457175004,55.8983974304175,31951400
2006-03-16,56.25684356689453,56.813542584423644,56.25684356689453,56.584760891047814,32559900
2006-03-17,56.485599517822266,56.660999511895895,56.20343633367165,56.53135350838169,31551600
2006-03-20,56.45512008666992,56.683901777776626,56.21108899796415,56.57713854010285,25640700
2006-03-21,55.669620513916016,56.88977541634295,55.669620513916016,56.43221805520254,44425900
2006-03-22,56.531368255615234,56.60000507751703,55.585748689040926,55.66200729925258,36219500
2006-03-23,56.775394439697266,56.775394439697266,56.24157839574681,56.45510481332699,25409600
2006-03-24,57.2485237121582,57.279097721696566,56.63705518418318,56.77463531140776,27560100
2006-03-27,57.25616455078125,57.279093598435445,56.88163733444393,57.17972661673975,23334000
2006-03-28,56.95806121826172,57.5542455282219,56.81284199360784,57.1797183659274,27179200
2006-03-29,58.01283645629883,58.0586945390986,57.06506581294128,57.06506581294128,33875700
2006-03-30,57.85996627807617,58.272706516149164,57.53130307913253,58.089268354136955,29733500
2006-03-31,58.06636047363281,58.089289523316005,57.57718797573764,58.035786463589844,24722400
2006-04-03,57.5848274230957,58.40266907562571,57.554259244279876,58.18101187513574,35542000
2006-04-04,57.84470748901367,58.08164879486535,57.378464006830534,57.538973197703925,30181200
2006-04-05,58.142791748046875,58.242152905712466,57.53132321876119,57.959353521819594,27471100
2006-04-06,58.265071868896484,58.26507186889649,57.74532551041315,58.04341473337034,25663700
2006-04-07,57.33259201049805,58.61667105770597,57.217940950116144,58.37208485020899,51457700
2006-04-10,57.271453857421875,57.676549286614,56.95043549822014,57.34788596703236,39109200
2006-04-11,56.25489044189453,57.370815581093474,56.14023936065298,57.324957481155344,49801100
2006-04-12,56.84342956542969,56.86635861524862,56.21667693432861,56.270179994371524,40981200
2006-04-13,56.9886474609375,57.27145267519427,56.377184765279594,56.713487206902826,35415700
2006-04-17,57.02684783935547,57.27143400416042,56.48417246842555,57.04213192342084,38356100
2006-04-18,58.62433624267578,58.62433624267578,57.17210827033706,57.1797474014015,58648200
2006-04-19,59.05231475830078,59.113456910056684,58.29562158747112,58.616645583304596,44101500
2006-04-20,58.73896026611328,59.105842486937505,58.26507777715104,59.105842486937505,44622400
2006-04-21,58.60904312133789,59.121144730866476,58.28802472414655,59.059996703383305,40075800
2006-04-24,58.142791748046875,58.5784611799592,57.8829214135079,58.502029071647506,39232800
2006-04-25,58.18102264404297,58.249809806204894,57.691850052900605,58.165732720408805,42940300
2006-04-26,58.135135650634766,58.66252701032446,57.92112345580271,58.135135650634766,31348600
2006-04-27,57.653621673583984,58.60139268544378,57.24088127372658,57.72240882452873,91908800
2006-04-28,58.24213790893555,58.3567889575796,57.401373271203404,57.50837936156597,37918800
2006-05-01,57.52366638183594,58.578443147185645,57.52366638183594,58.310927934748506,44216700
2006-05-02,58.3109245300293,58.33385357098592,57.63831405926124,57.86761030022142,36131800
2006-05-03,58.21158981323242,58.47910513139319,57.85235245824657,58.272732006385894,35151900
2006-05-04,58.92239761352539,58.92239761352539,58.280361025559316,58.280361025559316,30351900
2006-05-05,59.2510871887207,59.633253660305684,59.09822293264574,59.2510871887207,37838800
2006-05-08,59.33513641357422,59.472716511989326,59.10584013714559,59.2510593627986,24715000
2006-05-09,59.2510871887207,59.45746034895924,59.12115198791723,59.28930616843823,21579600
2006-05-10,58.891841888427734,59.20521528981885,58.647255636831176,59.14406726907066,26824100
2006-05-11,57.56189727783203,58.97591752409583,57.500755089967775,58.94534351446566,46910800
2006-05-12,56.178462982177734,57.21031113597921,56.178462982177734,57.179737123024026,62645500
2006-05-15,55.92620086669922,56.338941066586244,55.299448525698956,55.75040767852484,61905600
2006-05-16,56.017948150634766,56.46126254677923,55.750432853442796,56.14788331907141,35594500
2006-05-17,54.99374008178711,55.903297937730656,54.917307971604444,55.37590646409667,76491400
2006-05-18,54.47397994995117,55.689271774195426,54.366973856167995,55.35296357579417,54127300
2006-05-19,54.955528259277344,55.16954050547562,53.95424834828349,54.56571690718972,79031200
2006-05-22,54.344051361083984,54.77972074724585,53.57207373599176,54.45105746776265,89895900
2006-05-23,53.64088439941406,55.33005944782548,53.57973636646044,54.94024802699288,73644800
2006-05-24,54.0536003112793,54.55041764831427,52.82302440643355,53.87780125427502,124700200
2006-05-25,55.19245910644531,55.24596215786524,54.298191319257164,54.649783633073135,63332000
2006-05-26,55.5211296081543,55.589922586883304,55.04724121140827,55.5287745683233,37483000
2006-05-30,53.992469787597656,55.299478206382254,53.931321762633125,55.26890419389999,46837100
2006-05-31,54.932579040527344,54.93257904052735,54.01537653891538,54.12238262272765,58723800
2006-06-01,56.0026741027832,56.056177177385926,54.76445842443518,54.9402517418165,49499200
2006-06-02,55.964454650878906,56.438337306453015,55.55171419410986,56.36190518439885,49690000
2006-06-05,54.33640670776367,55.910935973212155,54.16061345925636,55.84214300059089,66165900
2006-06-06,54.10710525512695,54.389910415390894,53.35805674406311,54.29818840442544,94747900
2006-06-07,53.57972717285156,54.89438049878947,53.51094002112979,54.13004771221128,81935900
2006-06-08,53.62559127807617,53.82431360462101,51.97462965468074,53.335141086147495,140237700
2006-06-09,53.15169143676758,54.34404846559775,53.059969422474815,53.92366902072834,63028400
2006-06-12,51.92876052856445,53.31220071696542,51.844683473108525,53.27398175306903,108263800
2006-06-13,50.94278335571289,52.62431321845438,50.90456438235197,51.70711617175841,139584200
2006-06-14,51.55424499511719,51.73004410482142,50.86635014066568,51.026859328797464,106669400
2006-06-15,53.31983947753906,53.480348610733266,51.90582544868056,52.00518657930712,96971100
2006-06-16,52.624305725097656,53.27398735994661,52.410293500102306,53.19755525550481,66852400
2006-06-19,51.59246063232422,52.8306817868026,51.546602533364464,52.81539186621861,71705700
2006-06-20,51.53130340576172,52.226848883158546,51.44722635176001,51.6383095051466,61105000
2006-06-21,52.43321990966797,52.784812237523475,51.40137197314053,51.49309399269237,81035400
2006-06-22,52.238014221191406,52.52125292785752,51.94712467621092,52.352841039587645,50947100
2006-06-23,52.551883697509766,52.85808665744547,51.83996429780192,52.230373217728335,42901800
2006-06-26,53.20254135131836,53.20254135131836,52.78151170952705,52.83509676936108,39933200
2006-06-27,52.283939361572266,53.45515985682492,52.06959327901384,53.23316293728244,61567100
2006-06-28,52.51358413696289,52.51358413696289,51.671530730167554,52.322208097221534,46405900
2006-06-29,54.54218673706055,54.54218673706055,52.67435419252632,52.67435419252632,96533200
2006-06-30,54.909645080566406,55.03977945508587,54.006349459210504,54.70295557718953,61004300
2006-07-03,55.59858703613281,55.59858703613281,54.93260189124581,55.116321327041994,22967800
2006-07-05,54.787147521972656,55.0780370800239,54.34315358573536,54.99383113210528,38621400
2006-07-06,54.7718391418457,55.26941230219442,54.47329290950256,54.89431680213108,33830700
2006-07-07,53.96039962768555,54.840730792240294,53.85322948664424,54.69528309782652,45330300
2006-07-10,53.96806716918945,54.534538863047196,53.72310596316969,54.09055069236726,40166800
2006-07-11,54.442684173583984,54.442684173583984,53.27911401958724,53.66952296444605,63444700
2006-07-12,53.317378997802734,54.41205044888234,53.271444765502444,54.18239680838492,50664800
2006-07-13,52.107887268066406,53.34800656983383,52.069609709733264,52.9575976681104,80467000
2006-07-14,51.694522857666016,52.2150662006922,51.250528803839124,52.11555270876675,79083700
2006-07-17,51.625614166259766,52.20739325519852,51.311754585883826,51.748091822755185,67427500
2006-07-18,51.97775650024414,52.24568190605418,50.99791167880411,51.91651473882018,74235300
2006-07-19,53.20254135131836,53.585293447371015,51.88587320644389,51.93180158906348,97816700
2006-07-20,51.8399543762207,53.868542027168345,51.76340511097136,53.61592419554441,73657100
2006-07-21,51.09743118286133,51.786386479236874,50.79122817999036,51.786386479236874,103313800
2006-07-24,52.72795104980469,52.75092109207748,51.48018074178143,51.48783742253902,72230300
2006-07-25,52.85808181762695,53.4168967660326,52.352846103943335,52.590150602005856,87433100
2006-07-26,52.743263244628906,53.27911407908364,52.14617064614047,52.76622744605753,59831300
2006-07-27,52.238014221191406,53.50109754288084,52.031330620345855,53.13365873241439,59015800
2006-07-28,53.332698822021484,53.35566302330349,52.421752409264464,52.62843606113854,62209800
2006-07-31,53.34034729003906,53.455174119105855,52.86573245538604,53.14897118837278,37902900
2006-08-01,52.50593185424805,52.9958599300941,52.1920781597794,52.949925705285374,45003700
2006-08-02,53.20254135131836,53.37095320803489,52.74324000412188,52.827445932480146,50137500
2006-08-03,53.8455810546875,53.8455810546875,52.46767652726405,52.65139596285339,49316900
2006-08-04,53.294410705566406,54.5881089826187,52.796831749622804,54.45031797697792,76609200
2006-08-07,53.087711334228516,53.18723061097898,52.62075333814246,53.1030246877285,45882400
2006-08-08,52.352840423583984,53.55468198260948,52.1920852158546,53.14896562400657,76243800
2006-08-09,51.824642181396484,53.034140456602636,51.748092914430146,52.81214349416596,58126400
2006-08-10,52.283939361572266,52.52124379541642,51.31174575390922,51.52608599613408,54415200
2006-08-11,51.74810791015625,52.10789599352672,51.46487495627121,52.100239312510894,42757200
2006-08-14,52.05430603027344,52.682019487025066,51.809344823744404,52.1231986319523,45029900
2006-08-15,53.14131546020508,53.16427965836245,52.58250050392481,52.81980500533135,48780200
2006-08-16,53.90679931640625,53.983348561174196,53.19488024343167,53.485775550016065,46160700
2006-08-17,53.99102783203125,54.427365134174195,53.684824884486005,53.753723321843026,44642200
2006-08-18,54.30489730834961,54.30489730834961,53.592977808332414,54.19772713332221,36413600
2006-08-21,53.72309875488281,53.96040324877973,53.47048090247543,53.95275240985954,25383500
2006-08-22,53.89918518066406,54.05994045623654,53.562361265938684,53.66187476786346,22657900
2006-08-23,53.27909851074219,54.19770718181883,52.97289562038331,53.96805355396608,37109000
2006-08-24,53.187225341796875,53.48577146180544,52.75088825560493,53.37094468326386,32255600
2006-08-25,53.27909851074219,53.65419398525628,52.99586565543608,53.11068662902809,22449400
2006-08-28,53.8455810546875,53.94510037256404,53.21786762944963,53.23318098927781,26650300
2006-08-29,54.54218673706055,54.54218673706055,53.49344364043791,53.97571513466414,53031100
2006-08-30,54.96322250366211,55.11632105935945,54.381437479408255,54.588121113633214,43890900
2006-08-31,54.94023132324219,55.3000192150552,54.787132826456485,55.08567898342191,33830000
2006-09-01,54.9785041809082,55.269393636137195,54.70292223791957,55.17753688202951,24118200
2006-09-05,55.47609329223633,55.514365000094635,54.8866517559464,55.062720301163026,38075100
2006-09-06,54.297210693359375,55.06271485887109,54.22831228149001,55.055058181922654,39718500
2006-09-07,53.81494140625,54.44265454443605,53.63121621434221,53.991004081412186,44611800
2006-09-08,54.02165603637695,54.105862004378956,53.71545304730933,53.99103515343656,27806500
2006-09-11,53.9527587890625,54.22833503114876,53.3173886634598,53.6848275464653,49544600
2006-09-12,55.22348403930664,55.338310861323976,54.02929910712987,54.0752274998029,43200800
2006-09-13,55.6904411315918,55.789954593980006,55.11631287250322,55.23879637113609,35612000
2006-09-14,55.49142837524414,55.56797766932403,55.12398942752595,55.476120852562865,33680200
2006-09-15,55.621543884277344,55.89712005244612,55.24644258138855,55.881812536566706,40826200
2006-09-18,55.606239318847656,55.93540644546783,55.22348711767699,55.38424234132845,37907200
2006-09-19,55.36127471923828,55.6827851466536,54.46563602558073,55.659820950457465,64200600
2006-09-20,56.103816986083984,56.26457220583188,55.6751364000896,55.72106479420758,54786800
2006-09-21,55.499053955078125,56.31814320742249,55.18519443279967,56.14973135062268,68561500
2006-09-22,54.76420211791992,55.254124615564805,54.39675732451783,55.23881709266078,59289900
2006-09-25,55.41484451293945,55.613877225658385,54.43500014314337,54.947886517906454,61688400
2006-09-26,55.59227752685547,55.86874187288727,55.26205655015267,55.40028872316857,42739700
2006-09-27,55.999267578125,56.053024184533115,55.446339135623994,55.45402032483392,49884200
2006-09-28,55.77656173706055,56.275733589027844,55.48474098714053,56.045350636679686,35641100
2006-09-29,55.292747497558594,56.053021135121526,55.23899089407496,55.83799472118699,33558300
2006-10-02,54.770545959472656,55.45402538576575,54.632313836231845,55.26971784112175,42184900
2006-10-03,54.69374084472656,55.162193733323186,54.27904455683627,54.716778550882125,45911000
2006-10-04,56.0223274230957,56.02232742309571,54.5939303352356,54.67073053961992,51122100
2006-10-05,56.73649597167969,56.751858348047996,55.945503500578745,55.96086587694705,48038000
2006-10-06,56.444671630859375,56.72113579736554,56.06069427282632,56.52914711834901,34893700
2006-10-09,56.874752044677734,56.93618985799599,56.10679695529659,56.33718582572387,25997000
2006-10-10,56.90544128417969,57.1051111438517,56.55218283031647,56.90544128417969,32950800
2006-10-11,56.6827507019043,57.05137164103311,56.14518460216547,56.65971299177707,52430000
2006-10-12,57.82701873779297,57.89613188130714,56.890112621053,56.890112621053,40618400
2006-10-13,58.287784576416016,58.29546576680053,57.69645595647099,57.82701275688154,45517000
2006-10-16,58.63336181640625,58.779275138156336,58.12651457401005,58.272422036728585,46458400
2006-10-17,58.3415412902832,58.54888655876536,57.865407089169786,58.31850357812203,48733400
2006-10-18,58.34920883178711,58.978931539359664,58.057382255257984,58.76389927174812,44694800
2006-10-19,58.63336181640625,58.67176190919255,58.04203905710543,58.15723347643278,43889000
2006-10-20,58.057395935058594,58.67944345963077,57.96524508625649,58.648724557019534,39507600
2006-10-23,58.17259979248047,58.579615064804436,57.66574660571532,57.865416575565156,38995800
2006-10-24,58.287784576416016,58.32617881027547,57.85772580035648,57.98828260076703,30504800
2006-10-25,58.67177200317383,58.717847435219035,57.96525470299533,58.15724348189379,51574000
2006-10-26,59.16322708129883,59.2477025617242,58.26472154480598,58.856044048754626,49379500
2006-10-27,58.472084045410156,59.217001215829974,58.318495413151346,59.048050204926824,51799300
2006-10-30,58.725547790527344,58.909855437884964,58.00366787141117,58.19565671296041,51246800
2006-10-31,58.54119873046875,58.97125155642382,58.134177752726615,58.82533826517607,46092200
2006-11-01,57.274085998535156,58.80999601710227,57.274085998535156,58.71015811611509,47212200
2006-11-02,57.189605712890625,57.519826573724835,56.90546027388356,56.91314146386517,47585300
2006-11-03,57.46607208251953,57.78093057500938,56.989937889620755,57.45839089225447,49053800
2006-11-06,58.13420104980469,58.42602774924873,57.59663480193305,57.757904676294544,47702600
2006-11-07,58.51813507080078,59.00195019290278,58.18791437596462,58.23399563365853,49200600
2006-11-08,58.81767272949219,58.978948441175774,57.91149142193462,58.06508008378427,52411800
2006-11-09,58.28010940551758,58.978951326899775,57.850056444071406,58.932870038864706,49553600
2006-11-10,58.763919830322266,58.80231992773045,58.06508375794495,58.18795352339307,43722400
2006-11-13,58.84840393066406,59.12486826698908,58.51818296555546,58.69481523672044,39373200
2006-11-14,59.98495101928711,59.9849510192871,58.69478669678163,59.0634075856533,68600600
2006-11-15,60.43804168701172,60.67611166415731,59.88511914097264,60.01567005355005,65076400
2006-11-16,60.3919677734375,60.75290748343851,60.19229787575026,60.74522629455773,49327900
2006-11-17,60.35356140136719,60.36892377752853,59.77759533494301,60.169253900639795,35969400
2006-11-20,60.43804168701172,60.553236081239554,59.98495115782061,60.16925867316697,48400400
2006-11-21,60.537879943847656,60.56859883977041,60.138540155882225,60.43036673763319,40727000
2006-11-22,60.60700225830078,60.75291557130846,60.33053801209211,60.645402348786334,33281900
2006-11-24,60.33053970336914,60.69147947153949,60.07711901976626,60.18463224530236,17933400
2006-11-27,58.978939056396484,60.315178950766835,58.91750125781991,60.29214124105835,72824600
2006-11-28,59.17863082885742,59.25543104256212,58.58730785295363,58.81769091696664,59174400
2006-11-29,59.946571350097656,60.06176578328955,59.3629297109146,59.53187490602617,53282800
2006-11-30,59.95423126220703,60.36124637053114,59.516497258665794,59.82368035180688,58605000
2006-12-01,59.73151397705078,60.1846102842185,59.017315891436326,60.015659317445085,87109800
2006-12-04,60.91416931152344,60.921850499397415,59.84671269919715,59.869750403789425,54369200
2006-12-05,60.960289001464844,61.25211576235857,60.72222473571168,60.97565138837184,39558600
2006-12-06,60.75288009643555,61.044700693019585,60.50713489430483,60.821993188115535,37810400
2006-12-07,60.491798400878906,61.06008918437184,60.40732876125566,60.89113818706477,39544100
2006-12-08,60.499488830566406,60.92954171919618,60.0233605207352,60.37661908768554,43109600
2006-12-11,60.653099060058594,60.806687743242385,60.315196926215016,60.514866901580106,35233200
2006-12-12,60.32284927368164,60.683783092480134,59.815996315276685,60.62235116400097,47917600
2006-12-13,60.3996467590332,60.66842976975138,60.015669355427185,60.599316649436794,47296600
2006-12-14,60.6453971862793,61.121525457194565,60.33053287638825,60.37661415285444,52286200
2006-12-15,60.591651916503906,61.05242375416292,60.52253291838756,60.898835094620516,38923800
2006-12-18,59.83137893676758,60.82971695596226,59.61634660772552,60.714522530161986,47013800
2006-12-19,59.79298400878906,59.98497278203613,59.20933649758891,59.47811960832833,54066400
2006-12-20,60.13926696777344,60.355205934353236,59.8616294724864,59.8616294724864,43288200
2006-12-21,59.861602783203125,60.424585425938254,59.62252256203031,60.146948054435775,49951400
2006-12-22,59.46826934814453,59.96184548334109,59.42199842418599,59.83844850759612,31230400
2006-12-26,60.31659698486328,60.32431076605575,59.61479587751634,59.63793133720269,21798200
2006-12-27,61.03385543823242,61.05699090920854,60.42459587232101,60.44002344223438,39294000
2006-12-28,60.75621795654297,61.14182482946735,60.65596228778444,60.94902139300516,28257400
2006-12-29,60.17780685424805,60.91817133444048,60.146957598753296,60.66367527342304,30795200
2007-01-03,60.2780647277832,61.01842916280316,59.55312197762275,60.67909325695895,54095400
2007-01-04,60.44003677368164,60.60969889289403,59.59941054480166,60.06985150472907,45577600
2007-01-05,59.175228118896484,60.440018080469294,59.15208676607935,60.17008858597681,57486800
2007-01-08,58.94389724731445,59.61485567063844,58.78965677210977,59.344926013184796,46117200
2007-01-09,59.49915313720703,59.62254430070108,58.758788504557515,59.47601766179534,62791800
2007-01-10,59.96183776855469,59.96183776855469,59.05180578314253,59.198338202013666,49239300
2007-01-11,60.33203125,60.571105538507545,59.691922669405,59.738193593918275,49188300
2007-01-12,60.910484313964844,60.96446905861349,60.254947706793786,60.35520929249546,28392800
2007-01-16,60.501731872558594,61.20353938957241,60.38605448746443,61.08785612058277,33914700
2007-01-17,60.239498138427734,60.756209867214764,60.239498138427734,60.32433210988747,27481200
2007-01-18,59.73823547363281,60.25494743924631,59.398899432264734,60.25494743924631,55936200
2007-01-19,59.9695930480957,60.12383347077384,59.28321316455655,59.41431811222246,49715800
2007-01-22,59.52997589111328,60.02355209309643,59.314037038232215,60.01583831009569,46305200
2007-01-23,60.09297180175781,60.37060921236923,59.38345658970365,59.414305844648666,47783000
2007-01-24,60.74848556518555,60.787048594224245,60.10838282394494,60.16236753426384,30401400
2007-01-25,59.98499298095703,60.8873114825433,59.792189580589394,60.702221865680364,57289400
2007-01-26,60.20864486694336,60.40144826486286,59.506843558140645,60.14694636747486,56630200
2007-01-29,60.733116149902344,60.87964872568255,60.17784100367969,60.24725333890612,59602200
2007-01-30,61.0647087097168,61.19581364313206,60.547996877625344,60.84105600241729,33830600
2007-01-31,61.19581985473633,61.5197282703676,60.640544922857046,60.972167124735236,54267500
2007-02-01,61.85135269165039,61.88991574037379,61.342354575093346,61.44261026432099,50571100
2007-02-02,61.88990783691406,62.04414824432058,61.71252607289162,62.005591084416146,26512600
2007-02-05,61.882198333740234,62.05958011003783,61.5968529719023,61.86677664549013,30893400
2007-02-06,62.036434173583984,62.0518558592333,61.53514407352104,61.89761546716492,31445600
2007-02-07,62.60713195800781,62.63026742889914,61.91303841179829,62.121269417608104,30708600
2007-02-08,62.506866455078125,62.57627285683215,62.14439511109244,62.368047767677076,25417000
2007-02-09,61.93617630004883,62.5839989297601,61.465735427250806,62.45289400032961,52164700
2007-02-12,61.766510009765625,61.92847008452291,61.38861689775201,61.91304251364397,39561300
2007-02-13,62.22154235839844,62.22154235839844,61.380916084666204,61.87449843090349,41995800
2007-02-14,62.314090728759766,62.69198392413841,62.09814587607636,62.26010598656281,64326000
2007-02-15,62.3603401184082,62.614842050994554,62.12897365534906,62.24465688687863,44086000
2007-02-16,62.59941101074219,62.67653119952086,61.959302264482055,62.25236721929155,42160800
2007-02-20,63.20096206665039,63.36292212584654,61.77421785993451,62.46831138544037,71903200
2007-02-21,63.3166618347168,63.617434793657836,62.87707013442641,62.96961792329107,39549600
2007-02-22,63.54026794433594,63.586538862861175,62.954144146155414,63.43229854518307,58815900
2007-02-23,63.20096206665039,63.47859947685273,62.97731526544259,63.44004232114858,57987800
2007-02-26,63.15468978881836,63.55572421012624,62.61484254924269,63.48631191709873,78736400
2007-02-27,60.19322967529297,62.42203672488664,59.74592433174784,61.9747313813415,136636000
2007-02-28,60.79478454589844,61.095557453623634,59.776782577314485,60.440026908168576,97620200
2007-03-01,60.478580474853516,61.00300605684472,59.190654932750995,59.74592977061156,97674800
2007-03-02,59.2755012512207,60.44774379874157,59.19066725089868,60.2935033711898,96274500
2007-03-05,57.97214889526367,59.60712452220196,57.95672720579328,58.681664288806694,122207900
2007-03-06,59.5531120300293,59.93100502684679,58.758763004846756,58.81274771867783,94041400
2007-03-07,59.36030960083008,59.86159959959918,59.22920470567446,59.61481149182106,55408800
2007-03-08,59.807640075683594,60.29350271267078,59.44516860261113,59.94645881252209,76876500
2007-03-09,60.293479919433594,60.37060010321281,59.707355931704406,60.293479919433594,69129900
2007-03-12,60.463165283203125,60.547999274982374,59.96187511829697,60.16239236103834,35945400
2007-03-13,58.91299819946289,60.20092331932503,58.81274256367628,60.03125540961538,96417200
2007-03-14,59.53766632080078,59.599364798918344,58.24974148052294,58.92841297203469,129087500
2007-03-15,60.00041961669922,60.09296148174793,59.47599414048314,59.47599414048314,84037300
2007-03-16,59.591678619384766,60.20093813423359,59.0286959265036,60.00813471373308,77107100
2007-03-19,60.33203125,60.52483461399427,60.00811712673191,60.02354469083082,56720800
2007-03-20,60.810211181640625,60.84877422787983,60.12383132262496,60.301213097872655,46527300
2007-03-21,61.90530776977539,62.5608439806252,60.71764410553785,60.89501992333376,77517600
2007-03-22,61.90530776977539,62.15980964806586,61.6276763107858,62.1289604006465,40940200
2007-03-23,62.00114440917969,62.1402299676545,61.854336132881706,61.99342169135652,37200500
2007-03-26,61.869773864746094,62.186582081994835,61.4138860147967,62.062947881545625,46665700
2007-03-27,61.58388137817383,61.86978107864564,61.313438902162034,61.82342119567328,40734900
2007-03-28,61.15892028808594,61.429362844839716,60.74166353114915,61.21300879943669,67939400
2007-03-29,61.23615264892578,61.63022922514644,60.648902089585484,61.57614074568102,49841400
2007-03-30,61.390708923339844,61.86205406307029,60.834372627701086,61.321169097086496,54280000
2007-04-02,61.54526901245117,61.63798880687686,61.15892081512908,61.51436044924073,36558700
2007-04-03,62.202056884765625,62.41068230775584,61.815708705357146,61.869797214666114,44410200
2007-04-04,62.19432830810547,62.27159676499278,61.81570874271385,62.1866055890605,35754200
2007-04-05,62.15568923950195,62.44158308368465,62.0861435103733,62.16341195757931,24666800
2007-04-09,62.24068832397461,62.45704234126883,62.0629655839373,62.41840516880708,38545000
2007-04-10,62.433868408203125,62.634765217776916,62.109331455804316,62.202057141519035,48521000
2007-04-11,62.047508239746094,62.5111247883391,61.66116013338455,62.487944845190086,59019200
2007-04-12,62.464778900146484,62.52659603170041,61.560725458193396,61.88525655604228,45075400
2007-04-13,62.8665657043457,62.89747426095053,62.22522641900544,62.54975742054953,31467000
2007-04-16,63.73200988769531,63.80154974296764,63.20657603210302,63.2142987525512,43967100
2007-04-17,63.53879928588867,63.84787299216085,63.3147167221992,63.83242166492847,51536000
2007-04-18,63.16792297363281,63.5310911804449,63.09838313583729,63.291557212209256,48993700
2007-04-19,62.8665657043457,63.229733875446925,62.433857702286915,62.69657159062135,69360400
2007-04-20,63.60062789916992,63.65471640209329,63.175648489116206,63.330185384553076,68702200
2007-04-23,63.531105041503906,63.75518772640979,63.26838517481188,63.52337642610543,34858200
2007-04-24,63.500179290771484,63.6315362409667,62.874297202613946,63.56971912492025,56640600
2007-04-25,63.67790985107422,64.07970936434457,63.337921566241725,63.77835825559046,51964600
2007-04-26,64.03336334228516,64.26516876336079,63.33793528864494,63.708826320448615,47381600
2007-04-27,63.762916564941406,63.85564227300185,63.37656829083311,63.762916564941406,56761000
2007-04-30,62.387489318847656,63.76288760679804,62.372037988791604,63.72425633405583,86447400
2007-05-01,62.642494201660156,62.71203994015788,61.91615773062281,62.5806770774856,88311800
2007-05-02,63.47700500488281,63.70108764912416,62.52658592035607,62.64249154947472,49850600
2007-05-03,63.59288787841797,63.801513220014535,63.337896764642004,63.5233421677504,57008800
2007-05-04,63.994693756103516,64.03333092099005,63.47698875976452,63.7397026163412,47940900
2007-05-07,63.80925750732422,64.13378851629253,63.72426044851759,63.901977284055434,40421400
2007-05-08,63.58517837524414,63.84016956564781,63.00565615807481,63.5079099253292,59329800
2007-05-09,63.840145111083984,64.31149013877832,63.322434315037654,63.36107147279722,66106100
2007-05-10,63.05200958251953,63.68562023916822,62.78156708795075,63.60835179717775,92481400
2007-05-11,63.6237907409668,63.70878777917003,63.09063446838648,63.16790289533404,57249600
2007-05-14,63.06744384765625,63.81695394682128,62.94380966931845,63.58514870524105,71975000
2007-05-15,62.56522750854492,63.57745789082754,62.41841330829119,63.06748134001845,115258700
2007-05-16,62.90517807006836,62.974717873606025,62.171113404359076,62.665638324633804,95727600
2007-05-17,62.41841506958008,62.90521758091326,62.364326556677035,62.820220504179076,71780400
2007-05-18,63.15244674682617,63.39970923130364,62.418382008856796,62.73519019891995,80552700
2007-05-21,63.94831848144531,64.31148652122758,63.09062550521125,63.15244259606829,148866800
2007-05-22,64.34241485595703,64.62831459389592,63.840167004060184,63.98697528444644,69634200
2007-05-23,64.17243194580078,64.98375954735448,64.11061482514762,64.55878010707544,59384400
2007-05-24,63.330169677734375,64.56648222021953,63.02109006831228,64.11832297652087,89560000
2007-05-25,63.73969650268555,63.909690579555274,63.39198563287245,63.54652248718869,44083500
2007-05-29,64.32693481445312,64.43511177075317,63.917406923431265,63.96376679178786,59397200
2007-05-30,64.75965118408203,64.79055973213185,63.6933328047758,63.85559826063526,64383000
2007-05-31,65.11509704589844,65.25418257819598,64.73647761166757,64.8987430834808,68767400
2007-06-01,65.4473648071289,65.81053295895246,65.05329399554529,65.32373648247642,71003000
2007-06-04,65.51692962646484,65.65601521674208,65.16921270316884,65.28511834426752,52419900
2007-06-05,65.25418853759766,65.46281980269907,64.77512068997963,65.36236552868584,84623400
2007-06-06,64.52783966064453,64.75964490574087,64.1337630802179,64.7519221908792,95052800
2007-06-07,63.19108200073242,64.48148298887246,63.19108200073242,64.33467474816868,113824100
2007-06-08,64.01788330078125,64.24196592129147,63.09837876961705,63.26064427511661,86239400
2007-06-11,64.03336334228516,64.34243723705266,63.61610651010103,63.93290902079973,68082100
2007-06-12,62.97473907470703,64.00242641556042,62.905199247758055,63.61607832307756,115376300
2007-06-13,63.81699752807617,64.11062595454912,63.16020671893349,63.276112366477754,118706700
2007-06-14,64.3964614868164,64.65145250119002,64.04102214641718,64.04102214641718,79451800
2007-06-15,65.16146850585938,65.43963959472653,64.95283724160709,65.13055995207371,83706500
2007-06-18,65.03785705566406,65.38557398605992,64.67468879056892,65.35466542145546,60117800
2007-06-19,65.20785522460938,65.30058092412676,64.5124272162447,64.75968985308478,65541300
2007-06-20,64.07969665527344,65.41646368670911,64.07969665527344,65.35464657532619,86929200
2007-06-21,64.58197784423828,64.58970056504351,63.6083785589665,63.99472682667043,97110200
2007-06-22,64.07196807861328,64.50468196333307,63.592900203136516,64.4119562962065,93984100
2007-06-25,63.73969650268555,64.4814840147691,63.36107708296858,63.88651064092815,108393200
2007-06-26,63.26835632324219,64.07968960911784,63.160179337819244,64.01014389265819,91436900
2007-06-27,64.58966064453125,64.6360264167393,62.97472871335855,63.07517707860369,127640800
2007-06-28,64.58116149902344,65.17727479758797,64.48826502081343,64.57342406346551,87866200
2007-06-29,64.1786117553711,65.17729048152115,63.99281284780202,64.8598783540849,110203200
2007-07-02,65.00696563720703,65.09986212817095,64.44956306566276,64.55020289968708,56318400
2007-07-03,65.3166275024414,65.42501066809926,65.05340702410123,65.12308529141816,34591600
2007-07-05,65.42501831054688,65.54888226872202,64.9218073218173,65.378564158096,47326500
2007-07-06,65.6495361328125,65.75017598043397,65.07664679774605,65.46373131290075,40975100
2007-07-09,65.58757781982422,66.37722735050352,65.3553248309215,65.77337666708307,56954300
2007-07-10,64.51148223876953,65.71144023664273,64.41857986405908,65.2391968347991,101069100
2007-07-11,64.89856719970703,64.92953465822663,64.17859003183298,64.3876129937918,82880600
2007-07-12,65.66500091552734,65.88176724616903,65.05340682182286,65.1540525513633,71638400
2007-07-13,65.72695922851562,65.95920641979986,65.51793025927402,65.72695922851562,43138400
2007-07-16,65.4017562866211,65.92819109328217,65.200470826488,65.71916229448789,77268800
2007-07-17,65.4482192993164,65.85078440413967,65.38628438890109,65.51015420973172,57654400
2007-07-18,65.23918151855469,65.2856356482232,64.3256623875717,65.0843501701592,97201600
2007-07-19,65.42501831054688,65.76564862535871,65.39405084439304,65.61081720102972,61461700
2007-07-20,64.44956970214844,65.62630399156994,63.93861532347226,65.32437855196703,154037700
2007-07-23,64.20956420898438,64.9140547680943,64.20956420898438,64.74373668163449,67737500
2007-07-24,62.70763397216797,63.6366335943666,62.312806474837544,63.55921794358931,158240800
2007-07-25,62.47542953491211,63.303790043763705,61.80190635405716,63.06379956841908,164307600
2007-07-26,60.80320739746094,62.59927845631108,60.03678207619612,61.32189898324429,244724700
2007-07-27,59.32453155517578,61.31414441511348,59.169700213766546,60.656102354468636,202037300
2007-07-30,60.35420608520508,60.710323066596864,59.26263101931026,59.850995124336734,149169600
2007-07-31,59.688411712646484,61.27546007305045,59.40971047953712,61.10514199654594,187777400
2007-08-01,60.01356887817383,60.354205074863614,58.921993830552196,59.51036383216914,185942500
2007-08-02,60.485782623291016,60.77222709387241,59.843227258833835,60.338694625045996,105762800
2007-08-03,58.33362579345703,60.54774933362679,58.03170039311025,60.39291791524793,158340000
2007-08-06,58.86001968383789,59.16968821027234,57.22652396567117,58.5426137264086,208307700
2007-08-07,59.76579284667969,60.12965290762065,58.449709045319594,58.743890885058676,179153900
2007-08-08,61.561912536621094,62.01093194685497,60.245827679249146,60.30001926969528,259607000
2007-08-09,60.14519119262695,61.4767628108511,60.07551291163393,60.114223724012355,204699000
2007-08-10,60.431636810302734,61.75546523524259,59.169743329632226,59.541347088806866,267042500
2007-08-13,60.1064338684082,61.90250431312631,60.02127487222637,61.46122856310959,116492000
2007-08-14,59.076839447021484,60.52453772457011,58.79040067315723,60.36196292972902,113169000
2007-08-15,58.21747589111328,59.92065034133377,57.86135904673824,58.81358901594362,145850300
2007-08-16,59.51035690307617,59.556805140329374,56.70012042047521,57.80718202437638,347851600
2007-08-17,60.70259094238281,61.979965000255994,59.29359776607489,61.321922566046084,215542300
2007-08-20,60.749027252197266,61.21352735527669,59.97485844491847,60.90385865107732,126893400
2007-08-21,60.91936492919922,61.229027826560646,60.38518639030077,60.74904679178573,92754900
2007-08-22,61.64704895019531,61.7709187722534,61.10513324478668,61.4535067830582,70351700
2007-08-23,60.857391357421875,62.0263875441872,60.625138425384094,61.894774399265835,105471500
2007-08-24,61.64704895019531,61.70124052073618,60.66385733997159,60.834175392082365,64735000
2007-08-27,60.79545211791992,61.523172407052385,60.76448466876142,61.43801339847573,60380700
2007-08-28,59.262630462646484,60.53226696053124,59.14650394869998,60.44710791073313,86275800
2007-08-29,60.81869125366211,60.81869125366211,59.43292857025529,59.595509195112854,70723200
2007-08-30,60.408416748046875,61.12065093575052,59.998108050922866,60.09101047357881,63330500
2007-08-31,60.95804214477539,61.414804751825216,60.62514936554873,61.26771080789482,47035900
2007-09-04,61.73996353149414,62.181239523612135,60.834187427637104,60.91160312852038,61375400
2007-09-05,61.167091369628906,61.77868555866378,60.74129607775639,61.3761143906315,67145300
2007-09-06,61.18257522583008,61.44579575761318,60.54001353722503,61.213542694654016,65069100
2007-09-07,60.17613983154297,60.330971219727004,59.603250701096556,60.2071013840287,107970400
2007-09-10,59.340049743652344,60.35420915322223,58.54265668973646,60.31550425053556,99748500
2007-09-11,60.37744140625,60.43163300246067,59.64198318532787,59.75036637774921,84890600
2007-09-12,59.99806594848633,60.50902005487963,59.905163591022735,60.12967319173153,62793300
2007-09-13,60.14519119262695,60.79549031421137,59.742620007077896,60.40066247242614,72390100
2007-09-14,60.45481872558594,60.60191263890784,59.44065982368164,59.53356217521715,61830800
2007-09-17,59.78903579711914,60.478045288950625,59.758068348376085,60.292240596492285,53416800
2007-09-18,62.33607482910156,62.39800975626253,59.79680187989909,60.23807789965148,138693800
2007-09-19,63.17219924926758,63.55928381072931,59.812308090871674,62.91672202115682,114738300
2007-09-20,62.54511642456055,63.12574319503759,62.12706444104416,63.094775725172575,128460700
2007-09-21,62.67671203613281,63.14121218447606,62.599296329148906,62.9244458423452,57473900
2007-09-24,62.196712493896484,62.994111241574,62.00317031276322,62.785082378344434,87072300
2007-09-25,61.94449996948242,62.138513062085515,61.52543097896258,61.80481030597581,54940900
2007-09-26,62.48774719238281,62.798169388952054,61.94451278899485,62.47222874691927,65425300
2007-09-27,62.86020278930664,62.92228836120311,62.49545745542245,62.805879394098746,63248800
2007-09-28,62.11522674560547,63.05424931724831,62.029860519018925,62.836955620776806,90453200
2007-10-01,63.65959167480469,63.82256200478824,62.185090600577155,62.185090600577155,98833600
2007-10-02,64.0708999633789,64.31148029253443,63.77600211054379,63.869130552876065,53654700
2007-10-03,63.892391204833984,64.22609395116534,63.605249704703894,63.88462902353059,56474400
2007-10-04,63.99330520629883,64.1950805669927,63.62855948840261,64.07090929246962,35783300
2007-10-05,65.28927612304688,65.5143319945307,64.39682073853969,64.77708469755287,92101800
2007-10-08,64.80034637451172,65.32806200696878,64.60633336141439,65.11853055797886,34535400
2007-10-09,65.32807922363281,65.44448824633129,64.64515536904197,65.13406615940497,57974000
2007-10-10,65.27379608154297,65.3669245413311,64.75384216955405,65.21947262686969,50123200
2007-10-11,64.5364990234375,65.87906591454198,64.14847295212046,65.64624790342857,93750000
2007-10-12,65.04871368408203,65.2504889713462,64.57532123366039,64.62964466629188,60997500
2007-10-15,64.29595184326172,65.08752875080451,63.659588996419,65.03320530976224,80770400
2007-10-16,63.558692932128906,65.32809146203209,63.54316856842943,63.92343850853719,59345400
2007-10-17,63.807037353515625,64.35027173396696,62.9068136135555,64.25714922349569,90253500
2007-10-18,63.65182113647461,63.93896268255312,63.16291021069709,63.387966138032596,68562200
2007-10-19,61.37797546386719,63.7294189790937,61.308133596694894,63.56644870154898,128571100
2007-10-22,62.674007415771484,62.81369711566027,60.8037178739722,60.951169757413496,138153000
2007-10-23,63.15512466430664,63.279295855856276,62.23162659059146,63.178411203328416,84843000
2007-10-24,62.751583099365234,62.992157393353125,61.393491711843886,62.75934527940604,126810300
2007-10-25,62.59634017944336,63.2482208405992,61.76595908075323,62.92228051002128,116690000
2007-10-26,63.64402770996094,63.64402770996094,62.44890689069336,63.14735489166883,79290000
2007-10-29,63.57421875,63.977769361661245,63.16291187639919,63.807036866020766,56217000
2007-10-30,63.06977462768555,63.6052526671787,62.82920028336128,63.25603146278479,59967000
2007-10-31,63.8846435546875,64.25715137145664,62.68175977386489,63.34916541833525,107684000
2007-11-01,61.416770935058594,63.17065057347271,61.308124100191286,63.14736995468807,171158000
2007-11-02,61.719417572021484,62.185047610186345,60.803675931280814,62.16176699639918,130182000
2007-11-05,60.904598236083984,61.4866375674193,60.57089544928599,60.87355542791554,98542900
2007-11-06,62.053138732910156,62.08418153417432,60.55535761656584,61.300367084478864,94974000
2007-11-07,60.128536224365234,61.40126155265587,59.8879559795526,61.23052909530797,112492300
2007-11-08,60.30703353881836,60.65626068430654,58.84029492187442,60.6329741379592,120883000
2007-11-09,59.639625549316406,60.338073891059786,59.0808668759217,59.55425931194722,104492000
2007-11-12,59.06534957885742,60.617454403589846,59.00326396487372,59.670669513173465,106800000
2007-11-13,60.92012023925781,61.10637117834067,59.856926200405695,59.89573119308616,105192100
2007-11-14,60.57087707519531,61.486618915539616,60.2216500298455,61.44005175700789,76347400
2007-11-15,59.709468841552734,60.44671619508428,59.1662286519105,60.23718466876577,114145000
2007-11-16,59.205047607421875,60.0354235690389,58.62300821598534,60.004380757664975,123470600
2007-11-19,57.924537658691406,59.0110119589477,57.67620118327356,58.8946029409187,116186400
2007-11-20,58.25825119018555,58.6385151937314,56.92344016620126,57.97110968173926,129813600
2007-11-21,57.03985595703125,57.9711165431076,56.65182972603104,57.862469672092374,94961400
2007-11-23,58.250484466552734,58.9799755322687,57.51323714072308,57.707250218131854,50849400
2007-11-26,56.729427337646484,58.6850826351735,56.64406110286818,58.475545178605024,96764900
2007-11-27,57.389068603515625,57.73829571161091,56.77599246064676,57.07865240184363,80871400
2007-11-28,59.655147552490234,59.67066599466609,58.09528063778558,58.13408562443975,112697000
2007-11-29,59.1429328918457,59.724971996973075,58.91012080227952,59.4300743151994,57418400
2007-11-30,59.48442840576172,60.493293155794085,59.09640213556211,60.08974843994334,84981400
2007-12-03,58.78594970703125,59.5620018483782,58.74714473164072,59.406793788432,61964100
2007-12-04,58.16513442993164,58.63852694424943,57.86247441858891,58.219457869895436,57670000
2007-12-05,59.32144546508789,59.46113512948016,58.60747277996643,59.12743237125473,70221700
2007-12-06,60.72609329223633,60.87354512587964,59.11190306551877,59.142945868433635,93204000
2007-12-07,60.912357330322266,61.15293762461365,60.43896484515569,61.08308982278373,59125400
2007-12-10,61.39348602294922,61.502132850218715,60.68727572488945,60.920093738071536,49937400
2007-12-11,59.25157928466797,61.758230284248064,59.17397525537987,61.52541227557587,120369300
2007-12-12,59.68619918823242,61.16069416628769,59.049830469487425,61.0830901023075,112505300
2007-12-13,59.36023712158203,59.67065921712785,58.700593869052796,59.189504672991376,89826800
2007-12-14,58.20392990112305,59.65515001814929,58.165124912865,58.79373138194788,75866900
2007-12-17,57.31147003173828,58.36690179658284,57.233865973901786,58.064241826453454,71635600
2007-12-18,58.33586883544922,58.522125710666096,56.92345342951556,57.94784255996402,114501900
2007-12-19,58.74716567993164,58.770452225954344,57.98663762587206,58.27377323124126,85850100
2007-12-20,59.63188934326172,59.763822808090836,58.06426542298704,59.14297825147587,121965700
2007-12-21,60.997718811035156,60.997718811035156,60.25270920098034,60.43896012329152,83426900
2007-12-24,61.440059661865234,61.56423087284769,60.989947903267655,61.0830763115045,29867000
2007-12-26,61.72720718383789,61.96001934598618,61.08308228568899,61.18396696387227,65572400
2007-12-27,60.26100540161133,61.57695380648934,59.88724877468143,61.40564621049877,71490100
2007-12-28,59.614681243896484,60.743750777001516,59.614681243896484,60.67366773113564,48207400
2007-12-31,59.100746154785156,59.80154669036555,58.85157329110653,59.529008858209515,73932400
2008-01-02,58.52458190917969,59.567992255291955,58.080736263761096,59.29546014554281,94259600
2008-01-03,57.878265380859375,58.882745583888905,57.64466312313076,58.61020763628812,78036800
2008-01-04,56.1340446472168,57.099595032180275,55.760288190442104,57.02951198356516,123498600
2008-01-07,56.25861740112305,56.725815803847425,55.3397913014401,56.28197643014676,139672900
2008-01-08,54.52220153808594,57.052866540857345,54.52220153808594,56.31313607019391,157222700
2008-01-09,55.0750846862793,55.2853220293606,53.43209788028728,54.452149104013074,140191600
2008-01-10,55.830352783203125,56.31312786746452,54.39761011881513,54.59227662913418,153878400
2008-01-11,54.67792510986328,55.67461659631225,54.43654056132482,55.50330913318823,120320000
2008-01-14,55.129581451416016,55.433260860891586,54.709100898122244,55.29310067646033,71078600
2008-01-15,54.11729049682617,54.63121294159369,53.78246385756111,54.41318145727533,95261600
2008-01-16,54.171810150146484,55.059489189649376,53.509945033429695,53.914848864829345,135714800
2008-01-17,52.855873107910156,54.58451346690754,52.700142204168465,54.491077300963795,123268100
2008-01-18,52.34192657470703,53.58000259465051,51.617766997141096,53.04272712408532,131880200
2008-01-22,51.96818923950195,53.050534963748014,49.9825936609744,50.200619283016394,150963700
2008-01-23,53.7435417175293,54.49106654200366,50.683383131266375,50.84690827088715,183099500
2008-01-24,53.70459747314453,54.68571834227462,53.16731600706727,54.101718815060345,113683300
2008-01-25,53.31529235839844,54.67795863507123,53.011612920571636,54.47550369626886,95436000
2008-01-28,54.4443244934082,54.483260169135555,52.723473371609906,53.19846009988343,81259000
2008-01-29,54.58450698852539,54.81032093067726,53.82141733370423,54.81032093067726,75340700
2008-01-30,53.899269104003906,55.596761462041265,53.80582703210013,54.2886021591432,126086600
2008-01-31,55.23858642578125,55.72135570525246,52.94930571866872,53.03495948259144,117643600
2008-02-01,56.538963317871094,56.74920061535025,55.285310037534394,55.54227135503879,100612100
2008-02-04,55.90045166015625,56.531169431316236,55.81479789607871,56.484451356638345,54583900
2008-02-05,54.46770477294922,55.72914630521242,54.35090958169995,55.04392210662322,125988100
2008-02-06,53.7435417175293,55.19186141122637,53.603381555534355,54.83367565073974,97259100
2008-02-07,54.592288970947266,54.91153903085393,53.31527684981707,53.44764868097954,125972100
2008-02-08,54.24966812133789,55.00497522171748,53.72796323742146,54.467693688302894,86493200
2008-02-11,54.27302551269531,54.662358567853104,53.51772437592001,54.24188409614354,80655800
2008-02-12,54.7012825012207,55.324217631982876,54.288590501909376,54.584481421609084,76564500
2008-02-13,55.939361572265625,56.02501530596968,55.05168282365089,55.3008557014945,86241400
2008-02-14,54.64680480957031,56.204137513244866,54.522215341715,56.14184277931721,78328200
2008-02-15,54.40542221069336,54.607871192528584,53.84478146552773,54.350915801621866,64549100
2008-02-19,55.0750846862793,55.29311035784628,54.21076438774306,55.19187990979447,50724600
2008-02-20,55.106204986572266,55.21522372130321,53.860340240558344,54.148448876504446,71204100
2008-02-21,54.05499267578125,55.86928589436794,53.91483255716189,55.48774121508474,85702100
2008-02-22,54.05499267578125,54.12507570546601,52.980435726866254,54.12507570546601,84228000
2008-02-25,55.106204986572266,55.28530082853913,53.751327446579104,54.0238594315272,76367400
2008-02-26,55.6201286315918,56.219699010288046,54.74802032182724,54.79474433498994,92917400
2008-02-27,55.59675598144531,56.25083259804154,55.059474517276705,55.16069896296411,85186500
2008-02-28,54.75580596923828,55.39431200421391,54.49106231752349,55.10620337668469,68720700
2008-02-29,53.61894607543945,54.27302272292286,53.02715819860876,54.195157304043974,98588500
2008-03-03,53.10504150390625,53.50995132365601,52.33416349808818,53.25299000813243,84853500
2008-03-04,52.79357147216797,53.284129046335046,51.99932861027643,52.6144756297409,90523200
2008-03-05,53.299705505371094,53.494372079080634,52.50546849856721,53.1128272580206,92841800
2008-03-06,51.52433776855469,53.089458394948466,51.337459555787916,52.87922114817976,104781300
2008-03-07,51.36080551147461,52.04602941097087,50.76901772419389,50.89360712814762,119085300
2008-03-10,50.22397232055664,51.438689750059716,49.912504637395045,51.407542387668364,82737100
2008-03-11,52.404239654541016,52.404239654541016,50.00594624039534,51.75794525786994,117570000
2008-03-12,51.796871185302734,52.98044709442713,51.781300475782004,52.326364420279134,92575100
2008-03-13,52.832515716552734,52.93374615382444,50.76904850338417,51.29854190969814,123504200
2008-03-14,51.500972747802734,53.2218240280026,50.88582584733752,53.2218240280026,176997100
2008-03-17,50.6600341796875,51.345264415077885,50.013745581425916,50.013745581425916,126969000
2008-03-18,52.98824691772461,53.08947140345311,50.85469686457808,51.86696548487404,161001200
2008-03-19,51.66450881958008,53.673469338351566,51.586643376219314,53.40871970202192,132792600
2008-03-20,52.54440689086914,53.027176216406005,51.6956574966709,51.74237557572216,103328000
2008-03-24,54.58783721923828,54.86861526348037,52.996763618683865,53.16835086243763,90751700
2008-03-25,54.7672119140625,54.93099807414708,54.03406876377367,54.548830367283074,50600
2008-03-26,54.31486892700195,54.80622760798515,54.08088520246521,54.54105160726659,63054100
2008-03-27,53.81571578979492,54.658050160700675,53.792318604567654,54.658050160700675,63938500
2008-03-28,53.18394470214844,54.13546948782625,53.0123574849998,53.90148583708694,228800
2008-03-31,53.26193618774414,53.98727834977056,52.88756354425092,53.199539755420055,64266300
2008-04-01,55.21177291870117,55.23517009017958,53.92487493333394,54.17445467985451,65928500
2008-04-02,55.34437942504883,55.78114264037834,54.88421903039131,55.29758506639281,58947900
2008-04-03,55.51598358154297,55.74216630135223,54.86863365420486,54.931030118384164,57228200
2008-04-04,55.5003776550293,56.06972892652943,55.09480665982743,55.51597379309708,159400
2008-04-07,55.40678405761719,56.04633283904896,55.20399855605489,55.89034765351083,40283000
2008-04-08,55.3521842956543,55.593963099364935,54.884222825379254,54.97001645581585,49572900
2008-04-09,54.44744873046875,55.64855349805842,54.166670683476234,55.445768030685514,71772700
2008-04-10,55.02460861206055,55.289784581057184,54.15107622213426,54.353861695777475,56065900
2008-04-11,53.61290740966797,54.42404320429861,53.36332762289327,54.37724885379445,79545300
2008-04-14,53.449119567871094,54.026271691103524,53.21514187218561,53.53491317475783,57846400
2008-04-15,53.79229736328125,53.87809097553941,53.246337471597364,53.714304793169745,45940300
2008-04-16,55.531558990478516,55.59395543136305,54.34605636593304,54.34605636593304,72389400
2008-04-17,55.31317138671875,55.48475860527804,54.712622072212696,55.2507749526151,48815600
2008-04-18,55.89813232421875,56.36609374402639,55.74214716776697,56.16331423072953,70736400
2008-04-21,55.90592956542969,56.022921400038925,55.55496001205387,55.64854871937975,40019000
2008-04-22,54.884212493896484,55.578356500069276,54.21346566426518,55.57055545773817,68800
2008-04-23,55.02460861206055,55.3911743426525,54.5566412189681,55.00900652538275,48056900
2008-04-24,55.554954528808594,56.108709477488304,54.314850725071324,54.985597496813234,230600
2008-04-25,56.07753372192383,56.36610692388073,55.22739835425678,56.00733621978993,56252000
2008-04-28,56.45189666748047,56.701476529201024,55.835745082196205,56.10092703240426,35470700
2008-04-29,55.95270538330078,56.45186482518552,55.60173594619273,56.3192769000958,40940300
2008-04-30,55.68754577636719,56.67026881754559,55.45356211641225,56.132109969920236,62315700
2008-05-01,56.64685821533203,56.8262464576833,55.55495048084911,55.7343327727495,55323500
2008-05-02,56.58446502685547,57.32540323267581,56.342680368275204,57.25521171758677,58836700
2008-05-05,56.36609649658203,56.701469954737895,56.061921261330504,56.405095762825596,39901300
2008-05-06,56.82625198364258,56.99003815974209,55.89812436862724,56.046314411482186,60503800
2008-05-07,55.81231689453125,57.10701579889985,55.640729719210114,56.85743607582819,57431100
2008-05-08,55.929344177246094,56.132129690420115,55.523779101351806,55.93714522210572,60442700
2008-05-09,55.76552963256836,56.24909301070534,55.4067591070283,55.523750918725234,51712800
2008-05-12,56.99005889892578,57.14604408994166,56.007335534255596,56.11652635805744,48246600
2008-05-13,57.31759262084961,57.43458441024618,56.71704349593991,57.16940857470023,52328700
2008-05-14,57.24739074707031,57.98832869494448,56.62343861695107,57.44237504392652,60659500
2008-05-15,57.36440658569336,57.94155868043832,57.01343113381187,57.30201015640985,46599700
2008-05-16,57.676395416259766,58.12095970486736,57.00564846145491,58.074165343051696,64245200
2008-05-19,57.691986083984375,58.29253542673697,57.3020172781718,57.738780436537326,102762700
2008-05-20,57.48139572143555,57.50479884658603,56.77945667865613,57.27861624040882,82109000
2008-05-21,56.6624755859375,57.89477859072109,56.350499313144475,57.41901611356353,100026600
2008-05-22,57.068050384521484,57.3722256664041,56.69368355318295,56.77167614717402,60034900
2008-05-23,56.319297790527344,57.083639316557466,55.944931045475464,56.8184574175646,64498000
2008-05-27,57.1850471496582,57.263039750330734,56.42850642718122,56.45190361233758,62334000
2008-05-28,57.45021057128906,57.5282031467635,56.87305242178363,57.43460848592292,54387400
2008-05-29,58.03519058227539,58.51094729725212,57.30204694365204,57.33324517832269,69851700
2008-05-30,58.237945556640625,58.34713635659031,57.8323805783207,58.09755653521213,41633900
2008-06-02,57.70758056640625,58.20674014752408,57.1070312408416,58.1599457963104,69923200
2008-06-03,57.590606689453125,58.222360380019225,56.982256132240416,57.91038405696174,87672400
2008-06-04,57.9493522644043,58.456306823354275,57.20060711025768,57.38779637401945,85092200
2008-06-05,59.43125915527344,59.454662288116985,57.910382795374225,58.05077184016902,106082100
2008-06-06,57.65301513671875,59.13489851665239,57.63741899502572,59.08030309504479,123993000
2008-06-09,57.46578598022461,58.01954080196007,56.763841153218415,57.80896032908318,98998100
2008-06-10,57.044620513916016,57.43458921086674,56.350476709379734,56.94323079487086,98697900
2008-06-11,56.054115295410156,57.107029824770045,55.9761167780527,56.974441865984666,97453600
2008-06-12,56.171119689941406,57.0134539713242,55.866944413406515,56.373905191115796,98505200
2008-06-13,57.1850471496582,57.20844433481456,56.397308196821406,56.67029122485628,84102300
2008-06-16,57.54378890991211,57.78556763543999,56.89643934429442,56.974437856162396,67157700
2008-06-17,57.49702835083008,57.918195570518485,57.36444032346183,57.85579910453772,52324000
2008-06-18,57.03683090209961,57.317608896198536,56.53767134602402,57.16162376634414,88091900
2008-06-19,57.51258850097656,57.559388796401976,56.71705488415396,57.021230027390615,105967200
2008-06-20,56.600067138671875,57.2864100329086,56.03851115681855,57.2864100329086,121586400
2008-06-23,56.0697135925293,56.92764376250882,56.04631641659966,56.87304836852244,73028000
2008-06-24,55.14159393310547,56.06972171579074,55.07140239514735,55.72654721789988,112302100
2008-06-25,55.76552963256836,56.23349092890536,55.266370123082126,55.34436268072984,116515200
2008-06-26,54.330440521240234,55.33655450086324,54.2914412722223,55.22736374415299,114823500
2008-06-27,54.385074615478516,54.7906397219106,53.81571730692999,54.369472524584474,118012300
2008-06-30,53.854705810546875,54.759430536430415,53.753310091381536,54.48645350493336,115067900
2008-07-01,53.893699645996094,54.01849254756485,52.73939505875041,53.222952676196684,150735900
2008-07-02,52.36479187011719,54.1575175752773,52.333477179800006,53.95397507454884,148254900
2008-07-03,52.08295822143555,52.44306814985995,51.51148162926891,52.37261458616774,166200
2008-07-07,51.42536544799805,52.48221066501324,50.83822855269345,52.23952932620693,125544000
2008-07-08,53.28855514526367,53.34335436099036,51.080920211798365,51.50365957854703,131778100
2008-07-09,51.86375045776367,53.66430569291027,51.668038191885316,53.312020030730615,131076400
2008-07-10,52.372615814208984,52.80317931642151,51.636735610840915,51.722849505816576,131228600
2008-07-11,52.66224670410156,53.06150134447705,51.409689567560726,51.86374339601414,131381400
2008-07-14,51.793304443359375,53.15546033968112,51.55844730107466,53.06151628823419,113936200
2008-07-15,51.5741081237793,52.67009830409748,50.50943263120347,51.315772402070415,143442400
2008-07-16,53.46860122680664,53.61733850915959,51.50364811840285,51.91072706284047,112222900
2008-07-17,53.54689025878906,54.439337932046726,53.296378735991574,53.79740178158655,115518700
2008-07-18,53.92265701293945,54.68202178082222,53.64866095562766,54.61156821151323,99585800
2008-07-21,54.58024215698242,54.60372667519484,54.00093547463835,54.30624615672947,70224400
2008-07-22,55.950260162353516,56.04419828898262,54.03227511720952,54.16536408438121,136363600
2008-07-23,56.31035614013672,56.748749881666456,55.72321910515934,55.879786592086596,118339100
2008-07-24,54.885562896728516,56.31034833179743,54.68985057887473,56.26337928676563,112118900
2008-07-25,55.331787109375,55.90326970926996,54.96384699374391,55.33961727448753,112551100
2008-07-28,54.39236068725586,55.45703001912585,54.188818239212885,55.30046258073275,82119100
2008-07-29,55.723228454589844,55.89545630270686,54.4941549607258,54.548954187611415,122965400
2008-07-30,56.059844970703125,56.41995497129534,55.300480111178885,56.04418463830047,153225200
2008-07-31,55.83280563354492,56.37297350178038,55.3787516565547,55.441381027035874,95287500
2008-08-01,55.903282165527344,56.177278278857294,55.04997315810856,55.92676669343172,107406700
2008-08-04,55.386592864990234,55.96589972578975,54.65071254676741,55.9189306748961,104200100
2008-08-05,56.33383560180664,56.34166576724915,55.38658865391546,55.57447081587195,93469200
2008-08-06,56.61566162109375,56.88183349115563,55.73886824743833,56.130292900784575,79587900
2008-08-07,55.77016067504883,56.63129337414512,55.558794074584696,56.14593082024087,89727900
2008-08-08,57.24195098876953,57.43766334119913,55.566653729785514,55.77019027599206,112771400
2008-08-11,58.611915588378906,59.183392099568835,57.24975382335475,57.35935222201213,174577700
2008-08-12,58.17353820800781,58.627592302855135,57.97782585395297,58.431879948800294,128837600
2008-08-13,58.38490295410156,58.67455337620022,57.56290878980451,58.12656124844635,151007500
2008-08-14,58.94856262207031,59.21472855305499,57.97782505894897,58.06393897136566,118194800
2008-08-15,58.79196548461914,59.7078974867936,58.3066028711581,59.29298842457771,98174800
2008-08-18,58.03261947631836,59.04249584254808,57.58639559102304,58.925067246908995,97838400
2008-08-19,57.069725036621094,57.79777525046799,56.70961501304815,57.641201779783756,105131600
2008-08-20,57.14798355102539,57.78991956570567,56.58433125078621,57.28106646284171,101308300
2008-08-21,56.49040985107422,57.108855558508026,56.404295947980124,56.78789044279341,83526000
2008-08-22,57.680328369140625,57.782096613347704,56.85051014171209,56.95227838591917,77915300
2008-08-25,56.41212463378906,57.6803427845454,55.339624801470556,57.32023278504672,88256100
2008-08-26,56.49822998046875,56.81920104576466,55.9424077194434,56.5060601454595,53866300
2008-08-27,57.17148208618164,57.547252369365815,56.45126218046685,56.521715748939236,62031400
2008-08-28,58.33008575439453,58.43968414614905,57.171466505278296,57.437638294299546,75512600
2008-08-29,57.82908630371094,58.33793362656311,57.5629144066394,58.063937535950366,83919800
2008-09-02,57.813419342041016,59.10512187557692,57.14799863466378,58.721527392704466,112584000
2008-09-03,58.048282623291016,58.478846197962255,57.45331542315126,57.656857933953475,96282200
2008-09-04,56.224246978759766,57.680347426287156,55.958081033971915,57.55508864803361,126675300
2008-09-05,56.083309173583984,56.45124920704613,54.90903552091654,56.00502545793909,122285000
2008-09-08,56.74093246459961,58.20485715746894,56.083335801103274,57.94651539778583,148091600
2008-09-09,55.43355941772461,57.8134221093082,55.23784708426543,57.335883537854485,132381100
2008-09-10,55.950260162353516,56.506082644692725,55.13609588644771,56.02854392543386,126869000
2008-09-11,56.302494049072266,56.365123397397475,54.72114182617273,55.206504344034634,144283600
2008-09-12,56.56085205078125,56.670450455834604,55.6136052798686,55.83280208997532,117705200
2008-09-15,54.02442932128906,55.96589214917083,53.852201527772834,54.91687700344963,168634300
2008-09-16,55.58229064941406,55.58229064941406,53.02237651085737,53.0771757134361,252238200
2008-09-17,53.07718276977539,54.85424798050754,52.80318074778943,54.76030391816956,266078500
2008-09-18,56.208560943603516,56.48255690079898,52.57614203850499,54.32972213721988,355117000
2008-09-19,58.713687896728516,67.36417363591259,57.891693877108246,61.782455217357885,138448700
2008-09-22,56.325984954833984,58.99550299673286,54.97165948639249,58.87024428586489,98340700
2008-09-23,55.57445526123047,56.8505031012274,55.43354218603646,56.36513451496705,92894300
2008-09-24,54.868404388427734,55.72351387887123,54.052516644567625,55.56661492191456,91760200
2008-09-25,55.150840759277344,55.903966710037594,54.82919003810929,54.85272428886539,115328200
2008-09-26,55.40971755981445,55.45679204159058,53.96622780534361,54.1388202727939,94646800
2008-09-29,51.03217315673828,55.174368380896134,51.03217315673828,54.31141204008196,150003200
2008-09-30,53.34646987915039,53.652427095220496,51.03217688881234,51.67547231558959,107271100
2008-10-01,52.5776481628418,52.83653686823361,52.00496149549775,52.711018880515205,69571300
2008-10-02,49.87894821166992,52.58549451799199,49.753424239568794,52.271690573051586,116143300
2008-10-03,49.188575744628906,51.49502460235298,48.4276032097587,50.49085688078427,118870500
2008-10-06,46.85076141357422,47.635268454028406,44.23050777875096,47.509747447262015,172301800
2008-10-07,43.77548599243164,47.40775390772595,43.64212125112064,47.22731767336943,152283000
2008-10-08,42.7242317199707,44.67765460800492,41.97894979906912,42.21430418973149,173741000
2008-10-09,39.21750259399414,43.877472662601384,38.79386813521445,43.65781168071107,154548100
2008-10-10,41.14737319946289,42.88897587702296,36.487401918109455,37.38958573654567,205089400
2008-10-13,44.701210021972656,45.01501402971345,41.14739414869366,42.787013954192865,128725200
2008-10-14,43.445980072021484,46.16821617248438,42.25352957863417,46.08976670281835,131474600
2008-10-15,39.54698181152344,43.03019041031623,39.26455892652433,42.716389532382614,109147700
2008-10-16,42.1358642578125,42.26923198502204,37.883838359150836,40.025541805368455,207587400
2008-10-17,40.95125961303711,43.500906965472815,39.79018979320052,40.44132894548747,131845100
2008-10-20,42.9046745300293,42.92036502467822,41.15522477752852,41.7749858492096,82673400
2008-10-21,41.72007751464844,42.82623213277751,41.4376545495676,42.324148191592165,83005200
2008-10-22,39.60974884033203,41.15522516978275,38.6840305958135,40.60606982245985,91861700
2008-10-23,38.43300247192383,39.96278885617245,36.62079007249328,39.758818335824955,133202600
2008-10-24,37.00518798828125,37.813232107398136,35.21651326459895,35.26358475462184,105748800
2008-10-27,35.19296646118164,37.39742808601658,35.06744552522184,36.18144345778317,99416400
2008-10-28,38.00934982299805,38.20547649598291,34.581056417166145,35.875490663272934,114981800
2008-10-29,38.205474853515625,39.79802241203876,37.51510815634446,38.05641667315565,94984800
2008-10-30,40.347190856933594,40.38641560413197,38.848782769767105,39.5469934449299,77436600
2008-10-31,42.167240142822266,42.43397257226915,39.60190256943325,40.24519790057174,113060500
2008-11-03,42.22215270996094,42.83406701244695,41.87697082006088,41.95542029737498,54872700
2008-11-04,42.708560943603516,43.312631706031276,41.884829173986304,43.092970698841825,79680500
2008-11-05,40.47271728515625,42.70856109529517,40.25305627718661,42.30846383182807,73881200
2008-11-06,38.90370559692383,40.55901598816937,38.86448084208033,40.049085197233,85233800
2008-11-07,39.711734771728516,40.064763442649145,38.684032742961406,39.280256615117096,62313000
2008-11-10,38.793861389160156,40.66883213964974,38.3859174989772,40.59038265766129,50459600
2008-11-11,37.954429626464844,39.14688000126252,37.664160033726006,38.36237341199998,73187400
2008-11-12,35.74211883544922,37.954427026190984,35.55383595015729,37.35035663472534,75376800
2008-11-13,38.68403244018555,38.79386291635543,33.92207627374984,35.851962336136204,142362300
2008-11-14,35.80488204956055,38.68402293262943,35.69505160038421,37.836754337288625,98697500
2008-11-17,35.498958587646484,36.542354829018954,35.216535454864214,35.577408127793504,84029400
2008-11-18,35.32635498046875,36.07948409700668,33.81225598554718,35.56170951275652,98246400
2008-11-19,32.44720458984375,35.420486342432326,32.35306460348085,35.13021664610775,96005900
2008-11-20,30.227041244506836,32.8943651378403,30.156435524016967,32.164773690330136,140070900
2008-11-21,31.882360458374023,32.0471061918297,29.12089576611203,30.82327732312312,160636700
2008-11-24,34.12605667114258,34.54969119633235,31.95297178376938,32.32169105487791,97052300
2008-11-25,34.69088363647461,34.847782566090004,33.467052233949865,34.69088363647461,80072400
2008-11-26,36.76984405517578,36.895365061624815,33.89070466046376,33.94561991374416,88144900
2008-11-28,37.1385612487793,37.8603062474276,36.21284275562138,36.31482950287619,24156600
2008-12-01,32.96498489379883,36.33836443565596,32.55704088979583,36.18146243524608,89163400
2008-12-02,34.698753356933594,34.777205873116046,32.917921640468116,33.50630204487778,81228000
2008-12-03,35.74996566772461,36.00100754133137,33.749474428134086,33.851461124491586,102868600
2008-12-04,34.565372467041016,36.44034333686213,33.93776460056598,35.16159634900498,101436300
2008-12-05,36.165771484375,36.29913923048804,33.21602648265793,34.02406773459305,113947900
2008-12-08,37.76616287231445,38.103501089312964,36.84829120698577,37.05226169061778,99336100
2008-12-09,36.597251892089844,38.762489844737324,36.3069821541582,37.41313687861032,81950900
2008-12-10,37.460208892822266,38.00151764030455,36.68354565345869,37.02088389965475,74636500
2008-12-11,35.56169891357422,37.5857251423238,35.13806447290931,37.06795071239658,73178000
2008-12-12,36.7855224609375,36.87181868562241,34.53398883871654,34.643819309167924,97291600
2008-12-15,35.60091018676758,37.23268235129104,35.00468349754648,37.07578043346153,78607200
2008-12-16,37.91521453857422,38.0328887612988,36.16576176604092,36.29128273254069,109318300
2008-12-17,38.260406494140625,38.84093999438403,37.318997501883096,37.6092642520048,79576900
2008-12-18,38.01720428466797,38.95861317877264,37.12286688269827,38.28393675478669,87888400
2008-12-19,38.205474853515625,39.2331766604755,37.82106527422276,38.44082625244851,88221200
2008-12-22,37.468040466308594,38.39375865597295,36.181449895630855,38.378068162104235,75338900
2008-12-23,36.923404693603516,37.9431269542055,36.630927267657185,37.729696503234244,64575300
2008-12-24,37.057804107666016,37.239614640662005,36.48865599362632,36.93923057875771,19412400
2008-12-26,37.587425231933594,37.68228224460448,36.93923011702408,37.42932820051541,25104700
2008-12-29,37.01036071777344,37.61112862446946,36.2910223404696,37.43722164903919,41442100
2008-12-30,38.037994384765625,38.10123439449083,36.970844851974704,37.21589536648542,38835200
2008-12-31,38.9233283996582,39.77704724670777,38.05379653798939,38.117036534670326,75369500
2009-01-02,39.697998046875,40.093238957686744,38.90751622525152,39.31856713434959,51588500
2009-01-05,39.84028244018555,40.156473339122755,39.041894163313145,39.91142592014993,59247000
2009-01-06,40.51219940185547,41.03391736133944,39.82448095877417,40.17229192661372,77980800
2009-01-07,39.31857681274414,40.591250325853615,38.757332289498194,39.73753131638796,77662100
2009-01-08,39.50828170776367,39.64266518759852,38.867990336560005,39.033993813467625,59214100
2009-01-09,38.045894622802734,39.67428540398245,37.87989113236037,39.6110484201299,82725900
2009-01-12,36.91550827026367,38.03008771732696,36.757411274594894,37.90361072388181,53721400
2009-01-13,37.405582427978516,37.63482277497568,36.6862444203423,36.86015130640187,62644600
2009-01-14,35.76138687133789,36.89177272066023,35.66652691362516,36.61510538261767,74519500
2009-01-15,36.33845138549805,36.7732157972289,34.63101072063857,35.81673348833123,100622800
2009-01-16,36.741607666015625,37.17637221816076,35.54798102116808,37.136848716229366,80512600
2009-01-20,34.25159454345703,36.559801077588105,34.23578453789378,36.26732351329346,85180200
2009-01-21,35.95901107788086,36.11710499329145,34.02233045961965,34.78119210920382,66088100
2009-01-22,34.91557312011719,35.83253473123312,34.28318840163051,35.192243507575746,69790800
2009-01-23,35.0894889831543,35.579586887841614,33.88005271263034,34.02233968745068,76444000
2009-01-26,35.48473358154297,36.259405516029766,34.9234921313713,35.06577912091472,62967900
2009-01-27,35.872066497802734,36.219877419458626,35.35034860759445,35.62701604351972,54932300
2009-01-28,37.35026931762695,37.5399862981014,35.9590225174611,36.55978742730681,71034500
2009-01-29,35.88789367675781,37.33447455852886,35.769320138626426,36.82856642467559,66434400
2009-01-30,35.16064453125,36.370081216630844,34.86816698954973,36.172460685532016,58185500
2009-02-02,35.44521713256836,35.68236115712301,34.49663801889987,34.51244802259683,62907300
2009-02-03,35.69817352294922,36.030177591654166,35.13693192409451,35.79303053595775,57452200
2009-02-04,35.43730545043945,36.45702482195707,35.20015846522918,35.73768640492722,65080500
2009-02-05,35.84834671020508,36.370064552648074,34.93929449292867,35.12900842720869,71623700
2009-02-06,37.121028900146484,37.28702937364929,35.73768559005822,35.903686063561025,53776100
2009-02-09,36.95502471923828,37.2633121435152,36.5360703237285,36.986644715433044,55265000
2009-02-10,35.24759292602539,37.231701443174046,35.13692592716166,36.67045994010824,83914300
2009-02-11,35.381961822509766,35.72186921643113,34.852340497136076,35.4768218036845,58417600
2009-02-12,35.68235778808594,35.737691288075915,34.362254266254254,34.86025576616403,79209300
2009-02-13,35.310829162597656,36.12502766549449,35.239688678094026,35.63492967440042,58901500
2009-02-17,33.91167449951172,34.48081941336993,33.85634100810119,33.99072148282702,81542900
2009-02-18,33.42949295043945,34.259498657069614,33.3030159191001,34.188355138475586,78276200
2009-02-19,32.96309280395508,33.990718576431846,32.90775931727586,33.816811609469255,64544300
2009-02-20,32.52043533325195,32.915676410253944,31.769476683858144,32.33072130494306,83388200
2009-02-23,31.271467208862305,32.76547762055214,31.20032371233187,32.710144124967286,78804200
2009-02-24,32.42557144165039,32.70223893069071,31.30308545300938,31.65089945688803,81463900
2009-02-25,31.753673553466797,32.60739591203461,31.21614834658614,32.283298279345146,104493600
2009-02-26,31.160799026489258,32.212141535048964,30.994798530016524,32.085664535529325,68400200
2009-02-27,30.947364807128906,31.524416180362987,30.544217385744865,30.60745737947133,87450900
2009-03-02,29.200397491455078,30.370310229059385,29.105540516905773,30.243833257844024,83622800
2009-03-03,28.647064208984375,29.61935654429081,28.47315723316649,29.587736545878645,67796200
2009-03-04,29.239925384521484,29.761643292508495,28.631253989295143,29.08182840912715,80120300
2009-03-05,27.682674407958984,29.002777633787236,27.603624414663063,28.654966709631935,97980100
2009-03-06,27.824968338012695,28.36249636503695,27.12934330031372,27.98306534868742,76036000
2009-03-09,27.18467903137207,28.172781659819442,27.08191551368757,27.453443066927754,75737000
2009-03-10,28.95535659790039,29.09764359959618,27.74591708348619,27.864490590049193,76181500
2009-03-11,28.994863510131836,29.88020200226129,28.741909655237706,29.3110573364734,82274800
2009-03-12,30.797189712524414,30.979000279837003,28.512696345902267,28.876317480527447,86839000
2009-03-13,31.12127685546875,31.350517369192932,30.639082331928105,31.08965986582893,72449700
2009-03-16,30.56002426147461,31.777366877278038,30.48097729284262,31.469079477985293,78042300
2009-03-17,31.974992752075195,31.974992752075195,30.3782189874784,30.615362949152384,64727100
2009-03-18,33.0816535949707,33.34251396913315,31.548120383895636,31.824787736387947,111491000
2009-03-19,32.733856201171875,33.59548161497388,32.528332228677925,33.55595812204611,64512500
2009-03-20,31.603469848632812,33.13700383581597,31.579756353688847,33.0421468405906,68436500
2009-03-23,34.29110336303711,34.401770339131886,32.35442223503162,32.67851967164446,94771600
2009-03-24,32.95956802368164,34.18881017003498,32.91991261147411,33.86365575680237,70562700
2009-03-25,33.8874397277832,34.32362194626868,32.3647665959177,33.26885414612317,95016000
2009-03-26,35.19599914550781,35.267374657390235,33.998477004512075,34.355354563924166,111103100
2009-03-27,34.01432418823242,34.89462078760114,33.96674255061173,34.593257306447406,78132900
2009-03-30,33.03886795043945,33.15782811904314,32.34097454688221,33.03093868433116,59094200
2009-03-31,33.3481559753418,34.34741277749757,32.99921083625377,33.44332228140538,66094400
2009-04-01,33.92708206176758,34.101556107617625,32.602674241816246,32.785077550985974,66464100
2009-04-02,35.624229431152344,36.1397192893981,34.75186523673218,34.9897824692757,92895500
2009-04-03,36.18731689453125,36.19524616083118,35.18013065860088,35.57666052981995,50763600
2009-04-06,35.5687141418457,35.774911287319114,34.918405652795634,35.679745003021495,63427300
2009-04-07,34.30774688720703,35.25941873271632,34.19671905986587,34.95805835144214,48410400
2009-04-08,34.942195892333984,35.07701452909023,34.25223208274667,34.50601083157834,60265100
2009-04-09,36.988304138183594,37.043818075482505,35.76699146704215,35.90974245589155,66699400
2009-04-13,37.00415802001953,37.27379838466456,36.21902774419718,36.68693299386701,58557300
2009-04-14,35.93354034423828,36.90107123542954,35.870094108601855,36.44902739501061,56579200
2009-04-15,36.480735778808594,36.59969590993917,35.60043927923138,35.69560556896676,48436100
2009-04-16,37.53550720214844,37.82100607798339,36.29040101665965,36.901057188430215,66307000
2009-04-17,37.86860275268555,38.280994182345594,37.21036171343504,37.61482387678442,51981400
2009-04-20,35.92558288574219,37.27378419575106,35.846278172033806,37.09138093399706,53370100
2009-04-21,37.17070770263672,37.321390983482594,35.6480345139477,35.73527156595684,60408100
2009-04-22,37.16278076171875,38.1937578425558,36.504539710127794,36.63142915045724,72784100
2009-04-23,37.075538635253906,37.44034534816401,36.4252299643159,37.3531083026241,70030200
2009-04-24,37.765499114990234,38.288918355065995,37.01209185382359,37.36896929598489,60773000
2009-04-27,37.36103057861328,37.90031123804839,36.96450085992757,37.1469041674892,49385100
2009-04-28,37.416568756103516,38.058948405960294,36.78212139992106,36.90901087115755,51197500
2009-04-29,38.83613586425781,39.311970491140826,37.773435707288485,37.916186700409945,79875900
2009-04-30,38.479244232177734,39.84330743140817,38.42373031363061,39.4547069762966,67809000
2009-05-01,38.71717071533203,39.0978389729358,38.392016389548665,38.58235203099174,64532300
2009-05-04,40.12882614135742,40.20813393943536,38.91544557095495,39.08198740899388,47528900
2009-05-05,39.93054962158203,40.13674681159395,39.359548767178744,39.95434346675712,58364200
2009-05-06,40.04158401489258,40.620517210170235,39.25645361153751,40.390529180115635,87550000
2009-05-07,39.097835540771484,40.76326242503281,38.77268124353146,40.644302281413395,67577300
2009-05-08,40.4539680480957,40.572928195806774,39.36747726511138,39.77193934710323,63463900
2009-05-11,39.859169006347656,40.17639401540567,39.486433099778665,39.69262723796905,40051600
2009-05-12,39.296112060546875,40.303298358703266,38.629941714730165,40.08124258519204,49453100
2009-05-13,37.4958610534668,38.709244432422565,37.440347117369505,38.62200738276036,68822200
2009-05-14,38.019290924072266,38.66167053905398,37.32140038280215,37.58310857945758,72813500
2009-05-15,37.87652587890625,38.399945103762214,37.49585762676395,37.97169521090359,53885500
2009-05-18,39.14542007446289,39.31196185475636,38.15409563183683,38.30477585801443,55512900
2009-05-19,39.161293029785156,39.62126613193102,38.7013169023563,39.1533607377768,55704100
2009-05-20,38.79646682739258,40.200182416402754,38.74095290793582,39.518153830893816,48021100
2009-05-21,38.29684066772461,38.62199491358183,37.63067062434863,38.28097911606308,49312200
2009-05-22,37.90031814575195,38.59027913493837,37.55136999352904,38.49511283218767,38440200
2009-05-26,39.70848083496094,39.77985629643411,37.52756765417994,37.567220016046974,73480700
2009-05-27,38.939231872558594,39.946418101478336,38.86785637522467,39.46265117791314,48207700
2009-05-28,38.986820220947266,39.45472563084703,38.14617573146952,39.30404535573063,58832400
2009-05-29,39.787811279296875,39.867119079580306,38.923378945831864,39.16922556350237,51665800
2009-06-01,41.34218978881836,41.53252236180079,40.525336501816874,40.731533652043154,70173300
2009-06-02,41.857696533203125,42.03217066253444,40.98533193711283,41.20738771969222,56794100
2009-06-03,41.580101013183594,41.64354418658879,41.032891163278535,41.484934740435165,44068400
2009-06-04,42.174922943115234,42.23836615778456,41.31048758810257,41.83390696657829,42972900
2009-06-05,42.19076919555664,42.658674456951296,41.77837786133745,42.579366685784834,50619300
2009-06-08,41.69113540649414,42.25420689481585,41.27081486243452,41.873538718544204,46325400
2009-06-09,41.8814811706543,42.2462878832821,41.68321625831974,41.90527199204406,35033700
2009-06-10,41.714942932128906,42.35732243863032,40.92981544946569,42.33353161348384,65032200
2009-06-11,41.73078918457031,42.3969592718793,41.69906910443701,41.7545830262726,62963200
2009-06-12,41.857696533203125,41.889419652223935,41.151873774047374,41.46116662129242,44094300
2009-06-15,40.73155212402344,41.310485419423735,40.2874375435199,41.26290074195737,45942200
2009-06-16,40.049522399902344,41.11222271924771,39.90677138496914,41.04084721178111,53065700
2009-06-17,40.263641357421875,40.73947596760884,39.652985025002906,40.04951487525294,71985300
2009-06-18,40.446041107177734,40.699819946611946,39.89089876143451,40.26363775541455,34317000
2009-06-19,40.69188690185547,41.175650689711844,40.5332743856209,41.01704119875939,38711500
2009-06-22,39.24850845336914,40.46981754975561,39.177132991056574,40.438097475057724,54877300
2009-06-23,38.93129348754883,39.6053928959236,38.87577956099006,39.446783405916904,40810600
2009-06-24,39.35160827636719,39.85123656697227,39.12162333967235,39.31195590971509,39962500
2009-06-25,40.48569107055664,40.50948491521708,38.93129501534716,38.97887967938582,42339200
2009-06-26,40.62843322753906,40.89014428507903,40.105014137740675,40.27948817610066,60379100
2009-06-29,40.62843322753906,40.906005836319174,39.97019549012183,40.70774098373976,49196600
2009-06-30,40.50948715209961,40.929807785829546,40.26363757891438,40.636376571260485,44575900
2009-07-01,41.13599395751953,41.437357403899526,40.6918825894667,40.723602669126336,46382900
2009-07-02,39.72019577026367,40.49215807243788,39.545110785636524,40.49215807243788,51688200
2009-07-06,39.37002944946289,39.58490565142821,38.71744381499419,39.37002944946289,47241700
2009-07-07,38.518497467041016,39.393916622069916,38.47870320336836,39.29045700109796,40473600
2009-07-08,38.25587463378906,38.820918031711436,37.61920580261762,38.69358426547715,65594900
2009-07-09,38.096710205078125,38.53441987741642,38.033044833986594,38.430963269908084,41678300
2009-07-10,38.27973556518555,38.41502935283288,37.66694411367394,37.87386027399436,39883000
2009-07-13,39.202903747558594,39.2267809064016,37.73856449998976,38.43094442480713,44825200
2009-07-14,39.43370819091797,39.569002009647726,38.95620738147717,39.19495778619757,32721400
2009-07-15,40.953758239746094,41.081091997730724,39.998753536923196,40.15792149337306,57645800
2009-07-16,41.463096618652344,41.677972921823375,40.699094009073015,40.81051067681877,38353400
2009-07-17,41.30392074584961,41.59837943774381,41.16862694522209,41.582462341442,35682600
2009-07-20,41.81325912475586,41.97242706499594,41.40738072534987,41.58246576320155,42596800
2009-07-21,41.74163818359375,42.23505611900844,41.216386049539075,42.21118198796659,40423000
2009-07-22,42.067935943603516,42.34647762388495,41.4949324460227,41.55860085058796,47552200
2009-07-23,43.3969841003418,43.62777752418106,41.99631252715257,42.08385506970379,64531400
2009-07-24,43.619789123535156,43.667537359043536,42.94332644037882,43.11045133640731,31293500
2009-07-27,43.84263610839844,43.9460957109995,43.30942403580114,43.61184277793281,32672800
2009-07-28,43.86651611328125,44.02568405341481,43.24576448622391,43.58001442821603,56192800
2009-07-29,43.643680572509766,43.87447392203191,43.40493019253463,43.62776347572798,47421300
2009-07-30,44.407691955566406,44.91702701176444,44.0734419633901,44.256484059468995,67822300
2009-07-31,44.224639892578125,44.78968315346171,44.20076576591073,44.232599958717735,40477300
2009-08-03,44.996604919433594,45.028439114043685,44.264433622781006,44.75785453160971,32392400
2009-08-04,45.45023727416992,45.61736226304465,44.694191754562375,44.73398298488356,41223700
2009-08-05,44.996604919433594,45.497979823100984,44.566852399825066,45.497979823100984,54105900
2009-08-06,44.367897033691406,45.330858733973805,44.25648037889855,45.18760788184695,52403600
2009-08-07,45.434322357177734,46.03119994829364,44.79765353382939,45.06027809526465,49363300
2009-08-10,45.513893127441406,45.800394783304405,45.13189193158262,45.30697695147126,44780600
2009-08-11,44.78173828125,45.39453299771526,44.550944874553366,45.338824663116284,36077000
2009-08-12,45.458194732666016,46.03119816947473,44.77377463556145,44.80560883446778,53618600
2009-08-13,45.83222198486328,45.9834298197838,45.14780214155166,45.83222198486328,43539700
2009-08-14,44.89313888549805,45.80039205102377,44.423595207706164,45.760600831388956,60224900
2009-08-17,43.627777099609375,44.06548677222906,43.51636042322001,43.97794423052977,48853300
2009-08-18,44.2087516784668,44.47933642235228,43.70737343976299,43.93020989911896,39358200
2009-08-19,44.749881744384766,44.78171592994564,43.62775250830149,43.7152950006564,37740100
2009-08-20,45.235374450683594,45.33883410901215,44.45545456793285,44.65441381463081,40013900
2009-08-21,46.277896881103516,46.46889595418641,45.6571423038953,45.71285061986744,38321700
2009-08-24,46.261985778808594,46.7713207541799,46.03119241938224,46.476862040770094,33986500
2009-08-25,46.460941314697266,47.01006747290586,46.31769048457751,46.47685841091898,30197300
2009-08-26,46.564414978027344,46.771334268984724,46.182413636117715,46.397289960168784,34163900
2009-08-27,46.492774963378906,46.63602580117722,45.54573045649084,46.50869206045381,45253800
2009-08-28,46.198333740234375,47.097630332098596,45.88795781950631,46.970296543187665,39328800
2009-08-31,45.52186965942383,45.85611968825097,45.30699333980206,45.72878591023919,35360500
2009-09-01,44.503177642822266,46.2619786949212,44.32809566927035,45.25126592973893,77077500
2009-09-02,44.28034210205078,44.614595008651165,44.14505135510262,44.28830216709203,43436100
2009-09-03,44.773773193359375,44.81356745864863,43.93814523218051,44.50318858312395,43089000
2009-09-04,45.40249252319336,45.45024382799017,44.46340477999308,44.71807233382264,37229900
2009-09-08,45.90386199951172,45.93569619674657,45.3626927900238,45.88794490089429,41062500
2009-09-09,46.69172286987305,46.97822447642019,45.77651277770872,45.90384648774354,37219700
2009-09-10,47.272701263427734,47.400035014178755,46.31769661485701,46.69173780000785,39171200
2009-09-11,47.28861618041992,47.74224590128621,47.03394867431585,47.423910000718045,31718400
2009-09-14,47.78999328613281,47.83774458110646,46.85090573611696,46.93844825896394,37896000
2009-09-15,48.179954528808594,48.32320537762575,47.56715990572988,47.7581590135687,48814300
2009-09-16,49.17475891113281,49.182715943721036,48.243628232727,48.39483917479272,39404000
2009-09-17,49.07129669189453,49.61246595573552,48.82458619235994,49.13496509275886,50596200
2009-09-18,49.27024459838867,49.41349543162488,48.752949585493944,49.41349543162488,36822800
2009-09-21,49.13495635986328,49.310038359369464,48.61766132034851,48.80070338648619,37511600
2009-09-22,49.47399139404297,49.649488627506514,49.13097573392233,49.481967157826226,36266400
2009-09-23,49.003334045410156,49.94463225216506,48.9076096808484,49.56173175089534,54838900
2009-09-24,48.022159576416016,49.266585668578585,47.671165104863924,49.08311266891419,60639600
2009-09-25,47.72700119018555,48.133832040158445,47.47173113482232,47.79081642175924,51804400
2009-09-28,48.867713928222656,49.12298393128804,47.894509784191335,48.0380978295934,47925100
2009-09-29,48.65234375,49.28253246049906,48.59650123950294,48.89963195080831,37453200
2009-09-30,48.05405044555664,48.85176042408631,47.5116074167147,48.756033035686855,79344900
2009-10-01,46.61817932128906,48.00619629891159,46.53840952478017,47.96631140065714,62840600
2009-10-02,46.26718521118164,46.68199482306528,45.8922604951859,46.09168801764789,66448000
2009-10-05,47.096805572509766,47.296233099788665,46.33100459808422,46.51447755801809,48919600
2009-10-06,47.974266052246094,48.22155718144063,47.35205339281504,47.479686836878365,52211000
2009-10-07,47.990238189697266,48.189665709275964,47.742946969931594,47.84665013215881,35534000
2009-10-08,48.428977966308594,48.90760583755083,48.157756418844734,48.44493253298558,48971800
2009-10-09,48.995365142822266,49.067159191510186,48.397082418097334,48.54067051547318,34597000
2009-10-12,49.003334045410156,49.481958911241634,48.77199737494845,49.29051018211812,26895500
2009-10-13,48.79594039916992,49.05121050944537,48.34124574543838,48.91559816826705,35459500
2009-10-14,49.729244232177734,49.82496858534892,49.09905256750427,49.51386215527583,38634600
2009-10-15,49.69733810424805,49.81699583521191,49.322416430404786,49.450049923355735,28632600
2009-10-16,49.202754974365234,49.47397650673,48.771990827134914,49.37027335061404,49031800
2009-10-19,49.60958480834961,49.87283057432696,48.963441642809244,49.362296650879976,38229600
2009-10-20,48.92354965209961,49.713280749402074,48.652328164243194,49.649465539741506,43952800
2009-10-21,48.261470794677734,49.777121507918196,48.18967674946059,48.851777726799014,64591600
2009-10-22,48.93153762817383,49.14691972021528,47.6791330153207,48.24550645567644,58421000
2009-10-23,47.91048049926758,49.202770300469865,47.83868645236616,49.035251872040966,68826500
2009-10-26,47.47969436645508,48.79591389652459,47.24038200126261,48.054046477334474,69899500
2009-10-27,46.89737319946289,47.774853011613594,46.81760037098048,47.5195860465144,71958600
2009-10-28,45.333858489990234,46.90534504202331,45.14240676064983,46.737826680739204,84951000
2009-10-29,46.19539260864258,46.458638407076535,45.56520088786668,45.73272232460765,73615700
2009-10-30,44.935020446777344,46.05979179266582,44.655820029712885,46.00394927483441,116215600
2009-11-02,44.847259521484375,45.581151299252376,44.137298071202025,45.17432051688487,97996600
2009-11-03,45.52531814575195,45.541272713959785,44.42447728359367,44.57604416005667,83105700
2009-11-04,44.87118911743164,46.011914701992126,44.87118911743164,45.83641752189905,92803000
2009-11-05,46.29909896850586,46.402799099565335,45.286006688069364,45.461503899128175,67422600
2009-11-06,46.33100891113281,46.72986400282085,45.684862567109974,45.81249607472923,56216700
2009-11-09,47.240394592285156,47.28027948994415,46.705927225982165,46.737836361318415,49200200
2009-11-10,46.945255279541016,47.47174401572755,46.562354657134776,47.144682877233244,55864400
2009-11-11,47.27229309082031,47.734966349804644,46.90534722246718,47.304202221030714,50320800
2009-11-12,46.40279769897461,47.64722662133258,46.26718843490252,47.28825644728483,68550500
2009-11-13,46.84951400756836,47.03298696618785,45.972034111036464,46.54638331622973,69258000
2009-11-16,48.08597183227539,48.4050571424245,47.16062808447061,47.16062808447061,66099700
2009-11-17,48.08597183227539,48.24551448734995,47.65521061950404,47.92643222022387,43026500
2009-11-18,47.990238189697266,48.165735380693704,47.543519450352896,48.14180200908899,54309000
2009-11-19,46.793670654296875,47.5913806913923,46.418745963094885,47.511610904891675,72350600
2009-11-20,46.73783874511719,46.9053571496426,46.338983662138894,46.44268683575963,39780100
2009-11-23,47.551509857177734,48.11788342064362,47.29624281327696,47.39196719398395,57935400
2009-11-24,47.33610534667969,47.56744194682692,46.76175324783739,47.55946314377535,45238000
2009-11-25,47.328128814697266,47.71900495323924,47.27228632331242,47.615301816412675,47641700
2009-11-27,45.932151794433594,46.80165293467786,45.50138758407614,45.58913618726259,51862100
2009-11-30,46.338966369628906,46.466599826831526,45.35778359681721,45.98797512307711,77936900
2009-12-01,47.05692672729492,47.24837547401081,46.634138245836674,46.77772632738507,63141300
2009-12-02,47.615318298339844,48.03012794620974,47.11276308911332,47.12073885177383,71220600
2009-12-03,47.032997131347656,48.157768498516816,47.00906679684083,47.84666197783518,53866100
2009-12-04,48.197654724121094,48.55662496667391,47.2882654716695,48.02216052789117,100434300
2009-12-07,48.269447326660156,48.532693177654124,47.95036504296761,48.189677516492814,55543100
2009-12-08,47.89450454711914,48.23752005773647,47.3680161192217,47.97427432227681,59576600
2009-12-09,47.74294662475586,47.942374142892724,47.30420669345925,47.81474065300603,55537000
2009-12-10,47.551509857177734,48.21360780135061,47.352082288941304,47.95834075744984,54319700
2009-12-11,47.99822235107422,48.07799519867915,47.447803396203675,47.88654340745031,50543400
2009-12-14,48.72412109375,48.963433449944766,47.838662637109806,48.381105600762865,48248700
2009-12-15,48.58852767944336,49.07513138351156,48.484824502423194,48.62841258044407,55378800
2009-12-16,48.899635314941406,49.15490233896343,48.58055305642536,48.899635314941406,56550000
2009-12-17,48.35718536376953,48.795925309746,48.00619401559287,48.60447659002147,60917400
2009-12-18,48.80390930175781,48.811885064667955,48.11787805661734,48.69223036287873,63876100
2009-12-21,49.45005798339844,49.54578235795849,49.154903010385205,49.16288181669529,47658100
2009-12-22,49.91271209716797,49.976530354801895,49.39419940446937,49.49790255161349,38750700
2009-12-23,50.555885314941406,50.587923998910256,49.88308822848083,50.21948829939965,49503600
2009-12-24,50.748111724853516,50.77213920889237,50.56389388467617,50.69204555851158,16521900
2009-12-28,50.66801452636719,50.94834841072763,50.435741720370906,50.93232906973187,35784500
2009-12-29,50.64398956298828,50.88427357912923,50.60394273619429,50.79616872695624,24085300
2009-12-30,50.6119499206543,50.85223698762049,50.1794399219445,50.49180944254818,45268900
2009-12-31,50.01123046875,50.91630326007564,49.86705947348126,50.643980608498744,34407900
2010-01-04,51.24468994140625,51.292747956291464,50.6760171811249,50.692036519419965,42863900
2010-01-05,51.06848907470703,51.40488912611297,50.852235608903726,51.16460512103838,55523100
2010-01-06,51.02043151855469,51.34080915727514,50.892279851991155,51.068486483905545,59708600
2010-01-07,51.396888732910156,51.43693862165623,50.571912355083576,51.05248352163867,56123500
2010-01-08,51.67721176147461,51.67721176147461,51.10053072685345,51.212663065380426,48811500
2010-01-11,51.468955993652344,51.96554018820548,51.26871885436413,51.8854465546407,51638900
2010-01-12,50.908294677734375,51.38886567626358,50.66800765078153,51.14857864931074,45854900
2010-01-13,51.565067291259766,51.66919451736124,50.643978259080164,51.08449936624227,39501900
2010-01-14,51.75731658935547,51.91750391413276,51.276742393514134,51.37285845483335,41859800
2010-01-15,51.004425048828125,51.90148999651598,50.67603612943199,51.78134644206818,68725100
2010-01-19,51.9415283203125,51.95755071829254,51.19664569385471,51.19664569385471,46839000
2010-01-20,51.188621520996094,51.58108765342568,50.61193758938567,51.5730764569443,62485000
2010-01-21,50.34764099121094,51.64518021961903,50.17143128121986,51.22868343041207,98323100
2010-01-22,49.442562103271484,50.50782532402355,49.00204093630611,50.267538273518106,83757000
2010-01-25,49.49864196777344,49.778975919165006,49.12219805818007,49.72290973996222,62298700
2010-01-26,49.010040283203125,49.68283718204567,48.96999346709816,49.31440158527805,58213200
2010-01-27,49.530670166015625,49.610763817803715,48.62559723500078,48.79379573698195,72565800
2010-01-28,48.681663513183594,49.650813812137386,48.23313417354578,49.626783272244666,93814200
2010-01-29,48.145050048828125,49.41054801592476,48.03291766564747,48.88192174137431,79325600
2010-02-01,48.71371078491211,48.80982379529791,48.18508464472396,48.36930252103737,60731800
2010-02-02,49.25033950805664,49.3064056755871,48.553511902388976,48.80180711243599,71047700
2010-02-03,48.92195129394531,49.362472496967,48.52948506065656,49.0180642887882,50241000
2010-02-04,47.28801345825195,48.601568878418355,47.24796663307652,48.5855495372728,99167300
2010-02-05,47.472232818603516,47.52029084357918,46.45502753861278,47.39213611031074,106752200
2010-02-08,46.99966812133789,47.736539429923326,46.951610101282746,47.32004881095216,61579200
2010-02-09,47.648433685302734,48.00084997030607,47.055730375358124,47.560328850207796,91986700
2010-02-10,47.760555267333984,47.88069569742857,47.00766179508788,47.50425201668128,55715500
2010-02-11,48.521484375,48.55352000795333,47.25598368432997,47.62441943400194,51969700
2010-02-12,48.873878479003906,48.9379527710505,47.904731514556474,48.056910631621214,65909800
2010-02-16,49.6988639831543,49.74692200292316,48.9219458568394,49.386494493098375,50057600
2010-02-17,50.0352668762207,50.14739920672634,49.650811862182714,49.94716202928717,50459400
2010-02-18,50.443748474121094,50.45976781467573,49.85905629307245,50.03526598379665,43072800
2010-02-19,50.50782775878906,50.764131106665175,50.147400221032996,50.25152441091295,56840800
2010-02-22,50.66001510620117,50.820205488363456,50.47579723609664,50.796174945043795,45344900
2010-02-23,50.06728744506836,50.65999065640195,49.92311953161656,50.58790517198808,58965400
2010-02-24,50.49181365966797,50.74010583505105,50.099347398837445,50.25152962801002,50476000
2010-02-25,50.50782775878906,50.55588272690526,49.6428016681745,49.802992024441295,51949700
2010-02-26,50.29957580566406,50.6279646377621,50.02725313596983,50.58791781538462,60093900
2010-03-01,51.468955993652344,51.5170109516407,50.66800438112323,50.66800438112323,70967800
2010-03-02,51.86143493652344,52.181815679517705,51.58110407793635,51.66119773599632,55605300
2010-03-03,52.15777587890625,52.454122954837054,51.88545017289223,52.1177260039547,56207500
2010-03-04,52.29396057128906,52.35803795741466,51.9575634602635,52.17381699999254,47174200
2010-03-05,53.359214782714844,53.439308445857854,52.46214986755064,52.63034839337741,52293900
2010-03-08,53.45531463623047,53.607496844982634,53.279104944149786,53.375220988217514,46046400
2010-03-09,53.647552490234375,54.0560319722286,53.287121869307676,53.30314426708449,70685800
2010-03-10,54.104068756103516,54.38439948375529,53.6715558716901,53.69558334681003,73655200
2010-03-11,54.26429748535156,54.35240236865322,53.583492023184746,53.775718081862806,59964100
2010-03-12,54.2402229309082,54.568608574948065,53.87178742529597,54.54458110230502,61862000
2010-03-15,54.056026458740234,54.31232980023868,53.663563303798114,54.20820866832651,49862700
2010-03-16,54.52058029174805,54.544607776141206,53.93588502491422,54.32835430584886,52874400
2010-03-17,54.840972900390625,55.169358776227064,54.624713272450926,54.64073567268992,53589100
2010-03-18,54.67276382446289,55.089254489071195,54.57664777382064,54.81693484504924,71527500
2010-03-19,53.99196243286133,54.873004905261226,53.79172522955433,53.99196243286133,80546500
2010-03-22,54.75286102294922,54.87300456634226,53.48736043928418,53.60750398267722,56679400
2010-03-23,55.4496955871582,55.46571187658521,54.552630610365384,54.800922816392905,61187700
2010-03-24,54.81696319580078,55.37902745617893,54.80090701737819,55.146173050218955,59664500
2010-03-25,54.4716911315918,55.69216883969491,54.431547626993094,55.2987281891758,66977000
2010-03-26,54.44759750366211,55.057836287104685,54.24686162597455,54.69651415765621,58114700
2010-03-29,54.744686126708984,54.921334670577814,54.4475948369321,54.68848032874823,38646400
2010-03-30,54.913326263427734,55.19435536962221,54.495798180792384,54.83303310822575,35773100
2010-03-31,54.4395866394043,55.25055538550072,54.43155548693544,54.70455341113239,59821600
2010-04-01,54.945438385009766,55.1542054651283,54.110376190509974,54.86514523911013,58838700
2010-04-05,55.973201751708984,56.01335138506143,54.95346599988077,55.08996495172075,52020600
2010-04-06,56.302398681640625,56.43889760217973,55.66807260116924,55.78048419760999,50203600
2010-04-07,56.12574768066406,56.45495130555536,55.76441945708411,56.23815927218522,71418200
2010-04-08,56.06956100463867,56.366646258119744,55.53159018662891,55.96517440122153,54603600
2010-04-09,56.40678024291992,56.4148113931023,55.804572624668104,56.157869721020425,53070100
2010-04-12,56.6396598815918,56.752071530449214,56.30242493501955,56.430892765438564,49301000
2010-04-13,56.76810073852539,56.80021921236283,56.157868113531464,56.519190223750826,42151000
2010-04-14,57.980560302734375,57.980560302734375,57.00096806837306,57.097323511842234,62041600
2010-04-15,58.1572265625,58.27766937195056,57.88422245268034,57.956490588740984,55141800
2010-04-16,57.37834930419922,58.18932406088952,56.960821324838264,58.004644336227415,93241600
2010-04-19,57.09730911254883,57.62724860304983,56.02939285581727,57.05715948973514,85284600
2010-04-20,57.876163482666016,57.91630697829001,57.15351317574032,57.40242367691444,50736600
2010-04-21,58.277645111083984,58.39005671951425,57.74769942050715,57.972522637367675,60382500
2010-04-22,58.89592742919922,59.00833907288556,57.37836411345849,57.68348055689639,79289500
2010-04-23,59.52219772338867,59.586434671759136,58.32581365835854,59.008314388370124,66271100
2010-04-26,59.297420501708984,59.94780938773636,59.28136431515474,59.55436236841816,62710000
2010-04-27,57.940433502197266,59.610552122071006,57.828015722748624,59.0565250088044,101050200
2010-04-28,58.03675079345703,58.438222512975656,57.747690665325834,58.26960512589451,79762700
2010-04-29,59.265262603759766,59.289349930566814,58.11705306016208,58.47035018926083,68869600
2010-04-30,57.530921936035156,59.36163273844326,57.46668496465861,59.25725225443746,88759100
2010-05-03,58.82366943359375,58.86381295137336,57.86013311724969,57.89225160705871,53775400
2010-05-04,56.97687530517578,57.97252362217443,56.631609323139585,57.9644985971311,105727600
2010-05-05,56.14181137084961,56.968842244617186,55.71625227083119,56.511164667582065,110340400
2010-05-06,54.03812026977539,56.35862736510636,50.874519732815855,55.74035720765206,195388200
2010-05-07,52.48039245605469,54.29504664750695,51.902272102956736,53.56436505512668,189573100
2010-05-10,55.427207946777344,55.451295279931635,54.35929125312137,55.04179836435893,107703400
2010-05-11,55.79654312133789,56.62357396132482,54.58410282483902,54.76877640267558,100027800
2010-05-12,57.50682067871094,57.57105150856003,56.03743247563388,56.08560712951402,84618400
2010-05-13,56.9527702331543,57.8922124522782,56.67976631740866,57.37832921484437,78553600
2010-05-14,55.85275650024414,56.60752546677945,55.09799365968252,56.58343813822597,86134200
2010-05-17,55.95713806152344,56.663726181457456,54.399425611380614,56.20604860216447,78565900
2010-05-18,54.88119125366211,56.84840665672518,54.70454268981439,56.68781426869397,87146900
2010-05-19,54.230804443359375,55.24251496337538,53.45997942248094,54.63227619127352,107292800
2010-05-20,51.48475646972656,53.09064400136647,51.452637983976786,52.80960878254967,166841100
2010-05-21,52.247562408447266,52.705240213392656,50.392760787413586,50.64167451376504,139644500
2010-05-24,51.548973083496094,52.520540162763645,51.50079843115899,52.03074411075947,75991800
2010-05-25,51.54094696044922,51.58109046121701,49.54964431798354,50.424852884967095,110830700
2010-05-26,51.66941833496094,52.954126842419704,51.3723300669211,51.74168644292885,104172900
2010-05-27,53.88554382324219,53.909631150343124,51.66941784035628,52.96215748654195,86856200
2010-05-28,53.19501495361328,53.933721615565624,52.77748696563221,53.72496068456192,92369800
2010-06-01,51.58111572265625,53.371683360280294,51.54097220222849,52.673119944296964,88420300
2010-06-02,53.05048370361328,53.074571031592214,51.40444686401943,51.894242952836194,61553800
2010-06-03,53.73297882080078,53.86947774879616,52.889891801441514,53.154858506969916,74864100
2010-06-04,51.03509521484375,52.753390928614316,50.882533973831954,52.279657155327925,105547200
2010-06-07,49.718257904052734,51.476706053473855,49.67008325644311,51.259910950271816,88434200
2010-06-08,49.694183349609375,50.26427262137854,48.73868148299681,49.870831937532735,129072000
2010-06-09,49.726295471191406,50.92267967368035,49.453294535223016,50.07958953886188,108638000
2010-06-10,51.44459915161133,51.452630303343604,50.42486035368383,50.60953702469617,75497300
2010-06-11,52.14316940307617,52.21543140054871,50.729986679191235,50.81831098230746,65295200
2010-06-14,52.47237014770508,53.39575663806957,52.319815008687435,52.8336984922691,70543000
2010-06-15,53.78920364379883,53.93373377336736,52.4804074503547,52.9300540196901,72336400
2010-06-16,53.5402717590332,54.10232974745333,53.19500581586866,53.31544856366516,62369400
2010-06-17,53.60454177856445,53.957832963826924,52.97021529973848,53.861483606926434,67327600
2010-06-18,53.63663864135742,54.22278407936601,53.35560346113458,53.77313759256776,52760900
2010-06-21,53.082603454589844,54.60016641335369,52.769455931414676,54.495785947619865,58648400
2010-06-22,51.99060821533203,53.877524817257246,51.92637124460039,53.283348152926365,70827400
2010-06-23,51.846073150634766,52.40010624991218,51.235837301807145,51.85410430270412,70315300
2010-06-24,51.01903533935547,51.81394776097618,50.898592578267895,51.412475974666464,72504900
2010-06-25,51.89423751831055,52.12709187434423,50.74603110208146,51.211736751162384,87177700
2010-06-28,51.5971565246582,52.38403780798173,51.3161244319131,51.8621232521599,64643900
2010-06-29,49.64599609375,50.76208702412648,49.28467092057403,50.76208702412648,110269700
2010-06-30,49.07591247558594,50.28032788788688,48.93138238107088,49.485415431040856,93806400
2010-07-01,48.72262191772461,49.300742337635455,47.47002869558011,49.14015299177278,114225800
2010-07-02,48.19014358520508,49.05212016816662,47.867908027452756,48.93933864487311,72084200
2010-07-06,47.561771392822266,49.543511099256946,47.255648024758905,49.027936841296544,89452600
2010-07-07,49.22129821777344,49.26157997200969,47.52151451710059,47.706798908935085,79640200
2010-07-08,49.9301872253418,50.03491419724287,49.17293798736527,49.76101501362332,58770100
2010-07-09,50.70356750488281,50.70356750488281,49.76103362445572,49.93020589944532,38202700
2010-07-12,50.13158416748047,50.896890989861944,49.64017653185452,50.55854348948641,43038300
2010-07-13,51.718570709228516,51.91191559488039,50.62297734810925,50.81631916069727,83581200
2010-07-14,51.53330993652344,51.87165440111642,51.1305171512089,51.57358552737681,52526100
2010-07-15,51.058013916015625,51.63803343251633,50.437712662855596,51.63803343251633,71044000
2010-07-16,49.19710922241211,50.78411373702701,49.05210357777395,50.679386755218346,98127500
2010-07-19,49.40657424926758,49.52741026481394,48.45598284292091,49.35823799920962,63879600
2010-07-20,50.236328125,50.32494304965499,48.504317524195514,48.69765945735783,71430700
2010-07-21,49.334068298339844,50.72773115323153,49.22128372198661,50.63105865921447,68456600
2010-07-22,51.09023666381836,51.283578557646834,50.08325467590268,50.09131225272249,81000700
2010-07-23,52.34696578979492,52.45168972678917,50.70356701621371,50.84051819445624,73916800
2010-07-26,53.539207458496094,53.587540618002635,52.29860514675222,52.57250739159057,66248300
2010-07-27,53.34586715698242,54.19172815493298,53.15252837832643,54.02255595534287,84127100
2010-07-28,52.48387908935547,53.51502720284331,52.185810340936065,53.27334917481378,59705100
2010-07-29,52.34696578979492,53.16060298840827,51.5172103609587,52.935039957262724,63214400
2010-07-30,52.37916946411133,52.85446813194389,51.41246926796334,51.63803223732254,67453000
2010-08-02,53.289493560791016,53.6036714819397,52.838361404011906,53.305602569972336,49896600
2010-08-03,52.86251449584961,53.59559399077632,52.43554908454746,53.11224399522385,51145700
2010-08-04,53.41836929321289,53.555323490951785,52.93501925180106,53.15253076542039,40817400
2010-08-05,52.79001235961914,53.337810699058686,52.73362162524135,52.89474239927009,37991000
2010-08-06,52.475852966308594,52.693364551121206,51.44470423482562,51.919996856377736,62483200
2010-08-09,53.05588150024414,53.25727795108135,52.242238117944886,52.86254262835736,35100700
2010-08-10,52.05695343017578,52.69336691085423,51.66221198706247,52.53224607301262,59841700
2010-08-11,50.01075744628906,51.01773948501365,49.873806291028565,51.01773948501365,87392600
2010-08-12,49.761016845703125,50.06714019703444,48.94737376746605,49.01987658559544,63300200
2010-08-13,49.19710922241211,49.688516898900886,49.11655189675312,49.543511254262725,68238000
2010-08-16,49.59184646606445,49.881854676267466,48.64125529227062,48.85070617848362,51371000
2010-08-17,50.44576644897461,50.872728881584386,49.83352278107899,50.12353407173771,54593200
2010-08-18,50.59883117675781,51.09829337383312,49.89796951245065,50.389377205907934,61766600
2010-08-19,49.21321487426758,50.63104390290763,49.092375828497275,50.42159303971229,89236900
2010-08-20,49.261558532714844,49.293779619787855,48.44791539108667,49.03599248481349,64085700
2010-08-23,48.59292984008789,49.88186574841955,48.560705674113194,49.62407856675322,55423700
2010-08-24,48.03705596923828,48.59290876239948,47.36841864408714,47.81954755285409,78875300
2010-08-25,48.76210021972656,48.88293930093469,47.44094019641462,47.642336616384505,64025300
2010-08-26,48.39956283569336,49.36626266806699,48.22233309899507,48.93930347299984,74569900
2010-08-27,49.66434860229492,49.78518458661431,47.98067474036642,48.95543248330795,72003600
2010-08-30,48.576812744140625,49.67240968969351,48.55264615868632,49.4226770387596,42401800
2010-08-31,48.480140686035156,49.06821779352754,48.07734789407612,48.455974101898455,60625100
2010-09-01,50.357147216796875,50.38937137366944,49.15682656740872,49.32599878139259,62585200
2010-09-02,50.913028717041016,51.05803442267171,50.16383359563783,50.34106347431231,45824200
2010-09-03,51.823333740234375,51.98444843479016,51.24331100602296,51.6863856352488,51986300
2010-09-07,50.84050750732422,51.67025968867325,50.67938977334616,51.662202111788496,48881600
2010-09-08,51.13858413696289,51.54943459918288,50.93718769514763,50.96135428478439,58863300
2010-09-09,51.17078399658203,51.94414830129706,50.784103380756704,51.91997557701186,52494300
2010-09-10,51.3319091796875,51.6460870338314,51.03384033128935,51.36413026424381,46973500
2010-09-13,52.58056640625,52.74974478118753,51.81526258838793,51.91998649780305,60551500
2010-09-14,52.3549919128418,52.86251463370477,52.169710718025684,52.46777337389386,55811200
2010-09-15,52.65306854248047,52.822240759208476,51.823316464473294,52.20999406095742,63008500
2010-09-16,52.31473159790039,52.69335781883339,51.871657052951036,52.52417943175785,52659700
2010-09-17,52.53224182128906,52.78197141706717,51.783046887823716,52.68530506831746,61775400
2010-09-20,53.990360260009766,54.13536595696779,52.33891297668295,52.7014241460119,70669500
2010-09-21,53.67617416381836,54.320645196503804,53.595616821265494,53.99035210206641,64974200
2010-09-22,53.03974914550781,53.89367399956312,52.628904944221034,53.53115681791429,65225800
2010-09-23,52.397708892822266,53.43145436173142,52.22003995565124,52.615766936397186,62724700
2010-09-24,54.101768493652344,54.15830092244429,53.05187965014868,53.132639382483944,71675000
2010-09-27,53.964473724365234,54.23906419492103,53.714116717754145,54.11792152148677,48357100
2010-09-28,54.49748611450195,54.61862259767134,53.10031911343003,54.08560358701345,66176700
2010-09-29,54.65092468261719,54.87705432075276,54.20674322529961,54.41671722552806,53580600
2010-09-30,54.513633728027344,55.36162605064714,54.06944609968923,55.054730539587844,81818000
2010-10-01,54.804378509521484,55.127423526195265,54.31173624544749,55.03050817272177,61763500
2010-10-04,54.061370849609375,54.99819447407167,53.68987129494586,54.6590000321924,56292700
2010-10-05,55.59584045410156,55.73313876530981,54.311744181201014,54.65901654659202,77655500
2010-10-06,55.41009521484375,55.77351707064719,55.09512796339484,55.547387368229735,43163400
2010-10-07,55.24855041503906,55.78964712068741,54.852817455771365,55.74118637699109,39955400
2010-10-08,55.95118713378906,56.25808269794357,55.03051276446899,55.329330508100554,59953200
2010-10-11,55.99965286254883,56.41961335119602,55.83813338942172,55.99965286254883,37345900
2010-10-12,56.144996643066406,56.38728190122503,55.248555975647655,55.85426295947415,51099800
2010-10-13,57.0010871887207,57.453346594143795,56.346919221222564,56.524594319516574,58582200
2010-10-14,56.96068572998047,57.29988017379895,56.44381624561796,57.04144543161769,70382100
2010-10-15,56.766868591308594,57.542172918612955,56.44382358120567,57.45333538679537,74953500
2010-10-18,57.24335479736328,57.364497445483494,56.74264088877061,56.98492002343999,39841500
2010-10-19,56.12886428833008,57.146454056783114,55.68467656674329,56.564974189095665,64627600
2010-10-20,56.702266693115234,57.04146123088334,56.072332219668176,56.4034489365641,54118800
2010-10-21,56.427677154541016,57.412955554352415,55.69274956277891,56.98492351148939,62505300
2010-10-22,56.791114807128906,56.84764724061125,56.33885533927015,56.56498507319953,26267800
2010-10-25,57.13030242919922,57.79254206691275,56.82341299372254,57.21106215836967,36095900
2010-10-26,57.08988952636719,57.47753844576066,56.52455945669635,56.82337704330387,37884100
2010-10-27,56.94454574584961,57.03338328092916,56.161163570096186,56.70226043898335,53515400
2010-10-28,56.5972785949707,57.43719326416585,56.33076596538946,57.388732501423526,48482400
2010-10-29,56.77494430541992,57.07375584538717,56.39536689474395,56.435743668527465,40455100
2010-11-01,56.38727569580078,57.477546914390025,55.97539326688684,57.06567064704547,47357500
2010-11-02,57.558326721191406,57.59063184078612,56.750717216038005,57.07376225041367,55102800
2010-11-03,57.78447723388672,57.841009667142146,56.93648457348221,57.63102941723351,58044500
2010-11-04,59.24626922607422,59.26241871474479,58.64863956005943,58.842464231982426,60908000
2010-11-05,59.57737350463867,59.763126473689965,59.197802066271116,59.31893860959378,45659100
2010-11-08,59.52889633178711,59.69042193097176,59.052409677728484,59.38352637330673,31656700
2010-11-09,58.737430572509766,59.80347466506899,58.41438560109811,59.69040984931046,48438600
2010-11-10,59.39159393310547,59.39967175206207,58.23671228513306,58.818192018597564,53667600
2010-11-11,59.15736770629883,59.391575089165926,58.51935576570956,58.73741367735794,42989400
2010-11-12,58.172122955322266,59.03626504701091,58.067135917451346,58.5759277862342,48799200
2010-11-15,58.180179595947266,58.834341212165484,58.123647186663845,58.45476382344659,38922600
2010-11-16,57.049530029296875,57.88944458158335,56.653803131152145,57.744074636734325,69965600
2010-11-17,57.20296859741211,57.35641017561651,56.85569634952317,57.178741304094046,39512500
2010-11-18,58.31746292114258,58.61628056036283,57.87328153273199,57.88135318886285,52638700
2010-11-19,58.51129913330078,58.640519596108994,57.768299956865974,58.147877364401594,32830300
2010-11-22,58.794002532958984,58.947444222387546,57.93793185857695,58.285204358190775,42163100
2010-11-23,58.23674011230469,58.34172716262415,57.7440976672526,58.08329228666023,52202300
2010-11-24,59.54505157470703,59.56120105373182,58.753591547918504,58.76166936821667,42138400
2010-11-26,59.133155822753906,59.54503830416428,59.06046777941317,59.181610410600946,19004000
2010-11-29,59.22201919555664,59.36738918413084,58.17212414901269,58.91512357435953,47897000
2010-11-30,58.75361633300781,59.15742125625873,58.29327896696474,58.53556438554495,68631800
2010-12-01,60.06999206542969,60.22343984129877,58.80204540378224,59.86001803290211,59974000
2010-12-02,60.67570495605469,60.804925445192865,60.05384829640035,60.142685842289836,42529200
2010-12-03,61.1118049621582,61.29755784480246,60.37688357437852,60.433415988823114,36549400
2010-12-06,61.49141311645508,61.66101044454675,60.97454330848787,61.08760819388231,36177500
2010-12-07,61.846736907958984,62.37975597324528,61.70944477191556,62.23438601697239,66769100
2010-12-08,61.80635070800781,62.19400595814332,61.67713639901009,61.984025774254455,40388800
2010-12-09,62.01631546020508,62.25052288365434,61.76595856273881,62.25052288365434,49384000
2010-12-10,62.7916145324707,62.94506225029719,62.0001548150546,62.226290564008586,43303000
2010-12-13,62.468589782714844,63.146984925356584,62.44436248504392,63.041991753354374,43025600
2010-12-14,62.4362907409668,62.76741360554741,62.33130372031943,62.759335785014,60000700
2010-12-15,62.24246597290039,63.041997679049565,62.12132331158768,62.3878359341613,52002400
2010-12-16,62.81584167480469,62.96928939227082,62.07284270040818,62.33127739417954,57936100
2010-12-17,63.00969314575195,63.13083580819354,62.42014163627962,62.88047882430022,40362300
2010-12-20,63.260040283203125,63.647689311035116,62.93699531896299,63.243884646127505,42692700
2010-12-21,63.96266555786133,64.02727579221666,63.47002330365131,63.51848406020335,30166800
2010-12-22,63.94402313232422,64.2360795576617,63.86289772294647,64.11438834885908,29812300
2010-12-23,63.86287307739258,64.1873807791436,63.773633304674306,64.05757522265534,25239600
2010-12-27,64.0575942993164,64.17117110033254,63.53026990061494,63.660075495759926,15770300
2010-12-28,63.87912368774414,64.2198603282015,63.7006440640456,64.17929452664372,25827900
2010-12-29,64.01702880859375,64.10626241021441,63.887223225380296,63.968348620153265,18138800
2010-12-30,63.89536666870117,64.26854860588304,63.89536666870117,63.9602633003392,37997400
2010-12-31,63.473487854003906,63.992697907615515,63.41669944781113,63.82233268903721,33323500
2011-01-03,64.57678985595703,64.91752018278846,63.87099220601623,64.04135736943195,48878000
2011-01-04,63.619510650634766,64.82018766578291,62.92993543716855,64.77150747214034,77509000
2011-01-05,64.3658447265625,64.38207351348612,63.367990962164164,63.6032588568071,47145300
2011-01-06,64.06570434570312,64.52001151891585,63.80609936251428,64.41454912212605,39392300
2011-01-07,63.700618743896484,64.44698834537043,62.82445595955119,64.28473139310658,59486800
2011-01-10,64.06570434570312,64.32530932889198,62.97049601629616,63.47347718964709,55020300
2011-01-11,64.3253402709961,64.64173380302975,63.9846097271866,64.38212869496434,42124300
2011-01-12,64.87700653076172,65.00680599932356,64.50382454811907,64.85266951724853,38442600
2011-01-13,64.85264587402344,65.14470230865608,64.55247504135316,64.89320548526719,29687600
2011-01-14,65.33938598632812,65.4529627687233,64.64981089622304,64.78772467634997,38036700
2011-01-18,65.38804626464844,65.41238325727477,64.79582547917725,65.13655575488416,37824100
2011-01-19,63.70874786376953,65.46919442379959,63.57083406457188,65.36373202255515,70707400
2011-01-20,63.04351806640625,63.71687073720434,62.74334723750934,63.392362903972675,79653000
2011-01-21,62.621646881103516,63.47347277158617,62.564858488404674,63.44913577321103,56676500
2011-01-24,63.08406448364258,63.335555037125836,62.540511399463945,62.629751180919975,48142600
2011-01-25,63.18144226074219,63.19767105927881,62.42696405509025,62.7190205340183,47013400
2011-01-26,64.1873779296875,64.39830266541297,63.07594111210764,63.27875764301474,65896200
2011-01-27,64.37397003173828,64.63357496130232,63.87098896228472,64.18738227676994,48174800
2011-01-28,62.800140380859375,64.45511853206,62.73523757781999,64.34154172147706,91023700
2011-01-31,63.23822021484375,63.68441925868709,62.67033614947233,63.17332359985281,53265200
2011-02-01,64.698486328125,64.90941729560075,63.57894108131482,63.74930625869003,57786700
2011-02-02,64.45513153076172,65.00679308890648,64.43079452208188,64.56870836424977,39937400
2011-02-03,64.6822280883789,64.77957602783235,63.68436838271101,64.40639448450412,41156200
2011-02-04,64.79582977294922,64.8769551502359,64.28472813605097,64.57678444585868,39532700
2011-02-07,65.436767578125,65.91541190594108,64.82831762207016,64.88510603705636,40835200
2011-02-08,65.89916229248047,65.93160749677149,65.17712961286034,65.43674076295238,37563900
2011-02-09,65.6071548461914,65.95599985234259,65.24208103632617,65.72073171428946,43298900
2011-02-10,65.8667221069336,65.94784751040683,65.09601530025908,65.16903249601506,48001000
2011-02-11,66.58061218261719,66.60494917661919,65.54219250873527,65.62331788523177,38579100
2011-02-14,66.92137145996094,67.01872566760068,66.56441841089286,66.61309241997665,36730500
2011-02-15,66.54005432128906,66.92135044463268,66.38591794443649,66.74287088141054,42908600
2011-02-16,67.07551574707031,67.18909256407906,66.66988248933271,66.69421949448139,38284700
2011-02-17,67.54606628417969,67.74888295650472,66.88893605700453,67.01062729829427,34891200
2011-02-18,67.61903381347656,67.95976411830469,67.36754328221814,67.70015919232092,39514200
2011-02-22,65.8829116821289,67.35130117408866,65.7855575330856,67.11603947880376,68370300
2011-02-23,64.74717712402344,66.06954547496846,64.32532126908747,66.0127570677757,91258600
2011-02-24,65.16092681884766,65.48543466563868,64.38211170023263,64.86887037568297,85126500
2011-02-25,66.66986846923828,66.69420546926911,65.42051755539741,65.46919155545906,58566800
2011-02-28,66.7428970336914,67.20531872438312,66.19123552642124,67.05118228713431,49869300
2011-03-01,65.40430450439453,67.04306003701663,65.18525909318272,66.99438602984597,70865100
2011-03-02,65.68012237548828,66.01274454700838,65.09600961831124,65.33127760047816,61072300
2011-03-03,67.17289733886719,67.35137084586626,65.73695155503607,66.33728728815072,78937600
2011-03-04,66.88078308105469,67.20528458799643,66.23988208274659,67.16472499436345,60907100
2011-03-07,65.78555297851562,67.1890457967461,65.23389807386856,67.14037182032853,90777900
2011-03-08,66.85649108886719,67.18099281423484,65.34753454590768,65.84240772340911,67755300
2011-03-09,66.5887680053711,66.9944013296882,66.3210485258482,66.7266818501653,51216900
2011-03-10,64.87700653076172,65.73694735209153,64.6579610301941,65.71261033857834,107642100
2011-03-11,65.04732513427734,65.46918084120593,64.3171843054875,64.36585829758349,83202700
2011-03-14,64.698486328125,65.16902225962066,64.01702561862417,64.36586417981823,60138300
2011-03-15,64.12247467041016,64.63357009622999,62.92991248736126,63.24630577803106,84941700
2011-03-16,63.48158264160156,64.60924220870372,63.08406392105085,63.83042736887224,126014500
2011-03-17,63.619510650634766,64.44700585837144,63.619510650634766,64.35776605774353,63992800
2011-03-18,64.4632339477539,64.5686963622543,64.14684051478065,64.35777153325351,70017700
2011-03-21,65.95597076416016,65.97219337124456,65.19337825227353,65.29073246319706,50638200
2011-03-22,65.6071548461914,66.19937620277764,65.44489775642627,66.05334791672657,52372800
2011-03-23,65.80995178222656,66.00465404193741,64.77963968774876,65.4611068809466,58044700
2011-03-24,66.26436614990234,66.49199393970223,65.63838352556057,66.24810347783544,52850900
2011-03-25,66.8415756225586,67.52445908045436,66.29689388318083,66.64646694921592,78164900
2011-03-28,66.69525909423828,67.28059146170628,66.63835212531191,67.06108872270856,42798300
2011-03-29,67.32120513916016,67.38624341761356,66.32126796810351,66.7358730378628,40967200
2011-03-30,68.19109344482422,68.28051955528068,67.50820991304066,67.61389249703757,42147100
2011-03-31,68.42683410644531,68.52439152846408,68.04474195652834,68.12604290940659,41625800
2011-04-01,68.7276382446289,69.11785556618105,68.49187910342793,68.9146155688415,49160200
2011-04-04,68.88212585449219,69.0772345810591,68.72766141966297,68.90651367001372,42236600
2011-04-05,69.25608825683594,69.71134402899366,68.71140015526754,68.84147677725245,45454400
2011-04-06,69.41053771972656,69.81701780846274,69.02845164632546,69.61377776409465,59035700
2011-04-07,68.99590301513672,69.73569323530236,68.79266305760675,69.47554633775965,69434400
2011-04-08,68.2723388671875,69.39422070042228,67.96341029974873,69.3047946627309,63650400
2011-04-11,67.66268920898438,68.51629381151626,67.39441081859081,68.30492239462482,41784100
2011-04-12,66.77653503417969,67.51633162385116,66.70337161008963,67.30496028360321,58103300
2011-04-13,66.865966796875,67.32122245838576,66.3944484603713,67.19115207040835,80424900
2011-04-14,67.17488098144531,67.23991926848427,66.21558795599415,66.32940185711611,58532300
2011-04-15,67.89029693603516,67.89029693603516,66.87409685222237,67.19928211952107,53690700
2011-04-18,66.76838684082031,66.87407558545812,66.19931745581333,66.86594425070342,58593400
2011-04-19,66.78466796875,67.23179226558027,66.39444442375594,66.99603931405481,31991000
2011-04-20,68.15042877197266,68.20733571593041,67.67891054924176,67.88215052086112,47061100
2011-04-21,68.65445709228516,68.6788510978795,68.06913120824147,68.56503101228027,30293300
2011-04-25,68.56507873535156,68.71954319966973,68.10169154479283,68.58947275792478,23441400
2011-04-26,69.24791717529297,69.64626574731477,68.57315904138481,68.7194920559385,53200000
2011-04-27,69.66254425048828,69.72757633654457,69.01217377078487,69.28858339549622,44680600
2011-04-28,69.97958374023438,70.32102538067647,69.52432201725364,69.58936029230678,43464600
2011-04-29,70.23160552978516,70.46736464596167,69.85764471866126,70.06901603012845,41030900
2011-05-02,69.41053771972656,70.57307102160776,69.32924294245811,70.54868320866662,48962400
2011-05-03,68.53253173828125,69.49994993840292,68.06101344105637,69.33736041637702,56070000
2011-05-04,67.64640808105469,68.66260818959546,67.25619071271525,68.63008904183496,64754600
2011-05-05,67.33747100830078,68.35367089843308,66.99602933379039,67.18300664023526,91858900
2011-05-06,67.69518280029297,68.56504983352785,67.34560971951298,68.0935377032609,76446200
2011-05-09,68.48375701904297,68.55692665321455,67.50820738097305,67.61388996100607,45806800
2011-05-10,69.532470703125,69.54060204013354,68.74389847790404,68.83332457781938,44373700
2011-05-11,68.24800872802734,69.39428562780519,67.92282959841697,69.29672816748548,81313700
2011-05-12,68.84959411621094,69.0528341449376,67.45943306400777,67.85778178364185,80109400
2011-05-13,67.89029693603516,69.09347436192937,67.69518205422007,68.90649701984795,74669000
2011-05-16,66.89849090576172,68.19922589396641,66.84158394385257,67.44317271294842,68771600
2011-05-17,66.68710327148438,66.92286239973488,66.17494073918358,66.36191805312534,76475100
2011-05-18,67.71145629882812,67.73584411262391,66.66273688885038,66.76841948276349,54512200
2011-05-19,67.8577651977539,68.26424515585485,67.25617659643426,68.17481906888128,52914400
2011-05-20,67.36185455322266,67.84149789388367,66.89846768072324,67.67890840270165,56016800
2011-05-23,66.15059661865234,66.62210898414492,66.0367826474235,66.19124092129336,50696600
2011-05-24,65.8335189819336,66.63021649559988,65.71157371283127,66.32941899213337,60223400
2011-05-25,66.6626968383789,66.89845590075271,65.65462852529713,65.66275365675143,60009900
2011-05-26,67.54069519042969,67.57321432359564,66.37816253990684,66.41880680457143,51821300
2011-05-27,68.00410461425781,68.23173241977887,67.68705071336883,67.84964023091459,46619400
2011-05-31,68.9715347290039,68.98779740500962,68.10166763450673,68.78455737169351,77456200
2011-06-01,66.7521743774414,68.95529616656266,66.68713606131206,68.86587003248361,80933800
2011-06-02,66.727783203125,67.19930166775288,66.33755952837213,66.922891939304,64666600
2011-06-03,65.75220489501953,66.44322588139839,65.59774670717808,65.69529794110052,76493800
2011-06-06,64.6709976196289,65.90669460912663,64.62221578153104,65.64654754805368,63782200
2011-06-07,64.82544708251953,65.38639162666924,64.65472617829883,65.06933763277445,58242200
2011-06-08,64.10188293457031,64.80916023695934,63.9880690517571,64.60592027445126,67740400
2011-06-09,64.44335174560547,64.80105621515584,64.0043586996588,64.28889352662203,58469700
2011-06-10,63.41087341308594,64.15066991338674,63.126338683120984,64.04498115483409,71823100
2011-06-13,63.23200607299805,63.931151928873355,62.88243314506039,63.597841668685604,60285400
2011-06-14,64.58969116210938,64.77667475381759,63.72795525811983,63.76860575269824,66662700
2011-06-15,63.435264587402344,64.39455758680069,63.18324898496123,63.89865151578336,89262000
2011-06-16,63.58159637451172,64.12627804754858,62.78489910400241,63.48403894852619,81849500
2011-06-17,63.59786605834961,64.32952512553373,63.272680804938425,64.21571121719874,77862900
2011-06-20,64.18319702148438,64.41083105810252,63.35398045360911,63.37836826407702,53343900
2011-06-21,65.57337188720703,65.6627918018836,64.56529678611919,64.69537339363788,75970200
2011-06-22,65.0693359375,65.9392031139012,65.04494812358877,65.21566902336161,55839700
2011-06-23,65.32132720947266,65.45140377158643,63.654763123535034,64.32951513172667,92521100
2011-06-24,64.98802947998047,65.6546564841499,64.60593725764073,65.5489677063324,73865400
2011-06-27,65.49207305908203,65.62214967087644,64.59781806137526,64.96365388025137,51195400
2011-06-28,66.50824737548828,66.54076651574657,65.58147358649823,65.71155014753141,54021800
2011-06-29,66.82532501220703,66.98792077133972,66.20747973468492,66.7440302338377,68230200
2011-06-30,67.3131332397461,67.5163733688487,66.8903902978706,66.99607913453772,59915500
2011-07-01,68.36180114746094,68.47562124987365,67.16675519724726,67.3781203244894,63908100
2011-07-05,68.5265121459961,68.60805125328773,68.1106546114631,68.43681726166476,48268900
2011-07-06,68.80375671386719,68.9097631682379,68.17589865005468,68.42052222979444,57094100
2011-07-07,69.83931732177734,70.10024621648317,69.26038153105614,69.48053775866849,68556600
2011-07-08,69.41532135009766,69.480555145357,68.75484628094897,68.99946990265292,61977400
2011-07-11,67.9394302368164,68.92606788308669,67.75188466456655,68.5428271814288,59769800
2011-07-12,67.55618286132812,68.30635263414678,67.49910486167965,67.58064397245813,65322100
2011-07-13,68.15957641601562,68.87713548629084,67.85788109877271,67.98834242543678,79327200
2011-07-14,67.07510375976562,68.63252144452233,66.90386974548574,68.29005341596253,91726600
2011-07-15,67.5235595703125,67.60510489439434,67.00985762218478,67.3604813642184,75496200
2011-07-18,66.4390869140625,67.37679606098617,66.04769045558851,67.22187360997484,56859700
2011-07-19,67.9394302368164,68.0128197984919,67.00987059583329,67.05064326576813,56060800
2011-07-20,67.82528686523438,68.02098203110947,67.39312385595152,67.96390401518602,40277400
2011-07-21,68.44497680664062,68.73852258587847,67.87419058210683,68.03727502670311,63405500
2011-07-22,68.53467559814453,68.70590960894377,68.0046620098407,68.37159114426254,34540200
2011-07-25,67.72740936279297,68.29819551712662,67.47463628105126,67.69479247788522,49764900
2011-07-26,67.21373748779297,67.75190077690671,67.03434765107589,67.58066672032336,52205500
2011-07-27,65.2078628540039,66.78974870125461,65.1100121284596,66.77343713647763,97533300
2011-07-28,65.10179901123047,66.02320875743378,64.97949348831297,65.19964965059819,67439400
2011-07-29,65.0202865600586,65.37906616369285,63.715641939165295,64.18857755831294,93519600
2011-08-01,64.5962905883789,66.03955258956772,63.98473773310549,65.79493518008077,93483200
2011-08-02,62.58222198486328,64.97135461697049,62.46806598641737,64.35164618181028,95669600
2011-08-03,62.99809646606445,63.07147981863062,61.057431528821134,62.53331657003434,114910400
2011-08-04,59.19829559326172,62.14190286206385,59.19013981599477,62.027746864467815,130904800
2011-08-05,58.16273880004883,60.21755308247129,56.801016315771,59.948468408274415,188585600
2011-08-08,53.099090576171875,58.22798053702681,53.06647368202059,56.27101043520531,170159700
2011-08-09,56.63792037963867,56.768387911951486,51.9901202985786,54.56679496193037,207867000
2011-08-10,53.865570068359375,56.72763899050116,53.710647585203596,54.91744165890785,182376400
2011-08-11,56.55641555786133,57.43705327157069,53.87373595395517,54.232515664215605,121880100
2011-08-12,56.907039642333984,57.56751481889804,56.099791513084796,57.07011793596719,86475800
2011-08-15,58.51338577270508,58.570463797026285,57.388124406032745,57.55120891912051,57616800
2011-08-16,57.43701934814453,58.22796166714279,56.80100567089814,57.55932488528081,79484300
2011-08-17,57.45334243774414,58.31766834617976,56.88256235123691,57.869200055648754,66789100
2011-08-18,54.18356704711914,57.404415018496934,53.669865015700516,55.49636734844698,110692200
2011-08-19,53.22954177856445,54.966355289874926,52.919690674784,53.00938556133221,99196100
2011-08-22,53.042015075683594,54.78697855858106,52.650618548390696,54.729900546375504,72211900
2011-08-23,55.60236740112305,55.69206228500828,52.887072216674056,53.3763130790257,93274300
2011-08-24,56.425941467285156,56.7765653563138,55.05606281027059,55.54531007573375,67698000
2011-08-25,55.03973388671875,57.31471030056063,54.83588302047165,57.061937217145335,80732900
2011-08-26,56.3525390625,56.523773059118746,53.86555578081873,54.84404375997125,84468500
2011-08-29,59.018924713134766,59.07600273020498,57.110882810184066,57.135343928780266,53069800
2011-08-30,59.361385345458984,59.7446198168055,57.99150703068575,58.62752085164549,67801600
2011-08-31,59.23908615112305,60.25018510138096,58.627533313130115,59.687554499695565,70313900
2011-09-01,57.967044830322266,60.03817093137901,57.640888333996685,59.27984525745286,86788800
2011-09-02,55.822540283203125,57.110879708284855,55.528994433917745,56.556404906416574,78920100
2011-09-06,55.66759490966797,55.70021179660344,53.75955368170591,53.75955368170591,71493900
2011-09-07,57.77132797241211,57.852867065843434,56.31991095781875,56.58899556507277,68952400
2011-09-08,56.711326599121094,58.13828299299222,56.40962500770103,57.35549001098536,71124100
2011-09-09,55.03973388671875,56.368839295077386,54.42818128797743,56.01821555629097,99453600
2011-09-12,55.512691497802734,55.65130864900774,54.11835176389052,54.12650132264102,100109900
2011-09-13,56.409645080566406,56.63795718946281,55.30885100065109,55.887787054220794,84144100
2011-09-14,57.420738220214844,58.21983673876935,55.806242064230815,56.94780248925478,77019200
2011-09-15,58.22797393798828,58.25243505057042,57.07009610046904,57.950733479640604,74213100
2011-09-16,58.31766891479492,58.733526536754276,57.79581105317536,58.42367537549154,75773300
2011-09-19,57.27394485473633,57.901809085660325,56.629775289713564,57.15978885293842,69216200
2011-09-20,56.385162353515625,58.1301256269668,56.35254546173646,57.477800233455554,63453200
2011-09-21,54.2977294921875,56.77655749106188,54.256963039737876,56.29547229331518,81413800
2011-09-22,52.78108215332031,53.75140828768606,51.76998023663239,52.43045832732904,159808200
2011-09-23,53.32133865356445,53.640578594076835,52.47003006381241,52.59281609750727,84086000
2011-09-26,54.32817840576172,54.418221083727865,52.61737376956235,53.894333573217,75555800
2011-09-27,55.498714447021484,56.80022991540632,55.06486971240398,55.53963895357762,93999600
2011-09-28,53.370452880859375,55.76066820549881,53.28859760323606,55.49054016870024,85412600
2011-09-29,54.29541778564453,54.8602233872413,52.69103113988539,54.62284503369147,73927200
2011-09-30,52.63374328613281,54.17264356791641,52.58462512889308,53.32952243632169,72124900
2011-10-03,49.92427444458008,53.17397496248782,49.809672736029164,52.232627204434856,119485000
2011-10-04,53.034828186035156,53.108496039869955,49.18757198269421,49.37584156184229,165100000
2011-10-05,53.763362884521484,54.13171472850535,52.32268637587301,53.026652951396876,100371000
2011-10-06,54.95844268798828,55.097597211520856,53.32950041007014,53.62418425117094,85789700
2011-10-07,53.61601257324219,55.34318538628277,53.370440551943595,55.15491267059973,93662300
2011-10-10,55.96529006958008,55.97347122288863,53.6487496716007,54.81929784570841,76366700
2011-10-11,56.350013732910156,56.579217187506785,55.28588293976875,55.43322489514593,63173300
2011-10-12,57.152217864990234,57.733398365378186,56.333652724417384,56.78386604979501,88580000
2011-10-13,57.103092193603516,57.397776072805726,56.13718531069736,56.82477686539925,54163300
2011-10-14,58.232704162597656,58.39641463800292,57.14401139020511,57.77430983533946,69768200
2011-10-17,56.464637756347656,57.807084363344266,56.17813490210368,57.71704167975176,57529900
2011-10-18,57.96260452270508,58.35551859849629,55.539652083271825,56.652901345329994,98948000
2011-10-19,56.832977294921875,58.24091031946158,56.53829334815048,57.798884399304484,71071600
2011-10-20,56.988494873046875,57.078537518432434,55.45777614664743,56.939376728647,90998600
2011-10-21,58.22452926635742,58.249091463580726,57.31592156892098,57.76613484067982,60408600
2011-10-24,60.099056243896484,60.230029675225275,58.249103365054275,58.48648178031307,81399100
2011-10-25,58.41281509399414,59.706149651395776,58.24910454666912,59.66521889198599,66767900
2011-10-26,59.419647216796875,59.7880053184374,57.74159223762488,59.42783461776412,76643400
2011-10-27,62.55474853515625,63.00496187486632,59.46876060482368,61.629772145118814,130508100
2011-10-28,62.23551559448242,62.964038174817226,62.01450572259232,62.456531711529834,82397500
2011-10-31,60.581993103027344,61.75254121983488,60.51650640883346,61.26958465659854,66969200
2011-11-01,58.43737030029297,59.7307048410672,58.08538700742801,58.265472354264546,110064900
2011-11-02,59.8780403137207,60.000826331852494,58.797534595442336,59.44420179545719,63821300
2011-11-03,61.367828369140625,61.55609485044562,59.174073586169456,60.79482903502617,74622200
2011-11-04,61.06495666503906,61.24504199055221,60.205467036666676,60.72116081369011,65262500
2011-11-07,60.94218826293945,61.28599045881795,59.673415708092655,60.983119028807245,67136100
2011-11-08,61.83440017700195,61.916255427080756,60.13178349667974,61.506972931531486,72278500
2011-11-09,58.887596130371094,60.50835210460318,58.78936603535527,60.01721411984068,78806400
2011-11-10,59.3214225769043,59.94353389363211,58.633824543645765,59.85349121969162,72175100
2011-11-11,60.884864807128906,61.00765081091006,59.370520747576236,60.03355642477665,62452000
2011-11-14,60.00898742675781,60.79480893689733,59.56696165633792,60.65565441060428,61114200
2011-11-15,60.7702751159668,61.09770242569104,59.2886741897813,59.689769365486335,65795300
2011-11-16,59.788021087646484,61.294178514701095,59.68160982763461,60.140004480188836,56938700
2011-11-17,58.93668746948242,60.11542321732203,58.339132195881476,59.714321819975645,78923500
2011-11-18,58.920310974121094,59.32140607225261,58.48646628167893,59.14132077447572,53462900
2011-11-21,57.51239013671875,57.99534058551333,56.980321531407206,57.74158738327595,58233500
2011-11-22,57.029415130615234,57.815236685836766,56.72655011426747,57.405954235503394,55404700
2011-11-23,55.23680114746094,56.554685820162184,55.14675844535926,56.39916262620754,69700300
2011-11-25,54.532814025878906,55.695175071685924,54.532814025878906,54.8847972997677,28167900
2011-11-28,57.12767028808594,57.2340815237099,56.40733510699701,56.55467085855757,59167100
2011-11-29,57.021240234375,57.44689128155527,56.57921439009822,57.168575937312,58157100
2011-11-30,60.35279083251953,60.401902726448796,57.01304465193314,59.39506518481821,93802900
2011-12-01,59.91896438598633,60.688417598521106,59.804365768607475,60.139980466042864,57394700
2011-12-02,60.16453552246094,61.08951184754323,60.00900615327263,60.64748593918396,47671500
2011-12-05,61.19594192504883,61.7116358018742,60.680241803066,61.34328392487857,58429900
2011-12-06,61.253231048583984,61.629770264324684,60.6474883472496,61.23685624846337,43597000
2011-12-07,61.13045120239258,61.44150373937952,59.86167260662611,60.803023863631196,55904400
2011-12-08,59.23136520385742,60.721153286855596,59.11676660094645,60.49195608103364,71486700
2011-12-09,61.015846252441406,61.36782951225973,59.24774255331035,59.345972618314214,72184900
2011-12-12,60.13995361328125,61.06492953916353,59.345944800858994,60.156322160531204,47638600
2011-12-13,58.887596130371094,60.958565566977825,58.56835612801755,60.762111622104484,79040300
2011-12-14,58.15087890625,58.84665815318283,57.7743396225588,58.322776867598755,77704900
2011-12-15,58.69110870361328,59.02672335530025,58.15085904463516,58.985792606748774,50096100
2011-12-16,59.149539947509766,59.984473941445145,58.715701267169706,59.165908508302806,66225600
2011-12-19,58.12629699707031,59.918949933776645,57.978955060956324,59.69794015218304,52897500
2011-12-20,60.45920944213867,60.54925208883581,59.354147976948056,59.38689132530657,74174400
2011-12-21,60.70478820800781,60.89305467563933,59.534239915445696,60.189088220243605,59194600
2011-12-22,61.091373443603516,61.42039786396157,60.852837171353244,61.00089784673342,41502800
2011-12-23,61.321712493896484,61.42864279400068,60.935109159920394,61.32171249389649,24333600
2011-12-27,61.502685546875,61.82348907944408,60.935124548381,61.08318530355818,26922400
2011-12-28,60.38398742675781,61.609597122758885,60.26882353007064,61.59314244796657,37827500
2011-12-29,60.99268341064453,61.23122600896643,60.5402739525133,60.64721052022805,27090500
2011-12-30,60.663673400878906,61.29704051782472,60.614321912073734,60.96802222496135,31979800
2012-01-03,61.66718673706055,62.40749034192013,61.50267133841354,62.25120228211067,60504700
2012-01-04,61.32992935180664,61.57669928973715,60.92687764376567,61.346384027999456,34648500
2012-01-05,61.6754264831543,61.97154170904691,60.35110706683103,60.89399230252652,57274600
2012-01-06,61.51912307739258,62.00442936007199,61.09138933696348,61.70830793227353,45499800
2012-01-09,61.831668853759766,61.93860538507866,61.20652943880672,61.806993123645576,52042400
2012-01-10,62.73649215698242,62.868104441430134,62.4815012003889,62.646016555948535,42977600
2012-01-11,62.98328399658203,63.06553856521068,62.40749574056015,62.473295630090284,33445800
2012-01-12,63.17247772216797,63.27118069828879,62.465077107068105,63.164250382284045,36131400
2012-01-13,62.83522415161133,62.90925765735924,62.18540238169695,62.66248767236139,42600400
2012-01-17,62.81053161621094,63.5590561595137,62.62134050820885,63.41922280068853,34518400
2012-01-18,63.92921829223633,63.937445630636006,62.63780229078591,62.77763566547827,49330800
2012-01-19,64.32402801513672,64.455640297051,63.87985225272355,64.26644921070397,35830500
2012-01-20,64.36517333984375,64.57904020971218,64.07727925095577,64.24178836585733,42221200
2012-01-23,64.2829360961914,64.85049708840157,63.78940234293913,64.37341801644358,37481400
2012-01-24,64.65303802490234,64.776422942774,63.55903470905394,63.89628639952864,49856900
2012-01-25,65.20416259765625,65.45093248027263,64.3158048265987,64.65305030551434,68272900
2012-01-26,65.13018035888672,65.73065080743974,64.77647996330028,65.68952037340426,52755700
2012-01-27,65.57433319091797,65.62368466906177,64.79289922512584,64.81758123981805,52203500
2012-01-30,65.0643310546875,65.33577667793135,64.5872459487957,65.04788265734801,46332400
2012-01-31,64.99852752685547,65.65657640802827,64.63660629026774,65.52497039716525,52024000
2012-02-01,66.39689636230469,66.54495708365258,65.36869865172793,65.60724127365623,67292200
2012-02-02,66.77527618408203,67.06317030437748,66.41334856106994,66.66011853596385,46400100
2012-02-03,68.231201171875,68.45329540345216,67.64718559445758,67.8363767444818,72738000
2012-02-06,68.00910949707031,68.21474903881574,67.75411847350465,67.91862759665267,34516000
2012-02-07,67.9679946899414,68.26411620012018,67.5155913595621,67.9515462840969,41623400
2012-02-08,68.11603546142578,68.44505996238792,67.39218657980538,68.1078143987265,46697400
2012-02-09,67.7787857055664,68.29699502648616,67.31814892246219,68.28876768867536,48712500
2012-02-10,66.84931945800781,67.17834407830661,66.69303762697345,67.03851065425698,42503000
2012-02-13,67.71297454833984,67.80345643070926,67.12895911934969,67.54023812080356,38574100
2012-02-14,67.4086685180664,67.5485082365923,66.92336200130276,67.37577169966167,49375200
2012-02-15,66.84931945800781,67.80349022931206,66.62723144778916,67.79526288800837,59836600
2012-02-16,68.10781860351562,68.19007316492923,66.857526677794,66.8904297574836,61456800
2012-02-17,68.09959411621094,68.52732161884433,67.96798179194157,68.51087321612117,33292000
2012-02-21,67.63898468017578,68.30525502214437,67.3099600422522,68.2065457480804,39889400
2012-02-22,67.10430908203125,67.74590356590905,67.03850291044841,67.42510632397016,42626900
2012-02-23,68.10781860351562,68.14894274641205,66.84107827575959,67.21122693993121,53177500
2012-02-24,67.97618865966797,68.29698575893826,67.8363553139592,68.1324766787655,37607700
2012-02-27,67.86105346679688,68.23120215727637,66.83285568699692,67.31816202676431,51807700
2012-02-28,67.6800765991211,68.32167088586428,67.31814904224237,67.90217079106758,47680600
2012-02-29,66.66834259033203,68.2394254411728,66.60253643018665,67.90217985276418,64213200
2012-03-01,67.0138168334961,67.7541204606156,66.92333493042477,66.93978333297366,69526300
2012-03-02,66.01028442382812,67.15363962706353,65.67303260637453,66.97267584946599,70789500
2012-03-05,66.08433532714844,66.1336930959453,65.32758314556699,65.7964411575927,44334800
2012-03-06,64.76821899414062,65.49207409335621,64.49677960755467,65.32755871825272,80769300
2012-03-07,65.37691497802734,65.44271485094865,64.80112059172284,64.90805715200696,57456300
2012-03-08,66.22415924072266,66.37221996059655,65.26998876250846,65.80465282180981,43803100
2012-03-09,67.12074279785156,67.57315228394705,66.18302702269052,66.2323785027662,61462900
2012-03-12,66.98912811279297,67.39217979117016,66.66833098246543,67.23589175694197,34084200
2012-03-13,68.3216781616211,68.34635390210516,66.95623489133078,67.49912000884214,60998100
2012-03-14,67.76231384277344,68.46149304009138,67.45797145278735,68.23939890487182,46707700
2012-03-15,68.32991790771484,68.37104833307055,67.474456520415,67.65542035098521,58740500
2012-03-16,68.27230072021484,68.4943885757435,67.9844067313376,68.45326444911434,42045800
2012-03-19,68.84808349609375,69.41565037101039,68.06665611738,68.18181370423008,66822800
2012-03-20,68.231201171875,68.51910156655808,67.92685864984713,68.37104083738033,43829100
2012-03-21,68.2147445678711,68.6260236244058,67.97620196200651,68.43683249712687,40504700
2012-03-22,67.55669403076172,67.82813970805017,67.13719392108345,67.5237909539128,60102900
2012-03-23,68.21756744384766,68.30832668462928,67.03770360854304,67.6565131803142,46464800
2012-03-26,69.63674926757812,69.68625205038529,68.99318791164309,69.09219347725741,56454000
2012-03-27,69.14994049072266,69.85126340191547,69.10043771387976,69.65323970482447,41730700
2012-03-28,68.74560546875,69.32315844773994,68.15979993438725,69.1416462935255,48836000
2012-03-29,68.547607421875,68.66311805005768,67.67301885796128,68.25883085141831,45615600
2012-03-30,68.32484436035156,68.97665804455978,68.09382306364145,68.96840548543209,45904700
2012-04-02,69.16643524169922,69.1911866264093,67.97006585688877,68.10208163515425,52756800
2012-04-03,68.70436096191406,69.30667171200523,68.42383697889656,69.02614772898774,52012300
2012-04-04,67.60704803466797,68.01133541721278,67.20275435726317,67.96183263828974,65172400
2012-04-05,67.30998992919922,67.65652182289219,67.17797418215964,67.32648875015053,31978700
2012-04-09,66.20439910888672,66.47667694427376,65.88261850155989,66.08063588417815,50062200
2012-04-10,64.64498901367188,66.13838745363277,64.47172304337195,65.94036380626875,101228600
2012-04-11,65.56084442138672,65.65160370888495,65.05754520702737,65.1895610051556,54346800
2012-04-12,66.50140380859375,66.75718272397161,65.54431489980543,65.62682158756803,60728700
2012-04-13,65.62681579589844,66.34463713528339,65.5360565589122,66.31987946576842,53965200
2012-04-16,65.7341079711914,66.17139927009444,65.0822941558014,65.9156265393835,44725900
2012-04-17,66.68291473388672,67.28522544645372,66.2291185603872,66.27862760331374,46737700
2012-04-18,66.17961883544922,66.55915460932444,65.86609092525396,66.3446384946491,49008100
2012-04-19,65.80010986328125,66.82320698762318,65.38756998953026,66.270405067563,74260400
2012-04-20,66.17961883544922,66.80668095069609,66.05585566476338,66.2373741424551,46632000
2012-04-23,65.2637939453125,65.31330300093907,64.61198031747213,65.16478842377471,62477000
2012-04-24,65.75885772705078,65.94862885132275,65.0657937146335,65.2885624915221,44810200
2012-04-25,66.78195190429688,67.13673642162958,66.44366621097242,66.62518474935545,50263300
2012-04-26,67.4420166015625,67.54928099713463,66.68294474684059,66.79020284755383,43147600
2012-04-27,67.97004699707031,68.09381018113862,66.85619093016959,67.64002023269752,46796400
2012-04-30,67.21924591064453,67.95356635911286,67.18624196640499,67.9453137993383,38093600
2012-05-01,67.28523254394531,68.45684386747673,67.07071012158457,67.29347880625619,60493600
2012-05-02,67.4667739868164,67.50803049568384,66.47668072259233,66.75721113420013,52095800
2012-05-03,66.5179214477539,67.45851171403665,66.14663184062675,67.37600501073881,61487800
2012-05-04,65.25556945800781,66.46019171034536,65.13181250284882,66.06415056925542,75093300
2012-05-07,65.4288101196289,65.67633020501596,64.86775577995131,64.9832664121034,47361400
2012-05-08,65.38754272460938,65.42879921272515,64.33144209535105,64.92550027302293,62939600
2012-05-09,65.01627349853516,65.39580935039935,64.33145593556257,64.56247721105751,64431000
2012-05-10,65.2637939453125,65.63508353565224,64.87600553300236,65.44531246127535,45697800
2012-05-11,65.09878540039062,65.64333469402682,64.7027444001349,64.72749578236498,44862900
2012-05-14,64.23246002197266,64.73575919455787,64.0344426360756,64.43047740786972,51220200
2012-05-15,64.11691284179688,64.76047370060634,63.91889556866834,64.21592462578896,54317800
2012-05-16,63.65491485595703,64.67801215833805,63.613658343458916,64.33973267632159,52659400
2012-05-17,62.21101760864258,63.81992068594898,62.178013661562034,63.71266257908164,71665100
2012-05-18,61.62519836425781,62.631796500192365,61.46017866459598,62.20275157592949,77636200
2012-05-21,63.07733917236328,63.07733917236328,61.39418216052115,61.82322082543301,61384400
2012-05-22,62.69779968261719,63.55588325814734,62.26876104228114,63.05258417735698,59678300
2012-05-23,63.102088928222656,63.234098387445826,61.625195727446325,62.087238277013846,66981800
2012-05-24,63.234092712402344,63.31659940386933,62.33475907415516,63.06082677186455,54576500
2012-05-25,63.19285202026367,63.44037845141431,62.92882676463701,63.28361129202833,33847700
2012-05-29,64.10871124267578,64.28198357610076,63.3331403502726,63.80343568205029,51160000
2012-05-30,62.879329681396484,63.56414741395153,62.79682296183955,63.448636747599984,47891500
2012-05-31,62.79679489135742,63.19282948614494,61.93871154284261,62.928804324667794,59563900
2012-06-01,60.907386779785156,61.88923369481164,60.81662750386545,61.38593454466015,76127100
2012-06-04,60.76708221435547,61.34463511622044,60.18127675821971,61.130112769161514,50123200
2012-06-05,61.55094528198242,61.608700610052246,60.404084985411245,60.44534148897196,48270600
2012-06-06,63.0691032409668,63.12685857637627,61.905737677185144,62.03775346946935,48638400
2012-06-07,62.656558990478516,64.12519995614147,62.656558990478516,64.075697184895,57907100
2012-06-08,63.50638198852539,63.58063613586862,62.1697506826235,62.623547010359445,50420100
2012-06-11,62.103721618652344,64.24068046745148,61.955207079759525,64.18292516315184,52803000
2012-06-12,62.887596130371094,62.92060008445455,61.699478962809216,62.244034762895275,56599400
2012-06-13,62.161521911621094,63.1516216524316,61.88099774338418,62.780331889054935,62715800
2012-06-14,62.87104415893555,63.093819109287885,62.01296717158521,62.19447934150354,53619000
2012-06-15,63.712646484375,63.795153183804395,62.78855508413583,62.994824980138155,57935000
2012-06-18,63.78691101074219,64.0261848844447,62.994835236515954,63.201105166101705,45656600
2012-06-19,64.89252471923828,65.24730926967109,63.97668567730377,64.0674449549628,66897000
2012-06-20,64.79350280761719,65.24729912535841,64.33971278473402,64.90901345306803,54642300
2012-06-21,63.21759796142578,64.7934966429156,63.11033359024264,64.66148718704227,62486400
2012-06-22,63.935428619384766,64.14169855867353,63.24236464490683,63.5888966321458,41001200
2012-06-25,62.93707275390625,64.02617760652502,62.706051466208024,63.036084575001766,48620100
2012-06-26,63.183311462402344,63.49840290373513,62.53655414237144,63.09210144792402,42495600
2012-06-27,64.21150207519531,64.2280828402686,63.31598893431629,63.37403110125539,38510400
2012-06-28,64.10371398925781,64.1534689437287,63.1169970123224,63.66425090252116,58183700
2012-06-29,65.96936798095703,66.1103329811296,65.14019037908025,65.45528191651218,71660200
2012-07-02,66.73222351074219,66.75709782935037,65.73720648354833,66.26787970093555,53370400
2012-07-03,67.60285186767578,67.66089404933696,66.69075773037572,66.79854854599697,32322500
2012-07-05,67.5282211303711,67.8598870866931,67.18825530118164,67.67747334116504,42819900
2012-07-06,66.77369689941406,67.02245280591639,66.4586115671532,66.97269782894062,38530600
2012-07-09,66.51665496826172,66.77369810379165,66.21815040552508,66.68248802483735,34636100
2012-07-10,65.7786636352539,67.13022090973006,65.48845272676189,67.0058429986268,49990800
2012-07-11,65.55476379394531,66.04398175381438,65.13188787104812,65.82839385661167,40171300
2012-07-12,65.33091735839844,65.58796044313588,64.33590023718611,65.0407064036748,55502600
2012-07-13,66.14349365234375,66.40883022842591,65.52161045907712,65.56307186907742,42114800
2012-07-16,65.878173828125,66.2347205359741,65.59625641202899,66.0191388622976,31922600
2012-07-17,66.11033630371094,66.4585893957322,65.21482293040766,66.31763071459837,43662500
2012-07-18,66.51665496826172,66.92295038515996,65.96110726999515,66.00256237107627,46045000
2012-07-19,66.29275512695312,66.94780627444756,66.17667075409324,66.79026681192278,49405400
2012-07-20,65.44702911376953,65.8864925041761,65.34752546219319,65.77870162623033,42314300
2012-07-23,64.4022216796875,64.70072611716995,63.995926433273084,64.26955655531916,47367200
2012-07-24,63.55645751953125,64.659265128058,63.19991093655352,64.63438448877106,55609200
2012-07-25,63.697425842285156,64.1617632947987,63.40721493446419,63.846678070039275,37217500
2012-07-26,64.24469757080078,64.82511948990074,63.846689450471914,64.65928646333631,44745100
2012-07-27,65.77037048339844,66.10204280629554,64.170057377084,64.53489756488317,67297100
2012-07-30,65.54647064208984,66.25956365388492,65.28942136734074,65.93617867428952,34785200
2012-07-31,64.96607208251953,65.8947533918255,64.96607208251953,65.28116365991963,48933500
2012-08-01,63.89643859863281,65.50504553875447,63.879857826294995,65.43042257404755,63601100
2012-08-02,63.66425323486328,64.10371633769968,63.22479013202688,63.24137090004287,43374800
2012-08-03,65.18167114257812,65.52163077070031,64.38566116756951,64.62612350264372,52414100
2012-08-06,65.68746185302734,66.02742143828182,65.16507582589671,65.25628588377272,34662800
2012-08-07,66.28446197509766,66.80684160623674,66.03570615486574,66.20983269857877,50064000
2012-08-08,66.1849365234375,66.49173442358354,65.95276787516318,66.00251649233019,28011700
2012-08-09,66.50004577636719,66.65759155606705,66.07716972473625,66.13521190786933,24045900
2012-08-10,66.26788330078125,66.37568045543757,65.91963016910107,66.14350537486001,26068400
2012-08-13,66.16009521484375,66.34251533694038,65.41383395450498,66.16838876388206,31544800
2012-08-14,66.0025405883789,66.68246601774547,65.72891044182171,66.58296874708722,26052900
2012-08-15,66.58297729492188,66.58297729492188,65.76208674986543,65.8201289405753,27061400
2012-08-16,67.27947998046875,67.41215145277175,66.19325918701487,66.4834701250227,46037700
2012-08-17,67.7520980834961,67.87647598348255,67.15508922445935,67.3458028479216,33453500
2012-08-20,67.60285186767578,67.71064900942037,67.14680796208742,67.65260050163585,32657000
2012-08-21,67.5614013671875,68.58128638933411,67.3209390765201,67.93452879946089,43743800
2012-08-22,67.23799896240234,67.57796476647786,66.98924951353645,67.38725116217074,37611400
2012-08-23,66.7654037475586,67.21316058626108,66.50006706456365,67.21316058626108,32208500
2012-08-24,66.94779968261719,67.22142981718349,66.42542005618236,66.6161273673359,25676100
2012-08-27,67.14682006835938,67.50336677031139,66.81514768787213,67.35411451539835,23628400
2012-08-28,67.45356750488281,67.58623890040295,66.95606242392293,67.13848242970296,28505600
2012-08-29,67.66089630126953,67.9594007672116,67.27947533392657,67.5945605696994,30858800
2012-08-30,66.98926544189453,67.37068641507891,66.86488752482657,67.31264423059702,24562900
2012-08-31,67.26290130615234,67.60286089380872,66.61613734770084,67.56140580201483,34088500
2012-09-04,68.08377075195312,68.32423300629308,66.7902557676223,67.31263535911216,69560700
2012-09-05,68.10034942626953,68.41544094177719,67.86818072607817,68.15839160131738,35103700
2012-09-06,69.35240936279297,69.60116515676025,68.42372823492076,68.47348318938779,46332500
2012-09-07,69.86652374267578,69.98260812948861,69.4021798692998,69.5348513548714,32012900
2012-09-10,69.55142211914062,70.02405314776033,69.47679916383822,69.8001779557294,30671300
2012-09-11,69.7006607055664,70.11524946793807,69.50995341750402,69.55970204462943,33164100
2012-09-12,70.05722045898438,70.18989192441292,69.56800866399483,70.05722045898438,29751700
2012-09-13,70.9776382446289,71.43368869249089,69.80850050957798,70.18162809337318,69437600
2012-09-14,71.64094543457031,72.10528286316041,71.16831445872025,71.19318877437715,46040200
2012-09-17,71.30927276611328,71.49169284815976,70.95272614923779,71.29269199780131,30183000
2012-09-18,71.07710266113281,71.22635487750964,70.77859822837915,71.09368342912008,32991100
2012-09-19,70.9527359008789,71.33415688570577,70.82007075778097,71.2595339288614,29342000
2012-09-20,70.63764953613281,70.81177609214613,70.1567249569777,70.59618812112423,34939800
2012-09-21,70.89468383789062,71.37560835763355,70.86980952240788,71.3424404949489,38826000
2012-09-24,70.66328430175781,71.11278646327828,70.42188463997176,70.66328430175781,54635300
2012-09-25,69.64773559570312,71.17937313141525,69.57282175223283,71.11277881447481,74752200
2012-09-26,69.2065658569336,69.86417050919304,68.95684032035459,69.79757618600075,42167400
2012-09-27,69.95574188232422,70.21378696748471,69.14830311171718,69.49791381111876,33252800
2012-09-28,69.45629119873047,69.92243875820087,69.30645714736009,69.73930754532773,43944300
2012-10-01,69.68936157226562,70.37193747274974,69.34807044663162,69.8891381807336,43705600
2012-10-02,69.82255554199219,70.12222368021925,69.39803097182464,70.04730982105497,25792500
2012-10-03,69.62275695800781,70.10555617863666,69.23152332580109,69.87248244475596,38568500
2012-10-04,70.09725952148438,70.13888257022016,69.25652347314904,69.88915697937661,43327200
2012-10-05,70.01399993896484,70.962946754065,69.7892457007242,70.40523362341177,40981400
2012-10-08,69.57283782958984,69.83920880812279,69.41467787800353,69.6061349957546,21062200
2012-10-09,68.7570571899414,69.67270681937437,68.62387490695401,69.60611885327248,45221200
2012-10-10,68.64886474609375,68.94853290230486,68.4074650452134,68.81534423252867,32465600
2012-10-11,68.89859008789062,69.4563097535733,68.75708187678892,69.17328698058398,38978500
2012-10-12,68.34088897705078,69.10670498060162,68.18273532790057,68.87363109698067,31847100
2012-10-15,68.79035949707031,68.79035949707031,68.05784100885455,68.54063396545054,34413700
2012-10-16,69.29814910888672,69.38971473889526,68.99015504878655,69.15664089915927,29234800
2012-10-17,69.92242431640625,70.0472870585564,69.29811695643834,69.43962510050984,35466500
2012-10-18,69.5395278930664,70.04729846995714,69.46460769525791,69.87249314278255,31431700
2012-10-19,68.13276672363281,68.99014812697699,67.81645316583925,68.96517683962291,53565500
2012-10-22,68.1161117553711,68.23264864719062,67.71655216142968,67.9579518232799,30682000
2012-10-23,67.77483367919922,67.86639930482988,66.9507493993087,67.5500857304238,40737600
2012-10-24,67.59168243408203,68.13275014799932,67.35028914786308,68.00788739082091,24472200
2012-10-25,67.86639404296875,68.37416470908438,67.3170066825657,68.15773630612075,27794000
2012-10-26,67.54175567626953,68.17438913676806,66.97571654862035,67.79148124906202,41402800
2012-10-31,67.94965362548828,67.96630538869404,67.32534587179688,67.55842610116932,24879800
2012-11-01,68.6655044555664,68.84863568591713,67.85806567672084,68.10779123643269,77113300
2012-11-02,67.5833740234375,69.04841113955942,67.56672226599028,68.99846856878709,39322100
2012-11-05,68.03286743164062,68.12442668264396,67.35861105931818,67.57503942270463,26861600
2012-11-06,68.54063415527344,68.73209124348338,68.2326465296447,68.28258909579334,27342500
2012-11-07,66.87579345703125,67.73318079816781,66.51786337631975,67.73318079816781,65095500
2012-11-08,65.93517303466797,67.00898233353526,65.88523048381252,66.73428560226596,42653100
2012-11-09,66.07669830322266,66.5678234669027,65.51065929382644,65.65217380926335,33030000
2012-11-12,65.88523864746094,66.30976943468112,65.78534718259061,66.22652337189771,20155100
2012-11-13,65.51065063476562,66.22652359175542,65.41076552034666,65.58557082136282,34408200
2012-11-14,64.29535675048828,65.84364010245838,64.14552267285295,65.66050885748348,54653100
2012-11-15,63.96240997314453,64.5034779854153,63.504588078751674,64.17051256626505,55966400
2012-11-16,64.49513244628906,64.66161191333698,63.37137381596955,63.91244161005217,62748300
2012-11-19,65.86027526855469,65.91021783158874,65.11110506912539,65.19434479111004,45621100
2012-11-20,65.97681427001953,66.05172811697838,65.46071781587314,65.7437405006579,36928500
2012-11-21,66.3264389038086,66.36806195030353,65.86861079550532,66.1016909647776,19254500
2012-11-23,66.98402404785156,67.05893788866226,66.4762535130789,66.509550670367,20093300
2012-11-26,67.20047760009766,67.25042017937037,66.65108382495477,66.88415766260844,31180700
2012-11-27,67.11720275878906,67.61665374078028,67.06726020090316,67.15882579088269,39942000
2012-11-28,67.6832504272461,67.6832504272461,66.28480146909526,66.8591663619666,51316900
2012-11-29,68.4573745727539,68.59888905377042,67.94128460348018,68.21597498841074,53043500
2012-11-30,68.32421112060547,68.59890793191373,68.03286890442277,68.5905820540845,35722500
2012-12-03,68.2492904663086,68.89024968841765,68.04951385522835,68.84862665033329,24959800
2012-12-04,68.33255004882812,68.52400718855526,67.80813391080551,68.31590463922767,37225000
2012-12-05,68.2492904663086,68.68214719956374,67.75817164098967,68.6571759170267,40376100
2012-12-06,68.35752868652344,68.515682307785,67.9329977014826,68.24099176526296,31829500
2012-12-07,68.40746307373047,68.71545710062261,68.1161208054731,68.67383405482079,24123400
2012-12-10,68.7071533203125,68.80704485189497,68.4324563715511,68.56564508032773,29173000
2012-12-11,69.43128204345703,69.5561383925083,69.02339680062047,69.18155664379304,40262100
2012-12-12,69.04007720947266,69.75595021153595,68.89856270383068,69.64773286305775,40570000
2012-12-13,68.59893035888672,69.26485473490224,68.34920474863961,69.07340393772739,33439300
2012-12-14,68.55728912353516,68.93187108876975,68.35751249879566,68.44075222987175,28508000
2012-12-17,69.52289581298828,69.53122169305303,68.6904856285135,68.8236743064066,35849400
2012-12-18,70.47183227539062,70.56339153088524,69.49790776776929,69.68103898032687,53500700
2012-12-19,70.62885284423828,70.96469579634204,70.32658906270994,70.59526726786916,49010900
2012-12-20,70.98149108886719,71.04026424548631,70.40215111234042,70.64564173427496,50304600
2012-12-21,70.68762969970703,70.68762969970703,69.75565072553384,69.91517421439104,54923200
2012-12-24,70.34335327148438,70.50288310023853,70.11665872001551,70.43571197173242,10103000
2012-12-26,69.8395767211914,70.53646270755833,69.7556160205451,70.50287714614163,24671600
2012-12-27,69.78922271728516,70.04950288985052,68.89082949613497,69.90676901494648,35567700
2012-12-28,69.29385375976562,69.99913805550807,69.28545576418232,69.4281960659237,34262200
2012-12-31,70.79674530029297,70.88910399600124,69.14269317543337,69.40297968415263,67461100
2013-01-02,72.8790283203125,72.97138704514207,72.24091524125177,72.4927974315017,116410600
2013-01-03,72.71109771728516,73.28203962847002,72.51798868594207,72.92100273748852,45872900
2013-01-04,73.24846649169922,73.4163943798462,72.76149163055784,73.05535742757262,29852500
2013-01-07,72.97138977050781,73.10572566249972,72.72789916011705,72.87903104222879,23693400
2013-01-08,72.92098999023438,73.05533225446084,72.53476558927088,72.9461775633289,23760000
2013-01-09,73.27363586425781,73.34080700282391,73.01335570955459,73.063730860583,27425500
2013-01-10,73.44158935546875,73.62630684813018,73.00498320812453,73.55913568610883,39753000
2013-01-11,73.3323974609375,73.5003252809081,73.04692977567447,73.38277900982435,27322400
2013-01-14,73.3744125366211,73.48356086214503,73.08894472873045,73.18130346794074,24351900
2013-01-15,73.69344329833984,73.79420000267072,72.85382331295887,72.90420486802037,34704100
2013-01-16,73.47514343261719,73.67665042648672,73.29882401225737,73.52551857963661,20881400
2013-01-17,74.15523529052734,74.31476513424269,73.7438232999789,73.81099443478452,34219400
2013-01-18,74.36516571044922,74.40714928550635,73.97894116194148,74.17205023329826,23256900
2013-01-22,74.90251159667969,74.9444951658154,74.205625346104,74.42392837518175,31589000
2013-01-23,74.72618865966797,74.96967925658002,74.65062592569163,74.92769568939784,32818900
2013-01-24,74.96969604492188,75.43988135484689,74.66743222974311,74.85214971744062,39814600
2013-01-25,75.5154037475586,75.5154037475586,74.96964961890764,75.33908436552498,34620300
2013-01-28,75.56580352783203,75.75891895539631,75.04523679744388,75.57420152184592,42633600
2013-01-29,75.60779571533203,75.70015444264092,75.27194638018997,75.53222657217326,37055100
2013-01-30,74.70099639892578,75.5825936023503,74.46590381134591,75.54061644359251,39299300
2013-01-31,75.21318817138672,75.29714892040641,74.52469978015392,74.61705852581395,36924200
2013-02-01,75.87648010253906,76.15354990131327,75.43987400943911,75.5322327442951,33925100
2013-02-04,74.9612808227539,75.71694018705445,74.85213251682998,75.41467644133424,27006300
2013-02-05,75.63297271728516,75.88485487907137,75.22155429652064,75.32231100471054,26551000
2013-02-06,75.9520492553711,76.00242442198213,75.2047877236005,75.27195888294477,24297800
2013-02-07,75.7001724243164,76.02762384226895,75.18800350786861,75.8932815139834,30206500
2013-02-08,76.23749542236328,76.28787057043499,75.76730388579008,75.80088945310189,25189600
2013-02-11,76.1535415649414,76.19552513284148,75.78411307175178,76.16193955968004,15722100
2013-02-12,76.48937225341797,76.60691852794521,76.13673342983623,76.18710857440747,19792700
2013-02-13,76.80846405029297,76.86723721214408,76.38865392112952,76.56497340668287,22591300
2013-02-14,77.00155639648438,77.14429027200524,76.53976919818874,76.55655878115886,22359300
2013-02-15,77.02677154541016,77.27026222328716,76.80007686230817,76.96799837528778,29339100
2013-02-19,77.70684814453125,77.71523973393558,77.13590618115845,77.14429777056279,21162300
2013-02-20,76.2626953125,77.81599121821746,76.18712617239636,77.77400765084955,41753800
2013-02-21,75.5238037109375,76.25427529392871,75.03682906140118,76.2122917386866,45067400
2013-02-22,76.43061065673828,76.43061065673828,75.8764647654072,75.91005033545643,24762300
2013-02-25,74.74298858642578,76.85043711591065,74.70101141922754,76.82524953443293,53492800
2013-02-26,75.0368423461914,75.381083218116,74.54986120464704,75.07042791517298,47522800
2013-02-27,75.82610321044922,76.2794989170314,74.98648295510316,75.02846653018813,41192300
2013-02-28,75.96883392333984,76.44741715218471,75.71694531624534,75.81770204024181,31208800
2013-03-01,76.31307983398438,76.455813731283,74.90251763494227,75.4650616342678,49278200
2013-03-04,76.51457214355469,76.54815771393953,75.73372524803663,76.12834769281784,27577000
2013-03-05,77.40457916259766,77.53891504774799,76.90919997198534,76.91759796661756,35612300
2013-03-06,77.60609436035156,77.74882825515517,77.34581415149866,77.63967993662189,28483000
2013-03-07,77.97550201416016,78.03427515062329,77.51370850924165,77.64805076732392,27907700
2013-03-08,78.69758605957031,78.71437564115848,78.01748949809195,78.58843135897418,38066100
2013-03-11,78.67240905761719,78.71439262933697,78.36175368774802,78.43731642989123,26716100
2013-03-12,78.51288604736328,78.71439310007725,78.23580984626052,78.48769846649826,21489000
2013-03-13,78.80673217773438,78.94106804410627,78.29456347524527,78.53805403919847,28662200
2013-03-14,79.59601593017578,79.60440752194496,78.81516870736056,78.94950463941515,24747300
2013-03-15,79.55400085449219,79.73032029877272,79.25173711978479,79.47004012947184,35361700
2013-03-18,79.1174087524414,79.43646210012722,78.64721711725988,78.70599027093341,36700800
2013-03-19,78.78153991699219,79.52040315256815,78.09305182758521,79.26852101593148,51516400
2013-03-20,79.51200866699219,79.54559423451693,79.14258023580409,79.22654095171993,27958600
2013-03-21,78.81513977050781,79.31891054089556,78.53806360476705,78.95787364772231,37122600
2013-03-22,79.05863952636719,79.23495899614724,78.87392206113276,79.13420226807565,33429900
2013-03-25,79.10411834716797,79.75244736340126,78.53999257633018,79.24726001005688,36680500
2013-03-26,79.35671997070312,79.55879363933683,78.93572941382936,79.43249518751347,26348000
2013-03-27,79.40719604492188,79.46613443569575,78.5062769723482,78.85149213531147,28461800
2013-03-28,79.50823974609375,79.70189813840956,79.26406456613168,79.3735197472996,24160700
2013-04-01,78.4389419555664,79.54193485403343,78.06004670484259,79.37353482355473,59660300
2013-04-02,77.9505615234375,79.07881238660487,77.88320153715239,78.96093562250684,47917200
2013-04-03,76.72969818115234,78.28736760103943,76.5528830066155,78.25368760248915,65441400
2013-04-04,77.386474609375,77.41173301085331,76.58658882766676,76.83918569005989,37706300
2013-04-05,77.23486328125,77.25170006242081,76.13186461244689,76.21606136590195,46418300
2013-04-08,77.87481689453125,77.90007529542606,76.89812232503729,77.45382641613793,28886500
2013-04-09,77.64744567871094,78.16105431706802,77.49588892601865,78.00107596039237,36828400
2013-04-10,79.0535659790039,79.23038115194893,77.84111173732046,77.89163494659249,50119600
2013-04-11,79.16304016113281,79.62613221845699,78.9357081481401,79.00306816080622,32619000
2013-04-12,78.8430404663086,79.0956371440524,78.23681357876374,78.89355723233722,41931800
2013-04-15,75.87088775634766,78.43051006995213,75.60145416669474,78.35472846021665,100204000
2013-04-16,77.18436431884766,77.29382591412048,76.19082689907826,76.46026044899186,58061700
2013-04-17,75.84563446044922,76.63709206987814,75.12995204204697,76.55289527191385,77710600
2013-04-18,75.42462921142578,76.08979470497772,75.04573405940619,75.9045579316085,58516600
2013-04-19,76.2918701171875,76.35923011346658,75.11309587751471,75.74458138907484,44931600
2013-04-22,76.51079559326172,76.67918917930471,75.10468281220815,76.36765397894128,49190300
2013-04-23,77.72327423095703,77.74853263645535,76.50240419062642,77.12546841354089,55313200
2013-04-24,78.12738800048828,78.1863263910852,77.4032841024103,77.70639766085237,41020800
2013-04-25,78.64100646972656,79.06199686150903,78.21159447144343,78.32947126723823,36543300
2013-04-26,78.22001647949219,78.60732687106392,77.88322287957654,78.37998846100432,32405600
2013-04-29,78.78414154052734,78.96095673394868,78.36315114938981,78.56522473847082,20791400
2013-04-30,79.23039245605469,79.26407245910703,78.44735005054825,78.79256526398186,30488500
2013-05-01,77.3106460571289,79.06196696644398,77.26012928483365,78.98618538419994,120177800
2013-05-02,78.53994750976562,78.69992587565392,77.6053485516429,77.74848370859452,38830300
2013-05-03,79.78610229492188,80.38390789122819,79.44088708397959,79.59244388471947,51981000
2013-05-06,80.29969024658203,80.40914540943976,79.76923836982048,79.84501996241586,26893800
2013-05-07,80.95645141601562,80.97328820475403,80.09762744287833,80.41758424313879,29920800
2013-05-08,81.19222259521484,81.2259026037934,80.56073688792773,80.7712321236901,37669300
2013-05-09,80.91433715820312,81.2595522995015,80.61964522282794,81.08273713827637,32331100
2013-05-10,81.52899169921875,81.61318848340117,80.88908457658715,81.00696135920313,39288900
2013-05-13,81.47006225585938,81.7731758512497,81.19220705611764,81.45321904289126,22522300
2013-05-14,82.5141372680664,82.53939567003351,81.61321786301014,81.6216394716009,33539600
2013-05-15,82.68252563476562,83.07825770387801,82.2531199810437,82.3457383982319,34000200
2013-05-16,82.47201538085938,82.98562417398502,82.26152018445718,82.53937538542094,42053300
2013-05-17,83.39816284179688,83.41499962365815,82.48040084723792,82.85087428619391,35675100
2013-05-20,83.53289794921875,83.86126988265684,83.14558762833798,83.15400923334477,25027400
2013-05-21,83.5497817993164,83.81921547636912,83.25508329495406,83.52451697200677,23596700
2013-05-22,82.32886505126953,84.51801340657452,81.76473957034986,83.70129759069798,68650700
2013-05-23,82.4299087524414,82.45516714469457,81.25955613682493,81.37743291654151,44524500
2013-05-24,82.41305541992188,82.47199380254146,81.42793970022225,81.92471157413183,33332500
2013-05-28,83.48237609863281,84.28225508305226,82.91825064967163,83.52447127350632,46121100
2013-05-29,82.707763671875,83.50764273528817,81.98365978499872,82.9771972281218,40491500
2013-05-30,83.26348114013672,83.46555473430179,82.77513073241772,82.93510914069208,30620300
2013-05-31,82.34571838378906,83.37292948363697,82.32045356576545,82.83406232759101,38953700
2013-06-03,83.12877655029297,83.22138853879885,81.69740517519098,82.6320044821009,87088500
2013-06-04,82.24468231201172,83.52449026280773,81.60477512471196,83.08666308653117,68206900
2013-06-05,81.19222259521484,82.26995717450943,80.95646895896975,82.14365874829105,58967500
2013-06-06,82.051025390625,82.051025390625,80.60282382826753,81.13326941323433,46335300
2013-06-07,82.68252563476562,82.8930208695016,81.89948310459565,82.42993520736533,44757500
2013-06-10,83.18767547607422,83.18767547607422,82.35411016088167,83.05295551344865,32136500
2013-06-11,82.28677368164062,82.90983757859465,81.5542481863847,82.24467207863178,43461300
2013-06-12,81.47006225585938,82.91827022854574,81.36060064297735,82.79197182649916,58446900
2013-06-13,82.90983581542969,83.10348776802563,81.14167773130623,81.44479127987626,47768600
2013-06-14,82.26994323730469,83.05298563863909,82.02576803432905,82.74987203658682,37838400
2013-06-17,82.80880737304688,83.23821936404009,82.31204180260264,83.01088095900695,33308600
2013-06-18,83.78550720214844,84.02968239333457,82.79196964868228,82.95194162484991,40520200
2013-06-19,82.7582778930664,83.94546725532739,82.64882272241333,83.78549530188097,43193500
2013-06-20,80.56912231445312,82.69091051162192,80.23232880371788,81.42793966421618,76262300
2013-06-21,80.80489349365234,80.98170868005163,79.67663594983364,80.52703830482349,66115300
2013-06-24,79.7439956665039,80.42599801500745,79.00305492274454,79.91239566995147,58774600
2013-06-25,80.51022338867188,80.695453807743,79.87873765548764,80.48495856334824,32418400
2013-06-26,80.8890609741211,81.36056796700484,80.53543072945828,81.26794960428825,33752300
2013-06-27,82.14364624023438,82.29520304385784,81.34376703565731,81.3774470391074,40852300
2013-06-28,81.67216491699219,82.48046598448923,81.54586646998824,82.00895863440076,46135800
2013-07-01,83.00245666503906,83.44028379052496,82.21099277318838,82.21941437862161,37805800
2013-07-02,82.94327545166016,83.59443820115442,82.4104994773997,83.01093056774832,36848900
2013-07-03,83.1124038696289,83.4168454293815,82.52888980477864,82.6472894797462,19153600
2013-07-05,84.28787231445312,84.35552741874469,83.13776134927998,84.0426274003556,29427500
2013-07-08,84.62612915039062,84.9390291235468,84.4739084137126,84.67686724530165,30905300
2013-07-09,85.41264343261719,85.58177479922928,84.82067719752679,85.15893993075099,36010700
2013-07-10,85.6493911743164,85.73395681936046,85.19272894874433,85.44643233582165,36061100
2013-07-11,86.65575408935547,86.75723029939793,86.20755028981137,86.61346803387363,34434200
2013-07-12,86.83334350585938,87.19698164469828,86.6557536871631,86.66421218860944,28584000
2013-07-15,87.59445190429688,87.67901756733085,86.96865180356313,87.06167596848447,30786600
2013-07-16,87.15467834472656,87.67053714779951,86.95171951379545,87.62825755282569,38630800
2013-07-17,87.49295806884766,87.90733428118078,87.30690976275442,87.64517882365615,28476600
2013-07-18,88.0765151977539,88.44860554033018,87.66213878236384,87.72133541313384,32034100
2013-07-19,88.2117919921875,88.2117919921875,87.72976058875275,88.00037459678722,22806600
2013-07-22,88.39784240722656,88.59234925441669,88.05957327625727,88.3555627983223,25854900
2013-07-23,88.338623046875,88.75299923834238,88.16103325053183,88.71917814070639,26309700
2013-07-24,87.60292053222656,88.77840734305019,87.47607523964464,88.71921072252938,31809700
2013-07-25,88.40632629394531,88.49935049297063,87.38306655661565,87.50145981865717,46093900
2013-07-26,88.05113220214844,88.09341181632331,87.4084214183808,87.91582195211406,23036800
2013-07-29,87.43378448486328,88.17797145320485,87.10397383794337,87.81433324609476,30360800
2013-07-30,87.50988006591797,87.83969064483915,87.19698003763163,87.68746988134122,26311000
2013-07-31,87.66211700439453,88.52469718874447,87.61983094208588,87.85661740634087,38330400
2013-08-01,88.8545150756836,89.09130155925139,87.73823133032984,88.52470440900734,34487100
2013-08-02,88.93059539794922,89.03207159464677,88.42318860668003,88.55849880487058,22983000
2013-08-05,89.23505401611328,89.32807818896016,88.71074298946402,88.83759472079586,14985000
2013-08-06,88.338623046875,89.06589923301104,88.07646760255109,88.98133358503028,24689300
2013-08-07,87.71283721923828,88.23714815397182,87.50141985473066,88.05110629283969,23362200
2013-08-08,88.0765151977539,88.4570640452827,87.5944836466413,88.20336696424646,27640300
2013-08-09,87.98346710205078,88.43167096356608,87.54371529124352,87.89044292868567,27686900
2013-08-12,88.44856262207031,88.4823901735173,87.38302378524592,87.38302378524592,18960800
2013-08-13,88.33018493652344,88.52469177852969,87.76358786712001,88.52469177852969,22812900
2013-08-14,87.98346710205078,88.49086757825776,87.9580980460325,88.35556379551122,23629000
2013-08-15,86.35130310058594,87.07012080144908,86.16525479995056,86.9686381505719,50044500
2013-08-16,85.98765563964844,86.57962157546277,85.87772095212429,86.09759032717258,36059500
2013-08-19,85.11664581298828,86.15681579913092,85.065901250092,85.95385690338672,25184600
2013-08-20,86.34282684326172,86.53733360445545,85.16734713311193,85.21808522214326,32450400
2013-08-21,85.81855773925781,86.68113793152445,85.42109197691876,85.99614758907896,41452900
2013-08-22,87.0278549194336,87.0955035787353,86.08070271779786,86.10607177152933,24006100
2013-08-23,87.24771881103516,87.3153739179859,86.63883575237075,87.2646358137459,20801100
2013-08-26,87.25621032714844,87.79743848364429,86.90948261179562,87.40843114940968,23376100
2013-08-27,85.20964050292969,86.58807913968877,85.0405027717065,86.2075305353399,47269300
2013-08-28,85.37877655029297,85.71704557968565,84.98976942467215,85.09125206907349,28927500
2013-08-29,86.23292541503906,86.5627360247955,85.25194563590438,85.31960074866124,27628600
2013-08-30,84.8883056640625,86.30057869204768,84.7699124452297,86.24983413258612,43334600
2013-09-03,85.46336364746094,86.57119515810581,84.67689069878108,86.1399018760693,37995800
2013-09-04,86.21599578857422,86.26674034168605,85.20119505357788,85.54792261673482,22580800
2013-09-05,86.35130310058594,86.70648270073777,86.13142724965816,86.28364800000116,22770200
2013-09-06,86.58809661865234,87.01093135414804,85.19274070112735,86.85025209003695,36792000
2013-09-09,87.89888000488281,87.97498715438559,86.87562079924602,86.88407284789375,27358500
2013-09-10,88.76146697998047,88.77838398250513,88.1187563749104,88.44011490341846,25126300
2013-09-11,88.80375671386719,88.98134653605814,88.3978325117548,88.61770839006344,26412500
2013-09-12,88.15260314941406,88.81222444889112,88.12723409204148,88.71920672250745,32707600
2013-09-13,88.6346206665039,88.65153767005877,88.03419607923476,88.44857233907895,29478700
2013-09-16,88.82913970947266,89.7086369088077,88.66846041334061,89.68326785193366,28755900
2013-09-17,89.7086181640625,89.7086181640625,88.82912114849961,88.84603169889972,28901400
2013-09-18,90.56275939941406,91.00251122894032,89.01518884889913,89.68326864425632,46237100
2013-09-19,90.46973419189453,90.85028292078925,90.16529262800002,90.79108630847348,34775900
2013-09-20,90.1399154663086,90.7234295283857,90.10609436156061,90.68960197169098,49522500
2013-09-23,90.14836883544922,90.37670321715059,89.47183709591656,90.24985149975498,47759700
2013-09-24,90.44768524169922,91.08362566633329,89.7015174723453,90.26962269909615,45267000
2013-09-25,90.2780990600586,91.13450059908436,90.15939070444554,90.53247133532076,37106600
2013-09-26,90.77838134765625,91.12603191408309,90.18483948927027,90.51552802024547,29490600
2013-09-27,90.37137603759766,90.76989974114967,90.05764309734765,90.21026905893947,30296400
2013-09-30,90.39681243896484,90.59183054725752,89.23515892977596,89.3962659081121,45771700
2013-10-01,91.4482421875,91.51607739311189,90.26115196577724,90.35442375621325,39344400
2013-10-02,91.07514190673828,91.36343176490243,90.60030203870339,90.80380114264985,30622900
2013-10-03,90.14244079589844,91.03276005186892,89.54041792027995,90.90557066257013,57799200
2013-10-04,90.7444839477539,90.99886278319072,90.00679696940769,90.16789752733666,25902800
2013-10-07,89.6845703125,90.43922569314957,89.64217815863263,89.87111390305687,32924200
2013-10-08,88.23463439941406,89.90503937301848,88.11592600760562,89.74393235451181,61365000
2013-10-09,87.87850189208984,88.4890058385245,87.33583315506384,88.43813266602884,52604900
2013-10-10,89.998291015625,90.1424359635131,88.96382685949494,89.04014307663147,53157800
2013-10-11,91.30406951904297,91.34646812696384,89.73541806275989,89.74389260904863,43197100
2013-10-14,91.76197052001953,91.87219787172225,90.6681521440614,90.77837949576411,38774800
2013-10-15,90.86316680908203,91.77044151451261,90.65966122476696,91.56693593019754,42263500
2013-10-16,91.99089813232422,92.0841699098207,91.27016696276802,91.4991091326668,34333600
2013-10-17,92.79643249511719,92.81338806069691,91.54998817858173,91.57542476151171,38967200
2013-10-18,93.8563232421875,93.92415196639854,93.12711108667814,93.45779956776725,39496400
2013-10-21,93.66980743408203,94.18703961544273,93.5002194005331,93.99201499414197,29198900
2013-10-22,93.91568756103516,94.53466597694495,93.58499904423496,94.07678807619372,38112600
2013-10-23,93.60197448730469,93.7376449174292,93.0762612742555,93.47478507634351,32275300
2013-10-24,94.10222625732422,94.33964297821247,93.55107660147911,93.66978496192324,24711800
2013-10-25,94.18702697753906,94.5007534765456,93.75458563641628,94.32269091705295,21321900
2013-10-28,94.14458465576172,94.36504573289534,93.66127037031525,94.22937538723829,22512200
2013-10-29,94.41597747802734,94.64491971113898,93.72068269778981,94.39902190885566,30026900
2013-10-30,93.12712097167969,94.52619125431838,92.86426118690028,94.45835605378687,46076600
2013-10-31,92.58442687988281,93.4238662312886,92.3300481823082,93.0762157758779,47370000
2013-11-01,92.18595886230469,92.95756349709876,91.50761957246829,92.77102633806051,117030400
2013-11-04,93.2458267211914,93.39845268354361,92.27919778266768,92.62684185467398,31960000
2013-11-05,92.92362213134766,93.21191852002306,92.30464367154198,92.88971099773526,26643500
2013-11-06,92.52508544921875,93.58498605314487,92.34702292405355,93.56802402077491,31773400
2013-11-07,90.96492004394531,93.11015810592069,90.8462116786351,92.94905759249725,60459700
2013-11-08,92.61836242675781,92.8133805261367,91.05818528612541,91.10058390031399,48147500
2013-11-11,92.74553680419922,92.93208033888607,92.11807748044136,92.45724695540657,19897700
2013-11-12,92.82185363769531,92.85577123233357,92.14351468316967,92.4826841604325,28075100
2013-11-13,93.71216583251953,93.73760888022798,92.1011221434471,92.13503973793868,36465900
2013-11-14,93.61893463134766,93.78003517745809,93.05082280309918,93.6698078070539,33226800
2013-11-15,93.97503662109375,94.11070054589027,93.40693140208744,93.78001204711822,27518500
2013-11-18,93.31366729736328,94.47531441248532,93.0592885224099,94.39052364387452,35509600
2013-11-19,92.73707580566406,93.85633070818068,92.4148618462701,93.36453522108928,36081300
2013-11-20,92.70316314697266,93.44084994780462,92.29615840203842,93.21191422629975,43376700
2013-11-21,94.3735580444336,94.42443120636727,92.99992445014155,93.11015179070463,45585000
2013-11-22,94.83988189697266,94.9416346593188,94.20394168782562,94.3650486109274,28786400
2013-11-25,94.95863342285156,95.20453119189476,94.65338146604769,95.07734179837293,22968600
2013-11-26,95.66239166259766,95.83197317691977,94.88230634612378,94.9586160868327,30760700
2013-11-27,96.19658660888672,96.29833940673078,95.50977301352101,95.67935454080717,29099600
2013-11-29,96.24745178222656,96.79860136678317,96.19657215638836,96.6120578333222,15675500
2013-12-02,95.28085327148438,96.4594625502545,95.01799345028526,96.408582908246,43155200
2013-12-03,94.82298278808594,95.4758789450821,94.34814275023926,95.0773551417074,36930700
2013-12-04,94.568603515625,95.32325249195436,93.5850187752128,94.38205990904972,40609500
2013-12-05,94.63639831542969,94.98404232266526,94.24635569967103,94.53464553644592,37926700
2013-12-06,95.37409973144531,95.89980629594467,95.12820201261304,95.4928080827271,36471900
2013-12-09,95.34866333007812,95.72175044247143,94.87382989184692,95.50128928795534,31236500
2013-12-10,94.48381042480469,95.4589205913828,94.32270341049156,95.1621496195865,34938800
2013-12-11,92.9321060180664,94.58555523948624,92.69468926072321,94.56859320303518,47181600
2013-12-12,93.13558197021484,93.48323247052083,92.72858376447887,93.0168736211152,37706200
2013-12-13,93.44082641601562,93.72064170337022,92.77944953253699,93.31364353005382,32980300
2013-12-16,94.55162048339844,94.60249364527998,93.39844804053494,93.79697172626103,33991200
2013-12-17,94.41597747802734,94.57708449620796,93.79699893186775,94.50076826213002,32399800
2013-12-18,95.71324920654297,95.73021123667972,93.57649271676405,94.56855799883573,52979000
2013-12-19,95.00104522705078,95.68785899060816,94.87385581587885,95.57763161779098,32871100
2013-12-20,96.60358428955078,96.84948201457624,95.04340718193548,95.05188819841777,48770500
2013-12-23,97.6990737915039,97.73312199188199,96.99258824522664,97.18836377389307,37049100
2013-12-24,98.07357788085938,98.2608396984598,97.77566430469003,97.80971249825636,17371200
2013-12-26,98.08208465576172,98.7119599573748,97.97142641094521,98.42255357942601,19670000
2013-12-27,98.02252197265625,98.51620461044998,97.69906733744716,98.28638739061753,20069700
2013-12-30,97.96293640136719,98.20127379713945,97.758653699021,97.97996374808022,28917400
2013-12-31,98.19274139404297,98.49065496439535,98.03101410126791,98.19274139404297,38357200
2014-01-02,97.12876892089844,97.98846801453462,96.72871073393816,97.96292699691702,44247700
2014-01-03,97.62246704101562,97.80121521667328,97.12877789261063,97.48627424392596,26468000
2014-01-06,96.83085632324219,98.1161416466832,96.78829445413564,98.07358627160612,36198000
2014-01-07,97.63949584960938,98.02253325211262,97.1287858069689,97.19688221106244,28545300
2014-01-08,97.76716613769531,97.95442798499361,97.09472881968321,97.69906973976322,30763600
2014-01-09,97.7927017211914,98.21829447182556,97.17133994192235,98.0991290211704,29872800
2014-01-10,98.3289566040039,98.33747027824155,97.37563289836964,97.81824654826687,29174600
2014-01-13,96.98406219482422,98.30339560910494,96.40525588907938,98.14167480631389,45370800
2014-01-14,98.17571258544922,98.32041902662837,97.18834098215517,97.40965098569797,39125300
2014-01-15,98.9077377319336,98.98434779238858,98.36297961280782,98.4310760012058,31644100
2014-01-16,99.02693176269531,99.06097996672712,98.59283177285937,98.78009364801883,23091900
2014-01-17,98.67794799804688,99.10354080292174,98.47366527003558,99.00139619190068,28722300
2014-01-21,99.26522827148438,99.47802458844038,98.55022926961755,99.35885917046727,29828700
2014-01-22,99.7674331665039,99.90362593837133,99.16309235290699,99.32481964599235,24011500
2014-01-23,99.09500122070312,99.40142847962193,98.44810500212266,99.3503594344785,36057500
2014-01-24,96.56697845458984,98.5161937478402,96.37120945447215,98.47363837539373,53591900
2014-01-27,95.15401458740234,96.89894072324755,94.60925646270609,96.84787167844138,60368200
2014-01-28,96.15841674804688,96.17543759886358,95.15401770509881,95.27318314290372,43722200
2014-01-29,94.77098846435547,95.82646313791082,94.4986093698318,95.23062940399475,61904600
2014-01-30,96.1839370727539,96.73720880604887,95.36679997956082,95.61364449115483,40851600
2014-01-31,95.46896362304688,96.18395628716235,94.62628534801553,94.69438174289213,49293400
2014-02-03,92.4813003540039,95.50300480223366,92.05570762940566,95.22211853946132,91686000
2014-02-04,93.17925262451172,93.58781791780041,92.26848464460491,92.94092178775529,53138100
2014-02-05,92.4813003540039,92.90689307860215,91.3066602779338,92.61748664897995,60644600
2014-02-06,93.21334075927734,93.60488537231245,92.65155512272845,92.67708965274777,57611700
2014-02-07,94.268798828125,94.3454024098124,93.20481690004233,93.60487514404626,44068600
2014-02-10,94.51564025878906,94.55819563807323,93.59635834505374,94.30284388027793,38211600
2014-02-11,95.3582992553711,95.62216465109474,94.37092756896608,94.58372391881527,44394100
2014-02-12,95.73282623291016,96.19246714382601,95.30723351843578,95.5030025304375,42307500
2014-02-13,96.95002746582031,97.09472743884571,94.78801556744791,94.8050364196739,42082400
2014-02-14,97.08621978759766,97.2138989163165,96.30313065603312,96.7287234224091,32428200
2014-02-18,98.09912109375,98.26935558263496,97.1543047441707,97.37561477494472,33630400
2014-02-19,97.09471130371094,98.43107202540547,97.01810774037912,97.8011966932385,44024300
2014-02-20,98.14167785644531,98.34596053128385,96.95853068637719,97.20536873420797,35919600
2014-02-21,98.44810485839844,98.8311356844732,98.22679483971814,98.41405666367615,34814100
2014-02-24,99.1716079711914,99.8525523618077,98.53321895209736,98.60130884533874,43102800
2014-02-25,99.27377319335938,99.79299692366841,98.89074227481763,99.29931421608877,28474200
2014-02-26,99.8866195678711,100.53352238201269,99.10353044729608,99.34186135407715,40794800
2014-02-27,100.43138122558594,100.49096395432437,99.38442663574905,99.5546611481359,29906200
2014-02-28,100.03130340576172,101.04421609015745,99.41845538466161,100.40582705256938,47362700
2014-03-03,99.49507141113281,99.810012380298,98.38002049727133,99.18013044196762,50892800
2014-03-04,101.99755859375,102.63594770980097,100.59310123963189,100.61012209202009,112793900
2014-03-05,101.93795013427734,102.10818459130188,101.69110562577195,102.02306736278962,34691300
2014-03-06,101.92092895507812,102.35503528897686,101.64854991095176,102.24438353462287,35087600
2014-03-07,101.88690948486328,102.54232600626142,101.31661671514941,102.49125695047525,36931800
2014-03-10,101.54643249511719,101.78476339547979,100.85696782589115,101.59750154690062,32089000
2014-03-11,100.490966796875,101.98054155150136,100.02281862755362,101.64007251709693,50359500
2014-03-12,100.7973861694336,100.81441351622857,99.52060790907215,99.92066613636355,37159100
2014-03-13,99.63125610351562,101.25701688036895,99.06095693611005,101.16338596455742,53542800
2014-03-14,100.04833984375,100.32923260438685,99.26525077836521,99.273757957272,46888100
2014-03-17,100.490966796875,101.37620057319376,100.33775313378078,100.62715960586122,41561600
2014-03-18,101.95500183105469,102.04011908532102,100.52500987967746,100.6271544812152,41606600
2014-03-19,101.29107666015625,101.92095212526071,100.5250083950129,101.8698830722612,47423000
2014-03-20,101.4272232055664,101.75067121710907,100.57603807558627,101.06121333991385,33212900
2014-03-21,100.95909881591797,102.36355599693485,100.91653694914842,101.90391511074591,47110800
2014-03-24,99.81002807617188,101.48686479428855,98.89925971836622,101.35067197733062,66747000
2014-03-25,99.78608703613281,100.9637533807817,99.11191359980599,100.41758871275934,47699700
2014-03-26,97.87454223632812,100.42615672734316,97.84040611972743,100.38348495389268,69052500
2014-03-27,97.6270751953125,98.46338739205576,97.0211736823415,97.89162200090279,65234900
2014-03-28,97.53315734863281,98.99244169928357,97.26861066547754,97.69530222452617,50558000
2014-03-31,99.28262329101562,99.57277703748285,97.82333843390937,98.17322875894357,44599200
2014-04-01,100.58828735351562,100.75042574582058,99.4959513099795,99.53008742172729,47906600
2014-04-02,101.04057312011719,101.10884533934227,100.45173662319594,100.946700446382,33856500
2014-04-03,100.01651763916016,101.07471759230921,99.57276119907661,101.04058147987236,38473500
2014-04-04,97.70384979248047,100.80163526224959,97.30275860961136,100.66509081242278,86345900
2014-04-07,96.2786865234375,97.49048903133995,95.64718481676671,97.2430071370562,68537700
2014-04-08,96.95286560058594,97.45635856198933,95.74959216678253,96.27015643818437,60087900
2014-04-09,98.35240936279297,98.35240936279297,96.85898883016922,97.28568041091886,42744900
2014-04-10,95.5447998046875,98.23295867960393,95.06690720854175,98.22442302301609,74860200
2014-04-11,94.22207641601562,95.78376329030799,93.75271288143627,94.75970568315239,70998200
2014-04-14,94.48657989501953,95.55330879283939,93.57346021891759,95.19488944576308,62657700
2014-04-15,94.85354614257812,95.33997431722531,92.72862374920332,94.75113781235868,76968000
2014-04-16,95.88616180419922,95.95443404054197,94.92184088135336,95.51920667235542,49353800
2014-04-17,96.3640365600586,96.78219904698358,95.33997924809017,95.57038986450391,50275100
2014-04-21,96.81632232666016,96.88459454587976,95.8178655360629,96.54323996057893,31970700
2014-04-22,97.8147964477539,98.15614456001549,96.83340434800711,96.96994229075217,40541900
2014-04-23,97.20035552978516,97.9427948060532,97.0894115380319,97.69531938782895,33859500
2014-04-24,96.95286560058594,97.85744970659047,96.1592189663829,97.78917748819089,44318900
2014-04-25,95.24609375,96.61150548579978,94.90473918835087,96.57736937855519,58386300
2014-04-28,94.69140625,96.03975337053525,93.2918582170487,95.58746128206653,66050100
2014-04-29,94.93038940429688,95.56189795316807,94.64024210681563,95.08399871202228,34487600
2014-04-30,95.56185913085938,95.63012484260406,93.82948566553836,94.6231323478981,43929700
2014-05-01,95.5277328491211,96.23603607078677,94.33299487488775,95.36558793159854,78690900
2014-05-02,95.60452270507812,96.53471381615933,95.30583987520706,95.65572361568535,43450300
2014-05-05,95.48506164550781,95.73254359606133,94.32445977915941,94.82795933671262,28108400
2014-05-06,93.93190002441406,95.33144812231237,93.86362779749271,95.07543703755414,45354700
2014-05-07,93.99163818359375,94.25618492888708,92.53235349017893,94.0684460678777,64243800
2014-05-08,93.04438781738281,94.93036428435477,92.75424059667871,93.89777118763972,58520300
2014-05-09,93.89775085449219,93.92335130832849,92.4043302799363,92.75422051115767,48409900
2014-05-12,96.0312271118164,96.46645444233398,94.30739561355192,94.45246922012502,76291700
2014-05-13,95.09249877929688,96.3043014695708,95.01569089878215,95.90321028781025,58122800
2014-05-14,93.54788970947266,94.82796479657699,93.37720912471293,94.81089348270173,65720700
2014-05-15,92.91634368896484,93.1979616566885,91.68747653027279,93.07848855113228,75870500
2014-05-16,93.50523376464844,93.54790554576172,92.19102233811543,92.95906882255676,44666200
2014-05-19,94.51220703125,94.75968898671341,92.9761143803731,93.24919679488474,35336900
2014-05-20,93.07000732421875,94.30741737081532,92.52384237634156,94.28181690619603,89567900
2014-05-21,93.54788970947266,93.98311055131315,92.6347697411035,93.57349016948697,55278500
2014-05-22,94.52073669433594,94.7682186341066,93.54788024740186,93.83802744594807,41295000
2014-05-23,95.55330657958984,95.59597182803651,94.30736803709082,94.46097725525078,42643800
2014-05-27,96.92727661132812,97.14915158117535,96.13362988324938,96.18483079770677,46373900
2014-05-28,96.42378997802734,96.82488122372447,96.03123438948089,96.71394372396092,37055400
2014-05-29,96.7480697631836,96.9358086253494,96.17629798803053,96.7139336489358,25556800
2014-05-30,96.31285095214844,96.79927922924823,95.86908793852838,96.71394219149012,38856000
2014-06-02,95.79229736328125,96.51767203224645,95.03278657320249,96.4920715691111,40369700
2014-06-03,95.56185913085938,95.8861424217385,94.81941336000752,95.27170544045386,31143700
2014-06-04,95.93734741210938,96.06535620711901,94.86208915994317,95.13517155092475,28835500
2014-06-05,97.95134735107422,98.0366843904311,95.65574388082094,96.193379599287,67182000
2014-06-06,98.89005279541016,99.19727129910231,98.23295053022281,98.36948847030945,45854000
2014-06-09,99.76051330566406,100.25547720326018,98.70231979178126,98.89005865667805,44025700
2014-06-10,99.56421661376953,99.70076105127082,98.95831532165114,99.5300805043942,39799900
2014-06-11,99.07779693603516,99.27407795405732,98.48043124778975,99.00952471143634,30144700
2014-06-12,98.47190856933594,98.92420072301337,98.06228818935578,98.80472756961927,39481200
2014-06-13,98.64256286621094,98.91565174584566,97.8489227252622,98.71083508611962,33779400
2014-06-16,99.1204605102539,99.1204605102539,98.22440554116105,98.55722447007048,30051100
2014-06-17,99.82025909423828,100.2298794873908,98.80473074693307,99.02661225785664,62573000
2014-06-18,100.49444580078125,100.5371110705828,99.41918073546817,99.76053544787862,37448900
2014-06-19,100.57978057861328,100.8955348198485,99.93120729076769,100.8443273821242,30915900
2014-06-20,100.91255950927734,100.95523127195096,100.32372304052508,100.58827624966717,30104400
2014-06-23,100.71629333496094,101.1685919491408,100.43468179658954,101.12592018018869,21388700
2014-06-24,99.64103698730469,101.47581240391447,99.54716430244572,100.47734898412351,41788300
2014-06-25,100.48588562011719,100.52002173410769,99.03513658491029,99.0436657303094,34620800
2014-06-26,100.3152084350586,100.54561905881712,99.49595474641139,100.52001860182149,28018300
2014-06-27,100.98937225341797,101.13445235638468,99.87144226195376,99.89704271812506,38525100
2014-06-30,101.39046478271484,101.4502013515114,100.55415281956328,100.83577086280313,34195600
2014-07-01,102.42306518554688,103.23378326172902,101.72329111002443,101.77449853755897,65733200
2014-07-02,102.02813720703125,102.76486484259159,101.848239510319,102.42219976208563,30796700
2014-07-03,102.64495086669922,102.72205362770174,102.15665516632966,102.4393543970157,15933900
2014-07-07,100.88878631591797,102.34511138561365,100.82882041242301,102.31941264637199,32279000
2014-07-08,99.66375732421875,100.82881469964796,99.11549579881593,100.66605384840811,52537600
2014-07-09,99.79224395751953,100.30623825060599,99.38961302493432,99.94644289902467,27891700
2014-07-10,98.73002624511719,99.41535659042063,97.63350292126731,97.77056506885125,50834300
2014-07-11,98.60152435302734,98.84138800916688,98.09609829698965,98.6700586935799,33923700
2014-07-14,99.10693359375,99.76655849271603,98.85850156962715,99.73229133051362,28823400
2014-07-15,98.13035583496094,99.37250959052498,97.547827069033,98.99557729027931,49534700
2014-07-16,97.86478424072266,98.59294354420936,97.5049888017001,98.55868291403031,63433000
2014-07-17,96.3570785522461,97.89049354631011,96.11720836454889,97.24799882051555,62221500
2014-07-18,97.8562240600586,98.04468367250912,96.33993298430696,96.53696755814244,46164100
2014-07-21,97.46214294433594,97.65060906943714,96.81108646681368,97.23941619266445,32720500
2014-07-22,98.28453826904297,98.72999829231372,97.82194139730447,98.06180498951123,31326500
2014-07-23,98.40449523925781,98.8927909728224,98.09609724587025,98.52442706604249,26417600
2014-07-24,98.20746612548828,99.07269424053206,97.95046560472844,98.70433031320013,31905100
2014-07-25,97.31652069091797,97.66775423319754,96.98242399917538,97.4621512415148,46514500
2014-07-28,96.82819366455078,97.55635271750695,96.14287018827083,97.53922240831129,37373400
2014-07-29,97.09378051757812,97.75341196493619,96.82821817517822,97.13661610509754,30574500
2014-07-30,97.4792709350586,97.92473093371366,97.0680715598604,97.81336756799799,30219000
2014-07-31,95.2519760131836,96.79395925835114,95.13204420086367,96.48556130215891,61507700
2014-08-01,94.81507110595703,95.68886089610447,94.11261059676615,95.22627053036314,67805300
2014-08-04,95.65459442138672,95.77452621788376,94.13830358085698,95.22626470938508,34646200
2014-08-05,95.41475677490234,96.14292276183082,94.71229606951077,95.1834615274298,44375000
2014-08-06,95.7145767211914,96.34850297356084,94.77224596467674,94.80651313180398,33658300
2014-08-07,95.2519760131836,96.39132823022275,94.89217404043026,96.02296436787057,40852200
2014-08-08,96.17716217041016,96.28853209176995,95.08063902214866,95.37190665978947,32667200
2014-08-11,97.09378051757812,97.84764502884448,96.47699119353251,96.7082863730755,31000700
2014-08-12,96.42558288574219,97.20514610047465,95.98012286003272,96.75111765048442,31188400
2014-08-13,97.179443359375,97.35934104710267,96.5455107045718,96.73397681622721,23122900
2014-08-14,97.3250732421875,97.42787472126165,96.99954502880797,97.24797049893377,20882100
2014-08-15,97.1365966796875,98.04465343852698,96.16857403178865,98.04465343852698,53713800
2014-08-18,98.55011749267578,98.63578214232194,97.73628698155275,98.08752054163395,33287300
2014-08-19,98.89279174804688,99.14122382998957,98.56725689925568,98.6272228131181,22692600
2014-08-20,98.47303771972656,98.7043395171377,98.01044719649498,98.38737305008351,26266900
2014-08-21,98.6871566772461,98.85849247249155,97.5220994127462,98.41302594064567,33018200
2014-08-22,98.69573211669922,99.05552750860213,98.1817377660104,98.55010158223273,30100100
2014-08-25,99.1583251953125,99.7237235344705,98.78996139319842,99.3382228843739,27808600
2014-08-26,100.05783081054688,100.16062576619699,99.20117132256546,99.26969911440112,34831700
2014-08-27,99.80939483642578,100.1777586631545,99.62092871077951,100.13492307612836,19070100
2014-08-28,99.29539489746094,99.56952564597911,98.95272982786508,99.39818984328488,22817800
2014-08-29,99.85224914550781,100.06641406322606,99.07269224362653,99.50959050579428,26231100
2014-09-02,100.4004898071289,100.65749026894137,99.80083077729081,100.21203020903211,38816400
2014-09-03,99.76657104492188,100.914498247855,99.60380363792993,100.88023108134122,33266600
2014-09-04,99.38104248046875,100.64889452392232,99.13261051102914,100.04066723424249,26523500
2014-09-05,99.69804382324219,99.73231099220018,98.66148647149079,99.1840493604605,26935300
2014-09-08,99.85224914550781,100.05785217228946,99.22689124581547,99.59525516572266,20347300
2014-09-09,98.6700439453125,99.70660118200614,98.51584497001465,99.68090244208874,36390100
2014-09-10,99.2525634765625,99.31252937607296,98.2674038110684,98.65290448145802,23060600
2014-09-11,99.89505004882812,99.99785152651498,98.63575972428163,98.66145845975525,27075600
2014-09-12,98.83280181884766,99.85222210680024,98.49013673612885,99.84366021818208,32892900
2014-09-15,97.75340270996094,98.85849409824652,97.41073764962711,98.8242269386339,41644400
2014-09-16,98.02754211425781,98.31024130420121,97.14518391757963,97.47071215897952,51365900
2014-09-17,98.28453826904297,98.91846441070268,97.82194139730447,98.07893530218628,45543000
2014-09-18,98.88418579101562,98.96985041604955,98.43872581936407,98.72141842839682,24714600
2014-09-19,97.63347625732422,99.2953976425438,97.32507833974135,99.27826079390432,52459600
2014-09-22,96.2628402709961,97.25656199461343,95.98870946422642,97.17946576886288,45800600
2014-09-23,95.36334991455078,96.47701004978816,95.25198651534475,95.86021406939787,51616800
2014-09-24,96.22663116455078,96.30394574072321,95.00683430548798,95.47929406612798,34323100
2014-09-25,94.60309600830078,96.06342198926531,94.27667343911403,95.97752200303182,49733600
2014-09-26,95.45352172851562,95.5394217130945,94.66322483064326,94.96388460729243,26473300
2014-09-29,95.37620544433594,95.65108932230794,94.25090059291128,94.33680057594967,30619000
2014-09-30,93.9330825805664,95.37622487232237,93.89872126960198,95.2817329056077,55596900
2014-10-01,92.60159301757812,93.9674203794762,92.2837558859973,93.88152040043357,88621100
2014-10-02,93.48635864257812,93.87291175645882,91.86282507828383,92.59298460102909,71825900
2014-10-03,94.1907730102539,94.76631012443734,93.70113588190027,94.27667299608372,44034600
2014-10-06,93.38328552246094,94.55154351507204,93.21148557509079,94.44845961440122,35571200
2014-10-07,91.84564971923828,93.2028915562752,91.78551908360996,92.79056251643253,40271900
2014-10-08,93.60665130615234,93.66678195634549,90.84922025515395,91.63951067304926,51589200
2014-10-09,91.08116149902344,93.54653155158935,91.063984120003,93.53793958520407,60783400
2014-10-10,89.9730224609375,91.8199017766174,89.84416919635532,90.85780482865295,66579500
2014-10-13,89.61224365234375,91.14987784185107,89.2170984246002,90.05892756734744,72054300
2014-10-14,90.66024017333984,91.90580650305272,90.07611102372458,90.39394821890113,70034800
2014-10-15,91.57079315185547,91.91439969511049,88.94221522039146,89.50057503396218,117497300
2014-10-16,92.60159301757812,93.26303006532943,90.15340101549947,90.32520752733302,100532300
2014-10-17,92.32672119140625,93.82140199364245,91.94875336983534,93.76986331024612,72675000
2014-10-20,93.40904998779297,93.40904998779297,91.91436955162888,91.92296151467367,34914400
2014-10-21,94.94670104980469,94.99823973000402,93.6410042393478,93.91588812332549,44748100
2014-10-22,93.58946228027344,95.401980206526,93.51215425726929,95.17864154868134,48798300
2014-10-23,95.24736022949219,95.84867326899447,94.2938552636914,94.52579244658844,60795100
2014-10-24,95.41059875488281,95.62535206139455,94.86942278182353,95.28174546022561,41927400
2014-10-27,95.35905456542969,95.42777063870449,94.07053480058354,94.85223338330664,31133700
2014-10-28,98.07349395751953,98.10785525742479,95.60813131148456,95.7885232206763,84912900
2014-10-29,97.84156799316406,98.69198890627605,97.05127771928731,98.23671313010244,67133500
2014-10-30,98.6748275756836,99.1129194954479,97.18873217332359,97.4893854183822,59046200
2014-10-31,100.12657928466797,100.47018588499215,99.54245003024211,100.42723915604587,53133300
2014-11-03,99.95475006103516,100.82235499880144,99.55960487991113,100.28976459620007,39729600
2014-11-04,99.49089813232422,100.07502730924061,99.02703026650093,99.55962075402024,37347600
2014-11-05,99.6712646484375,100.28116301431811,99.25894213104554,100.22103237412561,31073500
2014-11-06,100.10078430175781,100.10078430175781,99.26754063932592,99.62833108183447,31720900
2014-11-07,100.25543212890625,100.25543212890625,99.3878269415768,99.98054816063117,28657700
2014-11-10,100.75365447998047,100.77083185955712,100.04067198316847,100.22965592726324,29371800
2014-11-11,100.82235717773438,100.882487824993,100.39285068195869,100.60760392984653,23536800
2014-11-12,101.27764892578125,101.4322715507023,100.2124744839641,100.23824382915926,34594700
2014-11-13,100.41864013671875,101.57830659684171,100.17811749950809,101.31201461332283,25135200
2014-11-14,100.23822021484375,100.68490405174609,99.96333634126958,100.45297344587821,23321400
2014-11-17,99.40499877929688,100.44440386265454,99.37063746822514,100.15233599541976,29847300
2014-11-18,99.98051452636719,100.60759684971917,99.43074677476342,99.7829452223135,33717200
2014-11-19,98.91534423828125,99.86025718910582,98.24531517412835,99.86025718910582,38258700
2014-11-20,100.02349090576172,100.04066828470333,98.46008727207196,98.46008727207196,26555000
2014-11-21,100.14373016357422,101.46661087822476,99.78294630151005,101.43224957415933,43240400
2014-11-24,101.3377685546875,101.40649117022943,100.14374096308119,100.2811796404157,24573200
2014-11-25,101.41506958007812,102.03355996975571,100.95979375260683,101.55251480167266,26745900
2014-11-26,101.75009155273438,101.79304482605946,101.22609307616526,101.42366895821155,14640700
2014-11-28,100.23822021484375,101.81020888516713,100.13513630459775,101.7758541355003,21110700
2014-12-01,98.6748275756836,100.04924709148666,98.6232823381384,99.92039382824748,36244100
2014-12-02,99.86026000976562,100.19527455130492,98.76931639696441,98.77790180815845,31812100
2014-12-03,100.82235717773438,101.11441844906231,99.6626843961408,99.8860296089939,29148000
2014-12-04,100.34130096435547,100.76222203011527,99.83448646777563,100.66773008096501,28631900
2014-12-05,101.09725189208984,101.34636647274932,100.47016945749877,100.71928403815825,30261400
2014-12-08,99.83448028564453,101.68135933137653,99.51664315329818,100.7364398983869,32295000
2014-12-09,101.50956726074219,101.59546725221256,98.56315233243843,98.75213624592281,52645900
2014-12-10,99.35344696044922,101.5009794655212,99.26754041724706,101.14018902381979,45413600
2014-12-11,99.74858856201172,101.08864669970833,99.53383531923988,99.82589658361012,36021800
2014-12-12,98.53740692138672,99.63694280824149,98.442914941696,98.59753758539438,44816000
2014-12-15,97.54093170166016,99.42216577162364,97.20591714589614,99.00984318933683,66361200
2014-12-16,97.4034652709961,99.07853768522168,97.09422012471632,97.34333463442768,62849700
2014-12-17,100.41004180908203,100.49594180925119,97.4893959270813,97.61824920421,70379400
2014-12-18,101.90470886230469,101.99920081570671,100.90825719972295,101.75867822659212,54315600
2014-12-19,102.13670349121094,102.63493287962604,101.48385141514126,101.92195012245472,49041800
2014-12-22,102.83242797851562,102.83242797851562,102.05072968922859,102.3943295878724,27043400
2014-12-23,102.9613037109375,103.45953284806437,102.60910521801179,103.45953284806437,34533000
2014-12-24,103.2587661743164,103.52605044992144,102.82765910880025,103.14667412725227,19175400
2014-12-26,103.93130493164062,104.1813478497857,103.52606318768734,103.58641792115873,18261900
2014-12-29,104.37101745605469,104.65554310424605,103.99164115423763,104.00888254151504,27692500
2014-12-30,103.75884246826172,104.5348364801168,103.69848774390475,104.14684276327506,23996000
2014-12-31,103.13804626464844,104.68141019208906,103.06906756239866,104.15545909923388,35688700
2015-01-02,102.54310607910156,103.94851245963622,101.64640277522844,103.5260294629649,46133100
2015-01-05,101.17221069335938,102.35344651109837,100.69799683203038,101.9395873804175,51141900
2015-01-06,99.42192840576172,101.54297478537333,98.60282745550948,101.41364790346101,67446000
2015-01-07,100.646240234375,100.67210560112753,99.56847276521562,100.06855187149593,32252100
2015-01-08,102.35343170166016,102.47414114549107,101.26704012901057,101.44811087292827,28361700
2015-01-09,101.37053680419922,102.4655460904231,101.14635924029402,102.43968071346735,26975200
2015-01-12,101.03424072265625,101.74987994932145,100.21514002198616,101.48258912574312,27316800
2015-01-13,101.1118392944336,102.93973545843365,99.86163154645928,101.81885455611992,49991400
2015-01-14,100.7065658569336,100.96522602790652,99.62879869912467,99.99955086453768,34224200
2015-01-15,99.00807189941406,101.20671446751199,98.7062982031857,101.07738758210928,46199400
2015-01-16,100.6203842163086,100.82732033942524,98.46484893679752,98.64591968906748,41895700
2015-01-20,100.1978988647461,100.94802749309858,99.29257801484292,100.74971535749799,36444400
2015-01-21,99.87887573242188,100.7238484240561,99.40466193597638,99.84439295806008,27333500
2015-01-22,101.91372680664062,101.94821616774318,99.24086381383596,100.49969589230079,37877000
2015-01-23,101.8447265625,102.40516043581077,101.35326481419115,101.94818803908848,28173400
2015-01-26,102.82765197753906,102.83626938196808,100.93940105651656,101.63779234920321,23006800
2015-01-27,102.33618927001953,102.81902704041464,101.41362048548815,101.62055001877587,26919100
2015-01-28,100.61174774169922,102.9914535029506,100.29272621265658,102.75865863128246,38086100
2015-01-29,101.99991607666016,102.0171574617994,100.09441739932974,100.89627666080158,39299900
2015-01-30,99.7581558227539,101.70676127835034,99.67193573955139,101.29290224770993,49739800
2015-02-02,100.67211151123047,100.74108363389612,98.62003791945185,100.12029506087931,44819100
2015-02-03,102.47415924072266,102.60349269000001,101.11185918758983,101.16359651420426,43920000
2015-02-04,102.09478759765625,102.8104203913819,101.82749671983355,102.10340500345812,28597100
2015-02-05,103.41397094726562,103.68125523829103,102.25860052437652,102.40517535634709,32337100
2015-02-06,103.30189514160156,104.17273344304338,102.90527734544321,103.55193808273528,31694900
2015-02-09,102.4827880859375,103.65540001284057,102.36207861506567,102.9483845785172,32367900
2015-02-10,103.13804626464844,103.32772782857869,101.82747723458696,103.06044358007466,28960800
2015-02-11,102.99148559570312,103.31050722415479,102.27585279496024,102.92251345774994,23794200
2015-02-12,104.16407775878906,104.25892183098281,103.32772907390115,103.60364388622567,27854600
2015-02-13,104.78484344482422,104.92280081216673,104.02609765894847,104.25027509179537,20446900
2015-02-17,105.11251831054688,105.24184515590062,104.55207786071966,104.89696479739573,16868500
2015-02-18,105.22462463378906,105.23324861791305,104.44000653281812,104.81075891207986,20450200
2015-02-19,105.23324584960938,105.51777153649135,104.79351476526841,104.98320294197127,16620500
2015-02-20,105.51775360107422,105.6557110072896,104.24168048443794,105.06078120478536,30331600
2015-02-23,105.62124633789062,105.64711171305757,104.56071990883662,105.27635931992828,25778200
2015-02-24,105.75919342041016,106.0954564209991,105.3539517073486,105.5953706228307,20023600
2015-02-25,105.8799057006836,106.08683526544569,105.38844387301597,105.68159354158125,17059600
2015-02-26,106.26790618896484,106.3110195326838,105.47467065864842,105.7850683145414,24379000
2015-02-27,105.6902084350586,106.362734396321,105.66434306395954,106.07820215788793,23821700
2015-03-02,106.45755767822266,106.72484189825852,105.6470744585392,105.66432242135014,29683500
2015-03-03,105.8281478881836,106.21614814744183,105.41428883877998,106.21614814744183,23068400
2015-03-04,105.50052642822266,105.71607997084682,104.85386580035018,105.37119298701374,22822500
2015-03-05,105.8109359741211,105.9833761963748,105.1125445223689,105.6471131582591,19725600
2015-03-06,104.47447967529297,105.78504877547702,104.22443679988717,105.1728775611407,37319900
2015-03-09,104.93147277832031,105.12116096796936,104.43139350708607,104.64694707201949,17556300
2015-03-10,103.72437286376953,104.0692532877902,103.31913112955559,103.99165716583728,32440300
2015-03-11,104.3624038696289,104.44862397094778,103.36223227544829,103.8709420561221,20914500
2015-03-12,106.095458984375,106.1816790879629,104.96595391940505,105.03493263354427,41063300
2015-03-13,105.71607208251953,106.21615784285346,104.50897101826135,106.00060431631348,26371000
2015-03-16,106.33686065673828,106.55241416982913,105.94886038627206,106.14717251271095,19906300
2015-03-17,106.62138366699219,106.72484513431328,105.85400717472727,106.02645391721344,23142600
2015-03-18,107.4749984741211,107.88024018980143,105.92301032431814,106.39723075291685,40292600
2015-03-19,107.68191528320312,107.74227000531657,107.18182954102231,107.22494287603392,34008200
2015-03-20,108.63035583496094,108.77693723571335,108.04404996646652,108.08716330401224,34165600
2015-03-23,108.53551483154297,108.91489116254989,108.45791871556715,108.59586955891481,17132400
2015-03-24,108.50965118408203,108.90626890999634,108.34583496613892,108.44067247222597,30115600
2015-03-25,105.91769409179688,108.62465978373194,105.83985451819568,108.56412082570948,42514000
2015-03-26,105.78799438476562,106.29825710986267,105.11341535688591,105.58907684149818,26899200
2015-03-27,106.4625473022461,106.57498151148663,105.39014004909734,105.83985709130432,23066800
2015-03-30,107.90685272216797,108.09711993351544,106.98146759282103,106.9987682110813,20487000
2015-03-31,107.5609130859375,107.85495759620342,107.15443435847986,107.48307350493923,24507800
2015-04-01,107.60414123535156,107.60414123535156,106.28957817583691,107.43982497681945,31955200
2015-04-02,107.80307006835938,108.33062672888472,107.49172493761483,107.55226390202337,23586400
2015-04-06,108.27873992919922,108.52090240399336,107.13714322675217,107.16309415488398,22045600
2015-04-07,107.58686065673828,108.53819008685305,107.56091632837416,108.07982269041382,20214700
2015-04-08,108.51226043701172,108.67658333654909,107.56957458999902,107.56957458999902,19314400
2015-04-09,108.12305450439453,108.73710103041645,107.04199689953505,108.41710560400735,22325300
2015-04-10,108.64197540283203,108.78899766429736,108.29603562424997,108.48630283238272,14966300
2015-04-13,108.71115112304688,109.30789703795627,108.60737381489015,108.70250741286851,22819200
2015-04-14,108.68521881103516,109.03980891510898,107.915506231939,108.74575778023645,22600800
2015-04-15,109.4462661743164,109.94787184988874,108.90140896030896,109.1089767552887,37282300
2015-04-16,109.38573455810547,109.61924009531434,109.10898407781069,109.37708424983789,24439900
2015-04-17,107.61282348632812,108.581453700718,107.08526672471663,108.2095695343075,48283500
2015-04-20,108.66792297363281,108.92737286662069,107.95874937559503,108.14901658940441,24602300
2015-04-21,108.55548095703125,109.18682152133609,108.46899766557569,109.01385493842494,13844600
2015-04-22,108.71978759765625,108.86680983100545,107.64738042756326,108.55546474964761,21991300
2015-04-23,109.21279907226562,109.43766097705647,108.33065867386185,108.52092593189609,18025800
2015-04-24,108.84954071044922,109.3684470986451,108.70251844347337,109.25601947064936,14992500
2015-04-27,107.64740753173828,109.75763437043463,107.27552340193938,109.15223807169652,32924600
2015-04-28,108.24414825439453,108.4257651557036,106.59228892618653,107.70794126130161,35654900
2015-04-29,107.06793212890625,108.0192613620716,106.92090330152762,107.6473773365864,26437900
2015-04-30,104.80206298828125,106.7566172516778,104.35234586661845,106.42797147214259,72393800
2015-05-01,105.48527526855469,105.64959813182308,104.56854055400851,105.09609058159035,47996200
2015-05-04,105.86578369140625,106.67873430379382,105.33822719491793,105.62362131081719,37675100
2015-05-05,104.51666259765625,106.0474440761585,104.02370052453328,105.81393190569067,56891600
2015-05-06,104.87987518310547,105.07014236547694,103.9890848276859,104.74150324935903,34348300
2015-05-07,105.27774047851562,105.71016361814958,104.27451562740316,104.76747774265574,29826100
2015-05-08,106.06474304199219,106.59229977971553,105.85718179054055,106.31554924502896,26357100
2015-05-11,106.12525939941406,106.94686711667045,105.89175386607387,106.03012580480278,28406700
2015-05-12,105.93502044677734,106.30690461622258,104.5339736767888,105.81394249377226,34961600
2015-05-13,105.93502044677734,106.55771083266274,105.51124761125952,106.16853264061115,27214700
2015-05-14,107.05928802490234,107.11982698147732,105.90039094414387,106.44524815157004,23293200
2015-05-15,106.93821716308594,106.99875612365275,106.32417724926484,106.86037758621327,22055600
2015-05-18,108.1490249633789,108.24415857764978,106.52310980911531,106.72202734756891,30846000
2015-05-19,108.00199127197266,108.14902014090532,107.5090292010294,107.93280859052227,23256800
2015-05-20,108.20089721679688,108.50359203527391,107.53496201789523,108.25278587189233,20838500
2015-05-21,108.07981872558594,108.51224177779794,107.65604598192878,108.08846903414079,16229300
2015-05-22,107.61282348632812,108.31334686560582,107.24093931991763,107.89822434390553,22601400
2015-05-26,106.58362579345703,107.27550527560724,105.96093557917219,107.1890219899014,44037800
2015-05-27,107.88957214355469,107.99335607128845,106.19447424675698,106.6874363565489,32086300
2015-05-28,107.79443359375,107.85497256592797,107.04201499817829,107.63011069858703,18631900
2015-05-29,107.14576721191406,107.87224126130646,106.65280527056788,107.76845736903579,33468900
2015-06-01,107.48306274414062,108.01926965407758,106.40200521477286,107.83765278093398,35649400
2015-06-02,107.69059753417969,108.37382651698762,106.79116369676788,107.06791409249072,29477600
2015-06-03,108.76303100585938,108.9100532371401,107.60413397527621,107.89818503608879,30774800
2015-06-04,107.67334747314453,108.64197755269154,107.31011366765912,108.17495983210205,25820600
2015-06-05,108.45170593261719,108.55548324525049,106.65282440011342,107.43983754492844,36626500
2015-06-08,107.95011138916016,108.64199104594647,107.7338998211961,108.34793988242359,18798700
2015-06-09,107.6214599609375,107.98469377029151,106.80850244626194,107.85496552459288,23928300
2015-06-10,108.96195220947266,109.38573152555973,107.97602823836493,108.04521750608345,42563500
2015-06-11,109.23870086669922,109.43761835852128,108.89276773035905,109.11762294932983,17489400
2015-06-12,108.9100570678711,109.10032424363312,108.47763406777602,108.90140676035881,23578600
2015-06-15,108.56412506103516,108.79763719269701,107.1890229902,108.20089129872984,30618300
2015-06-16,109.33385467529297,109.53277220389633,108.38252517794653,108.43441383834183,32800900
2015-06-17,109.16950225830078,109.80083607836558,108.94464047391094,109.61056892220884,32467000
2015-06-18,110.63114929199219,110.90790647278435,109.61063028171135,109.6798195769094,39642100
2015-06-19,110.57923126220703,110.8386877511898,110.35436941163881,110.54463662379248,23310900
2015-06-22,111.34031677246094,111.42679348405927,110.8300474290498,111.06355962372898,25230000
2015-06-23,111.57379913330078,111.6429884101666,111.04624244414093,111.28839831491871,23378500
2015-06-24,110.63114929199219,111.65167490052738,110.4668329637148,111.35761709680854,26436800
2015-06-25,110.57057189941406,111.063533909515,110.05166556218971,111.00300154506176,24100900
2015-06-26,110.26788330078125,110.99435089418994,109.67978765924698,110.78679626550452,38219900
2015-06-29,107.48306274414062,109.89598394147966,107.33604050372696,109.51544957970172,49224900
2015-06-30,107.98470306396484,108.38253154629433,107.49174096648555,108.26145359942245,39631300
2015-07-01,108.3046875,109.10899469258135,107.2928124783152,108.77169861985138,28627700
2015-07-02,107.50477600097656,108.52962387413895,107.14868832854987,108.39934531057095,31486400
2015-07-06,107.47002410888672,108.1387842442831,106.67099204889318,106.77521621481326,27852200
2015-07-07,107.59162139892578,107.68715856622475,105.55061274763834,107.59162139892578,39347100
2015-07-08,105.95011901855469,107.13129968135762,105.33347430324821,106.6536205152007,40724500
2015-07-09,106.332275390625,107.287640418706,106.19330983136246,107.13130747765693,29770400
2015-07-10,107.80879211425781,107.99117951571628,107.14003830891012,107.5569219047451,28735800
2015-07-13,109.0246810913086,109.12021826632693,108.34724048753733,108.36460787106647,21349900
2015-07-14,109.63263702392578,109.86713312770293,108.91176807792797,108.9638768507134,21009500
2015-07-15,109.05072784423828,109.84976658173953,108.79885773012018,109.70211401398562,22238300
2015-07-16,109.70211791992188,110.07557960225715,109.40682602638577,109.52841758563511,33568400
2015-07-17,109.22442626953125,109.76290122034557,108.87701901421224,109.70210544763292,24739900
2015-07-20,108.63385009765625,109.31129068948597,108.35592558238655,109.24180790410776,23271100
2015-07-21,108.12141418457031,109.25917316878537,107.79138091980342,108.62515439887972,28118700
2015-07-22,108.52095031738281,108.642541891449,107.59163950059477,107.76534648229205,20654200
2015-07-23,107.32237243652344,108.90306909076536,107.08787635854864,108.55566184918914,39712100
2015-07-24,105.59403228759766,107.44396644915861,105.51586250897957,107.24421175336977,39533000
2015-07-27,104.71685028076172,105.3682365120743,104.45629313773932,105.20321654641056,35627200
2015-07-28,105.6114273071289,105.79381466997964,103.64858146568545,105.02083681617441,53474800
2015-07-29,105.90672302246094,106.24544334812498,105.06426239792702,105.40298272359105,32411300
2015-07-30,106.21067810058594,106.34095664879467,105.09898019152342,105.63745513896433,29383900
2015-07-31,106.79258728027344,107.40923204086238,106.14988813386621,106.34964284263481,31812700
2015-08-03,106.2628173828125,106.96631909465384,105.48983950138629,106.8534078948707,34033200
2015-08-04,106.01092529296875,106.79259001877465,105.62009624318718,106.2975367968047,21728900
2015-08-05,106.25411987304688,107.2876548235399,105.88066479143312,106.47124861886518,25673500
2015-08-06,104.8210678100586,106.53204326257358,104.0307160523007,106.36702330738392,42225300
2015-08-07,104.1175765991211,104.60394950863176,103.41408156421792,104.34339235617091,42261400
2015-08-10,105.31611633300781,105.54192543118937,104.49102322025266,104.50839722856982,28798900
2015-08-11,104.41284942626953,105.16845305503446,103.91779625953863,104.63866512769263,33383800
2015-08-12,104.2131118774414,104.5170907989339,102.4587145117965,103.84833717165041,46500100
2015-08-13,103.8656997680664,104.73421471872,103.69199942843296,104.30864424824783,35698300
2015-08-14,104.53445434570312,104.64735889774347,103.37064092902902,103.77884399399136,21091500
2015-08-17,105.63746643066406,105.68089482678982,103.87438221834212,104.24784389579773,22328200
2015-08-18,104.79501342773438,105.48982138798817,104.67341524279091,105.48982138798817,26360400
2015-08-19,103.70935821533203,104.6560361919911,103.127448247864,104.13492862333753,45178900
2015-08-20,101.08646392822266,103.01456835724609,101.08646392822266,102.78006558817901,51879800
2015-08-21,99.9052734375,101.32095704395024,99.33205701729858,99.99212360707679,79168300
2015-08-24,96.00566101074219,99.8097548053584,94.02544762104486,95.11109150804948,83809200
2015-08-25,95.26741027832031,99.09755789454297,95.15449909012247,99.05413612128825,59240200
2015-08-26,97.69055938720703,97.8729467220281,95.03289927322461,97.12602337395545,51605300
2015-08-27,99.43627166748047,99.98344030970303,97.58633726715081,98.40274341507464,49533700
2015-08-28,100.4177017211914,100.48717788181165,99.19309245113435,99.32337101994261,41601400
2015-08-31,100.05291748046875,100.73036469323301,99.67077541636938,99.96606731254812,29250900
2015-09-01,97.18680572509766,99.11490960717005,96.92624863921253,98.23770781934824,45129200
2015-09-02,98.93252563476562,98.98463440320361,97.34314193498518,98.49826822780324,26865800
2015-09-03,98.7762222290039,99.99213803096154,98.61988925071734,99.08020117949332,33334500
2015-09-04,98.02926635742188,98.750128594418,97.51683918763798,97.73396788430665,31154600
2015-09-08,100.27001953125,100.37424368076626,99.10621301307113,99.49704197783477,29916300
2015-09-09,99.11492919921875,101.11250962297922,99.0193920239255,100.89538088390243,40963000
2015-09-10,99.56657409667969,100.12242325047002,98.77622877304591,98.79359616011985,29877900
2015-09-11,100.03553009033203,100.05289746994546,98.71539057373367,99.14964795272864,27949400
2015-09-14,99.57523345947266,100.34821118144004,99.38415912348202,100.33083717294484,22365800
2015-09-15,100.69563293457031,100.91276168826656,99.64473056182972,99.75763512830403,26745300
2015-09-16,101.56414031982422,101.63361647984274,100.56534680260243,100.70430574888266,27127800
2015-09-17,101.9114990234375,103.25769929125303,101.33828283848206,101.54672448517127,50405400
2015-09-18,100.50453186035156,101.47726417759483,100.2266073945332,100.5392732468591,42736100
2015-09-21,100.32218170166016,101.87682453580955,99.94871994120813,101.21675120021528,33021700
2015-09-22,98.8022689819336,99.64472959832796,98.18562412254805,99.40153983049494,35786900
2015-09-23,98.5069580078125,99.37547290463944,98.20297911917163,99.0280656206601,25506800
2015-09-24,98.3419189453125,98.5069322266774,97.16073846466581,97.9597703703265,39810300
2015-09-25,97.04762268066406,99.21643543909686,96.62083100431407,99.13804133390572,43750300
2015-09-28,94.33008575439453,96.81245503314011,93.96425766706007,96.72535563911107,56765300
2015-09-29,93.65940856933594,95.03560161978672,93.18906385670371,94.28653485284555,49980700
2015-09-30,95.11399841308594,95.31433302423758,93.9904047977099,94.48687871331511,50834500
2015-10-01,94.94849395751953,95.53206716960105,93.57230102688105,95.26205707197532,44985900
2015-10-02,96.35953521728516,96.35953521728516,93.30230437853554,94.05137118823843,58019200
2015-10-05,98.65901947021484,98.81580109058464,97.15218017273958,97.25670346807279,45220500
2015-10-06,97.97959899902344,99.00738777060707,97.36118467857379,98.60672525222805,34140000
2015-10-07,99.7129135131836,99.73033073437652,98.10154477463138,98.51091924787403,36371000
2015-10-08,100.61006164550781,100.81910155046916,99.25128565011214,99.62581907934972,43072200
2015-10-09,100.81036376953125,101.1587679519789,100.51422453386783,100.79294655077454,26497200
2015-10-12,100.66230010986328,101.02812153272048,100.22679651734067,100.85392275381442,22984000
2015-10-13,99.28611755371094,101.29814888051548,99.23385924362137,100.26164809535126,37445300
2015-10-14,98.31058502197266,99.94807616510829,98.17122068029768,99.32966185075509,39987400
2015-10-15,100.66230010986328,100.66230010986328,98.12767265691562,98.58930540174839,42503400
2015-10-16,100.53164672851562,100.86263370858903,99.66935148435194,100.86263370858903,33685600
2015-10-19,100.72327423095703,101.21974807976683,99.86097894518375,100.07873074984168,24949500
2015-10-20,100.58393096923828,101.29815672522535,100.19197367743816,100.67103037455209,20531400
2015-10-21,99.05091857910156,101.01939628910361,98.98994835400335,100.96713134955075,34060300
2015-10-22,99.92195129394531,100.53165370175476,99.0596559899697,99.65194117695225,36882600
2015-10-23,100.90617370605469,101.08037911752497,99.93064998284893,100.73197493984136,40172500
2015-10-26,100.21808624267578,100.92360659300853,100.1048576990395,100.68843092781177,19783300
2015-10-27,99.12065887451172,100.05263665924224,98.51094962064668,99.80874897054021,38189200
2015-10-28,102.01240539550781,102.02982262237941,99.22517728258084,99.41680000446921,65529900
2015-10-29,100.92362213134766,102.00366936428385,100.65360533916967,101.6813942585753,27252000
2015-10-30,100.46196746826172,101.06296456400035,100.23551038037384,100.65359011590347,28018700
2015-11-02,102.55238342285156,102.839817386862,100.53164703282887,100.55777618496484,33836900
2015-11-03,103.0837173461914,103.6760026031227,102.24755109733402,102.42174990720733,28626300
2015-11-04,103.03145599365234,103.64987038930035,102.50885293418655,103.34501915838351,25696000
2015-11-05,103.10985565185547,103.30147834687354,101.98625528627981,102.98791514507293,27141300
2015-11-06,103.84147644042969,103.9634169132782,102.16043232729534,102.78755855637762,35141300
2015-11-09,102.62207794189453,103.902459712701,102.14302127755938,103.71083704696694,32983100
2015-11-10,102.92694854736328,102.92694854736328,101.87303033259087,102.18659354552838,21892200
2015-11-11,102.02980041503906,103.07500657660428,101.97754210053841,103.04887741935396,22037600
2015-11-12,100.07874298095703,101.46364143811309,99.93067333055517,101.32428372163443,39916100
2015-11-13,99.3558120727539,100.4619885270286,98.99870250068437,99.67808719727533,43883000
2015-11-16,100.2093734741211,100.24420791167202,98.73736929045438,99.25997224206016,28979100
2015-11-17,99.82615661621094,101.16750878237309,99.68679224531977,100.29650140008019,34441000
2015-11-18,101.51592254638672,101.60302196369969,99.74777181316134,100.104888062982,35554300
2015-11-19,101.089111328125,101.60300912226215,100.81038924079495,101.42009837544482,25512500
2015-11-20,101.74234771728516,102.22140432979336,101.36781435984896,101.45492039503772,31697700
2015-11-23,102.24757385253906,102.68307761940233,101.62915930102442,101.65528846379459,22716400
2015-11-24,102.99662017822266,103.14468983435673,101.5246156153661,101.80333770437208,24994500
2015-11-25,103.79792785644531,103.92858026729341,102.87466233823207,103.04015583499017,20772600
2015-11-27,104.18991088867188,104.43379190517446,103.54536060761869,103.88505297278434,14129300
2015-11-30,103.73699951171875,104.58187791178281,103.69345312068825,104.53832487549195,30165400
2015-12-01,104.42506408691406,104.4424879541622,103.5627687253631,104.18118310750638,27899900
2015-12-02,103.30148315429688,104.5557360198695,103.17083070658981,104.28572583446521,22238300
2015-12-03,101.55944061279297,104.04180986293746,101.15877808866945,103.58888903205018,39485400
2015-12-04,102.58724975585938,102.71790219395231,101.33299698258156,101.55946076559206,32669900
2015-12-07,101.0455551147461,102.49142372542826,100.61005148034356,102.46529457060541,29621400
2015-12-08,100.48810577392578,101.04554986538088,99.69548601076627,100.13098962254418,30946000
2015-12-09,99.36451721191406,101.18491933109284,98.94643077208003,100.19197151240287,41980400
2015-12-10,99.69549560546875,100.23552252833838,98.98998181297233,99.19902170607156,31278800
2015-12-11,97.47441101074219,98.71994482595237,97.14342404870801,98.6589745927235,52609300
2015-12-14,96.7776107788086,97.88378700181208,96.05467320604049,97.43957811322622,53400400
2015-12-15,98.1712417602539,98.38899360693495,97.20442302936931,97.31765824260921,48273900
2015-12-16,99.66935729980469,99.86097995307895,98.27574706497971,98.85060837954474,44560600
2015-12-17,98.60673522949219,100.11358077620045,98.39769533902538,100.08745162054939,41318000
2015-12-18,97.09991455078125,98.32803161367006,97.0650734549551,98.12770361924416,49876600
2015-12-21,97.83153533935547,98.10154546391992,97.11730965078335,97.70088292108757,26479300
2015-12-22,98.72866821289062,98.87673784716091,97.36989906027802,98.11025387688726,28108700
2015-12-23,99.9742202758789,100.13100186109195,99.05966656651832,99.22515344044534,29609700
2015-12-24,100.16317749023438,100.74054049418255,99.85700317333742,100.1106923713662,13370500
2015-12-28,99.69952392578125,99.78700133348849,98.81598675751185,99.70827366878149,22125500
2015-12-29,100.77552795410156,100.85426230793318,99.78702037756887,100.1456864939469,22841500
2015-12-30,99.76075744628906,100.90672682237583,99.7257651488538,100.64429460275889,21273200
2015-12-31,98.51856994628906,99.69953172800167,98.42234278805111,99.34086565200583,39517700
2016-01-04,96.2353744506836,96.95269993153518,95.42182181119713,96.76024561426541,66665900
2016-01-05,96.44534301757812,96.73402455764614,95.8329943029797,96.58531225182944,28253300
2016-01-06,94.9756851196289,95.87671523854827,94.47705647740658,95.08940509975,35569200
2016-01-07,92.43879699707031,94.03965978401456,92.28133497418892,93.35732657622827,52482000
2016-01-08,90.8467025756836,93.15614160192627,90.68049744875667,92.6137774917954,60299300
2016-01-11,90.45306396484375,91.66026878102049,89.49954174898477,91.16163997932776,47144800
2016-01-12,90.72423553466797,91.84396277179223,89.17586417454162,91.17037914993182,53702900
2016-01-13,87.81117248535156,91.34531501315752,87.17258130684543,90.899178164864,70591600
2016-01-14,89.027099609375,89.84940179808036,86.77015347240707,88.23104664562402,69373400
2016-01-15,87.58372497558594,87.7324372455301,85.3005291168948,86.67394519471179,85759200
2016-01-19,86.40274810791016,88.52848174571713,85.50171815849494,88.41476178698935,51391100
2016-01-20,86.76140594482422,87.76741268929828,83.15727981364755,85.2305281475238,94385800
2016-01-21,86.56021118164062,88.27480037115339,86.06158262702569,86.89263466744941,65798200
2016-01-22,88.67719268798828,88.88713977522869,87.59245161003481,88.04734475216951,46056700
2016-01-25,86.70894622802734,88.42352906209999,86.47274984693958,88.12609781815603,35019600
2016-01-26,88.44100952148438,88.70344842511876,86.76141922570024,87.05884375399388,33349600
2016-01-27,87.22508239746094,88.86968090154335,86.65646904700618,87.99489318518238,47973900
2016-01-28,87.20758056640625,88.309808169748,86.796429314355,87.959898458649,41951100
2016-01-29,90.06809997558594,90.08559945915209,87.44373806484941,87.5137226509191,42245300
2016-02-01,89.65696716308594,90.18183831747585,88.5722325541336,89.35079287920006,33615700
2016-02-02,87.72369384765625,88.7646931607659,87.2775503314522,88.6422234385294,39692700
2016-02-03,87.83740997314453,88.41476621248206,85.85163874867656,88.40601646934253,55262500
2016-02-04,88.1785888671875,89.20208871233946,87.45251358937224,87.47875614836083,51188400
2016-02-05,85.76414489746094,87.86363568384878,85.69416031395866,87.78490135888441,53366600
2016-02-08,84.35575866699219,84.86313701742279,83.05232716421607,84.86313701742279,61107700
2016-02-09,83.78716278076172,84.96812481194327,83.12232227633865,83.21854945490385,55857200
2016-02-10,83.8309097290039,85.65921288029196,83.69969023474431,84.37327384992919,42756100
2016-02-11,82.92111206054688,83.45473299608247,81.91510505056505,82.30001370546923,57923200
2016-02-12,84.4957275390625,84.67068905618939,83.27103028967157,83.68218151229544,40097300
2016-02-16,86.49899291992188,86.69144725406998,85.04684901752168,85.54547766776926,38882100
2016-02-17,87.85491180419922,88.43226810280609,87.06760169328149,87.1025939953333,40940400
2016-02-18,87.43502807617188,88.0386337257871,87.07636858916754,87.92491372729313,35043600
2016-02-19,87.87238311767578,87.96861025624872,86.70017131920177,87.09382294129288,32424800
2016-02-22,88.85215759277344,89.2370661915969,88.56347614365585,88.65095355045254,28867400
2016-02-23,88.03863525390625,88.782203478105,87.9599075629902,88.5635065489818,29857100
2016-02-24,88.88714599609375,89.07085054454807,86.57770785252805,87.14632098294267,36909600
2016-02-25,89.7007064819336,89.75319159354856,88.69469957335535,89.04461589035195,22612600
2016-02-26,90.26930236816406,90.51424174090435,89.84065179177122,90.15557574932225,27474700
2016-02-29,89.866943359375,91.00416336493711,89.8581936136267,90.2168531001015,32014400
2016-03-01,91.80018615722656,91.80018615722656,90.16433141873819,90.64546712832235,36422700
2016-03-02,92.74497985839844,92.80621472438719,91.4940333039712,91.66899483115323,24937100
2016-03-03,93.71595764160156,93.73345712446037,92.65746584794852,92.77119246423916,28216300
2016-03-04,94.23210144042969,94.75697255477029,93.31357198475988,93.6634882856864,38180900
2016-03-07,95.255615234375,95.34309265404895,93.78597189191512,93.78597189191512,38739900
2016-03-08,92.95491790771484,94.73073539396317,92.8499410092302,94.73073539396317,46193900
2016-03-09,93.42732238769531,93.61102699074331,92.78872447549037,93.26986034592561,25627200
2016-03-10,92.66625213623047,94.03091867715456,91.68648760673891,93.68975204192353,47051200
2016-03-11,94.65200805664062,94.76573470694042,93.30484113392859,93.41856111012919,33625000
2016-03-14,94.40705871582031,94.77446783803032,93.952172184622,94.3633233483754,24422700
2016-03-15,92.93740844726562,93.8471881142027,92.75370390020593,93.7859532651828,34258400
2016-03-16,93.593505859375,93.89093705798885,92.49127849594906,92.49127849594906,37952200
2016-03-17,95.02815246582031,95.43930360997348,93.01614545861081,93.59350166968895,41724500
2016-03-18,95.8854751586914,96.18289975707954,95.08941519106409,95.15065005979694,36512600
2016-03-21,95.65800476074219,96.17413281834592,95.42181508970215,95.73673910048785,29903700
2016-03-22,95.54432678222656,95.9554781255429,94.88823591713063,95.15941800565783,23602100
2016-03-23,93.77806091308594,95.27843892979543,93.70787283946359,95.23457222054914,39243300
2016-03-24,94.05883026123047,94.076382299677,92.7778059144269,93.21651315761201,30924300
2016-03-28,94.17292022705078,94.56775415965365,93.48853784032964,94.26066035716887,21096400
2016-03-29,96.7875747680664,96.81389612749355,93.68152716699896,93.91843279012373,46761100
2016-03-30,96.79639434814453,97.4983288214212,96.55949531254602,97.2965204847576,35683500
2016-03-31,97.068359375,97.54216398706346,96.81390837810623,96.93675256121107,28555900
2016-04-01,97.49828338623047,97.58602348096646,96.05932441131174,96.17338586505451,29981400
2016-04-04,96.68230438232422,97.67378034189905,96.603333597608,97.31404388348886,21529400
2016-04-05,95.58552551269531,96.39274514257052,95.49777871863627,95.96281396707141,32515800
2016-04-06,96.66475677490234,96.7524968887213,95.27844021648151,95.57676463643585,28157800
2016-04-07,95.35739135742188,96.41028589459452,94.87481078963594,95.96280939807326,33298400
2016-04-08,95.73468780517578,96.57700484422935,95.31352593857862,96.17339501473332,26151700
2016-04-11,95.43634796142578,96.99815099752314,95.41880262130769,96.28744088115636,25842100
2016-04-12,96.46292877197266,96.67350632631248,95.13803132538257,95.45390100396219,25058700
2016-04-13,98.54238891601562,98.64768103231637,96.96304733633987,97.02446606398048,40534700
2016-04-14,98.41956329345703,98.8845918149508,98.16511233574269,98.49853406371184,25538600
2016-04-15,98.66522979736328,98.82316463022893,98.14755860272221,98.18265597604119,21176100
2016-04-18,99.41105651855469,99.49002060321072,98.15635362949617,98.25286975128073,19428300
2016-04-19,99.49002838134766,100.13931322890792,99.05132113680723,99.59532052992823,23228100
2016-04-20,99.63919067382812,100.20951145022573,99.121519320607,99.49003181213475,21422500
2016-04-21,99.13905334472656,99.95504902229615,98.84951167395602,99.56021521133765,20535700
2016-04-22,100.12176513671875,100.19195990051264,99.13028920115919,99.13028920115919,29094500
2016-04-25,99.41105651855469,99.94627985058152,98.9811186327359,99.84976372879696,16369600
2016-04-26,100.3849868774414,100.49027232345712,99.29698817824676,99.7356953876876,30564100
2016-04-27,100.73593139648438,100.94651564357328,99.93748788222638,100.44638977148165,24360300
2016-04-28,99.5865249633789,100.90264643866585,99.31452866727773,100.26213104193793,26126500
2016-04-29,98.69158935546875,99.55145184680852,98.02475243779797,99.15661798566252,33284500
2016-05-02,99.5689926147461,99.59531397662398,98.42835117633788,98.99867189554199,21881000
2016-05-03,97.9370346069336,98.7617999014063,97.33161630089488,98.75303057388628,37929600
2016-05-04,97.12979125976562,98.26165687046353,96.84024953611798,97.38424229108301,30767200
2016-05-05,96.74371337890625,97.68254651681688,96.60332386206623,97.52461165744218,26249200
2016-05-06,97.31404113769531,97.33158648150315,96.11198091555518,96.34011054990361,25497400
2016-05-09,97.59481048583984,98.17390053160308,97.06835646987577,97.32280745915416,23427000
2016-05-10,98.57749938964844,98.6213727841396,97.45441010973222,97.97208804933932,18635300
2016-05-11,97.35791778564453,98.50732870544701,97.27895368923448,98.35816983835574,23604600
2016-05-12,96.84022521972656,97.82292501762787,96.07687231745082,97.55970472639301,34803000
2016-05-13,96.19972229003906,97.34036378266491,95.95404730864672,96.56823476212759,24510300
2016-05-16,97.41932678222656,97.84925799485356,96.40152948582413,96.44539619250135,27337000
2016-05-17,95.87508392333984,97.76152652480054,95.43637665296022,97.28772186949355,46676300
2016-05-18,96.37520599365234,97.09469231396119,95.45392478010095,95.47147012477464,35734400
2016-05-19,95.60308837890625,96.3137920208997,94.7519951959976,95.67328314936385,36995600
2016-05-20,97.208740234375,97.208740234375,95.8399759398858,95.89261866070756,37404500
2016-05-23,97.09468078613281,97.73518954986888,96.95429126884562,97.19119021159197,23721700
2016-05-24,99.09517669677734,99.34085163842347,97.62988967629065,97.66498705283153,41124300
2016-05-25,99.67427825927734,99.93750526685827,99.21802569949674,99.4110579458373,26202900
2016-05-26,99.56021881103516,100.04279274252785,99.36718656078168,99.8234391298109,15157200
2016-05-27,100.55168151855469,100.55168151855469,99.59530310596055,99.63916980625544,21265100
2016-05-31,100.90265655517578,101.37646113707957,100.46394935276197,100.74472169454118,32764400
2016-06-01,101.58704376220703,101.73620261183754,100.39375957688091,100.56047046419795,26806100
2016-06-02,102.367919921875,102.367919921875,101.22728540242824,101.3325708291879,23303300
2016-06-03,101.75377655029297,102.19248386890652,100.90268328111986,102.19248386890652,28733200
2016-06-06,102.85054779052734,103.16641760450106,101.78887685239337,101.85029561099145,26946000
2016-06-07,103.14885711669922,103.51737633225592,102.62240970122944,102.91195812268755,21038500
2016-06-08,103.9122085571289,104.09646481488706,103.22782625855805,103.23660227868234,27999900
2016-06-09,103.24537658691406,103.48228228270817,102.91196144166351,103.48228228270817,23440700
2016-06-10,101.84150695800781,102.55221060422461,101.50809183756549,102.28899025465704,32686800
2016-06-13,100.73593139648438,101.9379913705929,100.54289918372275,101.47296287301609,36169500
2016-06-14,100.4464111328125,100.99917983716048,99.73570086248952,100.367440349825,34267600
2016-06-15,100.51661682128906,101.39403144212892,100.42887669803353,100.80616525276037,24197700
2016-06-16,100.5078353881836,100.54292607794511,99.0513240798453,99.77957973401445,36306600
2016-06-17,100.077880859375,100.83245775279936,99.74446580880114,100.38498124406243,30096400
2016-06-20,101.16590118408203,102.17492257015962,101.16590118408203,101.60460846294771,28219800
2016-06-21,100.97284698486328,101.26239533263553,100.31478620945747,101.20096990055623,34706800
2016-06-22,100.57801055908203,101.67477856232043,100.4551730782506,101.1658832963647,27226100
2016-06-23,102.49955749511719,102.57852827789098,101.54317894181338,101.62214303044605,30240300
2016-06-24,98.60382843017578,100.06033955575438,97.83170616361814,98.21777064396728,74945400
2016-06-27,95.36617279052734,97.45441664195974,94.9274655927704,97.45441664195974,58358800
2016-06-28,96.84022521972656,97.28770172306791,96.13829105481966,96.20848581013841,42040600
2016-06-29,99.04255676269531,99.19172233092492,97.85804840199333,98.00720727608083,34031600
2016-06-30,100.88511657714844,100.92020726436374,98.7705445358823,99.25312516185537,42973800
2016-07-01,101.24486541748047,101.73621542834655,100.72719404090967,100.946547680638,24401900
2016-07-05,99.75325012207031,101.13079052919704,99.20925075776347,100.92020624318998,29347200
2016-07-06,100.47755432128906,100.58342474496997,99.08362403190175,99.28654066123026,24678300
2016-07-07,100.68927764892578,101.4479987767434,100.05407536762067,100.76868214090486,20780600
2016-07-08,103.03604888916016,103.30071489449314,101.58918652110324,101.6774085228809,37964800
2016-07-11,104.22703552246094,104.48288397243869,103.63594086091173,103.71533862250541,26987300
2016-07-12,105.6209945678711,106.23855531890648,104.83580729973724,104.98578537771621,44153000
2016-07-13,105.20634460449219,106.2120902534336,104.94167186280974,106.15915839746009,28050200
2016-07-14,105.31221771240234,106.18562701260524,105.25046163523461,106.13269515529221,19345400
2016-07-15,105.60332489013672,105.90328771667443,105.23278851403663,105.77095137352268,23857300
2016-07-18,105.77980041503906,106.17680280675431,105.2769275777762,105.45337158944797,17422400
2016-07-19,105.25045013427734,105.84154491270783,104.92402134439892,105.65627670144933,19734100
2016-07-20,105.93856811523438,106.25617261723058,104.93282276921487,105.47098557921369,22390500
2016-07-21,105.43570709228516,106.39733819059688,105.20632454196343,105.87682375703133,19018700
2016-07-22,106.22091674804688,106.44147512720357,105.29456886322572,105.49748553364921,17796100
2016-07-25,106.06210327148438,106.27383740851312,105.65627670430143,106.0003472010632,13694600
2016-07-26,106.57379913330078,106.723777198305,105.7974294209838,106.04445370002765,19551100
2016-07-27,106.87374114990234,107.16487975357437,106.17677603697805,106.75022902669104,21064700
2016-07-28,106.60026550292969,106.96197770420615,106.33559278519037,106.6443731352817,16540100
2016-07-29,106.81201171875,107.4207549998537,105.91213649229493,106.49440711390525,30267900
2016-08-01,106.90021514892578,107.36779775511273,106.2561885622214,106.92668107291276,34771700
2016-08-02,105.40924835205078,106.9355083467662,105.07399535621924,106.89140071582973,28691000
2016-08-03,106.26502227783203,106.3091366451515,105.07400840018816,105.3122152142614,17830300
2016-08-04,106.3620376586914,106.91784890975165,106.09737172424387,106.26499146345566,17526700
2016-08-05,107.89717864990234,108.14420299624486,106.72380627386671,107.05022841828708,28643400
2016-08-08,107.84417724609375,108.38234000045091,107.65890909423543,107.94122343005354,14625700
2016-08-09,107.95889282226562,108.18826863715391,107.75597619888875,107.8706641063329,12487700
2016-08-10,107.18253326416016,108.16181287099374,106.88257714072259,107.9677204471663,19138100
2016-08-11,107.69420623779297,107.98534480862365,107.25308963868167,107.65891610215544,21144600
2016-08-12,107.80010223388672,108.03830229235157,107.3060469485896,107.4824976686624,12251200
2016-08-15,108.86759185791016,109.12344032565454,108.0118244698114,108.03829039218049,22048000
2016-08-16,107.9853515625,108.62056058189383,107.86183944549626,108.5852704440491,20244300
2016-08-17,107.66778564453125,108.07361227884898,107.0414006178077,108.02068041856215,20632600
2016-08-18,108.46178436279297,108.48825028980315,107.66777289795192,107.70306304426788,16244600
2016-08-19,108.46178436279297,108.57647229013944,107.87950704494048,108.31179955822337,17379500
2016-08-22,108.70880889892578,108.81467260720295,107.92362165163661,108.23240201895699,16929700
2016-08-23,109.46753692626953,109.80278324119989,109.05288609435897,109.05288609435897,21539400
2016-08-24,108.57645416259766,109.61748974693559,108.3117814748704,109.34399957228186,21533400
2016-08-25,108.7882080078125,109.12346103720087,108.1706472656349,108.17947148506808,17023200
2016-08-26,108.56764221191406,109.75866271035507,107.897149660816,108.91171270629268,26734400
2016-08-29,109.13226318359375,109.54691393686616,108.72643664851398,108.75290257218562,14013900
2016-08-30,109.335205078125,109.54693924732484,108.84997392901296,109.24698306853405,14031300
2016-08-31,108.71762084960938,109.29989137214687,108.1177018904125,109.20284516323956,29236300
2016-09-01,108.79701232910156,109.07050250334562,107.65010632520948,108.81465403383413,22964700
2016-09-02,109.84690856933594,109.8645502799208,109.07053868543609,109.40579176472312,23083300
2016-09-06,109.9527587890625,110.2527216794268,109.37048817856673,110.20860731202082,13711000
2016-09-07,110.64089965820312,110.66736558462951,109.82042228445003,109.88217835641395,17830500
2016-09-08,110.42035675048828,110.64091514278545,110.07627946606937,110.5526864011402,16265500
2016-09-09,106.97079467773438,109.58220461019958,106.93550453569894,109.5557386863996,54239000
2016-09-12,108.46178436279297,108.48825028980315,106.37971284650186,106.47675906614394,33408100
2016-09-13,106.37970733642578,107.77363775462327,105.76213990424505,107.68540902794972,47536200
2016-09-14,106.3973388671875,107.16488429185294,106.12384868719568,106.54731691873745,30545500
2016-09-15,107.66778564453125,107.80012202615633,106.31796935995294,106.46794745137097,29499800
2016-09-16,107.50894927978516,107.66775154125375,106.83845009459486,107.66775154125375,31940500
2016-09-19,108.22356414794922,108.99993380888623,107.62364519672806,107.91478381957944,22807000
2016-09-20,107.76482391357422,108.71763771378762,107.76482391357422,108.69116505469214,16877900
2016-09-21,109.32637786865234,109.37049223769556,107.72071310673138,108.14418816446016,30784700
2016-09-22,110.89674377441406,110.9849725055732,109.97922689470506,110.04098296797216,36287700
2016-09-23,110.1115493774414,111.05553885372653,110.1115493774414,110.7732244327134,26118000
2016-09-26,109.01810455322266,109.84969142252233,108.90309290410478,109.52236718921127,20028000
2016-09-27,109.4604263305664,109.593121678588,108.64652328214926,108.96500561641922,16939500
2016-09-28,110.30087280273438,110.37164816181,108.87655076150848,109.65505946281125,19426400
2016-09-29,108.6907730102539,110.26548766366393,108.54922228884136,110.24779719824231,26657700
2016-09-30,109.88509368896484,110.38935639188817,108.69078799777914,109.18620209201657,31764500
2016-10-03,109.54004669189453,109.7877536813425,108.92962107539115,109.54889529852032,18674300
2016-10-04,109.00041961669922,109.97355731776132,108.50500553241538,109.71700166711129,26057300
2016-10-05,109.65503692626953,110.30085013346373,109.38963950854556,109.42502718081043,24317300
2016-10-06,109.54004669189453,109.71697832735472,108.65537501557507,109.47811994453254,18937100
2016-10-07,108.66421508789062,109.98237389221798,108.13341347368909,109.73466692222452,28732700
2016-10-10,109.9646987915039,110.3539497632239,108.66423026785912,108.66423026785912,21481700
2016-10-11,107.95648193359375,109.79660061213457,107.34605632640734,109.7435224722085,31931300
2016-10-12,107.8680191040039,108.46959612135684,107.514149079177,108.00956306422907,20210400
2016-10-13,106.97450256347656,107.40799656511689,106.25792063145293,107.03642931378096,26302500
2016-10-14,106.54100799560547,107.78839152308677,106.51446892579872,107.36375290716046,24554600
2016-10-17,106.41717529296875,106.91258935816901,106.30217038483595,106.67373093373615,17119500
2016-10-18,107.02758026123047,107.55838190665736,106.74448560036885,107.50529701745829,19158900
2016-10-19,107.47875213623047,107.885700267371,106.60292913115644,107.1956574906758,18477400
2016-10-20,107.16027069091797,107.92993742863386,106.52331279535278,107.16911929696312,20485600
2016-10-21,107.10721588134766,107.37262012443581,106.24908314480763,106.39063387432405,21093700
2016-10-24,107.78839874267578,108.46959974438472,107.44337731306045,107.96533713575388,15421600
2016-10-25,106.98334503173828,107.92109483954161,106.6914017615511,107.7618536693949,16459800
2016-10-26,105.9217300415039,107.04525996557373,105.68286493788906,106.25790280826698,24975300
2016-10-27,104.7097396850586,106.28445418200661,104.4708745537858,106.2667637183427,29525700
2016-10-28,104.41779327392578,105.3024649197264,104.17008629302305,104.66550025482852,35473700
2016-10-31,104.83358764648438,104.95744113412289,104.21432020829181,104.55049299623794,20311800
2016-11-01,103.55084228515625,105.01054543160362,102.86964118393765,104.97516449732912,34147200
2016-11-02,102.2326431274414,103.50657233136239,102.0822505823975,103.39156745859499,29859900
2016-11-03,101.73723602294922,102.83422693889942,101.63107299901515,102.54229043472112,22717500
2016-11-04,102.39191436767578,103.41813691674388,101.78149540267111,102.0026633572623,35237200
2016-11-07,104.89551544189453,105.11668335053895,104.13469729619702,104.39125288016562,32370900
2016-11-08,105.1697769165039,105.68288815971124,104.13471257209285,104.6566724228065,26196800
2016-11-09,108.40767669677734,108.66423231337089,104.4355024422636,104.46204151475435,77416800
2016-11-10,110.14163208007812,110.93783799923366,108.47845163190529,109.92931275147325,83440700
2016-11-11,112.6717758178711,112.99025813468518,110.1858507750527,110.61048936446568,95612800
2016-11-14,114.25537109375,115.23735744793952,113.58302530581794,114.0784394126123,83119400
2016-11-15,114.60921478271484,114.9099999034923,113.50337522189942,113.98994732846182,38704500
2016-11-16,114.60037231445312,115.00732725816603,114.14919458254892,114.34382344706123,42325500
2016-11-17,115.27273559570312,115.74161055902654,114.78616341705994,114.96309507319744,42576900
2016-11-18,115.8831558227539,115.97161489714414,115.27273016367769,115.61775160154433,41380600
2016-11-21,116.42281341552734,116.77667673329285,115.54698348038035,116.16625103598011,32293100
2016-11-22,117.48442840576172,117.57288749438034,116.48474486131778,116.88284450765563,39681500
2016-11-23,118.21868133544922,118.23636504981829,116.86513474019209,117.20130080044629,37939200
2016-11-25,118.6079330444336,118.6344721136652,118.13904465696686,118.30713442811226,13373400
2016-11-28,117.06859588623047,118.54599585650027,116.90934797678487,118.5194567880956,32505700
2016-11-29,117.00668334960938,117.74096253802104,116.86514612577453,117.22785129193747,27993700
2016-11-30,116.43164825439453,117.74095865001566,116.33433382302286,117.59056607408115,32491200
2016-12-01,115.86546325683594,117.26324627886787,115.26387943135714,116.99784204701015,39815900
2016-12-02,115.80349731445312,116.30776656362958,115.46733131401834,115.83889173493017,24054100
2016-12-05,117.79399108886719,117.95323895978474,116.67930998850123,116.75008532012967,27547100
2016-12-06,119.06797790527344,119.35107936932242,117.43134312543545,118.12138607027885,27820000
2016-12-07,120.22692108154297,120.47462816508482,118.7052841403438,119.06800290518139,31825800
2016-12-08,122.12006378173828,122.27046983540735,120.13840800372525,120.53650753062838,49048900
2016-12-09,122.35892486572266,122.81011601382788,121.86351093754344,122.43854206867636,34313500
2016-12-12,121.06731414794922,122.58895038349463,120.76651554397964,122.04044481085648,34592900
2016-12-13,121.076171875,122.12893337934618,120.52767972948281,121.6689003062245,32624600
2016-12-14,119.5633544921875,121.50964269992423,119.26256940517968,120.68689113955978,45923700
2016-12-15,120.4569320678711,121.32390677119088,119.39532846190492,119.75803369045299,41352500
2016-12-16,120.2357406616211,121.66890457549678,119.98803365179121,120.62499839107365,39348200
2016-12-19,121.02308654785156,121.36810795745764,120.23572930546754,120.35072744265734,33393900
2016-12-20,122.0492935180664,122.27046140654585,121.19116103084481,121.44770984191365,31753600
2016-12-21,121.2530746459961,122.21736334931094,121.20883837082232,121.9519726963002,23215900
2016-12-22,120.20758056640625,121.47787284012371,119.75452827056849,121.309089714592,34737900
2016-12-23,120.84712982177734,120.91819709714181,120.16313271145088,120.33191579610438,17081400
2016-12-27,121.38902282714844,121.96643943681997,120.99817309030301,121.01592974559233,13571700
2016-12-28,120.14537811279297,121.68216917245061,119.77228503468122,121.60222356029065,22712400
2016-12-29,120.25194549560547,121.04255022305986,119.64789404303158,120.18087822682698,21312900
2016-12-30,119.79004669189453,120.48293572387476,119.39029155023873,120.45628718839072,28399300
2017-01-03,120.38520050048828,121.54889821133986,119.47910977601715,121.24687248808128,29792400
2017-01-04,122.39285278320312,122.55275759399474,120.820520991475,120.85606141818481,34499400
2017-01-05,120.98043060302734,122.3750874259519,120.37636531730135,122.13525053229914,30286900
2017-01-06,120.53622436523438,121.44231517241776,120.5273324842298,121.17581628151716,23436000
2017-01-09,119.7456283569336,120.56288174219713,119.47912944648517,120.40297697404903,24077900
2017-01-10,120.89153289794922,121.14915343209974,119.7100650131675,119.92326681163395,21684900
2017-01-11,121.10478973388672,121.51340975661404,120.29641446302452,121.01595222214536,27428800
2017-01-12,120.1719970703125,121.0070205154195,118.67073324513443,120.95372345376505,41844200
2017-01-13,121.04257202148438,121.67328567379334,120.50069585982105,120.50069585982105,27784500
2017-01-17,119.39918518066406,120.53623456029574,119.15045647603826,120.45628895267268,28197800
2017-01-18,119.79004669189453,119.86999229834665,118.99054996328053,119.7100875307448,21289700
2017-01-19,118.81291961669922,120.31418409686988,118.29769187142341,120.04768511763052,34105900
2017-01-20,119.42585754394531,119.81672088768315,118.81291398714738,118.81291398714738,29286100
2017-01-23,118.92841339111328,119.63905930895076,118.25328079258485,119.06165611203231,20537000
2017-01-24,120.74943542480469,121.06035311532169,119.23041450295104,119.33700865755152,34313800
2017-01-25,121.88648223876953,122.18850800636513,121.65551019497504,121.75322600857331,29127300
2017-01-26,121.39790344238281,122.14408953624046,121.1847016064103,122.00195497892545,22255600
2017-01-27,120.98043060302734,121.73549526680758,120.5007297063182,121.49565837315481,19467800
2017-01-30,119.29255676269531,120.13647210113052,118.35983105970135,120.12758022091829,40464400
2017-01-31,120.12759399414062,120.4207414261507,118.573032904652,118.91947740526444,32945000
2017-02-01,120.05651092529297,121.5844232794957,119.65676940866096,121.00702037266005,30010500
2017-02-02,119.7544937133789,120.5184499447488,119.4702381797997,120.18977567178953,19935700
2017-02-03,121.5844497680664,121.68216558717121,120.37633307490621,120.80273676992616,24534100
2017-02-06,120.66944885253906,121.50447225935945,120.30523420833961,121.16690614476535,23691500
2017-02-07,120.136474609375,121.22910507735148,119.71896287154658,120.65170214870999,30342200
2017-02-08,119.92330169677734,120.13650355726325,118.93726511841588,120.13650355726325,32956900
2017-02-09,121.61109924316406,121.92201691217825,119.92329532345401,119.92329532345401,28267600
2017-02-10,122.53495025634766,122.91692162219442,121.87758810838918,122.40169402861028,27287600
2017-02-13,122.85476684570312,123.66314201034679,122.66821351743943,123.27227869756526,23245100
2017-02-14,123.26338195800781,123.4321650686677,122.24181852097014,122.53496599400592,27145000
2017-02-15,124.00066375732422,124.1605685066178,122.65042626506926,122.75702039480095,20253500
2017-02-16,123.65426635742188,124.22279119026078,122.77483734293584,123.88523846603535,24613600
2017-02-17,123.57431030273438,123.61872905485063,122.81035385231498,122.98801530607994,26703200
2017-02-21,124.54256439208984,124.64917209753293,123.81414843750547,123.81414843750547,21353500
2017-02-22,123.9918212890625,124.3826846173753,123.69867379282788,124.36491440571564,14890800
2017-02-23,123.2544937133789,124.37377288470648,122.31287596619411,124.32936769469414,24596200
2017-02-24,123.1656723022461,123.1656723022461,121.96644736670976,122.10858194645763,24512300
2017-02-27,124.3648910522461,124.3648910522461,122.77480305214496,122.89027551949923,28269000
2017-02-28,122.44611358642578,123.9029588917195,122.37504630876545,123.81413496066703,40184100
2017-03-01,124.68470001220703,125.12886038364483,123.93851384131925,124.05398632069787,35719800
2017-03-02,123.2544937133789,124.68469054297972,123.1567778968957,124.65804200709319,25937000
2017-03-03,123.1656723022461,123.84968310692062,122.48167505227113,123.29892855377207,30989800
2017-03-06,122.3217544555664,122.56160483356122,121.69105436581796,122.39282173625739,23892100
2017-03-07,121.52229309082031,122.35731684551598,121.35350996320733,122.0552774596663,29711300
2017-03-08,120.72283935546875,122.25075282407653,120.61624515453964,121.94872688497398,34115100
2017-03-09,120.24311828613281,121.24692524664741,119.8256063762569,120.66063019600873,35223800
2017-03-10,120.77608489990234,121.086989003238,119.781156527014,121.06921879442808,39516600
2017-03-13,121.06034851074219,121.51338720526192,120.50070211097764,120.50070211097764,21295000
2017-03-14,120.48294067382812,120.66060210258668,119.53243102018772,120.58953482014363,30037800
2017-03-15,122.348388671875,122.60600922856518,120.7849493437514,121.06920487854832,31230400
2017-03-16,122.50837707519531,123.0413616498859,122.19745924059669,122.78375447199127,25306600
2017-03-17,122.99687957763672,123.2367163867632,121.97530272709783,122.71261047166857,33324600
2017-03-20,122.4638900756836,123.05018498042945,122.02860806069991,122.83698313651334,19091200
2017-03-21,119.00835418701172,123.12128436511634,118.9639354302766,123.04132518111255,61869000
2017-03-22,119.0349349975586,119.31031215604075,117.95118301245905,118.7773280425993,46332600
2017-03-23,119.72787475585938,120.54512825448475,118.71518959944319,119.0349856254009,37764600
2017-03-24,119.81427764892578,120.68733494239207,119.25301973483259,120.2240742260972,33514400
2017-03-27,120.03702545166016,120.33101711396134,117.95235853659112,118.27307547785306,35596700
2017-03-28,120.97241973876953,121.07041694522738,119.50247523563287,119.62719771714913,26891900
2017-03-29,121.36436462402344,121.59600171563895,120.53585420971702,120.89220014396635,22119500
2017-03-30,122.28201293945312,122.38892763372192,121.39113418502214,121.44459832902204,25792900
2017-03-31,122.4780044555664,123.09271295657909,121.99693592079555,122.42455390656194,29434300
2017-04-03,121.18624114990234,123.03036677679323,120.80316979382255,122.91454818368464,38834900
2017-04-04,121.04364776611328,121.64945216641004,120.58040077063897,121.09709829684293,25642600
2017-04-05,119.67174530029297,122.43346129632144,119.44902561059402,121.89894219728258,44968800
2017-04-06,120.78532409667969,120.82987074611782,119.22628652244671,119.85880272579021,41012100
2017-04-07,120.73185729980469,121.18620043795285,120.0458770532568,120.45568714169148,24300200
2017-04-10,120.99915313720703,121.91675712267711,120.41116992504261,120.68734015064793,22779900
2017-04-11,121.9613037109375,121.97912509339109,120.33991134468796,120.50918049366754,32589200
2017-04-12,120.30426025390625,121.7831222393752,120.19735915404664,121.7296716894454,25700800
2017-04-13,119.12833404541016,120.59827887250343,119.07488348351353,120.16175688785827,30207000
2017-04-17,120.52696990966797,120.55370877613831,119.09265469976191,119.44011043284881,18278800
2017-04-18,120.55374145507812,120.67846395958634,119.52031864987666,120.01920866790952,24553300
2017-04-19,120.97241973876953,122.01475984097156,120.74970005079544,120.88334001981848,34627600
2017-04-20,122.51364135742188,122.64726772354153,121.29312830736556,121.46239743360381,31934400
2017-04-21,122.23746490478516,122.5403603816969,121.79202558212812,122.26419017664622,29386000
2017-04-24,123.7608871459961,124.1350546285291,123.37781576878335,123.90343102326553,33836900
2017-04-25,124.96355438232422,125.50699091275202,124.80318915358127,124.93682910982201,32751700
2017-04-26,125.60498046875,126.34441134836442,124.8388243182592,124.87445348151812,41669200
2017-04-27,125.56934356689453,126.32659586031248,125.1506295120017,125.91678569821735,23004300
2017-04-28,123.88556671142578,125.76532096113168,123.86774533450948,125.64059851017275,31113900
2017-05-01,124.59833526611328,124.98140670430259,123.63618433198974,124.40234080210286,20925200
2017-05-02,123.96575164794922,125.02589935605161,123.5559551047829,124.70518251657298,17993900
2017-05-03,123.19959259033203,123.61830660955812,122.66507359968244,123.37777918094353,27050300
2017-05-04,123.03032684326172,123.59157105706261,122.14835223053576,123.41339807500316,25799100
2017-05-05,123.82324981689453,123.82324981689453,122.52256078228325,123.5559834570449,23806500
2017-05-08,123.30654907226562,123.81434296524381,122.72746964388983,123.52926879231795,16680000
2017-05-09,123.25309753417969,123.68071558703394,122.74529005150734,123.46689976374041,23988400
2017-05-10,124.01920318603516,124.25973059591735,122.81651176171519,122.97686336830333,19791500
2017-05-11,123.15509033203125,123.68070556207462,122.03257434289189,123.53816169143285,28617300
2017-05-12,122.50472259521484,122.84326084416705,122.19292321293823,122.68290920649277,24111200
2017-05-15,123.45796203613281,124.05484908630598,122.92342942124957,122.92342942124957,31132200
2017-05-16,123.50254821777344,123.86779824133505,122.60275181449863,123.80544378608636,18520900
2017-05-17,120.1706314086914,122.08601524169917,120.04590893017551,121.45349895555809,50791200
2017-05-18,120.607177734375,121.07042492842062,119.58265894590042,119.88556807275407,44805100
2017-05-19,121.18624114990234,121.83657886268493,120.64280454230823,120.83879896430818,44450500
2017-05-22,122.00578308105469,122.22850266082796,121.30199519020985,121.39107486588456,20062700
2017-05-23,122.4067611694336,122.66512367505416,121.47134915550312,122.30876394208336,16681400
2017-05-24,122.4869384765625,122.96800707626952,121.89895517068419,122.5047462661473,21256000
2017-05-25,122.56708526611328,123.4846891803878,122.22854703197069,123.06597513091543,22804200
2017-05-26,122.53144836425781,122.75416803552709,121.85438545734203,122.38891810588024,20047300
2017-05-30,121.5693130493164,122.44237036667386,121.35549726816085,122.15728265846646,25544100
2017-05-31,121.44459533691406,121.97911442016476,119.94791199760463,121.90784249031853,34345400
2017-06-01,123.78758239746094,123.8321290475188,121.40003420412461,121.80092686718731,44618600
2017-06-02,124.58939361572266,125.63172008006693,123.87668792563167,124.23303397381197,46680200
2017-06-05,123.81432342529297,124.8210207510505,123.787598150603,124.68739437760073,20808900
2017-06-06,123.69847869873047,124.42008807102704,122.77195749465787,123.03922374943753,25460900
2017-06-07,123.81432342529297,124.30430945082675,123.37780154286985,123.70742232653315,20542200
2017-06-08,125.50698852539062,126.02369977348746,123.60050875869581,123.81431093464664,33956400
2017-06-09,126.15735626220703,127.30658401358815,125.34665323483728,126.02372987032527,56979400
2017-06-12,125.95245361328125,126.49589024452952,125.51591809187455,126.20189859873302,34665500
2017-06-13,126.5938949584961,126.78097191180021,126.03263691111778,126.32662857432867,22046800
2017-06-14,125.84552001953125,126.54040431665943,125.12391044895429,126.53150042341989,33021900
2017-06-15,125.20405578613281,125.59604449291822,124.44681723323082,124.44681723323082,27376800
2017-06-16,124.89228820800781,124.9190134817405,124.08158532150199,124.74974435227992,35608400
2017-06-19,125.81880950927734,126.13062252774031,125.1773756837828,125.22192234266775,25163300
2017-06-20,124.54484558105469,125.58717203384784,124.45575227313175,125.50699621295534,20111900
2017-06-21,124.23303985595703,125.43573161453835,124.02814154823842,124.76757254726674,23351400
2017-06-22,124.70518493652344,125.0704484317983,123.8410315909848,124.16174843668706,17917200
2017-06-23,125.53369903564453,125.68514675704382,124.32210367072246,124.84771874976606,20772500
2017-06-26,125.6851806640625,126.08607339870979,124.90120298298764,125.69408455817235,22988300
2017-06-27,124.58048248291016,126.16624558753712,124.50030665703972,125.70299842002055,24610100
2017-06-28,126.48693084716797,126.73637574997089,125.07934112779282,125.3198821389698,25085400
2017-06-29,125.7386245727539,126.81659382727707,124.41121035901942,126.71859662232042,38794900
2017-06-30,125.54263305664062,126.21079212572889,125.4090066803154,125.8366246782872,22798500
2017-07-03,126.5938949584961,126.95024107489735,125.8811891319606,125.91681830610753,12968200
2017-07-05,126.13948822021484,126.37112533877178,125.34660686962387,126.23748540259025,21865500
2017-07-06,124.49237060546875,125.68235969260346,124.21500729426756,125.19919924845058,30563400
2017-07-07,125.7002182006836,125.87020488568999,124.52811420358663,124.75179598393719,20511000
2017-07-10,125.15442657470703,126.0580959980285,124.69810703269835,125.19020965032948,17206000
2017-07-11,125.52129364013672,125.6018294773208,124.34920299868423,125.0649876075543,16192900
2017-07-12,126.48751831054688,127.24804152124221,126.16541612927492,126.20121284522011,19358600
2017-07-13,126.594970703125,126.65759451490337,125.6018228531541,126.33549214052212,16559300
2017-07-14,126.80966186523438,127.31966284049612,126.24599310343892,126.24599310343892,15465300
2017-07-17,127.10497283935547,127.4628719924619,126.38918818559931,126.69340587885397,15374600
2017-07-18,126.77383422851562,126.93487848886332,126.19225365488462,126.63961702577926,16653300
2017-07-19,128.03541564941406,128.07119871576484,126.94384781766622,126.94384781766622,16985500
2017-07-20,128.1248779296875,128.4111970653433,127.76699266256558,128.05329814577357,17047800
2017-07-21,127.54335021972656,128.2412362621611,127.27492936053206,127.9549170383664,21662700
2017-07-24,127.7223129272461,127.78495038693833,127.02442677542665,127.32863075904966,16694000
2017-07-25,128.88543701171875,129.064379695017,128.13386955039508,128.50069727279845,21066400
2017-07-26,128.16964721679688,128.9748960838801,127.99070454105072,128.9748960838801,13574900
2017-07-27,127.35539245605469,128.5543229316227,126.64856438536779,128.3753803259693,24355800
2017-07-28,127.01547241210938,127.37335781166648,126.57705119306696,127.06915385679766,19933300
2017-07-31,126.6128158569336,127.39123764905528,126.1296692725571,127.24807804907303,16417700
2017-08-01,126.85438537597656,127.23016905519304,126.12965873374121,127.20332833899543,19835900
2017-08-02,125.46756744384766,126.89019379570549,125.0202039293838,126.68439674928739,19934300
2017-08-03,124.8412857055664,125.74495526689422,124.51024100880889,125.65549073794948,19624900
2017-08-04,125.44966125488281,125.54808175731239,124.80545681215257,125.18124046167043,16473500
2017-08-07,125.65546417236328,126.02230552510547,125.00231727409238,125.65546417236328,9176200
2017-08-08,125.26178741455078,126.86334283227251,124.98442421252507,125.62862878285316,27248700
2017-08-09,124.1791763305664,124.71601808668838,123.72287039457983,124.47443793118819,26534300
2017-08-10,121.92442321777344,123.72281914668874,121.91546721232757,123.72281914668874,40983500
2017-08-11,122.10343170166016,122.34501188739102,121.47712534277889,121.8708075262056,32779600
2017-08-14,123.9554443359375,124.00018340623608,122.78335441733105,122.81019512902071,21710900
2017-08-15,122.93550872802734,124.20603333424148,122.88182728176965,124.18813496800449,16646000
2017-08-16,122.97127532958984,123.8212632094603,122.76549195187278,123.17705870730691,21858600
2017-08-17,120.72551727294922,123.19497272926213,120.71657491711173,122.55971050105727,32722900
2017-08-18,120.71656799316406,121.19972822970901,120.00078364612212,120.31394356434387,42401900
2017-08-21,120.63604736328125,120.80604768375402,120.0186835268069,120.51078612489884,21504100
2017-08-22,121.94235229492188,122.08551190967404,120.91342157535175,121.02078446018973,25170600
2017-08-23,121.74551391601562,122.19287743245143,120.976048121648,121.26235367289236,18381900
2017-08-24,122.12127685546875,122.51494521489995,121.70075412936504,122.25548042658748,15726600
2017-08-25,122.47023010253906,122.85495614043204,122.05864969571296,122.47023010253906,17163000
2017-08-28,122.98919677734375,123.12340038529582,122.37183287585923,122.90866096012002,16333300
2017-08-29,123.01605224609375,123.3023578615313,121.8886871943379,122.12132501261343,20277600
2017-08-30,123.80337524414062,123.92863648271995,122.8012853355059,122.89970585527902,15915500
2017-08-31,125.0201644897461,125.2080631136237,124.0717563226656,124.28649565674762,29260600
2017-09-01,125.72704315185547,125.82546366896267,125.02020116923539,125.24388292152896,17412500
2017-09-05,124.51917266845703,126.05810441961431,123.9912869399369,125.82548028139844,21908400
2017-09-06,124.77864837646484,125.26179500727106,124.43864770694611,125.02917087428321,18399700
2017-09-07,124.46549224853516,124.98443562493179,124.00023031582566,124.89495745048484,18159800
2017-09-08,124.56390380859375,125.05600642770654,124.0270621054795,124.30442531285627,21870500
2017-09-11,125.87022399902344,126.08496345565092,125.46759946374456,125.61075910149623,22617700
2017-09-12,126.6396255493164,126.77384276108631,125.99543481212146,126.19226214831177,22679600
2017-09-13,127.01547241210938,127.24809655657621,126.44284758134626,126.52336974837868,25052500
2017-09-14,126.89917755126953,127.19443920543729,126.53233607314093,126.85443845473706,18353800
2017-09-15,127.4180908203125,127.47177226243952,126.6486249607701,126.72914712396063,23184000
2017-09-18,128.2860107421875,128.670736946301,127.58812450720268,127.60600922428532,24427400
2017-09-19,128.2860107421875,128.56337403398203,128.02653216747564,128.45601112166307,16346300
2017-09-20,128.697509765625,128.8585677015751,128.17856654248354,128.42014662018443,20244700
2017-09-21,128.56332397460938,129.0733112620038,128.3754252987585,128.85858552097477,17395900
2017-09-22,129.10906982421875,129.4401143454198,128.4469671293702,128.54538761573355,25203000
2017-09-25,129.28811645507812,129.6817987172584,128.56338940536327,129.08233296437749,30012800
2017-09-26,129.69976806640625,130.1840845291214,129.31409674944967,129.41275558071683,28238100
2017-09-27,132.2379608154297,132.61465438900456,130.19304502430504,130.61458600353313,66351700
2017-09-28,132.58775329589844,132.79403494647238,131.64601248644144,132.06755348033641,29291400
2017-09-29,132.90162658691406,133.12584988485568,132.5070050783602,132.66843928383622,21738700
2017-10-02,134.53396606445312,134.53396606445312,132.81193294108846,133.01821452377985,29772400
2017-10-03,134.8299560546875,134.8299560546875,133.93306285697295,134.63263845634998,28372800
2017-10-04,134.39947509765625,135.08110912258445,133.986898131577,134.6147207447354,22024700
2017-10-05,134.76718139648438,135.09904122132647,134.4173935593307,134.7940871004573,22538500
2017-10-06,134.57888793945312,134.83898106283814,134.14838284172504,134.27394739879202,19350800
2017-10-09,134.02276611328125,135.1438827956938,133.79854277679874,134.70441381491216,13981300
2017-10-10,134.4084014892578,134.79405895601653,134.0048023284281,134.4711768902522,21951900
2017-10-11,134.30975341796875,134.704388606006,134.04966041794628,134.48016531148517,15137100
2017-10-12,134.2111358642578,134.54298206276425,133.65506630232633,134.04970161163564,17185600
2017-10-13,133.96896362304688,134.52504684069677,133.84339909367574,134.46225773325756,15464400
2017-10-16,133.8523406982422,134.8478926575246,133.66398711221424,134.18418678950178,20653100
2017-10-17,133.46669006347656,134.32771365490643,133.18865532957386,133.8792670039651,18046800
2017-10-18,134.1034698486328,134.45325763552586,133.70883466639376,134.08552815339368,20541700
2017-10-19,133.89718627929688,133.9330696729139,132.89267022609744,133.43081164631417,17164900
2017-10-20,134.51608276367188,134.90175408360426,134.4084599234622,134.81205925975712,25224500
2017-10-23,133.5115203857422,134.66850657553678,133.36801419127812,134.66850657553678,14676400
2017-10-24,133.78955078125,134.33665615523273,133.67295029130995,133.9868683709161,17527700
2017-10-25,133.143798828125,133.63709284754913,132.0406239741436,133.58328144279463,27235300
2017-10-26,133.42184448242188,133.94204424687496,133.19762115389068,133.5832923954274,15205900
2017-10-27,134.3456573486328,134.45329386356627,133.00929493156684,133.52949474963884,32744100
2017-10-30,132.9285888671875,134.04072802512425,132.19312964357653,133.52950585731654,30524800
2017-10-31,133.87026977539062,134.38150545189748,133.31420038873716,133.44872889018438,22449400
2017-11-01,132.9823760986328,135.00935007063478,132.23795300239385,134.98244436593387,31585500
2017-11-02,133.37704467773438,133.84341946609607,132.48911514420263,132.9555036180737,28176600
2017-11-03,133.28733825683594,133.60125644349662,132.7940441144441,133.170737727132,22312700
2017-11-06,133.4397735595703,133.97791497134875,133.08998574756572,133.41286785753186,15576800
2017-11-07,131.84329223632812,133.50255002778937,131.43071536825286,133.45770263346546,29549300
2017-11-08,132.02267456054688,132.2468978575877,130.80289927722453,131.5383582605604,30682500
2017-11-09,131.55624389648438,132.1930438765888,130.30059931170047,131.18852820876168,40144400
2017-11-10,131.45762634277344,131.93297858408715,131.26030876877502,131.58319082754494,17823700
2017-11-13,131.49354553222656,131.68189917302192,130.49799328346845,130.88365088701514,14680000
2017-11-14,131.13473510742188,131.3858640593913,130.57865212620257,131.000192942473,19682200
2017-11-15,130.61459350585938,131.13479333320143,129.60109955901126,130.36346444238495,23925200
2017-11-16,132.53390502929688,133.09893840945307,131.11681220552586,131.13475390052392,25889000
2017-11-17,133.143798828125,133.66399854992636,131.99577657501328,132.06752967652088,25816700
2017-11-20,134.11245727539062,134.15730467856895,133.03618802664099,133.42184558586132,22793000
2017-11-21,135.5115966796875,135.69097259102682,134.58779773506046,134.71336224154845,29392300
2017-11-22,135.3322296142578,136.12150009834676,135.30532391007347,135.68201745415982,14136600
2017-11-24,135.38607788085938,135.76277152749884,135.22464361180363,135.61927896128577,6816300
2017-11-27,134.97344970703125,135.9869296201177,134.9286023142126,135.69993093998355,18416900
2017-11-28,137.09910583496094,137.19776464210656,135.12594337755334,135.4488255022568,35898300
2017-11-29,137.55648803710938,138.309888629327,137.17979458375177,137.52958233940544,38234200
2017-11-30,137.80758666992188,138.61479847985288,137.47574068095545,138.21119941763706,32230700
2017-12-01,137.2426300048828,137.8614886320187,133.41289140782217,137.2426300048828,62734800
2017-12-04,136.73138427734375,139.38619453355318,136.59685575317184,138.92877018035662,36366800
2017-12-05,135.3680877685547,137.18879360446712,135.35912376309372,135.78962867879736,29667200
2017-12-06,134.73129272460938,135.6012801919758,134.4891277374291,134.86582122554083,21273800
2017-12-07,135.6730194091797,136.22908873681897,134.55190306442165,135.70888911059097,29675200
2017-12-08,135.79861450195312,136.5789072744253,135.6820139964553,136.46230676892748,20832400
2017-12-11,135.74481201171875,136.4443877196484,135.44883556828603,135.81655143542406,26654100
2017-12-12,135.32327270507812,136.26499977193018,135.2694612938873,136.05871813386327,25854800
2017-12-13,136.13046264648438,136.96458052378156,135.26047505916083,135.26047505916083,30082600
2017-12-14,134.62364196777344,136.50710901720916,134.2110651747537,136.19320468505362,32882600
2017-12-15,136.54307556152344,137.44893309756915,135.0542290212625,135.47577007405334,42851600
2017-12-18,138.39064025878906,138.76733380615318,137.6372531640608,137.82559309498998,22714300
2017-12-19,137.29638671875,138.812138129617,137.06319945765568,138.7941964370708,24313600
2017-12-20,137.5654754638672,138.06773343722827,137.08114549990947,137.8973215493729,19042800
2017-12-21,138.1677703857422,138.66293357569646,137.8166571669312,137.96070713807453,16772600
2017-12-22,137.9157257080078,138.0957813501295,137.5646123977928,138.08678337610112,13599400
2017-12-26,137.99673461914062,138.13177290262502,137.6546193178288,137.74465399839409,11949600
2017-12-27,137.86170959472656,138.59994184438108,137.5736095791,137.93373459863318,15949900
2017-12-28,138.40185546875,138.41986515132882,137.75364426954013,137.96072127578964,10167300
2017-12-29,137.25852966308594,138.7800116624331,137.19550262671734,138.7800116624331,21006500
2018-01-02,138.5548858642578,138.6179128766131,137.25847736753158,137.92468442751013,20489600
2018-01-03,138.69895935058594,139.05908433076473,138.21280779904876,138.52790170217142,21836600
2018-01-04,139.0680694580078,139.6802612617184,138.6629409129214,139.5182153386287,14207100
2018-01-05,139.3561553955078,139.5272130277747,138.59091564242175,139.43719209425038,19883900
2018-01-08,139.57228088378906,139.78835592971123,138.19483509228206,139.30219051072814,18457300
2018-01-09,139.38319396972656,139.995385847666,139.30215726099385,139.76131490681217,16571300
2018-01-10,139.40115356445312,139.69825145269525,138.57288690815395,139.06805005522415,18516800
2018-01-11,141.7959747314453,141.9400247329018,139.52723528928018,139.60827200095213,26522400
2018-01-12,142.39015197753906,143.02035347941154,141.7689484480639,141.95800202994442,24089800
2018-01-16,140.57154846191406,143.5155062296466,140.2654525744061,143.02034303670052,27704700
2018-01-17,141.90399169921875,142.1920916743892,140.6976039622591,141.1657595532296,18571600
2018-01-18,140.93167114257812,141.7959573077506,140.7966328686586,141.54387670485917,17903600
2018-01-19,142.78628540039062,142.867308365665,140.94068445741894,141.10273038796768,31040900
2018-01-22,143.5515594482422,143.5515594482422,142.52522709774865,142.60625008235883,12702400
2018-01-23,144.01068115234375,144.3167770647834,142.8492970472602,143.36246996284655,16904600
2018-01-24,143.119384765625,144.613872411127,142.6062118592423,144.37078978508455,20340900
2018-01-25,143.17335510253906,143.97461398220503,142.43512322134563,143.72253346303086,20290900
2018-01-26,143.68658447265625,143.76760744202983,142.9393405901407,143.6235574493456,16120300
2018-01-29,142.87631225585938,143.92065408719245,142.80428726017814,143.2004178677433,18293300
2018-01-30,141.5078887939453,142.4442001591146,141.10276014477415,141.9400388412691,24533800
2018-01-31,140.7696533203125,142.62425258503478,140.37352265457272,142.01206063788445,27468900
2018-02-01,141.2107696533203,141.53487524009256,140.02237792270137,140.20243352927213,21413000
2018-02-02,138.4918975830078,140.58056754136712,138.20379759572322,140.56257159518444,33314100
2018-02-05,133.17117309570312,138.45588202957617,133.11715778094035,137.44755952103364,52622200
2018-02-06,134.76470947265625,135.37690142870264,129.858120900422,131.01949151697613,69232400
2018-02-07,134.8997344970703,135.755009051415,133.79237931065276,134.69267120730277,37101000
2018-02-08,130.9384002685547,135.0437273830212,130.9384002685547,135.03472941331134,44704500
2018-02-09,132.13580322265625,133.18914275609137,128.29155420799796,132.12679151466125,53315300
2018-02-12,133.38720703125,134.07142370322802,130.97441839478924,132.2708404994715,36213900
2018-02-13,133.67535400390625,133.9544423294569,132.25289097743484,132.68504103380283,25021200
2018-02-14,136.0791015625,136.41221887354783,132.5049419784428,132.91008428276143,36286900
2018-02-15,137.56455993652344,137.6275732054212,135.54790179667947,137.04238915734885,23773600
2018-02-16,138.0507049560547,138.9059791933251,137.33046895827366,137.39349596160807,27973900
2018-02-20,136.91635131835938,138.4378463552513,136.54722845692265,137.33948947905807,24046200
2018-02-21,137.0604248046875,139.3741675235702,136.85334780548644,137.2224707302929,26735500
2018-02-22,136.84434509277344,138.67193623416824,136.76332213277746,137.573579207461,16340000
2018-02-23,138.6269073486328,138.66292670831544,136.97937194585012,137.72661567961674,18065200
2018-02-26,139.53623962402344,139.77930853409734,138.16779215725435,139.12209932606945,15267700
2018-02-27,137.52859497070312,140.3375152294877,137.5195969965476,139.70729986710734,18125500
2018-02-28,135.35885620117188,138.2848040880707,135.3228368419497,137.87066388117873,29951800
2018-03-01,134.9987335205078,136.45721537111035,133.58528273835532,135.0887681826865,38943200
2018-03-02,137.1594696044922,137.51958085154757,133.6033057873437,133.88240780177964,31842300
2018-03-05,138.3838348388672,138.87898425387735,136.367176608013,136.68228417880158,19603700
2018-03-06,139.87832641601562,139.89633609768484,137.56458373523867,139.03204996327003,17304000
2018-03-07,141.11175537109375,141.2827992903074,138.84301596847118,139.0590909668899,22684600
2018-03-08,140.8236846923828,141.76899411840057,139.995417632047,141.2558210418261,23391300
2018-03-09,143.0743865966797,143.14641159691027,141.22878546069325,141.6249160932793,24927200
2018-03-12,143.32647705078125,143.73160568464752,142.68727745314817,143.37149439618085,15310100
2018-03-13,142.66021728515625,144.3167505821752,142.37211737053033,144.0466603465534,17757200
2018-03-14,141.98500061035156,143.4974839718478,141.7149103708386,143.34443604150786,18097500
2018-03-15,141.27377319335938,142.37213017628306,140.77861000640831,142.33612455239629,14172100
2018-03-16,142.06600952148438,142.48914764952116,141.1207006452882,141.32776385559592,36000300
2018-03-19,140.69760131835938,141.5348798352723,139.05006567689054,141.4988604703714,25663000
2018-03-20,140.66156005859375,141.36378638528507,140.2384219210542,141.04867884035676,11418500
2018-03-21,141.4808807373047,142.48020539572582,140.62560609425512,140.73365047446657,22213500
2018-03-22,138.3785400390625,141.32928205175105,138.34243750358795,140.46301396752278,29774800
2018-03-23,135.4007110595703,138.9109321369935,135.3555897758285,138.56802690345495,35744100
2018-03-26,138.3604736328125,138.40559491267734,135.743590860547,137.2415292299388,28442400
2018-03-27,135.68040466308594,138.69431828944053,135.09386945062556,138.65822953429102,32820600
2018-03-28,135.6353302001953,136.5738033868941,134.80515085447462,136.0233567396237,26510900
2018-03-29,137.00694274902344,138.15295737425993,136.03238075698187,136.3301647353071,22617700
2018-04-02,133.66812133789062,137.22346263978363,132.8108585094556,136.72715620465772,35040700
2018-04-03,135.58114624023438,135.89698137305118,133.82152679658955,134.47123455563977,29857800
2018-04-04,137.3047332763672,137.68372732983514,133.7945116952283,134.00205310732355,29619700
2018-04-05,138.44166564941406,138.61311822912776,137.44906646703527,138.09876048998666,17301600
2018-04-06,135.68040466308594,138.42360443404397,134.58853049498188,137.49416408680932,25762700
2018-04-09,135.84286499023438,137.7017600049166,135.7345849236038,136.61890426227987,18997000
2018-04-10,138.4055938720703,138.91993790523446,136.8625342344152,137.28664947760947,23420000
2018-04-11,138.70333862304688,139.2447525172103,137.72877709065983,137.86412712193132,14884600
2018-04-12,139.6508331298828,140.23738213025757,138.90186407250152,139.35304925629177,14413200
2018-04-13,138.91993713378906,140.1652128425576,138.52289190669873,140.12911031150506,19813600
2018-04-16,140.20127868652344,140.60735636453802,139.064296987688,139.7230234963648,18846900
2018-04-17,141.72630310058594,142.1143295606515,140.73370385003886,140.95929646640147,18624200
2018-04-18,142.1052703857422,142.9174119137433,141.81651905088788,142.14137290827273,16974200
2018-04-19,141.1217041015625,142.15942453772624,140.66150016161743,141.79848189099434,16174500
2018-04-20,140.3637237548828,141.41949551031578,140.00276731985437,140.81490897185827,21480600
2018-04-23,140.15618896484375,141.03147565915538,139.47941110773093,140.57127167318774,13268200
2018-04-24,139.35302734375,141.33825285552385,138.23409707610685,140.67951267703666,24859700
2018-04-25,139.14553833007812,139.6869661765588,138.02660764200513,139.28992092501727,21981400
2018-04-26,139.78623962402344,140.2374249455632,138.91093899870967,139.3440730520445,14862900
2018-04-27,139.58767700195312,140.20128225434556,138.76651664735792,139.75912957808612,17734300
2018-04-30,138.35140991210938,140.4539204257409,138.32432613772914,139.88543654529514,15624600
2018-05-01,139.02816772460938,139.22667647878686,136.89857374078042,138.07164385390422,24977500
2018-05-02,139.55160522460938,140.57128839002664,138.67630465712563,138.76654722310468,16786800
2018-05-03,138.7935791015625,139.41621683611618,137.30467355560435,139.06429295603087,20985900
2018-05-04,140.52615356445312,141.2209827021001,137.88221461886985,138.29729733657402,17927900
2018-05-07,141.71728515625,142.44820303435577,140.86003596302817,140.94124600079977,16303500
2018-05-08,142.42111206054688,142.42111206054688,141.4465504434794,141.59995174860873,17281200
2018-05-09,143.18814086914062,143.56714858676918,142.01507026276553,142.58355430104677,15758500
2018-05-10,143.9551239013672,144.53264030667412,143.2602949582538,143.38662624163103,15828700
2018-05-11,144.2349090576172,144.49660423442583,143.51300984553149,143.97322764989076,14413600
2018-05-14,143.68441772460938,145.0018844091842,143.52199768122398,144.39729796589756,15028500
2018-05-15,143.7115478515625,144.0093318247541,142.72796712649804,143.21525499866019,17544900
2018-05-16,145.20945739746094,145.57041385440974,143.90102294258872,143.9190742077064,21004400
2018-05-17,145.87722778320312,146.1840304684956,145.05606727043622,145.2816599100481,18639700
2018-05-18,146.06668090820312,146.47275857195817,145.77792956252947,146.13887218689118,17579800
2018-05-21,147.03224182128906,147.30295570733458,146.50886531335578,146.51788406089454,15667300
2018-05-22,145.96746826171875,147.38419676104422,145.85016944270703,147.32102420773683,13212000
2018-05-23,146.1569061279297,146.43663869402096,145.39891844515134,145.57938973594472,14235700
2018-05-24,146.2111053466797,146.49987054414652,144.938759512371,146.11184403118577,12785000
2018-05-25,145.94943237304688,146.32842638982325,145.70578844473232,145.95845112258323,11150200
2018-05-29,145.75088500976562,146.3915603452643,144.47853931769401,145.17336844847566,20986900
2018-05-30,148.0609588623047,148.3406915247752,146.50888044238943,146.50888044238943,25169000
2018-05-31,146.87884521484375,148.3316622218876,146.49081875293382,148.06094832714962,28573700
2018-06-01,147.84439086914062,148.33167868757695,147.33906555304532,147.83537212031115,21108200
2018-06-04,148.6294403076172,148.6294403076172,147.37514595457117,148.2775163889663,14836000
2018-06-05,149.54986572265625,149.5859682549381,148.2955712229554,148.48507509473083,13283600
2018-06-06,150.63272094726562,150.63272094726562,149.41452887204028,149.53184145871555,16661300
2018-06-07,149.81155395507812,150.90341454713143,149.0986735508691,150.79513449346163,17571900
2018-06-08,150.26272583007812,150.34393586310242,149.57691550032678,149.84762937948759,17569800
2018-06-11,150.48828125,150.79508381166968,150.05513364273833,150.3709687185654,15923000
2018-06-12,151.17410278320312,151.54407792919991,150.45220375345002,150.62365632203776,16166700
2018-06-13,150.5785369873047,151.48090734383018,150.35294439817332,151.39067856962498,19853700
2018-06-14,151.38165283203125,151.45384411607517,150.3439323831941,151.13802273859756,19248100
2018-06-15,151.4268341064453,151.48097414866058,150.27180064223612,150.91248993631518,24922600
2018-06-18,152.13966369628906,152.14868244393904,150.45222158828008,150.66879545360263,18616500
2018-06-19,152.14871215820312,152.29309476328237,150.2807983488333,151.19220149544842,24605900
2018-06-20,153.3759002685547,153.58344160829628,152.45547859153578,152.90666379823998,19216900
2018-06-21,151.94114685058594,153.4751739230889,151.39070030331996,153.38493136684951,26946200
2018-06-22,151.43580627441406,152.68106805634557,150.97558856082503,152.5096154782696,33638200
2018-06-25,148.9633026123047,151.0297247050998,148.11507225985528,150.9124259197528,37005100
2018-06-26,149.82958984375,150.3890689095637,148.75578052852316,149.0986719511589,20464000
2018-06-27,147.4293212890625,150.2537320622325,147.36614873436565,149.9830318823414,27511800
2018-06-28,147.8804473876953,148.1872499814187,146.41859815634197,147.29389843831817,26759100
2018-06-29,147.78123474121094,148.93626798989445,147.63685214285488,148.26850879930956,24146500
2018-07-02,148.8009033203125,148.85505712120934,146.61716816627353,146.86983082746266,24283600
2018-07-03,149.39407348632812,150.06423686505022,149.1585987260711,149.20388339680832,13561300
2018-07-05,151.0966339111328,151.12380194441437,149.27630658657625,150.20911257974558,18640500
2018-07-06,152.37364196777344,152.5457154535377,150.8068915987166,151.21442606455935,19597500
2018-07-09,153.33358764648438,153.35170427815956,152.5004022356597,153.06189344712087,16565200
2018-07-10,152.63624572753906,153.84074610958365,151.75778944693613,153.57811712984733,18790700
2018-07-11,151.34120178222656,152.69965909683492,151.28686570067302,151.80307229437415,23912600
2018-07-12,152.07479858398438,152.37366091448234,150.91558253662905,152.2106526354536,19617600
2018-07-13,151.62193298339844,152.80831671419435,151.62193298339844,152.01136456236642,15409100
2018-07-16,151.03329467773438,152.1743938968264,150.29972990696498,151.9298677002556,15946900
2018-07-17,151.70346069335938,152.14722841773067,150.8702751483926,151.0151805872416,15134700
2018-07-18,152.12908935546875,152.20154206421188,150.85215009332705,151.567598136386,13780000
2018-07-19,153.206787109375,153.27923981157645,151.4770151190326,151.9388993681994,18398300
2018-07-20,152.5819091796875,153.33359049032669,152.46418561896803,152.87172001610122,17570700
2018-07-23,152.77212524414062,153.18871111864044,151.9751591274368,152.41892686404572,12335000
2018-07-24,151.1419677734375,153.74114514235288,150.53519180106443,153.46039949442806,25831300
2018-07-25,151.69439697265625,151.69439697265625,150.4627284802997,151.18724179679333,18401200
2018-07-26,152.5094451904297,153.3879152222897,151.70342786231421,151.83928186393788,20944200
2018-07-27,149.66580200195312,152.7993170508215,149.240150834238,152.60007549065926,28777100
2018-07-30,148.70574951171875,150.35401722362423,148.5880259743959,149.65667212866896,20093700
2018-07-31,150.21817016601562,150.89739866388177,148.8778297995294,149.00461856637352,23567300
2018-08-01,150.1186065673828,150.55332292110253,148.9775072314935,150.06427047790396,17942600
2018-08-02,151.21441650390625,151.4317746541201,149.37597200087683,149.394088634797,18292200
2018-08-03,150.68910217285156,151.8573690807752,149.98270565756027,151.37738205933212,21734900
2018-08-06,151.53138732910156,151.7034469758654,150.24536894928167,150.58046447368747,16288800
2018-08-07,151.8936309814453,152.5909762233012,151.78495882596596,152.04758780802155,15045700
2018-08-08,151.7578125,152.1381789175405,150.77972150392014,151.89365271378466,14789500
2018-08-09,152.147216796875,152.7902259958154,151.73968237281466,151.8302379009713,10437800
2018-08-10,151.72158813476562,152.75401527695158,151.20538147314477,151.28688560619898,20521900
2018-08-13,150.8340301513672,152.19248731787195,150.22725427526797,151.9117417144915,20517200
2018-08-14,152.32827758789062,152.69054100494014,151.14189426229322,151.1600108878798,17683100
2018-08-15,150.41748046875,151.98424487048638,149.56617815079971,151.87555886420955,27479900
2018-08-16,151.8121337890625,152.3011723299663,150.9608316818021,151.11478851540036,15484700
2018-08-17,152.46421813964844,152.57289031701276,151.1781995524308,151.66725198845873,15106700
2018-08-20,152.8898162841797,153.21583270330993,151.99322967475317,152.8807510599109,12547300
2018-08-21,154.6468048095703,155.1901933652031,153.1615584189784,153.17967505588481,20661200
2018-08-22,155.0271759033203,155.30793541745183,154.33889568870455,154.49285255964708,14329200
2018-08-23,154.55625915527344,155.3351087647599,154.12154275536525,154.9456770505437,12945800
2018-08-24,155.39845275878906,155.57052622487143,154.88224617948393,154.9999697465861,11894300
2018-08-27,155.6248779296875,156.62108556021445,155.4256364035821,155.869404133352,15880400
2018-08-28,155.769775390625,156.20447787124837,154.95470651208834,155.91468082381368,13170300
2018-08-29,156.22256469726562,156.4670908417472,155.28070719913458,155.78786229958516,13157900
2018-08-30,156.09584045410156,156.8837414666767,155.6068017819039,155.9237669412528,14199600
2018-08-31,156.69354248046875,157.02862422928948,155.72450286671486,155.73356809383571,12240500
2018-09-04,155.99618530273438,156.7840861417083,154.9728096795575,156.48522386718028,17923500
2018-09-05,155.57958984375,155.97807288723098,154.28453377137998,155.93278821066394,15166100
2018-09-06,154.52908325195312,156.20450598581778,154.33889310929362,155.9237602953237,16647700
2018-09-07,154.44752502441406,155.27165906281604,153.65057284411492,154.14867659364037,17248000
2018-09-10,154.6377716064453,155.4800087659951,154.31174119847034,155.0905908498024,11067100
2018-09-11,154.89126586914062,155.4074861616804,153.95845983565152,154.50184816264715,14078400
2018-09-12,154.52000427246094,154.94565538434398,153.35173693106415,154.6739611271291,21572300
2018-09-13,154.55625915527344,155.35321158387998,154.1939954886833,155.1177505648058,14570500
2018-09-14,155.20828247070312,155.70637243624435,154.3207470660075,154.6558426040834,15734900
2018-09-17,153.55996704101562,155.35312629461365,153.3697908120407,155.24445416377083,20023200
2018-09-18,154.20301818847656,154.6015012023524,153.62341030073227,153.77736713446757,13018000
2018-09-19,153.6414794921875,154.92749759878998,153.11622161859827,154.21203584800838,17593500
2018-09-20,155.0634002685547,155.13585299523734,153.78644687129378,154.29360213912784,16918700
2018-09-21,154.3207244873047,155.6067427314297,154.15771626474663,155.54334143225233,32539000
2018-09-24,153.75022888183594,154.4113410180633,152.83552529033156,154.193982835945,15786700
2018-09-25,153.98568725585938,154.4294550213462,153.82267898625884,154.00380389212984,13758500
2018-09-26,152.57818603515625,154.39426872448084,152.35117569899066,154.30345904777008,17787200
2018-09-27,152.58729553222656,153.18660627887218,152.33304500739771,152.88695090554938,14471900
2018-09-28,153.0503692626953,153.45898509092763,152.05151825536197,152.05151825536197,22740300
2018-10-01,151.03453063964844,153.74957946606943,150.5260296627323,153.7223254763802,27893100
2018-10-02,149.4000701904297,151.2161532305911,149.08225011615582,150.89833315631725,28440300
2018-10-03,150.7076416015625,151.3977481202886,149.38189497897392,149.99028109198503,26027200
2018-10-04,148.5918731689453,150.4170311373151,148.12877710832885,150.22635022937135,29463000
2018-10-05,147.24806213378906,149.06414574020792,145.8859994289749,148.69184527554364,31240100
2018-10-08,146.9392547607422,147.465906539525,145.78603839136906,146.89384992309232,21330700
2018-10-09,146.3672332763672,147.77470058091163,146.17653843665852,146.75768452849172,20620400
2018-10-10,142.16293334960938,146.18556322033902,141.98132787396776,146.03119787326315,46921800
2018-10-11,139.4479217529297,142.8530769371023,139.3934276312689,141.48192558201714,68877400
2018-10-12,139.47520446777344,141.43656392239538,137.92244713326423,141.25495836158433,53492600
2018-10-15,139.99267578125,141.00967724184022,138.51256455473649,139.2571648066727,32747600
2018-10-16,144.0516815185547,144.2514517272054,139.8746856993636,141.00066197943022,35569100
2018-10-17,143.43421936035156,143.67030512599442,141.55456709395634,143.63397571244224,24140100
2018-10-18,140.74639892578125,143.1345519348979,140.17432848344887,142.9347817441028,31042700
2018-10-19,139.25721740722656,141.9813413675748,138.6942362225501,141.17318514689595,34214200
2018-10-22,138.95758056640625,140.2469977495688,138.49448441965475,139.76573689443111,28218300
2018-10-23,137.7135772705078,138.83046443638335,135.22553857149032,137.05069699920043,37228100
2018-10-24,132.52859497070312,138.00408166207092,132.41055905023163,137.5046562889761,40412400
2018-10-25,135.39804077148438,136.04275620035375,132.94633199685777,133.23689801217702,32311300
2018-10-26,133.91793823242188,135.67954071849027,131.393584315977,133.97241849807565,36986100
2018-10-29,133.18238830566406,136.77823720757647,131.72953083905097,135.4161755388473,33031300
2018-10-30,135.96107482910156,136.10636482107196,133.08258440931712,133.3459242517155,29017200
2018-10-31,136.2334442138672,137.89516156633488,136.2334442138672,137.35033120776424,36785400
2018-11-01,139.3752899169922,139.62954041959344,136.94173157773463,137.01437655785116,28496400
2018-11-02,139.83839416503906,140.64655056410595,138.42185160987586,139.89287443937394,26671600
2018-11-05,139.72940063476562,140.43767174516753,138.34009854469952,139.87467671349648,16940900
2018-11-06,140.41952514648438,140.84630572388923,139.40252318617283,139.52055914938666,15572900
2018-11-07,142.93478393554688,142.93478393554688,140.56479559533287,141.07329650493102,22127800
2018-11-08,142.55343627929688,143.37974349204023,141.96320100663638,142.20837608468347,14987700
2018-11-09,139.91098022460938,141.68165767282687,138.88488930473616,141.65441754713186,20654400
2018-11-12,137.14149475097656,139.99274425964418,136.96896466403095,139.8565435886937,21886800
2018-11-13,136.7056427001953,139.01206188050972,136.46954305623933,137.65908899124832,18468500
2018-11-14,135.7067413330078,138.43995394601956,134.82594034646615,137.85880818892474,24549100
2018-11-15,137.640869140625,137.84063928750314,134.5081301727378,134.83502551711953,24482000
2018-11-16,137.9677734375,138.2855795240772,136.26065165544463,136.76007705504682,29323500
2018-11-19,135.1710662841797,138.0495563477182,134.72612093469345,137.73173626156884,21540900
2018-11-20,132.56497192382812,134.78058135041516,132.2017470423784,133.70909912526662,25907000
2018-11-21,134.4173126220703,135.6340842774644,133.0552510764662,133.28226133406687,17902300
2018-11-23,134.29017639160156,135.57051746455397,133.3094904967192,133.31857977386417,11134800
2018-11-26,136.03369140625,136.56943255215074,135.06209423110909,135.58875995026372,15346400
2018-11-27,134.90773010253906,135.9610476950711,134.6534657395268,135.46162210710438,14461800
2018-11-28,138.24021911621094,138.3582550690449,134.11770365776496,135.4797656729534,26125900
2018-11-29,137.86795043945312,138.69427157674073,136.60577323697797,137.6681801896558,15134500
2018-11-30,138.58531188964844,138.80324687319913,137.1869338481421,137.53199410819335,20304700
2018-12-03,139.91098022460938,140.27419113761516,138.04041769697403,140.19247076053009,23379800
2018-12-04,133.9542694091797,139.95642353682277,133.60920924801636,139.61136337565944,41077900
2018-12-06,133.66366577148438,133.66366577148438,130.24034646796244,132.07459362508789,37581200
2018-12-07,130.77613830566406,134.62622532729955,130.09510719318268,133.60922329979033,28525100
2018-12-10,130.3947296142578,131.41173138492402,128.44243260482756,131.00311559175347,30776600
2018-12-11,130.258544921875,132.74658351518545,129.29602318928144,132.28347350208293,29229300
2018-12-12,131.50257873535156,133.26416763415992,131.4480846057846,131.5570590093046,27894800
2018-12-13,129.64102172851562,132.29249987335788,129.43216231558563,131.88388418099228,23205400
2018-12-14,127.67969512939453,130.05875903915157,127.21659902763912,128.69669701040002,24037200
2018-12-17,124.83624267578125,128.35301364277325,124.0527129607939,127.25060022092514,36468500
2018-12-18,124.68133544921875,126.80414015840586,124.17111884106491,125.9659480122676,42277200
2018-12-19,122.08478546142578,126.3486354747377,121.4014750950372,124.63581360967348,47676600
2018-12-20,120.0712661743164,122.45830600480143,118.64998313591062,121.74766448559853,57908100
2018-12-21,116.95537567138672,121.1281251853027,116.6000618553536,120.60881663441289,59404800
2018-12-24,114.68678283691406,117.0464843703101,114.65033879169275,116.37228691119304,28575700
2018-12-26,120.19879913330078,120.35369499462648,114.62299298893615,115.05120177735422,40182700
2018-12-27,120.69993591308594,120.69993591308594,116.49986137122345,118.68645587384295,39527900
2018-12-28,121.04611206054688,123.00492886716867,119.84347956202137,120.69989714697496,35994400
2018-12-31,121.99363708496094,122.13030746048013,120.0803769455216,121.82964931671515,29173400
2019-01-02,122.68605041503906,123.150696264404,119.84347103086657,120.41745594630143,27295100
2019-01-03,120.4903564453125,122.66783756714857,119.94370276454154,122.00275291372901,29294600
2019-01-04,124.99107360839844,125.36461976335468,121.82051894408518,122.0118379684435,35355300
2019-01-07,127.17772674560547,127.88836844069661,124.58115559876802,125.05490746083844,30477900
2019-01-08,129.12744140625,129.1821040144866,126.99551627310686,128.28014317461074,27320900
2019-01-09,130.19337463378906,130.63980900376066,129.02719291425373,129.57384667740334,25764600
2019-01-10,130.86756896972656,130.94045705930984,128.78120127558415,129.4280604799156,22896800
2019-01-11,130.90399169921875,131.18643822860372,129.9929115323746,130.29356965567078,22428400
2019-01-14,129.6011962890625,130.68538426792475,129.45542007802555,130.1205188276374,29185000
2019-01-15,130.69447326660156,130.87668655598122,129.4554034360439,129.96560620710008,25678900
2019-01-16,131.66932678222656,132.33441149823418,130.894902978587,130.90400877673054,20827300
2019-01-17,132.86285400390625,133.31839419569008,131.1682439343911,131.1864694346178,19273400
2019-01-18,134.2294921875,134.7670263478427,133.017753450161,133.56440731280506,28306700
2019-01-22,132.10665893554688,133.71015544618834,131.2411353298142,133.43684244583972,27741100
2019-01-23,131.74220275878906,133.1816972440837,130.70357188467662,132.39818161633173,20621300
2019-01-24,132.53485107421875,132.79905824179707,131.49622009832066,131.5873197862523,16976300
2019-01-25,134.23854064941406,134.51186746398778,133.40945440926617,133.58256185522885,22266900
2019-01-28,133.51881408691406,133.84680353463676,132.4437321574969,132.9812800731962,22784700
2019-01-29,133.199951171875,133.76483047098586,132.90841267406154,133.6646110713036,12084800
2019-01-30,134.65765380859375,135.14963099047225,132.72615436756257,133.91056138568973,25516900
2019-01-31,135.80560302734375,136.0242672649854,134.41165152957967,134.48453960879357,27252900
2019-02-01,135.91490173339844,136.3704417133098,135.368262098691,136.069797560308,17057900
2019-02-04,137.5366668701172,137.54577266699113,135.64161847184016,136.12448984377835,21301700
2019-02-05,137.68243408203125,138.11976258334917,136.8806929669093,137.58221470489346,18295900
2019-02-06,137.50936889648438,137.91024652827926,136.75318433885326,137.6095883044331,13720600
2019-02-07,136.3795623779297,137.2997481391686,135.1951556413602,136.5891068776223,22850800
2019-02-08,136.52537536621094,136.57091825523872,135.29541151888333,135.80561421342549,13463000
2019-02-11,137.66416931152344,137.70971218191912,136.3248808352782,136.92618296385712,16374800
2019-02-12,139.3861846923828,139.56839797798756,138.37488496999646,138.4113220663244,20779900
2019-02-13,139.77796936035156,140.08773339546758,139.12199028482038,139.77796936035156,15534500
2019-02-14,140.09683227539062,140.64347215576345,138.8486427161405,139.01264441164057,18251000
2019-02-15,142.32896423339844,142.34718973178124,140.55236044558066,141.01700638947702,27240200
2019-02-19,142.720703125,143.13070032324293,141.7185232787998,141.7185232787998,15856900
2019-02-20,143.3948974609375,143.56800490555554,142.61136801296792,142.72981287549166,18317400
2019-02-21,142.84828186035156,143.37671013122227,142.183197097869,143.15805974464325,17497000
2019-02-22,144.0873565673828,144.19669566635514,143.1307332897625,143.285615286158,20411800
2019-02-25,144.123779296875,145.31729213650053,144.03266571593448,144.93464012011543,17957100
2019-02-26,143.13072204589844,144.12379624582476,142.93938906421485,143.95979456124138,21497300
2019-02-27,143.33114624023438,143.44047141750994,142.23783885955524,142.57494799278967,18194900
2019-02-28,142.8391571044922,143.47691048401214,142.46561087435157,143.12158975099524,18155300
2019-03-01,144.1693115234375,144.26041118687564,142.81179724981166,143.90509052491697,19247100
2019-03-04,142.86648559570312,144.66131472269126,141.75496662664509,144.44265046744056,23301800
2019-03-05,142.20140075683594,142.99403609041048,142.0920755803376,142.98493029302918,16798200
2019-03-06,139.4135284423828,142.20143227689738,139.28597774086853,142.14676967653182,29604600
2019-03-07,138.19268798828125,139.52287167771163,137.91025524856295,139.4135464628492,26822500
2019-03-08,138.1562042236328,138.26552940157217,137.21779270770435,137.42733726608174,20466800
2019-03-11,140.5706024169922,140.58882791931322,138.39312060612662,138.58445362553493,20854500
2019-03-12,140.64349365234375,141.1992533186233,140.12418499151696,140.67082495544065,18966800
2019-03-13,141.19920349121094,141.88251363147305,140.98965894075172,141.14454090430684,24109100
2019-03-14,140.625244140625,141.2356662485355,140.4885737599999,141.1263271636391,14217500
2019-03-15,140.99874877929688,142.01004822850248,140.6069910161707,140.78920425255447,22025900
2019-03-18,141.9007110595703,142.53846428393692,140.74363555837675,141.2720636305598,24510200
2019-03-19,141.1810302734375,142.61141932683864,140.82570945999532,142.56586252470828,18633100
2019-03-20,140.00440979003906,141.97759293434916,139.2279353622159,141.17370040762054,29463200
2019-03-21,141.84056091308594,142.56222696408975,139.52024000871117,139.52024000871117,31845000
2019-03-22,136.67921447753906,141.173677162394,136.63355017798418,140.8630874424055,40663000
2019-03-25,137.2821044921875,138.23216147180202,135.57384745756622,136.55129464764673,26454700
2019-03-26,138.72547912597656,139.60245391071328,137.74801779235378,138.36921116884255,21308600
2019-03-27,138.18649291992188,139.04519350196279,136.5513042101105,138.58843905951883,23477100
2019-03-28,139.4197540283203,139.7029396183561,137.87592142298442,138.66153980455593,19473300
2019-03-29,139.84909057617188,140.6529829630545,138.94472557997017,140.3880575450858,28298900
2019-04-01,141.37466430664062,141.52082910905375,140.42462096904092,140.94531391145384,20075200
2019-04-02,141.00927734375,141.48430601947845,140.2327889664464,141.47516200670586,18253500
2019-04-03,141.74005126953125,142.64441620421005,141.3472351748305,142.26988813038324,19554700
2019-04-04,142.43435668945312,142.51656917433252,141.44776505376683,141.84971134301435,15909500
2019-04-05,143.76806640625,143.85027887975838,142.680988348608,142.78147490702136,21379000
2019-04-08,143.53050231933594,143.87764013380186,142.57132920300805,143.28386497235712,14202400
2019-04-09,141.776611328125,143.1468749954826,141.51169981894805,142.9276417296928,18534200
2019-04-10,143.70411682128906,143.74979506490195,141.8953726743702,142.03239346616598,18938800
2019-04-11,143.52142333984375,144.0421163078603,143.24736780660393,143.89596543730337,12218700
2019-04-12,144.04205322265625,144.48054745941275,143.52136048268426,144.45314331199512,14120300
2019-04-15,143.57626342773438,144.42583437485763,142.96421383352882,144.28879960839438,10964000
2019-04-16,143.91421508789062,144.24307891598414,143.40265223064344,144.06952389866578,16782900
2019-04-17,142.59877014160156,144.43491833800914,141.77660362244674,144.4166442538389,17108500
2019-04-18,142.17852783203125,142.7631729836019,141.28329299285372,142.60787813979843,23276300
2019-04-22,141.80398559570312,142.33382244141637,141.1554020690651,141.87706798190908,15596800
2019-04-23,143.941650390625,144.38013090081662,141.9227889386873,141.9319190125715,23396100
2019-04-24,144.38922119140625,144.96473628555498,143.7588977909653,143.98727502654305,18053100
2019-04-25,143.1925048828125,143.85023233615325,142.023214729993,143.72234166128356,19365100
2019-04-26,144.5810546875,144.78202775670545,142.87278359925372,143.38436028207445,16999100
2019-04-29,145.2753448486328,145.80518177667207,144.78205608889536,144.90080278827097,13698900
2019-04-30,144.59933471679688,145.42150118727184,143.38438000273453,145.38495302109538,24127500
2019-05-01,143.2290802001953,145.0012900169383,143.15601174133604,144.94648170327278,17734300
2019-05-02,143.89596557617188,144.4714668635831,142.21509814223245,143.0920730616375,22715700
2019-05-03,146.64556884765625,146.74605537479297,144.5079615675168,144.61757816474292,20178800
2019-05-06,146.81004333496094,147.17544137380952,144.34355778608702,144.49885264954978,21262100
2019-05-07,143.90509033203125,146.04269832409724,142.73579977539467,145.5311354479491,25434500
2019-05-08,143.2017059326172,144.41667491561387,143.10121935690933,143.65846056055375,16113700
2019-05-09,142.68099975585938,143.10120616897035,140.4429050730378,142.0689502835151,25259900
2019-05-10,143.07379150390625,143.26563454905366,140.3789424331081,142.13287824127886,26544700
2019-05-13,138.515380859375,140.6986669178743,138.08603049339447,140.3972072605449,26936500
2019-05-14,140.26016235351562,140.83567747016747,138.57930917931063,138.8168304345845,15519200
2019-05-15,140.71690368652344,141.05491145534094,138.91730399197178,139.2187496601827,18410600
2019-05-16,141.59390258789062,142.6718365749164,141.082339750723,141.14627813584804,13772100
2019-05-17,139.6207275390625,141.84056190100753,139.45630259175536,140.51597649343248,21534000
2019-05-20,138.65240478515625,139.60246201871973,138.3144108915642,138.7894255693038,18689800
2019-05-21,140.5159912109375,140.71695041012472,139.38323478991032,139.4289130375164,11659100
2019-05-22,139.3375244140625,140.30584170824352,138.853365766972,139.96784784417227,13922600
2019-05-23,136.4691162109375,137.99467464939374,135.72917611182825,137.99467464939374,26379400
2019-05-24,137.74803161621094,138.0220871351344,136.83452251249457,137.3735034773597,16093100
2019-05-28,136.65182495117188,138.53365149484625,136.64269487809176,137.9490062197334,14042200
2019-05-29,135.50990295410156,136.048869844115,134.61466816097294,135.9666573908667,22622300
2019-05-30,135.13540649414062,136.64270500665813,134.32238388037442,135.88449071352093,17739100
2019-05-31,133.2444610595703,134.139696230352,132.7511721929484,133.54592078769014,25411300
2019-06-03,133.71031188964844,134.47767006639114,132.76026863426247,133.49107864404328,26554500
2019-06-04,137.1725616455078,137.29130837752544,133.75603180031683,135.12629576841888,21217600
2019-06-05,137.19992065429688,137.8393741744774,135.7565747435801,137.72061354250056,18184100
2019-06-06,136.8436737060547,137.50140141037133,135.48254005202986,137.1359893862824,20772500
2019-06-07,137.8119659423828,138.40574120661887,137.04462174086643,137.3460813783995,17107500
2019-06-10,138.625,139.8947770371665,138.35094449390493,138.35094449390493,18912300
2019-06-11,138.2139129638672,139.97697862368796,137.556185375996,139.64811482975236,15373000
2019-06-12,138.36923217773438,138.65241778421688,137.59274382398786,138.1043067181554,11957600
2019-06-13,139.83082580566406,139.93129841165887,138.73460388198805,139.13655006213048,14839400
2019-06-14,138.6066436767578,139.71199511785744,138.59751360962053,139.65718683696608,16154800
2019-06-17,139.5629119873047,140.16794286041096,139.0403694285051,139.22371254120952,12509300
2019-06-18,141.18553161621094,142.23060288178084,139.58125469171952,140.50716061200706,22100800
2019-06-19,141.68971252441406,141.81805409782382,140.6263029229146,141.35052707787017,15625000
2019-06-20,142.35890197753906,143.21146759103536,141.5796903826021,143.05562527204796,17595700
2019-06-21,141.13046264648438,142.248873429987,140.81877806437458,142.2122104154591,19854400
2019-06-24,139.4161834716797,141.55216426374028,139.3428434544381,141.50632500444203,24002600
2019-06-25,138.5636444091797,139.80123470512024,138.42614059326658,139.62705387950987,17462200
2019-06-26,138.24278259277344,139.54453653295252,138.20610558703365,139.06783337558946,15726900
2019-06-27,140.83709716796875,140.96543868340652,138.64611516202493,138.64611516202493,22278400
2019-06-28,142.55140686035156,143.02811001541716,141.12131138333385,141.13047364063507,35089900
2019-07-01,143.1014862060547,144.87076749671618,142.2947597379241,144.42156498820117,22850500
2019-07-02,142.2305145263672,143.11974287402577,141.41462618542207,143.02807835676595,19024600
2019-07-03,143.24813842773438,143.32147846211464,142.2489066871429,142.64310762341427,9115100
2019-07-05,143.63316345214844,143.68817896919793,141.96472312769416,142.54226715717283,14156700
2019-07-08,142.26722717285156,143.44980185551518,141.99220557580577,143.2022950075355,9735700
2019-07-09,142.459716796875,142.48721755473045,141.6163275835595,141.67132909927037,12381600
2019-07-10,142.70724487304688,143.52313337005566,141.95553413975432,143.1931102708061,17325400
2019-07-11,142.01058959960938,142.9548199945287,141.37804392009986,142.90898071563103,14260800
2019-07-12,143.11058044433594,143.6239465025284,141.98300756736487,142.2213520977611,16678000
2019-07-15,142.35890197753906,143.55065299187964,141.95555279272608,143.52315222901012,12194300
2019-07-16,142.3130645751953,143.1931168884129,141.79052214882668,142.2122237905371,15152700
2019-07-17,141.29550170898438,142.4047364088654,140.9288015695435,142.31307186514022,14155100
2019-07-18,141.82720947265625,142.10221709793097,140.92880460282436,141.24966548321865,15705500
2019-07-19,141.0113067626953,142.48722749785756,141.0113067626953,142.0380390960878,17182600
2019-07-22,140.8829345703125,141.81800225659043,140.62625151732283,141.39631466446912,14474600
2019-07-23,141.8180389404297,141.83637744558033,140.75462945258653,141.43301426135147,15493200
2019-07-24,144.1648406982422,144.33902149853733,141.28631133531786,141.44215363342968,23823100
2019-07-25,142.4230499267578,144.14650530932371,142.1755291245818,144.09148980692427,17902500
2019-07-26,144.1098175048828,144.3114990340295,142.55138076998452,142.62472077950846,14260300
2019-07-29,143.14727783203125,144.25652646487714,142.6430878961897,144.10068415893966,13192200
2019-07-30,144.69656372070312,144.69656372070312,141.82721023878767,142.1480571327348,1200
2019-07-31,143.5231475830078,145.97081331642406,142.59725595728528,144.64155853076537,40445900
2019-08-01,141.4421844482422,144.99909928507867,140.8004766138082,143.81652441792045,38070200
2019-08-02,139.87461853027344,140.94719059475375,138.6828671292336,140.58050431205766,30148300
2019-08-05,135.6759490966797,137.43606783881174,134.03500965091783,137.30772628432857,39221500
2019-08-06,136.92271423339844,137.2343988961138,135.10759379902967,136.50101252229175,24283300
2019-08-07,136.8860321044922,137.2435559884566,134.47502945806215,135.6026026323838,23952100
2019-08-08,139.83787536621094,139.9203916307449,137.5002269404001,137.6468929911949,19415600
2019-08-09,138.07774353027344,139.4803380455967,137.53687667548647,139.42533653333732,19313200
2019-08-12,136.29017639160156,137.619431401201,135.97849171120657,137.33524748741837,15963000
2019-08-13,137.7569580078125,139.15037689897778,135.37345550273074,135.98766264321478,21912600
2019-08-14,133.90664672851562,135.65758894495085,133.58578589941837,135.63008818682,28235800
2019-08-15,133.37493896484375,134.45667272777692,132.73321732169057,134.41083346924057,24202400
2019-08-16,136.25344848632812,136.5101315112748,133.94328727363217,133.9707880271496,22783400
2019-08-19,137.6286163330078,138.3253257781195,137.46359773473884,137.80279719133156,17023400
2019-08-20,136.73016357421875,137.51855129757934,136.5834975235909,137.43604902131773,13324100
2019-08-21,137.8577423095703,138.10524912340637,137.31686144766243,138.07774836631347,13446100
2019-08-22,137.53689575195312,138.499464314533,136.7210072345277,138.12360194439185,12979100
2019-08-23,133.31991577148438,137.61021553817545,132.86155118891608,136.794327140731,36974600
2019-08-26,134.78672790527344,134.80506641069084,133.57665232316546,134.5758840516071,19167100
2019-08-27,132.7882537841797,135.69428418539675,132.63239748292017,135.6392826617428,24546200
2019-08-28,134.33749389648438,135.11671932963998,132.23819013509976,132.52237395551387,20115500
2019-08-29,136.69349670410156,136.85850125197197,135.63926367978814,135.8134304842587,18786300
2019-08-30,136.44593811035156,137.4818463346074,135.71255212826355,137.4085063375812,18727100
2019-09-03,134.44752502441406,135.9692990482049,133.84248031786888,135.17173503023926,20688000
2019-09-04,135.52926635742188,136.00596954529453,134.92422161760427,135.68510867134216,13107500
2019-09-05,138.05029296875,139.26038263114972,136.93188185223468,137.37192208666121,25666700
2019-09-06,137.41770935058594,138.63696093495778,137.35354557676547,138.1510955502008,14645900
2019-09-09,139.2603302001953,139.56285250189683,137.5643756571291,138.03191648165728,25780100
2019-09-10,141.03880310058594,141.13046763423412,138.3252783197508,139.04948828473906,29576200
2019-09-11,143.926513671875,144.0731937308695,140.77296234439513,141.65302871018173,42970500
2019-09-12,143.96315002441406,144.751537710241,142.61557094509487,144.09149155521482,38648300
2019-09-13,144.210693359375,145.68662818825538,144.04568878892897,144.70573504707298,31042800
2019-09-16,144.75157165527344,145.53079726741072,143.65149913498277,143.899019998207,23242600
2019-09-17,144.37574768066406,144.44908772620013,143.4223410768787,144.25656835814505,22986700
2019-09-18,143.4864501953125,144.38484084387377,142.157195728036,144.36650234422,19735700
2019-09-19,142.78976440429688,144.67823869318764,142.57892056179884,143.74317080096526,21531600
2019-09-20,142.48721313476562,143.60562388012036,141.58882243360736,142.67973242195973,22707200
2019-09-23,142.3772430419922,142.963949307391,141.68969598153197,141.9647176033522,14944600
2019-09-24,140.22824096679688,142.85930357930124,139.6854727937692,142.730510893543,27576700
2019-09-25,141.76455688476562,142.00373926370278,139.64866525237318,140.0902381201604,21917500
2019-09-26,140.18223571777344,141.59895507020082,139.78664921224203,141.59895507020082,20641600
2019-09-27,139.0598907470703,140.95498884509374,138.4527193067285,140.58701381071265,20181900
2019-09-30,139.2254638671875,140.07181760663389,138.71948770845688,139.2530612906322,16905400
2019-10-01,136.4932098388672,141.07457876066212,136.19883263612502,139.93383376133724,34093500
2019-10-02,135.46287536621094,135.81246147201048,134.18414318231243,135.81246147201048,24894600
2019-10-03,135.9136962890625,136.09768385824793,133.3286197056735,134.94774400414937,25362800
2019-10-04,137.2015380859375,137.30273329173335,135.3432325055699,136.1435996922617,18640400
2019-10-07,136.96243286132812,138.05717778435664,136.26326048703714,136.8704320634422,15762800
2019-10-08,134.7361297607422,136.08844582131607,134.41414105653254,135.6192755161108,18110600
2019-10-09,135.35244750976562,135.86761802318694,134.90166629185015,135.729616897371,10929500
2019-10-10,135.895263671875,136.61282486128985,135.32489812063466,135.54567754054773,16349000
2019-10-11,138.1951141357422,139.795834783929,135.86763798591485,137.799527695093,29236300
2019-10-14,137.68910217285156,138.13067484326115,137.1647372587418,137.90989552672738,10692600
2019-10-15,139.27149963378906,139.9522690055158,137.79957116851241,138.1491573374194,16801200
2019-10-16,139.41867065429688,140.08103694290472,139.04148712157757,139.10589047282863,13119100
2019-10-17,141.06536865234375,141.2217587328525,139.8786373179671,140.0994167081692,13175800
2019-10-18,140.39382934570312,141.2125857963181,139.32668200590078,140.6882065899613,14490200
2019-10-21,141.70933532714844,142.5740920590586,141.5897511670429,141.82893352460113,17450300
2019-10-22,141.86573791503906,142.63849386557794,141.4333595537584,141.85652941542864,12471800
2019-10-23,142.04051208496094,142.36250073872702,141.25856169878776,141.98531723856593,8728000
2019-10-24,141.83815002441406,142.64771203323482,141.1849921614922,142.54651678213224,9091400
2019-10-25,142.5924835205078,143.0800566960096,141.5805312483271,141.58973974729437,10531500
2019-10-28,143.8252410888672,144.41400959768802,142.6017036801375,143.19968068958502,15392400
2019-10-29,144.29440307617188,144.74517034191,143.3836460081488,143.52163312269184,11978300
2019-10-30,143.8160400390625,144.2576128911177,142.85008801984654,144.23920992805563,14451500
2019-10-31,143.0065155029297,143.6044926413378,141.89338160022106,143.6044926413378,17344200
2019-11-01,145.44432067871094,145.52711293502182,143.55841751779025,143.88039208255842,18421600
2019-11-04,146.22628784179688,146.91625146549583,145.7847150530864,146.64026320854708,16182000
2019-11-05,146.4102783203125,147.61542659899197,146.24469378517333,146.64026619956988,13760200
2019-11-06,145.5639190673828,146.26309117760871,145.17754112942168,146.26309117760871,16025500
2019-11-07,145.95028686523438,147.34861695118954,145.5087141150071,146.95304457933574,13448900
2019-11-08,146.3459014892578,146.52069453836958,145.30635169444398,145.60993740542537,11967400
2019-11-11,146.06991577148438,146.18030547292864,145.2419649359572,145.37995206276253,10508700
2019-11-12,146.1159210205078,147.08187305232312,145.8031408311118,146.20790776232238,14316900
2019-11-13,145.4903564453125,145.81234515681288,144.60721066994694,145.1131869148694,14514400
2019-11-14,145.44432067871094,146.1894790601973,145.15912395584417,145.2879165892203,13054000
2019-11-15,146.19871520996094,146.5390928300844,145.67435006645582,146.48389797680474,13119200
2019-11-18,145.83074951171875,146.03314001161735,145.2971758335633,146.014737046895,10759500
2019-11-19,146.37351989746094,146.91628804762362,145.6375557081246,146.37351989746094,15203700
2019-11-20,145.82150268554688,146.82426045780613,144.67156334623868,145.85830860531817,21314300
2019-11-21,145.10394287109375,146.17108995583553,144.64396713153388,146.10670065171686,15388300
2019-11-22,145.55474853515625,145.84912575837402,144.75439510618364,145.63754081318487,13482400
2019-11-25,148.64578247070312,148.87577037264987,146.17111039978053,146.2999030633768,24753000
2019-11-26,148.74696350097656,149.5289138704963,148.37897447060297,148.80215834619605,15496700
2019-11-27,149.79571533203125,149.88770206631878,149.10575165681377,149.38173993437016,13202500
2019-11-29,148.82057189941406,149.75891240962451,148.72857112593593,149.40934035257143,9988200
2019-12-02,147.3669891357422,149.22529454267786,147.10940391545506,149.170085677752,17190900
2019-12-03,146.89785766601562,146.9714554749481,145.44434656097602,146.1067128040216,14884400
2019-12-04,147.9098358154297,148.31461681655486,147.46826292208823,147.65225045786806,10833200
2019-12-05,148.05699157714844,148.71014925882935,147.60621030416715,148.54456473243545,11470700
2019-12-06,149.78651428222656,150.3292823138969,149.49212305582117,149.57491532424282,16486200
2019-12-09,149.50131225585938,150.0992891494443,149.39092256851572,149.72210566789246,13476700
2019-12-10,149.5933074951172,149.91529612110486,148.97694170130376,149.40932001055793,13704400
2019-12-11,149.54736328125,150.0257421506486,148.9861921183066,149.84175459698776,19612200
2019-12-12,150.8352813720703,151.8840257100825,149.26215784637782,149.72213367949453,24857000
2019-12-13,150.2557373046875,151.61726211186402,149.53817598486802,150.62371242964832,23279600
2019-12-16,151.31475830078125,152.21038617415795,151.1854931483787,151.48095031579388,20115300
2019-12-17,152.07186889648438,152.07186889648438,151.14854241370202,151.5548083203413,12980000
2019-12-18,152.36734008789062,152.60739990135812,151.72101436790575,152.40426694809946,15379300
2019-12-19,153.0229034423828,153.0229034423828,152.23808433713566,152.60740931738786,11919800
2019-12-20,153.24449157714844,153.65075746815327,153.013659965336,153.4106835750085,25449500
2019-12-23,153.5492401123047,153.60463746264506,152.68131072004414,153.49384276196432,13372100
2019-12-24,153.9000701904297,153.9185406672183,153.30914173280541,153.68770901832062,4334500
2019-12-26,153.9000701904297,154.1770709868761,153.60461300604044,154.03857763307576,9371200
2019-12-27,153.1429443359375,154.30633073358544,152.74590658756188,154.30633073358544,12261800
2019-12-30,152.75514221191406,153.46610757946604,151.95185264537338,153.2537323352182,14912700
2019-12-31,152.96749877929688,153.59536812227364,152.08111323359867,152.42273952841526,17362400
2020-01-02,153.0690155029297,153.96464303932106,151.6378570826973,153.95541484935197,18297500
2020-01-03,152.46890258789062,152.7274328691417,151.14853842614642,151.1854793742358,19295600
2020-01-06,152.6720733642578,152.84749360019444,151.00084022579202,151.28708333345602,17150900
2020-01-07,152.16421508789062,152.6628052154122,151.61945581606184,152.21038423219784,11817900
2020-01-08,152.63516235351562,153.29995882583907,152.09040288251026,152.18274120488573,13832400
2020-01-09,152.81979370117188,153.68772303439633,152.5889620312227,153.38302353940176,11895400
2020-01-10,152.24732971191406,152.98599384462284,151.6102320735633,152.8567286780623,15353000
2020-01-13,153.2352752685547,153.30912899188,151.49018871146924,152.29347827444434,17271100
2020-01-14,153.79849243164062,154.7402752598915,152.33039267919133,152.47812829144993,18323000
2020-01-15,154.5371551513672,155.07268622365416,153.40146747658932,153.4106956698057,15437200
2020-01-16,156.5315704345703,156.84549812344682,155.51590545426748,155.66364110392007,19976200
2020-01-17,156.10682678222656,157.48257432672594,155.7374877084201,157.22404401948398,18306400
2020-01-21,154.81414794921875,156.03294565553077,154.44482299576632,155.4512454694415,17935100
2020-01-22,154.7126007080078,155.69132463629404,154.3617320964163,155.29430096641573,14916300
2020-01-23,154.61102294921875,155.09115668447348,152.7643699093025,154.28786712054017,15954300
2020-01-24,152.708984375,155.12809553582997,151.63792214774486,155.12809553582997,20491400
2020-01-27,150.97312927246094,151.8779994962879,149.96670664659516,150.363744415998,18539000
2020-01-28,152.22885131835938,152.71821328695256,150.95467019676096,151.88722498639507,16690400
2020-01-29,151.36090087890625,152.865927527614,151.33320221202092,152.44120524280962,14944400
2020-01-30,151.36090087890625,151.55480563594742,149.51424794605015,150.35447841182219,21889700
2020-01-31,148.22161865234375,151.3516952771805,147.75995535022125,150.79770776794103,30439000
2020-02-03,149.87435913085938,150.4375747513592,149.10799647133652,149.20956294642613,17373200
2020-02-04,152.1365203857422,152.63511052626353,151.57329062373643,151.71178397142427,15994200
2020-02-05,154.48175048828125,154.68488344016524,152.98596610517558,153.715387822327,17807000
2020-02-06,154.1309051513672,155.25736474930153,153.97394131740532,155.0173049012739,14768900
2020-02-07,152.23812866210938,153.6046483935262,151.79492165015068,153.54000875429716,18029600
2020-02-10,153.09677124023438,153.1706390540461,151.85028886537953,151.9426130660105,11428800
2020-02-11,154.1586456298828,155.0819724113322,153.52154789646696,154.00166767884966,15005600
2020-02-12,155.22042846679688,155.38662048484585,154.45406573182106,155.13733245777237,12123000
2020-02-13,155.62669372558594,155.99601871219636,154.29710123163616,154.3986677162808,12649300
2020-02-14,155.02651977539062,155.83905163558762,154.50945916939068,155.76518382203835,16006200
2020-02-18,154.69412231445312,155.17425606013575,153.66922929148646,154.65719545194443,13412100
2020-02-19,155.4881591796875,156.17142578351925,154.68486972499812,155.27579805385383,11084600
2020-02-20,155.86679077148438,156.1437916219992,153.81700420206232,155.02656002416708,20383800
2020-02-21,154.287841796875,155.70053001343516,153.57687654832333,155.25732321263183,18729900
2020-02-24,149.64358520507812,154.2509770423377,148.74795705823084,149.44968037284502,28239500
2020-02-25,144.32513427734375,150.28058620097747,144.00197851987488,150.0589969018769,45047000
2020-02-26,142.6539764404297,146.33805507874044,142.39544608919883,145.00846236449755,39465000
2020-02-27,137.63104248046875,143.12483220376643,137.40945314273125,139.74546800367384,50530300
2020-02-28,135.11038208007812,137.69569935893088,132.87593341508875,133.7438626669536,72036400
2020-03-02,139.4499969482422,139.6346594262098,134.2424361720292,136.62462017769016,33569300
2020-03-03,136.60617065429688,142.37696203111616,135.09191556057334,139.50541567845704,42941300
2020-03-04,140.4933624267578,140.76112091038965,137.13245455888818,138.757504113087,36195800
2020-03-05,136.02450561523438,140.78886100925288,134.33481594669968,137.42795215233832,32729400
2020-03-06,133.32833862304688,134.7871961580888,130.17980602086078,131.76792870007887,39688300
2020-03-09,120.36485290527344,125.7293780529099,120.2725146122163,123.84579803861506,56320000
2020-03-10,124.12274169921875,124.46438199398642,118.20423111208208,124.38128601235667,54432700
2020-03-11,116.22832489013672,122.12838707685887,114.64943758883017,120.88189079923983,51354800
2020-03-12,103.38488006591797,110.7068602528906,103.04324668945632,107.81684349940794,70114300
2020-03-13,110.30982971191406,110.76225777217469,101.15043155691322,109.23876747767088,57915100
2020-03-16,95.67510986328125,102.7662588062585,93.65302224864539,100.29174310625021,59095700
2020-03-17,100.0608901977539,102.02757300567231,92.89587495360524,96.91234361326998,59344800
2020-03-18,92.30496215820312,98.59281410646611,88.87018604824384,95.14880980240844,62296700
2020-03-19,95.90594482421875,98.61129227942885,88.3531322971574,92.01874034526506,62654700
2020-03-20,93.62531280517578,100.42099672057084,92.74814836327104,97.98341521226854,76203700
2020-03-23,92.24031829833984,94.34550158072138,88.55624755417216,94.08697128911973,63534700
2020-03-24,100.6795425415039,100.94730812538837,92.26803588062668,97.29093529943486,73386700
2020-03-25,101.93084716796875,105.66624032155431,98.26960038751436,101.47666969402034,56043700
2020-03-26,108.27082061767578,109.00306999016597,103.07092863545273,103.38607724704964,51657600
2020-03-27,104.33150482177734,107.53856700190124,102.76505398931002,104.04416906768472,39931500
2020-03-30,106.63020324707031,106.83412166406862,102.70016299687187,104.96178626404875,41552100
2020-03-31,106.09261322021484,107.6776059943454,103.77537108172073,106.22237821423757,52948000
2020-04-01,98.86279296875,102.31084231841703,97.81539530376328,100.75365577561332,54224200
2020-04-02,99.7989501953125,102.32010995172116,96.92557229445183,97.99150474506484,43774200
2020-04-03,96.97193908691406,100.10484750946802,95.09960371966243,98.79791971703051,42189200
2020-04-06,104.39636993408203,105.05446572457285,101.05027237241237,101.11515485678018,48708100
2020-04-07,104.6651840209961,109.96703480095707,104.17392985286357,108.33569446750877,57546100
2020-04-08,109.43870544433594,110.52317300859926,105.00813984948662,106.48190237451196,52822300
2020-04-09,114.6756820678711,115.50061971773303,112.46039911082674,113.00726487058743,69528600
2020-04-13,111.57054901123047,114.48100384054177,110.41192823294858,113.86924867521213,40198200
2020-04-14,113.83219146728516,115.75086752202598,112.43258241888753,114.84251263633254,35089700
2020-04-15,109.1884536743164,110.40268630618769,108.1317918125108,109.24406522336032,34809900
2020-04-16,108.3635025024414,109.76311150419205,106.18528948129511,109.4572338793084,49501300
2020-04-17,113.13700866699219,113.74876388191811,111.28321527145026,112.98870887261234,46250200
2020-04-20,111.80231475830078,113.91563871259586,110.33781585254799,110.84760494164189,36700500
2020-04-21,109.13282012939453,110.52316523865382,107.96493532921258,108.83621345561897,31608900
2020-04-22,110.45828247070312,112.1452342494762,110.08752236150512,111.52421513277456,24333800
2020-04-23,111.5427474975586,113.9156079011309,110.93099934177671,111.32956521283943,38571200
2020-04-24,113.46144104003906,114.30491345343385,111.31103366846585,112.6457673276047,27147500
2020-04-27,117.95687103271484,119.05060937531822,114.80542097168303,114.88883827675754,39021300
2020-04-28,119.67163848876953,121.84985148185177,117.97541575989902,121.53469584179689,47292700
2020-04-29,125.55741119384766,126.84579681525055,122.23911989237199,123.73142388349207,50390500
2020-04-30,120.7839126586914,123.22165562553262,120.6263419091348,122.2576750898285,43727500
2020-05-01,115.9918441772461,118.14224408459634,114.27708681920709,117.85490839107621,43352000
2020-05-04,116.49237823486328,116.69629664154732,113.31312225200203,114.564431390146,28498200
2020-05-05,117.39147186279297,120.42242104787861,116.88167583439194,118.70767058930268,31209400
2020-05-06,116.52944946289062,118.82814922422071,115.86208273487212,118.17005344288587,29836800
2020-05-07,118.12372589111328,119.10623419822153,117.29878833671842,118.07737822423941,27493000
2020-05-08,122.68402862548828,123.04551771632326,119.74576824237964,120.64485903248797,32122900
2020-05-11,122.07230377197266,123.23092475337582,119.87556291709546,120.8766131422265,33983200
2020-05-12,117.68809509277344,122.61917901865908,117.56759397547118,122.59137324440835,44275300
2020-05-13,113.748779296875,116.86315318917063,111.60764989779484,116.46458727225001,58719300
2020-05-14,114.11953735351562,114.25856621715106,108.61376806038707,111.1998109989274,55904300
2020-05-15,115.93624114990234,116.35334183701772,112.58087254383278,113.09066855844992,40236600
2020-05-18,122.98065948486328,123.6387624297695,121.26590890689644,121.84058039165778,46981100
2020-05-19,120.55217742919922,123.69435654327819,120.55217742919922,122.55427761073288,30270000
2020-05-20,124.20418548583984,125.11254049418754,122.70261702299423,123.02702245431337,35901300
2020-05-21,124.42662048339844,125.18666843743263,122.88796853752338,124.25050784409302,32716500
2020-05-22,125.02908325195312,125.17739010406233,123.29579111580145,124.82516486613294,24035200
2020-05-26,128.63475036621094,130.11779106026265,125.1218173460383,129.84898303959523,36971000
2020-05-27,132.629638671875,133.00966969396896,127.29071904265322,131.2207659426279,42682000
2020-05-28,129.4874725341797,134.159040052355,127.52245595933239,134.159040052355,42105000
2020-05-29,128.74594116210938,129.09816642081134,126.43797751707149,128.18981164888177,41536400
2020-06-01,129.97874450683594,131.31347826654044,128.4771760988303,129.079653408794,25567500
2020-06-02,131.05389404296875,131.480272651063,129.35767177052534,130.7572945209485,24666200
2020-06-03,134.21470642089844,135.39186972883502,132.6482480179738,133.16730814462457,36111700
2020-06-04,134.0199737548828,134.9561483569273,132.713046176376,133.32480131652636,28904700
2020-06-05,139.20135498046875,141.1849277149785,138.6174196124799,139.83165216055994,53513400
2020-06-08,141.8986358642578,142.17670774888697,140.5453743788254,141.21274124460592,33834300
2020-06-09,139.2755126953125,140.67513596145594,138.16323932708983,139.83165645108545,39646000
2020-06-10,135.49375915527344,139.27549956537257,135.23422919859897,139.11792881620036,51774500
2020-06-11,125.15886688232422,130.7202473761607,124.91787881918722,129.90457371120166,72041500
2020-06-12,128.1620330810547,130.71099945179702,124.34320839179152,130.07143835402442,63864900
2020-06-15,131.1250762939453,132.12020208830657,123.95453101276449,123.95453101276449,57354800
2020-06-16,134.27789306640625,136.4262626097393,131.16228324422352,136.4262626097393,48957000
2020-06-17,131.8504638671875,134.84516402806693,131.43195286643643,134.4731432120658,34811400
2020-06-18,131.8040313720703,133.28277767037474,130.0276682586564,130.5484834939472,26974100
2020-06-19,131.1250762939453,134.39877520868117,130.05553212521858,134.31507582424035,50293800
2020-06-22,132.43646240234375,132.58527082853365,129.1162577660034,130.42760541339067,28983200
2020-06-23,132.99444580078125,134.5383008152533,132.6689292429914,134.22209365069347,20344200
2020-06-24,128.67910766601562,131.6924136348951,126.77254101200342,131.2273980700701,42998700
2020-06-25,130.6228485107422,130.7437570795016,126.75391622190708,128.07457270381872,37191200
2020-06-26,127.10736083984375,130.04626280162213,126.93996203765181,129.7207462091604,39100100
2020-06-29,131.26458740234375,132.05511950486576,127.50726804492737,129.00461866664503,33935200
2020-06-30,133.161865234375,133.5710812478023,130.75308774487837,130.82749194651518,32865900
2020-07-01,131.8970489501953,134.3988212868018,131.35762908028278,133.59899378191795,26457500
2020-07-02,132.43646240234375,135.11495730915132,131.96215150891015,134.44533358244945,24022400
2020-07-06,133.3943634033203,135.5055381248601,132.92934782005645,135.15213593156113,19858200
2020-07-07,131.0321502685547,133.40373366347768,130.65083391042486,132.2318847766549,22661000
2020-07-08,132.00863647460938,132.52945169841908,129.367351158917,130.9111922320242,27358900
2020-07-09,129.3394317626953,132.3899326324304,127.63747314841626,132.0830206667917,34647800
2020-07-10,131.4227294921875,131.59943772154995,128.77214862520813,129.40456313960803,24008200
2020-07-13,129.75796508789062,134.51972058761663,129.63705648318404,132.80846647879645,34235500
2020-07-14,131.9063262939453,132.0458252969513,128.9395245067195,129.67424290780073,28114000
2020-07-15,136.74249267578125,137.4400161088106,134.6592175803194,135.24514180523224,40770100
2020-07-16,135.933349609375,136.40766036375112,134.74291093117154,135.88684521593063,30530800
2020-07-17,136.33328247070312,137.26331375439628,135.3288469813764,136.41698188035923,20644100
2020-07-20,135.74734497070312,136.57507207821936,134.99400786263138,135.89613916074046,19663300
2020-07-21,137.67247009277344,138.72340952881058,136.90054275909029,137.15165507032336,24503800
2020-07-22,137.74691772460938,138.26773291137405,136.74248235392773,136.79828195377402,24424800
2020-07-23,137.88641357421875,139.69067628082772,136.4355672467618,137.6260059867854,21704900
2020-07-24,135.8589630126953,137.337709254153,135.37534280230938,136.98429284758438,20015500
2020-07-27,137.27261352539062,137.35631292917856,135.21723828842454,135.96126610144555,13370700
2020-07-28,135.9054412841797,137.68178979665032,135.84033229921315,136.77967273794562,13268000
2020-07-29,138.90016174316406,138.99315634602823,136.6959782071557,136.71458280418832,19864400
2020-07-30,138.35140991210938,138.68622164813073,136.09144133732573,136.84476419558695,23618900
2020-07-31,137.0493621826172,138.03519272495367,134.54757664151077,137.7747851926816,29881500
2020-08-03,139.281494140625,139.47680697422456,136.9192206832526,137.91434687888596,20777100
2020-08-04,140.23936462402344,140.36956839301487,138.61181041605724,138.93732693410905,20285000
2020-08-05,143.0294952392578,143.12250403782164,141.16013759378643,141.63444840770148,18190200
2020-08-06,142.97369384765625,143.6340222504368,142.21107563534565,143.0388028440663,18237700
2020-08-07,145.2429656982422,145.31736989456613,142.4342675993982,142.71327978782563,20475200
2020-08-10,146.74960327148438,147.71684357733494,145.68936836889918,145.68936836889918,24000500
2020-08-11,145.90328979492188,148.6375836173035,145.23366623878152,148.1260636520367,30359400
2020-08-12,146.49850463867188,147.77264272009992,145.54057372923862,147.56803474030363,23378300
2020-08-13,146.19161987304688,147.43785838833162,145.6893950324,146.00561645438742,15799900
2020-08-14,146.09860229492188,146.72172151514593,144.96396306073765,145.3452792703398,13360900
2020-08-17,146.85189819335938,146.97280677191156,145.7730729527356,146.4798914470957,9744200
2020-08-18,145.44754028320312,146.80539171972535,144.81512604642987,146.80539171972535,14670400
2020-08-19,145.45689392089844,146.98214473010447,145.26159528920022,145.94980938910118,14337300
2020-08-20,144.86160278320312,145.5405355339628,143.72696398979483,143.9687810976278,15413000
2020-08-21,143.7921142578125,144.82444938464664,142.8527879208783,144.29432482628502,20685100
2020-08-24,145.29873657226562,145.33594575864606,143.53168338015232,144.95462964955274,13707100
2020-08-25,145.45689392089844,145.84751956659858,143.95954291622073,145.8382101709879,16269700
2020-08-26,144.54544067382812,145.80098841185412,144.3222280874026,145.54987602601906,13772700
2020-08-27,144.89886474609375,146.01489935516437,143.81072993791364,145.19646735264257,17508400
2020-08-28,146.12648010253906,146.20088429256631,144.83373745700555,145.64287415408427,12371400
2020-08-31,144.55474853515625,146.35901140776699,144.43385412417803,146.19161259665077,17051500
2020-09-01,146.210205078125,146.3031996795438,143.64330999119753,144.35943795875403,15638800
2020-09-02,147.37274169921875,147.85634767770816,145.25225762961895,146.9077261260296,16763400
2020-09-03,143.02015686035156,147.2145912921838,142.25753886872113,147.05648773527437,32117600
2020-09-04,142.1087646484375,144.98255753833092,138.84434618158733,144.81515874062032,30618800
2020-09-08,139.3744659423828,141.8111429658876,138.5746386016001,140.60209965663717,26447800
2020-09-09,141.48561096191406,142.09012539439863,140.0347649710344,140.8345779532127,20160800
2020-09-10,139.6442108154297,143.11323819932537,139.56051139423838,142.13670237863397,23005500
2020-09-11,138.71412658691406,140.4811941113272,137.34697979673012,140.36028553265245,20851000
2020-09-14,142.36915588378906,142.69465823899395,139.8487654756515,140.0533734434478,21991300
2020-09-15,142.63890075683594,143.87584413054645,142.16458988663268,143.57824148389497,16175500
2020-09-16,143.98744201660156,145.8754042805205,143.07600119245765,143.32711359838711,22178400
2020-09-17,142.9364776611328,143.5967917749091,141.1322151116913,141.94133760279524,20002900
2020-09-18,142.56443786621094,144.4244997634034,140.56487700318746,143.2061614913257,38352800
2020-09-21,137.5701904296875,139.7464596684196,136.09144447448344,139.33725792931375,40652500
2020-09-22,138.6304168701172,138.85362941616177,136.30533939895287,138.24910075897103,19385800
2020-09-23,134.5003204345703,139.5042748363174,134.41628775614475,138.5520374364131,33403400
2020-09-24,134.5003204345703,136.7969097463881,132.65182943306863,134.47230004493426,31723700
2020-09-25,136.68487548828125,137.09565123730007,133.82813500041064,133.91215342764443,20689300
2020-09-28,140.0550994873047,140.44719976500693,136.67554410193304,138.51469027642983,17600900
2020-09-29,139.4202117919922,140.29777535620528,138.16922359184179,139.8963445848345,18683800
2020-09-30,139.84033203125,141.8755349624547,138.62669472065835,139.94302595317185,29073700
2020-10-01,142.07159423828125,142.09026974765754,139.5602866689007,140.79259962818054,25872000
2020-10-02,142.69712829589844,143.3786349352737,139.09352358328525,139.48562387903166,29452000
2020-10-05,146.6367950439453,146.86084417598587,144.21882228050225,144.2281671578305,18553600
2020-10-06,146.21670532226562,150.3151044228458,145.95530511616542,147.9718332020037,36348000
2020-10-07,149.40953063964844,149.89499425835837,147.93449276110331,148.05584798184893,27049700
2020-10-08,151.10862731933594,151.50072756984034,149.91365105725376,150.97792723583447,37278600
2020-10-09,151.892822265625,152.83574320412646,151.06194014119944,152.49965525237906,25038100
2020-10-12,152.91041564941406,153.33053626999586,151.79947211091846,152.5463215580859,20336200
2020-10-13,151.892822265625,152.3782858059802,150.75385833166095,151.72478541237138,20106500
2020-10-14,150.3897247314453,153.0224153694186,150.24969405718565,152.1821885881513,19024900
2020-10-15,151.939453125,152.3408838592916,148.2611623953015,148.7092747660826,22865100
2020-10-16,151.56605529785156,152.82637423429162,151.52870428396773,152.36893115349903,17637900
2020-10-19,149.75494384765625,153.13448473118567,149.4001803753775,152.06087792698708,18360600
2020-10-20,150.0816192626953,151.65936442088747,149.6895191915548,150.82848264615856,18927700
2020-10-21,148.79331970214844,150.65112647888446,148.709287051431,150.1843385658977,17504100
2020-10-22,151.36070251464844,151.41671480320957,148.6066415349687,149.50288088767053,20673900
2020-10-23,152.23826599121094,152.4809906561412,150.53915060097563,152.23826599121094,20889800
2020-10-26,148.95204162597656,150.65114240130458,146.92618357892795,150.23103608426246,26509900
2020-10-27,147.6730499267578,149.42817742566447,147.4490007959968,148.8586954762473,20523000
2020-10-28,143.1265106201172,145.11503172986576,142.8744411531205,144.38684370986368,32338700
2020-10-29,144.83497619628906,145.44179488196278,141.5954664233171,142.62240569394524,27203200
2020-10-30,142.921142578125,144.96567624238767,141.33406626984788,144.0694512838203,31764500
2020-11-02,145.46983337402344,145.53517629288478,143.46263623072284,144.4895756291781,25252100
2020-11-03,149.5962371826172,150.52046839101138,147.56103390715376,147.90645250057455,30257400
2020-11-04,149.76429748535156,151.5661070213277,147.23431387299888,147.27165065438635,45226300
2020-11-05,153.95602416992188,154.58151839102018,151.1552961227859,151.2486451772134,31911000
2020-11-06,152.75167846679688,154.70286285095014,152.452941597532,154.6188301967232,24930400
2020-11-09,158.28781127929688,166.26988880884383,158.08242342275264,165.19626787777364,55052700
2020-11-10,161.2285919189453,161.8167494288054,158.47454523374,159.8282277489859,35492200
2020-11-11,161.16322326660156,161.9567542890691,159.51078982121584,161.82605422388394,23972600
2020-11-12,158.6892547607422,161.1725705003048,157.15819059147054,160.01493105710324,33986800
2020-11-13,161.97543334960938,162.56359077846196,159.9308996638256,159.96825068054844,25440400
2020-11-16,165.8311004638672,165.97113115819317,163.7492158399644,164.7668244512743,31812300
2020-11-17,166.60598754882812,166.92339998582347,162.70363226640558,164.3467209801814,26154500
2020-11-18,164.27203369140625,167.78227420481366,164.1786703964572,167.05408608897508,24377800
2020-11-19,165.5324249267578,165.79382517238258,163.44122296175965,163.98268472395026,20187600
2020-11-20,165.709716796875,166.12049245859535,164.15064680460893,164.93484711594564,24898800
2020-11-23,168.8092498779297,169.90153228727652,166.85806485646765,167.3435284534802,24816000
2020-11-24,171.98341369628906,173.12237783297252,170.24696134407026,171.20854371836555,34945400
2020-11-25,171.39520263671875,172.06737845012185,169.80812639488738,171.31118422135293,21082700
2020-11-27,172.1234130859375,172.23545189955075,171.04980631838797,171.5165943469295,10384400
2020-11-30,168.99595642089844,172.0767605240974,168.34245597361172,171.6099724552867,25481600
2020-12-01,170.56434631347656,171.9833859383072,168.99594534280095,171.40457332940173,30265000
2020-12-02,170.74169921875,171.29250559198238,168.75317795323883,169.8641355758439,20142800
2020-12-03,171.70326232910156,172.8795627287011,170.7883620183019,171.16178664651994,19603600
2020-12-04,175.69903564453125,175.9324296914143,171.70333070151236,172.73027020589473,24415700
2020-12-07,175.86708068847656,176.3992116894555,174.9895168232829,175.7270357180409,14671500
2020-12-08,178.12632751464844,178.29436437944742,174.653423189725,174.69075996682216,20165600
2020-12-09,176.82867431640625,180.00282774956767,175.41896511468624,179.26530880756434,29507600
2020-12-10,178.53707885742188,178.91983418994482,174.86811778039578,175.28822413014584,21245300
2020-12-11,177.6595001220703,178.98517621678096,175.79234828525452,177.37009386660196,30865000
2020-12-14,177.867431640625,180.85483522647584,177.82061860060182,179.76851834137125,32237700
2020-12-15,182.31576538085938,182.5217942099441,178.61663478724896,179.58121780992042,26807000
2020-12-16,181.6602020263672,182.81209422758604,180.7049931678797,182.73717336403325,25494600
2020-12-17,183.82351684570312,183.90781176049504,181.73514927115454,182.36259551858586,23834200
2020-12-18,182.93385314941406,185.2657171187355,182.4281551133794,184.12319880024344,37033400
2020-12-21,182.84017944335938,183.34587738720722,179.3189704651117,179.71229426359176,30873000
2020-12-22,184.919189453125,185.16267153471955,182.98064968030283,183.54254899437413,21919700
2020-12-23,186.49249267578125,186.97009711046184,185.33124071203412,185.95870116521982,18392000
2020-12-24,186.37078857421875,187.24173132548944,185.48112631968854,187.23235728416253,8904900
2020-12-28,185.67774963378906,188.4029228145312,185.5466416948176,188.38420331588787,27168400
2020-12-29,182.08160400390625,186.36136687614442,181.15448876133257,186.02423016347424,33901300
2020-12-30,183.93588256835938,184.93791877438954,182.64352265116577,182.6622564398814,20595700
2020-12-31,183.6081085205078,184.3385691055244,182.25956150518664,184.1325402954229,24747700
2021-01-04,181.21063232421875,185.32181870820392,178.81322262736487,184.99404182274964,33664200
2021-01-05,184.01077270507812,185.06899581084573,180.80798127485716,180.82670077075284,27442900
2021-01-06,191.54017639160156,193.64727754768256,186.51123287179038,186.81090205001422,52952200
2021-01-07,194.948974609375,195.27675157813886,192.63584491011264,192.64521894845552,24031400
2021-01-08,194.52757263183594,196.4473786938559,191.66191745258274,196.02596133626463,29017000
2021-01-11,194.35897827148438,194.90214376693643,191.82110033290667,192.06458240065044,20945100
2021-01-12,197.8427276611328,197.96447584485747,195.24866254560766,195.27675608189907,24892200
2021-01-13,196.42864990234375,198.28289489673188,195.90421812936077,198.0019452212927,22782200
2021-01-14,200.3525390625,201.34521551309726,197.72100620656354,197.82402060934405,33913700
2021-01-15,197.36512756347656,200.37126461952408,195.03326397252954,197.42131463728606,41043500
2021-01-19,199.89364624023438,200.04348796376735,198.2735236874022,199.7906318415171,19744300
2021-01-20,200.77392578125,202.26294022989467,199.53776742623853,200.74583224747872,25474200
2021-01-21,199.03207397460938,201.4950454581462,198.4889084544149,201.31711020105058,21180500
2021-01-22,201.34523010253906,201.65427333327378,196.24136549973926,197.12166786188757,24800200
2021-01-25,201.1485137939453,204.07036988485424,198.1611251777988,201.27962171349503,33985000
2021-01-26,199.75314331054688,202.92784103307244,199.2568051924006,202.5626108274612,23969800
2021-01-27,196.09152221679688,199.46288989856706,194.1248886874818,196.19453662623138,45830300
2021-01-28,195.46405029296875,198.8822305650024,194.44328037268056,197.44940306119057,32202500
2021-01-29,192.50474548339844,197.5898900048627,191.8304720187878,196.40990429694745,40591900
2021-02-01,197.23403930664062,198.13307544637183,192.69205985796276,194.94900281244784,26375100
2021-02-02,200.0435028076172,200.4555604330622,197.49625047731558,199.61271139291713,22773100
2021-02-03,200.64283752441406,201.10172243713745,198.151772494818,200.12776553864148,23923200
2021-02-04,204.73529052734375,204.93195957197184,201.42012462262974,201.4294843715385,25400800
2021-02-05,207.5728759765625,207.75081125421326,204.87579614122356,206.90797648498759,23338800
2021-02-08,212.87338256835938,212.89211635565565,209.21170594019722,209.57693619916398,20831500
2021-02-09,213.8754425048828,215.03668015445186,211.93690268970587,212.70483081640208,19510900
2021-02-10,212.470703125,215.69222869687587,210.66327129288774,215.31762439218502,27955400
2021-02-11,212.22720336914062,214.4560525049947,209.23044042788277,213.65067112487293,25847600
2021-02-12,212.82656860351562,213.27609378868468,210.37297103233286,211.5810360294521,17440200
2021-02-16,211.48741149902344,215.0460742213745,210.51345448127103,214.89623248176724,22999500
2021-02-17,209.82980346679688,210.4666236614835,206.9266950280505,209.40838611323457,25042300
2021-02-18,206.5801544189453,208.743442239263,205.4563702084845,208.21901056036072,24501500
2021-02-19,210.8880157470703,211.927519382477,208.0598142209716,208.33140410473732,31238200
2021-02-22,209.520751953125,212.01181697849577,208.8183849618155,209.31472315916545,23272100
2021-02-23,207.6758575439453,208.81837560847552,201.86962686712974,206.92667755185997,38646800
2021-02-24,212.58306884765625,213.00448617025273,207.6290467906095,208.48124118441396,27584900
2021-02-25,204.7259063720703,213.13557546042352,204.1640071312851,212.38638123594035,49961400
2021-02-26,204.44497680664062,208.1160131480569,201.16726425648042,205.57813514716076,47734200
2021-03-01,211.71217346191406,212.31152612881803,208.78095695721302,209.28665496472473,26161000
2021-03-02,207.63841247558594,211.60913232332757,207.47921100648426,211.44991656453297,26895400
2021-03-03,205.390869140625,210.01711493260774,205.28785473148946,208.29397780679025,33407600
2021-03-04,199.6501922607422,206.6738632809961,196.12898271051657,204.63230880713408,59126500
2021-03-05,203.88311767578125,204.29516101675307,194.0499787773507,203.1151894932314,53204300
2021-03-08,204.8477020263672,208.1535085543708,203.84565148228214,205.42832089732812,40619700
2021-03-09,209.15554809570312,210.70076424548773,206.88924536571386,208.28461977557484,32247300
2021-03-10,212.78912353515625,214.42797999227255,210.8974109378276,211.27201527327077,36812000
2021-03-11,217.4715576171875,217.5277446917376,214.25939172170382,214.9711327718542,25256700
2021-03-12,218.7545166015625,219.27894828591866,216.67550936022792,217.2561424019294,23732200
2021-03-15,219.5318145751953,219.63482896724156,217.18123163447564,218.52040444138456,21497400
2021-03-16,215.86077880859375,219.22277189066347,214.56841903087764,219.15722507177378,24675000
2021-03-17,217.55584716796875,218.03346590065587,212.92022756110242,214.4279760454854,29422600
2021-03-18,210.93484497070312,218.1364353393434,210.34485216726716,216.14172294289824,35637200
2021-03-19,212.52688598632812,214.08146166817644,208.79028850061408,210.30741089758212,40855600
2021-03-22,210.92550659179688,213.61324092541054,209.8672832715827,213.21990279682754,26128400
2021-03-23,203.2744140625,209.64254569207927,202.30983099467727,208.98700588234968,43660700
2021-03-24,198.5731964111328,207.27319051537012,198.5731964111328,205.89655002128472,47270200
2021-03-25,203.2813262939453,204.08822217565364,195.1842211114065,196.41332679151193,59244600
2021-03-26,206.98744201660156,207.05311210655518,202.62458294691646,205.43933442840785,34452600
2021-03-29,201.160888671875,207.28766290165336,200.86065597559582,205.4862237742815,38078800
2021-03-30,204.5479736328125,205.17659971073832,199.9786985632186,201.15151161529633,36205400
2021-03-31,207.2970733642578,208.66691111400974,205.58945053614582,205.63636592572732,34800100
2021-04-01,209.92416381835938,210.07427301190134,208.31037187611463,208.66689731691343,29799200
2021-04-05,211.07821655273438,212.55126239606767,209.7646715767323,212.41990789846747,27826600
2021-04-06,210.458984375,212.69202532679,210.0180054590319,211.10637956297728,24907800
2021-04-07,207.0625,210.51525488241143,206.35881214245316,210.383900388332,26233700
2021-04-08,208.81703186035156,209.0609861563082,205.84277945244688,208.14149034573828,23989400
2021-04-09,208.8451690673828,209.31429430325002,207.578539520481,208.751352610149,23267400
2021-04-12,208.02886962890625,209.16414453994136,206.79037228970697,208.96711998288237,20533900
2021-04-13,207.48472595214844,208.8264316826026,205.31736947336665,207.8037277030152,24608400
2021-04-14,209.53012084960938,212.04462546547776,208.10397599713193,208.1696460913779,27362000
2021-04-15,210.44017028808594,211.21891981724457,208.53552317235457,211.1907734513226,20587300
2021-04-16,210.77792358398438,211.74432024497995,209.23919366891312,211.48161130703338,23943000
2021-04-19,208.03831481933594,210.78739669756908,206.35885243733787,209.8960614339421,25285900
2021-04-20,203.7786102294922,207.93505270221178,201.94902478081693,207.13754843820726,35570800
2021-04-21,208.76075744628906,208.87334293641902,202.19300327943952,203.61914819288015,31147800
2021-04-22,207.89755249023438,211.41599194955347,207.14694920893294,209.47380649605728,31943700
2021-04-23,211.81942749023438,212.65446986164213,208.31037978674325,209.06098304922097,27999500
2021-04-26,214.02427673339844,214.5684636259651,212.74825575137814,212.98281832662772,19069200
2021-04-27,214.3433074951172,215.22526518842437,213.46134980181003,214.58726176909215,19648100
2021-04-28,214.70924377441406,215.3191151972799,213.0766970457998,213.9961785391109,16222700
2021-04-29,213.9117431640625,216.6889567113707,211.84758054794122,216.59514024845322,25500300
2021-04-30,211.003173828125,213.73348647085254,210.29948588824067,211.78192353291848,27006000
2021-05-03,212.0352325439453,213.3675465164471,211.03129765169493,213.17989928250827,18693400
2021-05-04,209.5019073486328,212.1759264833669,207.31579670479024,210.73102729195764,26892700
2021-05-05,208.66688537597656,210.67474067993075,207.69111124924584,210.43080072738934,25139500
2021-05-06,208.8451690673828,209.05158531648968,205.13908256734516,208.90146180503632,27647300
2021-05-07,211.47227478027344,211.9789237393835,208.4417297433022,208.91085498256066,26172700
2021-05-10,206.0961151123047,211.73499565065933,206.03043070317082,211.32216312629478,28109100
2021-05-11,205.43931579589844,206.78100700843822,201.1796509229652,201.6487761273327,39519500
2021-05-12,198.76837158203125,205.26106324010843,198.47750190487565,203.69418664335234,42113400
2021-05-13,202.42750549316406,204.01315081641422,198.7214196116425,200.13817243355294,37739900
2021-05-14,207.37210083007812,207.73801790179326,202.36183297262508,204.48228797187667,25070400
2021-05-17,207.65359497070312,207.71926505711608,204.44476585623107,206.2086812708307,20048500
2021-05-18,206.0773162841797,209.45502343442897,205.9178154349408,207.7192544762188,24564500
2021-05-19,204.49169921875,204.68873812844194,200.83252789504388,202.69025992734336,31202800
2021-05-20,205.8521270751953,206.29310589789904,202.97170586118725,204.7919138839959,24932800
2021-05-21,206.386962890625,208.63875835592788,205.80525216401116,207.66298413871436,24213700
2021-05-24,207.72862243652344,208.71378817052872,206.41507766889254,207.5222062135294,18324200
2021-05-25,205.7207794189453,209.89600519012788,205.65510933496248,208.5073842775859,20514900
2021-05-26,209.55824279785156,209.87724451345053,206.52768354996434,206.53707521702444,20388200
2021-05-27,211.71620178222656,212.3823658804574,210.33697251796488,211.1438684527264,21225700
2021-05-28,211.57550048828125,213.15175455123054,211.15329060117463,213.05793808552204,20668400
2021-06-01,213.9774169921875,214.44654226466588,212.0070994377186,213.41447525515375,23081500
2021-06-02,214.23072814941406,214.78429248199492,212.82335246664292,214.7749151314068,18927500
2021-06-03,212.43865966796875,213.56455731549016,210.20561907351274,212.81396842818612,24811500
2021-06-04,213.358154296875,213.9774030521803,212.24164824702999,213.50827781026408,19395800
2021-06-07,216.21983337402344,216.52945776920097,213.2174345191356,213.81791429011315,24049900
2021-06-08,218.50917053222656,219.06273492205608,215.77885798931052,216.93291647646097,27770300
2021-06-09,217.05484008789062,219.21281883131462,216.71706937747152,219.11898806642304,18700600
2021-06-10,215.44525146484375,218.1702598284211,214.90965270122166,217.70042981138542,29069000
2021-06-11,217.7191925048828,217.81316422861937,216.18755664209516,216.40367440100286,16707200
2021-06-14,217.08026123046875,219.2696707915399,216.2533558269881,218.2924163441402,19182800
2021-06-15,216.46005249023438,217.50307554000116,214.6934873116562,217.17418884379455,17039900
2021-06-16,215.99961853027344,216.76074076189616,213.90418094944857,215.83987806643293,24527000
2021-06-17,213.5753173828125,216.30973145328917,210.97246947829822,215.40766587293172,48292500
2021-06-18,208.72666931152344,212.1188423050313,207.7870093613891,210.20192797743638,54023700
2021-06-21,213.19007873535156,213.7726633836418,209.80729678833663,210.530839048296,26736400
2021-06-22,214.15789794921875,214.62772791391552,211.16038048036174,212.61685623853626,21188500
2021-06-23,214.86265563964844,216.08421648792466,214.233085170184,214.233085170184,22387500
2021-06-24,217.8977508544922,217.91654806863767,214.91903045669966,216.2345486854154,21732500
2021-06-25,218.26417541503906,219.32599556855294,217.76615687215056,218.27356685125693,27619000
2021-06-28,216.53524780273438,218.55551102186877,214.9660173587509,218.22663863214197,25006000
2021-06-29,215.50160217285156,217.74738880355574,214.96600347533987,217.2775588445124,18844300
2021-06-30,215.52976989746094,216.4224582034297,214.01691700270214,214.85321367507993,26039000
2021-07-01,217.4279022216797,217.8601520815174,215.84928048259667,216.88289776278518,18089100
2021-07-02,215.36068725585938,218.0763042029067,214.76869684139209,218.0011296790002,21029700
2021-07-06,212.2316131591797,215.6143949738761,210.36168455354556,215.52042323643906,27771300
2021-07-07,210.25830078125,212.9927146187675,208.4165753477168,211.93089430965316,28521500
2021-07-08,208.32261657714844,210.55901193790092,204.70493422436633,206.07682977821767,42297900
2021-07-09,212.72021484375,212.78598358159974,209.8636406903155,210.6341686981736,23976400
2021-07-12,212.8987274169922,213.19941109669932,211.00061060946427,211.94966184419292,16831000
2021-07-13,208.88638305664062,212.11881516562295,208.8112085496793,211.63957947600323,25357500
2021-07-14,205.66336059570312,210.82209868042074,205.3626768793034,210.21132547212375,30594100
2021-07-15,204.49818420410156,205.84189094977705,201.9704968336565,204.68611331242425,45477000
2021-07-16,201.97991943359375,206.61245081097852,201.5288866364165,206.56546494213055,36620200
2021-07-19,198.95419311523438,201.51006927381994,196.435911383198,197.9205757942935,58571000
2021-07-20,205.1277618408203,206.03923310332195,198.51254802509862,199.39583063726081,40794600
2021-07-21,208.66090393066406,208.81125297657516,206.1238247177293,206.20839067927648,28278700
2021-07-22,205.34390258789062,208.53874091388275,204.45122843839937,208.10650533492125,32879000
2021-07-23,206.30233764648438,206.67819587805818,203.821636039109,206.60302136412892,23660300
2021-07-26,206.90374755859375,208.65151581544464,205.92649308268014,207.09167669993886,22194200
2021-07-27,204.48873901367188,205.86064848232812,202.3839104652491,205.79486542115535,35063600
2021-07-28,207.49571228027344,209.15890003019896,204.2820627075066,205.78552432823878,33043700
2021-07-29,209.09312438964844,210.89726967213556,208.73604904044387,209.3468222385412,22634800
2021-07-30,207.71182250976562,210.53080219276248,206.9882803764696,208.27560984352175,28473000
2021-08-02,206.6781768798828,211.00061783601822,206.3868846264783,209.04612366773523,24192600
2021-08-03,207.5332489013672,207.77755526988597,204.00013347214272,207.30772540407088,27798600
2021-08-04,204.94924926757812,207.8527953127758,204.74252291438532,205.8795178569457,25588500
2021-08-05,208.63265991210938,209.01792386324155,205.48479391228557,205.87005786341774,23915200
2021-08-06,209.91062927246094,211.6208172117199,208.7360543706861,210.248907417695,24429200
2021-08-09,208.75486755371094,209.7227161997689,207.8621934276862,209.46900398691602,17225600
2021-08-10,209.16830444335938,209.7508890070137,207.84338051175268,209.2058845315002,22681600
2021-08-11,210.19248962402344,210.23006970488873,207.16678411289195,209.56291931852425,25691300
2021-08-12,209.6945037841797,210.3334656249436,208.3319998159032,210.25829111342927,23269500
2021-08-13,207.78700256347656,209.8260628679899,207.38294134234002,209.52536481150943,20813700
2021-08-16,205.85130310058594,206.96948634806358,204.5169734126025,206.50906216912347,24074400
2021-08-17,203.34243774414062,204.31969226707886,200.85234424082938,203.58675854391274,35161500
2021-08-18,201.56643676757812,204.88343501454835,201.43488495720234,203.0605068816475,29102300
2021-08-19,199.15150451660156,201.15298452109997,197.96752396720433,199.61192865197074,38119900
2021-08-20,202.51551818847656,202.9853481675361,198.66290662495925,199.30188285227823,31759500
2021-08-23,206.36813354492188,206.66883164021365,204.31968153852546,204.35726163139975,25778800
2021-08-24,208.3977508544922,208.52930265395256,206.43386529895133,207.0258555655584,18677900
2021-08-25,209.1306915283203,210.45561534279315,207.52388123253093,208.38836656406798,21548000
2021-08-26,206.9131317138672,209.69453165732082,206.48089613779584,208.7360744307023,22380300
2021-08-27,212.74839782714844,213.33098236718115,207.26078754444706,207.33594771768125,33998500
2021-08-30,211.87451171875,213.63168549392512,211.404681765465,213.5377137680392,20733300
2021-08-31,212.28797912597656,212.9363468006637,210.79392321182905,211.64901722737508,20839800
2021-09-01,213.7162322998047,214.4679630253356,211.30129967397326,213.14303923462037,20451500
2021-09-02,215.20089721679688,215.97141081778864,213.86658198536543,214.55252964321255,22810100
2021-09-03,214.2048797607422,215.1539311097683,213.48133761413757,214.47737482635898,18213100
2021-09-07,212.72958374023438,215.1820964170255,212.59803194040182,213.97933300767903,19153400
2021-09-08,210.4086456298828,212.33495131577357,209.19649065298762,211.99667317416313,25241500
2021-09-09,210.30526733398438,212.63561973180654,209.5065650696458,210.05155516151385,27180500
2021-09-10,208.2474365234375,211.69598686892616,208.15347912993107,211.5738408235605,24366100
2021-09-13,209.431396484375,209.90122641953337,206.96008643725906,209.74148596214815,34693100
2021-09-14,206.76275634765625,210.2676980685795,205.8512994433512,210.24890085607746,30312600
2021-09-15,208.63265991210938,209.2998246649985,206.21774173208186,206.74394891505733,27572000
2021-09-16,208.78302001953125,209.86362308930867,206.96946909098526,208.84878875186504,22369000
2021-09-17,209.0555877685547,209.57240372265304,207.32661652036754,208.24747945980346,39957600
2021-09-20,204.08473205566406,205.7761227107955,201.29394105921514,204.3290384632662,44958500
2021-09-21,204.39483642578125,206.0580242145776,202.79741737771496,205.56941136378188,26711200
2021-09-22,207.57083129882812,209.1212784761661,205.66332316937243,205.6727289431583,32100300
2021-09-23,211.2449493408203,212.03426025123892,208.1910545282521,208.77363910431256,31057800
2021-09-24,210.2261199951172,211.46080145747223,209.08568057281727,210.19784594494956,28866000
2021-09-27,213.42117309570312,214.5898719457043,210.678475742832,210.76329787584672,29743200
2021-09-28,208.56729125976562,212.62950702138875,208.1526004122277,212.45042845598067,39938200
2021-09-29,208.12429809570312,209.85850665299157,207.51166022454123,209.49092968289773,23628900
2021-09-30,206.17330932617188,209.81138521114204,206.03193909523742,209.34955182090826,33153600
2021-10-01,209.50039672851562,210.65025610025495,205.22142246266634,207.30435430155487,32647000
2021-10-04,207.5964813232422,209.5380568387005,206.34294592341337,209.36839818638492,32580200
2021-10-05,208.3127899169922,210.23549684230017,207.23833308606848,208.25624182823427,20407600
2021-10-06,207.22894287109375,207.53997180689075,204.29774646810975,206.1827598621442,32893300
2021-10-07,210.42405700683594,212.01689575458246,208.64271978075226,208.7935243160268,24289300
2021-10-08,208.84060668945312,211.22514715170473,208.765204438367,210.54654127343855,17989600
2021-10-11,207.64361572265625,210.6973421218993,207.5870676306995,209.07622970543173,15929800
2021-10-12,208.78402709960938,209.6794053262294,207.69071619605953,208.15254952122456,18800600
2021-10-13,209.77369689941406,209.89621297567155,207.19122368689156,209.13278494514543,19676200
2021-10-14,212.88400268554688,213.00653316954245,211.4231286756558,211.82839968962242,18160000
2021-10-15,212.21478271484375,215.27792906679642,212.12052630525702,214.8726437633842,27555300
2021-10-18,212.09226989746094,212.70489346619712,210.8670083784785,211.00839300461692,19082600
2021-10-19,212.88400268554688,213.83594374149007,211.69644931513187,212.98767900704033,15498400
2021-10-20,214.29774475097656,214.87267441585027,212.1771046663375,212.97824111758334,18130500
2021-10-21,214.8444061279297,215.84346096022628,213.59087045182753,214.12810619080477,17851600
2021-10-22,214.33544921875,215.25910174551674,212.71433656601042,214.7030262515508,16887000
2021-10-25,216.37123107910156,216.75764782660502,214.2128830709202,214.69355622406354,16387100
2021-10-26,214.74066162109375,217.45508474235277,214.70296769174595,216.80475300442555,25290200
2021-10-27,210.79161071777344,214.38257320625536,210.65024047006216,214.11865810801018,27088500
2021-10-28,214.9951629638672,215.13653318933717,211.84719463699793,211.8754686820919,22890600
2021-10-29,214.93865966796875,215.67381375663882,213.9113307980979,214.7030329887409,20777700
2021-11-01,220.5088653564453,220.71620359145976,215.7303496685926,216.0696526427686,35500800
2021-11-02,220.97071838378906,221.347729736109,219.27420325213075,220.90475038557844,24949700
2021-11-03,224.91978454589844,226.02251559162139,220.47115204366847,220.68792454457724,47648500
2021-11-04,224.83494567871094,227.08753581104966,223.9018589948727,225.71146988774862,26514000
2021-11-05,227.9075164794922,229.40609850769115,226.39008029264977,227.30431283648392,42041700
2021-11-08,228.6144256591797,230.40519704008346,228.02064182880235,229.7265910572268,31324500
2021-11-09,227.2854461669922,228.58610979312235,225.7680100636765,228.08658247788568,29895900
2021-11-10,223.70396423339844,227.67190926677233,222.72374924139137,226.2770034197736,32471600
2021-11-11,225.50411987304688,226.55973702544156,223.99611796914027,224.60874149549153,17987500
2021-11-12,225.73036193847656,226.39954804494835,225.0140620006923,226.12621303947665,20526700
2021-11-15,224.83494567871094,226.91787714966588,223.89243910649375,226.73881298141217,27390000
2021-11-16,225.2496795654297,225.60782232906888,223.3269578595317,224.09038597923706,21925200
2021-11-17,222.29959106445312,224.43908491748792,221.61156532337455,224.37310255716793,26527800
2021-11-18,221.35707092285156,223.44001655697465,219.65113650700124,223.29863195705707,30637300
2021-11-19,219.3401641845703,220.94242272610018,219.02913524238627,219.85854575487704,33994000
2021-11-22,218.40707397460938,222.18653505287875,218.3033976621541,220.7539208393635,31042100
2021-11-23,218.030029296875,219.6040134183414,215.47583036659222,218.0865773855552,33843800
2021-11-24,218.2657012939453,218.65213248893545,215.40047289878783,216.2016093389858,24099300
2021-11-26,210.03762817382812,213.166743003894,207.01217527664693,212.02631792705037,62595400
2021-11-29,209.90565490722656,213.7133753103606,208.5201690303277,213.213847954092,45982400
2021-11-30,205.6266632080078,209.1045148632487,203.4683294217482,207.97350981948574,64908400
2021-12-01,200.99893188476562,211.31938960975106,200.89525559405547,210.33917479185362,69120100
2021-12-02,206.60687255859375,207.2948983312714,201.52676269644874,202.04512980730328,64315700
2021-12-03,202.3656005859375,207.70961133951585,200.48058736570488,207.6247748146581,64425200
2021-12-06,206.4277801513672,208.0017642996068,201.4230728769298,204.09035364843524,43878300
2021-12-07,211.21571350097656,213.04416404001833,209.21758993116046,209.36839442350657,44679200
2021-12-08,212.65780639648438,213.5154766243286,210.23555710266766,211.68702557719533,36546400
2021-12-09,207.84156799316406,212.82742178402788,207.80385967397044,211.07435886078366,34830300
2021-12-10,207.26658630371094,210.03755742647593,205.76800457617685,209.4249196363066,32924600
2021-12-13,204.23764038085938,207.08321208591116,203.01811995383375,206.45926469292354,33478400
2021-12-14,202.479248046875,205.63679338112703,201.65678113513485,202.85740453086666,36543500
2021-12-15,205.6935272216797,206.24184334182252,199.5486245849977,202.50763616303186,51261000
2021-12-16,201.53390502929688,207.88679054547976,200.65471813541285,207.46137706698116,52743800
2021-12-17,203.38685607910156,205.47612966245356,198.81126975675028,200.6074665879846,62620900
2021-12-20,200.53179931640625,201.30700932943387,197.3553568140114,200.50343938180237,49993000
2021-12-21,206.26075744628906,206.45929143347928,200.4750994079074,202.4981900205256,38545300
2021-12-22,208.24600219726562,208.31218498950219,205.26809390089826,205.96765813200219,32442000
2021-12-23,209.9098358154297,210.6283258620173,208.30271056285233,208.97392924976546,22125400
2021-12-27,211.87625122070312,211.9897053931263,208.54856028369014,210.19349431926,24196700
2021-12-28,210.58108520507812,213.3982826650632,210.20294312293632,211.5642632737643,23120300
2021-12-29,210.8079833984375,211.28066822332957,209.17248351816974,210.55272955394088,19444400
2021-12-30,210.75125122070312,213.11467536892002,210.5338202381221,210.76071414942157,23607700
2021-12-31,210.2974853515625,211.87625100806474,210.2407654780062,210.33530821739782,23997400
2022-01-03,213.01071166992188,214.30586356682605,210.5621931384617,211.48866584774808,30618800
2022-01-04,212.6892852783203,214.72183892424866,211.17670231237133,213.65356647580631,22013100
2022-01-05,205.485595703125,213.56851098386005,205.4477872553791,212.58531824007315,40582100
2022-01-06,206.6577911376953,208.37835623206098,204.0296649206131,205.9204040365108,39105900
2022-01-07,204.2660369873047,208.340578066011,204.13367138177395,206.65782116239487,31583900
2022-01-10,203.55699157714844,203.62315994882084,199.57697916750735,203.03703540602731,45778100
2022-01-11,205.72186279296875,205.92984524236368,201.32590027434543,203.70822108982424,35209900
2022-01-12,204.1904296875,207.39523275434647,202.91417467871753,206.58221414379435,35284500
2022-01-13,202.3185577392578,206.27021045814007,201.72298465671633,204.9655956984082,34489600
2022-01-14,202.6021728515625,202.68725266031169,199.07594800094702,200.40892270547016,42020900
2022-01-18,196.47618103027344,200.8343358033528,196.19256724310367,200.6074418885777,49434400
2022-01-19,193.2808074951172,198.0171183168951,193.21463912570448,197.40261943557562,46209100
2022-01-20,189.782958984375,197.572810165148,189.38590545874382,194.16002512022686,50466000
2022-01-21,186.22836303710938,191.9289405815026,186.22836303710938,188.84702644775024,85821000
2022-01-24,190.52035522460938,191.33337374676495,180.7830443918707,183.4679053134151,85782000
2022-01-25,187.97731018066406,190.68106813555443,183.93112896498155,187.6369765071395,61088500
2022-01-26,185.26409912109375,192.43000309526911,183.1370173206859,190.7566947065599,71471700
2022-01-27,181.0572052001953,188.7052424513563,180.18746682539054,186.83341452351985,59829000
2022-01-28,184.5834503173828,184.64017019638848,177.81459920221127,181.22738469929988,65870000
2022-01-31,190.24620056152344,190.24620056152344,183.259919167885,183.7704124505886,53393800
2022-02-01,192.25038146972656,192.44891545247143,187.1548393981715,190.64325587562732,43429400
2022-02-02,190.3406982421875,192.76084193774656,188.4026878152112,192.4961396226194,42777800
2022-02-03,186.73890686035156,190.24623537993608,186.28513336765573,187.97733906605848,39629400
2022-02-04,187.5424346923828,189.16847163494205,184.2714493753194,186.27562840560108,34291100
2022-02-07,188.46888732910156,190.17055552390076,187.1737355705134,187.58968608462382,33242600
2022-02-08,191.68313598632812,192.02346962125952,188.4688850982392,188.57287633183478,28341900
2022-02-09,195.3228302001953,195.36063864031627,193.13902854699757,193.39428239970277,27329300
2022-02-10,192.32598876953125,197.62951266569465,191.07809400563636,191.81548112059428,44788100
2022-02-11,190.37855529785156,194.802878581279,188.78087819265934,192.52453413629846,41516600
2022-02-14,189.71678161621094,192.4110909907338,188.35546138586741,190.61489435784964,32262700
2022-02-15,194.80287170410156,195.0392141213734,191.5602606632263,191.70206034351085,25847500
2022-02-16,195.2093963623047,195.94678358114962,192.93105190205966,194.08440410080624,30104800
2022-02-17,190.2083740234375,193.82914157732122,189.81132049451293,193.3753681764355,27140200
2022-02-18,188.57289123535156,191.64534269554278,187.90167241542332,190.04766562821192,36255400
2022-02-22,185.91639709472656,189.49934168767825,184.67796517282397,187.6369623405558,31847100
2022-02-23,182.4374542236328,188.03404153248425,182.03095214652066,187.4101084472702,31491500
2022-02-24,187.2210235595703,187.63698856785913,177.65388606971882,178.03204263416228,52221100
2022-02-25,191.43736267089844,191.55080241789972,186.2378293637876,187.8355064516404,33656200
2022-02-28,192.21253967285156,193.42261151666415,189.50878224132163,189.51823074354724,34975900
2022-03-01,188.5918426513672,192.6569215973004,186.9941652453127,191.58866344148612,40638900
2022-03-02,193.08230590820312,194.08439544681312,189.7262407065818,189.8680403864997,29978600
2022-03-03,190.79452514648438,193.90478519991123,189.34809619360507,193.885873766324,30142700
2022-03-04,187.8071746826172,189.88698543235668,186.21894586040958,188.7903529628799,31610400
2022-03-07,183.13702392578125,188.68633958470403,183.09920105874417,188.33655740319563,39279800
2022-03-08,184.14854431152344,188.66742442467776,182.89121539485353,183.7231308620671,45715800
2022-03-09,189.33865356445312,190.01932094274144,186.82396655162114,187.39119417526064,29048000
2022-03-10,188.998291015625,189.1117307529518,185.82184854371553,186.62541848363492,25661000
2022-03-11,185.98257446289062,190.73778283393355,185.70842360077893,189.81132457983603,24990000
2022-03-14,182.1821746826172,186.65376867286608,181.3975162149507,186.46469764546092,34969500
2022-03-15,185.08450317382812,185.093951679006,182.34293645156546,182.89125268105775,25464300
2022-03-16,190.907958984375,190.907958984375,185.43426035879511,186.7483236610589,31869700
2022-03-17,193.90481567382812,193.99935843142526,189.3575888822759,189.80191387762338,25783100
2022-03-18,195.94674682617188,196.11690641774263,192.85538441922114,193.05391836791463,37092200
2022-03-21,194.2167205810547,196.80702388820248,192.7986662712341,195.88056577817414,26747500
2022-03-22,196.16421508789062,197.3837356683383,194.55708946377624,195.03922282345144,24699900
2022-03-23,192.76089477539062,195.880617973329,192.6190950767018,194.8879768069125,19775000
2022-03-24,194.97740173339844,195.0342330989886,192.0315221707101,193.5944569921985,19781200
2022-03-25,195.24261474609375,195.71622870730863,193.65127877411618,195.21419906470493,19430400
2022-03-28,195.30892944335938,195.32787804897737,192.3156857119662,194.7500684328132,18999100
2022-03-29,200.53762817382812,201.04912488818618,196.90974352622533,197.02340625084912,29550600
2022-03-30,196.5119171142578,200.56605158908377,195.70676757432236,200.21556741872698,26251500
2022-03-31,194.4375,197.8854094197579,194.32382280901612,196.19934469794816,26771600
2022-04-01,196.6160888671875,196.75816726117552,194.1911734659105,195.29942829966632,25948500
2022-04-04,196.93817138671875,197.43071952625007,195.0152997573107,196.90027417379983,20333900
2022-04-05,192.27781677246094,198.38743447695828,191.82313692625996,196.98554108505252,26509800
2022-04-06,189.54978942871094,191.15060700866945,188.19524591737996,190.64857734145252,34903900
2022-04-07,188.93409729003906,190.61068039068593,186.30079023569368,189.54978968923004,29291200
2022-04-08,187.42796325683594,189.73920143958128,187.07749359018254,188.7067265893785,25249600
2022-04-11,186.16815185546875,188.73514564131906,185.54299247066453,186.7175457327904,33702300
2022-04-12,186.7554473876953,191.03690688635928,186.0544935716158,188.21417192504452,33699800
2022-04-13,190.3075714111328,190.81906814593495,187.18171627708207,187.2480147179122,22303600
2022-04-14,188.46046447753906,191.69050054844143,188.37520298404195,190.49699862853575,27107000
2022-04-18,187.1912078857422,188.66888137277374,186.15873275102828,187.98689045484284,22246400
2022-04-19,190.92324829101562,191.56737076226187,187.2574810376249,187.41850804204887,22786700
2022-04-20,191.65261840820312,193.11134298165936,191.20742014898488,192.33462363706718,20516200
2022-04-21,187.3616943359375,193.99229008981308,186.62285767964693,193.45236321214983,31547700
2022-04-22,182.51185607910156,186.95435702956044,182.14243779396477,186.48074310227997,35686900
2022-04-25,183.6201629638672,183.86643705317226,179.22502539743076,180.9110901672995,35556500
2022-04-26,177.83258056640625,182.54030463498793,177.58629204909158,182.1708863125674,40513600
2022-04-27,177.09376525878906,179.76494088423266,176.43069405094508,177.7662890904435,37808000
2022-04-28,180.39955139160156,181.29941500951938,174.9624724739535,179.18710083099742,37405200
2022-04-29,175.1898193359375,181.61202415260098,174.77303669474122,179.58495676878024,41193400
2022-05-02,177.02743530273438,177.9083648335057,172.75544234761637,175.14244643311218,38002100
2022-05-03,178.54298400878906,179.5091460165872,175.88126158904694,177.05582933526534,30246300
2022-05-04,183.30752563476562,183.69587804326278,175.89073031811435,179.0734162648741,38834700
2022-05-05,175.87179565429688,181.45096719130314,173.70265020678093,181.42255151168658,41468700
2022-05-06,172.94488525390625,175.63500923162695,171.0220136226751,175.19929245750907,45457900
2022-05-09,165.67015075683594,173.0111668412927,164.91238001418398,170.36840741045046,53682200
2022-05-10,165.71749877929688,169.46852718294662,162.16539457088004,168.19924541465744,53650800
2022-05-11,161.59710693359375,168.78656417836942,161.31293563522993,165.88804873287427,64377800
2022-05-12,163.4915313720703,165.1396985674979,159.98677679251313,160.86770620175017,52967400
2022-05-13,168.67288208007812,169.94216401972133,165.77435251372515,165.80276819494472,36517000
2022-05-16,167.86769104003906,169.97053765136144,166.8446834085676,168.13291363484123,28225500
2022-05-17,173.00169372558594,173.19113640463473,169.54431785890796,170.8893796697694,31833700
2022-05-18,166.939453125,171.83661971646643,165.859613878864,170.9462231628269,36093800
2022-05-19,167.214111328125,169.37378941312846,165.66065841691992,165.66065841691992,33627700
2022-05-20,166.7879180908203,169.5254065987185,162.72430163035548,169.08020825543116,42243700
2022-05-23,168.8054962158203,169.51591716521816,166.23850215910016,168.4929092636591,24644100
2022-05-24,166.30482482910156,167.59304101766776,163.2358009439972,167.25205281731934,26861800
2022-05-25,169.2980499267578,170.29264217948034,165.58491804300513,165.65123093817743,27950100
2022-05-26,173.07749938964844,174.10050735268695,170.2168668144973,170.35895968504695,25702700
2022-05-27,177.73785400390625,177.7473210802366,173.7216022464394,174.0626048905031,24952100
2022-05-31,175.53079223632812,177.7757176369915,174.37517309207988,177.04636259212748,29794500
2022-06-01,174.53619384765625,177.07477193474105,172.1776058134559,176.44013102635725,28352100
2022-06-02,178.79876708984375,178.79876708984375,174.4509936736286,174.84882773260708,24876000
2022-06-03,177.1884307861328,178.0409444822591,175.98544742749917,177.4062891341604,18972100
2022-06-06,177.9556884765625,179.31969886953948,176.97057788916229,179.3007502658732,24678700
2022-06-07,180.82583618164062,180.86373339914306,176.08969574258714,176.57279131764489,21661600
2022-06-08,178.0314483642578,180.63632461300037,177.18841626553396,179.93538534542768,21521700
2022-06-09,174.3408660888672,177.66490055509306,174.30286900822037,177.17103994816594,21697200
2022-06-10,169.6112060546875,172.42239547718523,168.7184631740638,171.43467439969757,37153600
2022-06-13,161.64305114746094,166.1637474800309,160.7787986731001,164.90061259249757,39712700
2022-06-14,160.8643341064453,162.63082218648046,159.30678656750587,162.08947228682916,30282400
2022-06-15,163.2195587158203,165.3089485086341,160.18044497248775,162.6022439446381,32150500
2022-06-16,155.65977478027344,159.95253178611878,154.5960884215874,159.40169006704502,43810600
2022-06-17,156.87542724609375,159.0977927580627,155.46983956977147,156.21062324321431,40327300
2022-06-21,159.68661499023438,161.5290821251547,158.42348015555558,159.53465565110605,34665400
2022-06-22,159.38270568847656,160.75029622182015,157.05587004621592,157.61621827981307,29303500
2022-06-23,161.29165649414062,161.67154036304436,158.17656239587976,159.73410944501018,27089800
2022-06-24,166.28720092773438,166.29670744405476,162.3078543492055,162.61177303864346,37138500
2022-06-27,166.904541015625,168.091696300411,165.42295904723306,166.838053363689,24745400
2022-06-28,163.7704315185547,169.19334819291018,163.6849598247321,168.03468359340343,25909200
2022-06-29,162.10841369628906,164.01735397621718,160.47488703710715,163.8749011537002,21292500
2022-06-30,160.84524536132812,162.69720412646458,158.37595734672146,159.74356212455672,31466300
2022-07-01,162.79222106933594,163.200595500457,159.23075548408693,160.5508714813536,24598600
2022-07-05,164.1408233642578,164.20729651780104,158.34750036622412,160.19945952407417,25151100
2022-07-06,162.92520141601562,164.97660931719955,161.21569483169569,163.77994746235444,25697600
2022-07-07,166.78106689453125,167.132460210264,164.15983332654952,164.16932535153325,24822500
2022-07-08,166.76205444335938,168.0916769038761,164.9195873353159,166.26820833585657,20547000
2022-07-11,163.40953063964844,166.1732313215749,162.972665657438,165.49892081645865,22031500
2022-07-12,162.84921264648438,164.64419083692846,161.98496013103016,162.91568580602006,23864200
2022-07-13,162.70672607421875,163.6184530181675,160.3039109711366,160.645812198027,25535600
2022-07-14,161.0352325439453,161.45311350933795,158.6229394595985,160.19947061316003,25102200
2022-07-15,164.3877410888672,164.63467862966363,160.79778514806125,162.91566583466292,34935900
2022-07-18,163.92239379882812,167.42686373319668,163.40953464340998,166.32519473477785,23031500
2022-07-19,169.7062225341797,169.89616447911686,165.87883510171218,165.96430680318767,24234600
2022-07-20,172.3654327392578,172.66933691668643,169.43077424617027,169.66820527201503,26049300
2022-07-21,173.24867248535156,173.32465215405975,169.85816490763455,171.37771480687792,21709900
2022-07-22,170.48500061035156,174.03697464130454,169.09841127423175,173.68558129436119,25116100
2022-07-25,171.3682098388672,171.82407332504388,169.45925522440663,170.9978180391663,19267200
2022-07-26,170.31405639648438,171.14981839787947,169.56376610205675,170.74142942296416,19391200
2022-07-27,174.1888885498047,174.98665326035248,170.95032611594814,171.40618959459852,21670700
2022-07-28,176.58221435546875,176.78166281470067,172.6218661624011,175.05317229846983,22838500
2022-07-29,177.83584594726562,178.29170947868343,175.73694921290138,176.686673356812,21760600
2022-08-01,177.76934814453125,178.8520475187052,174.95817295448808,176.44923223958457,23905600
2022-08-02,177.598388671875,179.51683521679138,176.15480412875507,177.09503610930182,17492600
2022-08-03,180.21014404296875,180.59002787802413,178.20622565602693,178.83304702634376,19157700
2022-08-04,179.83026123046875,180.48555867591955,178.96600883541814,180.2956167573118,14838900
2022-08-05,181.20736694335938,181.4163074113379,177.7598637133539,178.04478385074646,18540300
2022-08-08,183.1258087158203,184.8448070256472,182.24255776331955,182.48948081340504,22188700
2022-08-09,180.62803649902344,182.5084862384992,179.64982179418845,182.38501746297854,18247300
2022-08-10,185.78501892089844,186.0984296046565,183.40121670955233,183.8950772862292,20796400
2022-08-11,186.47836303710938,189.49847920831567,186.18393634544128,187.49456045305868,23727600
2022-08-12,190.28675842285156,190.3532315871826,186.69680178298532,187.4280935404818,21726600
2022-08-15,190.9610595703125,191.04653127377412,188.2543396942266,188.8051814914934,17414800
2022-08-16,190.8850555419922,191.83477965923683,189.02358989587108,190.41968550755192,18833100
2022-08-17,187.67498779296875,189.30851447229836,186.50683115900128,188.72918216751702,22428000
2022-08-18,188.9191131591797,189.23252384607707,187.0006664507348,187.9314064875717,18368100
2022-08-19,184.8638153076172,187.20014328638757,184.31298800765214,186.93422166170043,27416400
2022-08-22,181.055419921875,182.67945467134876,180.45708904180972,182.33755338154592,22937000
2022-08-23,181.34983825683594,183.23028816873494,180.8179950083507,181.34034623155642,20069800
2022-08-24,182.7364044189453,183.58165822749996,180.5995253476021,181.19784163326392,16038300
2022-08-25,185.5760955810547,185.62358468751427,183.27776484648933,183.65766320652534,14795000
2022-08-26,179.47889709472656,185.61412254949386,179.17499284940536,185.5191443212818,24177200
2022-08-29,177.82635498046875,179.48837224219747,177.14255243345485,177.5509268617779,19753300
2022-08-30,175.33807373046875,178.55763812570734,174.31236987557313,178.3772027042221,22548900
2022-08-31,174.2743682861328,176.40175543751502,173.9799561406605,175.64197327690428,22412500
2022-09-01,172.37493896484375,172.74533081601166,169.9056502959637,172.64086057636732,30706600
2022-09-02,171.03579711914062,174.70173245534423,170.13356218878673,174.36933773976048,27468200
2022-09-06,169.3452606201172,171.9759997926899,168.5759866055368,171.6246065987794,23837100
2022-09-07,173.0302276611328,173.29614923683596,168.98439391774832,169.02239099521393,24781200
2022-09-08,174.4738311767578,174.54979635663838,170.58944836280733,171.605660166307,25273200
2022-09-09,177.97830200195312,178.19674899299778,175.79394802463167,176.02187254865652,23208800
2022-09-12,180.13417053222656,180.31462043211704,178.51964244061895,179.1179732683316,23134600
2022-09-13,173.0872344970703,176.56322852792718,172.41292394246057,175.56601522508907,34144700
2022-09-14,173.76156616210938,174.10346749343054,171.4917256405069,173.391174260815,25278300
2022-09-15,172.4984130859375,175.40456685301376,171.76712138578807,172.77382673081277,25378700
2022-09-16,169.9911346435547,170.64643214879493,168.01570662818898,170.08609836570332,41155900
2022-09-19,171.4442138671875,171.66264637199308,168.0631980885649,168.11067270448362,25412200
2022-09-20,169.10791015625,169.94367219545114,167.82579101881345,169.78222079999512,22247500
2022-09-21,166.52462768554688,171.99504802157455,166.5151356611114,170.35201482089494,29357100
2022-09-22,162.7732391357422,166.7525860743218,162.15592416797276,166.20174426860595,33468600
2022-09-23,158.8983612060547,160.68384742503375,156.70450051747278,160.50339749971454,40336900
2022-09-26,156.72274780273438,161.3050081190124,156.15951549293916,157.96377876268943,30597800
2022-09-27,157.25730895996094,160.02576429624253,155.8730885751206,158.76563678456935,42406600
2022-09-28,162.23097229003906,163.2333437949642,157.581895959812,158.24058308406484,35186500
2022-09-29,158.5938262939453,160.31216098953914,156.36952066101932,160.16897128710715,31464000
2022-09-30,157.43870544433594,161.83004072213316,157.39097068915513,158.25969370699883,40643800
2022-10-03,161.61044311523438,162.57463552026024,157.7537171949317,159.74890443381847,33611600
2022-10-04,168.0160675048828,168.09244019264983,164.70347682681643,164.77984951458347,37537300
2022-10-05,166.77503967285156,167.3764654951787,163.64383225384856,165.5435646572209,25281400
2022-10-06,165.83953857421875,168.17839627943218,165.0662849452784,165.96364604386255,22635900
2022-10-07,160.9613037109375,164.64620216487333,160.30260201987267,164.13069016030047,26536100
2022-10-10,160.06394958496094,161.87776823446205,159.0329400989143,161.61045653073012,23386400
2022-10-11,160.1116485595703,162.39322940590853,157.32411149053857,159.3861300018546,28009100
2022-10-12,159.67254638671875,160.81812220331963,157.97329404312282,160.28351335782514,26796700
2022-10-13,163.62474060058594,164.38845294880576,155.12847896396914,156.56043415440578,45376500
2022-10-14,159.24295043945312,166.03041816554665,159.14749550651004,164.90395381725514,29608600
2022-10-17,164.3216552734375,164.7894180347012,162.39328464487582,162.49829528718865,28199200
2022-10-18,166.26910400390625,169.2475664146834,164.85624549707643,167.88244266527815,34523100
2022-10-19,163.443359375,165.5340015575761,161.64863767861104,164.6652932122775,27146900
2022-10-20,161.36224365234375,165.67720570635643,160.8276494196803,163.6438248309898,26710700
2022-10-21,164.86573791503906,165.34305621506326,160.56033209279624,161.71543422155963,45402700
2022-10-24,165.5722198486328,166.10681416125402,163.29063832873717,165.45766808638615,27284500
2022-10-25,170.08763122558594,170.78451198765555,165.68675514194982,165.69631083225556,33105700
2022-10-26,170.92774963378906,174.09713674841475,170.24040986115142,171.02320458928634,37084700
2022-10-27,170.96591186523438,173.7439086255059,170.75589059057864,172.39786715610393,28651800
2022-10-28,174.85128784179688,175.0899470527952,170.63179473933877,171.6723454033069,33221600
2022-10-31,175.0135955810547,175.88231871042257,173.31434295800767,174.00168273436424,25699400
2022-11-01,175.25221252441406,177.18058279637503,174.5839697271802,176.83691299114042,27446700
2022-11-02,169.43849182128906,176.60780898531075,169.38120137702413,174.5457899898222,38139600
2022-11-03,168.302490234375,169.86809418493,166.21183306972466,167.33829763214447,29093200
2022-11-04,170.57452392578125,171.77737581028578,167.51014746115206,170.8036420386878,25842400
2022-11-07,171.3477783203125,172.39787014519553,169.61987333675816,171.58643753959538,20689900
2022-11-08,171.41458129882812,173.69616266578797,169.31438325433564,172.05418620616985,20265200
2022-11-09,166.70823669433594,170.56496313398827,166.37410797236458,169.92535819663365,27277000
2022-11-10,176.9705810546875,177.03739805847462,172.9324567564849,173.60071419396854,38572800
2022-11-11,178.421630859375,180.27362877682054,177.2665283671806,177.33334537557545,28765400
2022-11-14,176.42645263671875,179.27126667290534,176.25462497745693,177.36199277033106,26499600
2022-11-15,179.0421600341797,180.96097502914094,177.66748051741789,179.31899833596475,26128800
2022-11-16,175.891845703125,178.17342727096545,175.37634819557982,178.13524820494845,24802000
2022-11-17,174.2593994140625,174.6508040078205,172.32148782699977,173.3811352841239,20835700
2022-11-18,175.3858642578125,176.90373318898406,174.28803782581815,176.21639356607605,27269100
2022-11-21,174.4694366455078,174.87993809195416,173.1997678056298,174.48853346238056,19038900
2022-11-22,176.33096313476562,176.5505255118959,174.05892297452743,175.4049643081106,16869700
2022-11-23,176.78921508789062,177.35244737961986,175.22361110809533,175.93003311243248,19758800
2022-11-25,177.1614990234375,177.915655685841,176.28323491576953,176.69372174764194,13393400
2022-11-28,173.5911407470703,176.53142364480178,173.0660876284396,175.7772670319326,17465600
2022-11-29,174.09713745117188,175.28089252362702,173.70574736882648,173.70574736882648,14020600
2022-11-30,178.87034606933594,178.92762196381557,172.5983879915167,174.38355468029252,28030100
2022-12-01,178.47891235351562,180.65548321189732,177.68656201794474,179.6149179720498,21996400
2022-12-02,179.5194549560547,180.29270844116346,175.9682048590649,176.0063839221436,22574800
2022-12-05,174.57443237304688,178.5743630198511,173.91573062994615,178.38343856724558,25449300
2022-12-06,171.90145874023438,174.679440808882,170.95636304681702,174.58398586708142,18502100
2022-12-07,171.39549255371094,173.26658717716046,170.98500570278097,171.59597270024568,17177800
2022-12-08,172.63650512695312,174.34531305440578,171.36683651063265,172.5696881295682,20971400
2022-12-09,170.51724243164062,172.60789962252318,170.4599665469485,171.61508363245196,22046500
2022-12-12,172.52198791503906,172.87519891938214,169.9253742886704,170.73682150938697,22765400
2022-12-13,173.95095825195312,178.9955114564548,172.76174148071675,178.12278014773648,38445300
2022-12-14,172.8096466064453,175.41823999869888,171.50534991031853,173.88376813249977,32406900
2022-12-15,168.48439025878906,171.28480409320474,167.87060433309225,170.73814345757233,33546700
2022-12-16,167.22808837890625,167.9377844704187,165.597720495295,166.68144224618777,38502400
2022-12-19,164.96470642089844,167.8802004802284,164.44683050228363,167.4582199216035,25614000
2022-12-20,165.8374481201172,166.89239958354108,164.16871070537707,164.63864629068613,18050800
2022-12-21,168.69537353515625,169.55851956075114,167.0650061096684,167.3047664555875,22997200
2022-12-22,166.48960876464844,167.3431551066629,163.67960958519538,167.1897049559203,21297600
2022-12-23,167.2472381591797,167.3047783048659,165.28120025663733,166.37450692610895,11647700
2022-12-27,166.12515258789062,167.41986433226575,165.51136667683963,167.21845919925678,13553800
2022-12-28,163.5453338623047,166.96911879111283,163.3631136492227,166.08678779789355,19648000
2022-12-29,167.6884307861328,168.07204157528994,164.379725535945,164.68662587432155,22311300
2022-12-30,167.21844482421875,167.563700284118,165.54012251739368,166.24021858220271,21275600
2023-01-03,166.29776000976562,170.05721488396588,164.85919802132887,168.7241333928909,22503800
2023-01-04,168.3693084716797,169.43384502765485,167.14173663121596,167.46780720019305,22973500
2023-01-05,166.56634521484375,167.6021119433692,165.3291879366077,167.43907662042736,17032600
2023-01-06,170.30661010742188,170.7477610511372,166.74855931116377,168.1199964169877,21986900
2023-01-09,170.5943145751953,172.74255826869015,170.3737244836712,171.67802156921275,18366500
2023-01-10,173.11656188964844,173.2220570314651,170.03804711867141,170.38330261608863,18751100
2023-01-11,175.2744140625,175.30318413593997,173.27960604573022,173.8358518552555,18222700
2023-01-12,178.2186737060547,178.3337539967808,174.46881813924222,176.05124530578243,29650800
2023-01-13,179.38870239257812,179.66681796837702,176.78010853250132,176.94314381952975,22120000
2023-01-17,179.1681671142578,180.146379055654,178.61192120418977,179.3407875860992,22422600
2023-01-18,176.2718505859375,181.2205087983865,176.17594057155287,179.77234660377215,23507800
2023-01-19,174.58387756347656,175.60047366736015,173.37549075384655,175.24561842368206,24624500
2023-01-20,177.46102905273438,177.56652420090612,173.8454532088184,175.2264752816805,36070300
2023-01-23,179.65721130371094,180.41484750372163,177.01984768733317,177.83502402483717,20329900
2023-01-24,179.27362060546875,180.13676673592298,178.2666387373234,178.9475500075205,19263500
2023-01-25,179.77230834960938,179.8298484924706,176.33893836538775,177.81587032327502,18174600
2023-01-26,180.83685302734375,182.0740246897456,178.6598248437127,181.2396486792991,18369100
2023-01-27,181.8151092529297,182.50562037931442,180.09841658484606,180.28063683122727,20019900
2023-01-30,179.28321838378906,181.84385740462878,179.17772323459437,180.14634987079148,18395100
2023-01-31,183.6372833251953,183.73319333968936,179.70522150577116,179.7435767312806,21567900
2023-02-01,186.5239715576172,188.1543390493447,182.34255036955005,183.3591319361398,27007300
2023-02-02,190.19712829589844,191.09861506559415,186.3897321501605,187.98173001046646,31020400
2023-02-03,188.9215850830078,190.97393325040292,187.6844133875853,188.07762390373117,24981500
2023-02-06,186.18832397460938,188.33658229220148,185.4498578914039,187.63647143171522,18160100
2023-02-07,187.5693359375,188.0680416086167,183.80029528091376,185.48821766505895,27074100
2023-02-08,184.8264923095703,187.3679466133614,184.3277865963274,186.3993198970475,17933500
2023-02-09,182.15072631835938,187.12815353234333,181.671205617726,186.27460727056837,20516600
2023-02-10,182.51519775390625,182.82209807870134,180.80810494021918,181.5273861134181,15248700
2023-02-13,184.71142578125,184.96077133956297,181.55617058962557,182.7070176312598,15754400
2023-02-14,184.62506103515625,186.00608304035902,182.2945973767348,183.4454441698001,21889600
2023-02-15,186.4951934814453,186.58150369366408,182.7261532426483,183.1577189375522,18721200
2023-02-16,184.71142578125,186.88843976845493,183.41671371327772,183.9441895422225,21366300
2023-02-17,185.2196807861328,185.4498413695683,183.14814773234588,184.02087896803545,23892200
2023-02-21,179.7531280517578,183.50298355206593,179.57092247260988,182.9371526209493,26004000
2023-02-22,180.2422332763672,181.40266511246125,179.10097173088934,180.13673814273957,24651700
2023-02-23,181.5273895263672,182.50561603777726,179.05306048798477,181.59452946135826,21311700
2023-02-24,179.829833984375,180.08877924017014,178.17069658588454,179.00505785767982,24280700
2023-02-27,180.4628448486328,182.40969800437475,179.916198780346,181.38353116602713,17562900
2023-02-28,180.47239685058594,182.237044082015,180.366916349005,180.41485671015639,19542600
2023-03-01,180.70260620117188,181.7287876788264,179.5229891979739,180.4820307432304,22532800
2023-03-02,181.1341552734375,181.54655070946714,178.49679126708546,179.20648721333043,18104400
2023-03-03,183.65643310546875,184.06881389447898,180.70258375690574,181.9013855395785,22774300
2023-03-06,180.97113037109375,183.886624762242,180.20389423480145,183.71398968051548,23266700
2023-03-07,178.870849609375,181.32600848097837,178.5927339748282,180.92319811757213,25865700
2023-03-08,178.9571533203125,179.92577998644583,177.53776133567806,179.139358916542,22505900
2023-03-09,173.97972106933594,179.59970481374972,173.85504099220248,179.08181421166609,33546900
2023-03-10,168.96392822265625,173.00149946678619,167.12257025755343,173.00149946678619,69274200
2023-03-13,166.21148681640625,169.17492166040256,164.06324313425037,165.45385043932004,74171500
2023-03-14,169.29000854492188,171.91777287170257,167.45823578006153,171.2848166076341,48946200
2023-03-15,166.4991912841797,166.78690665382922,163.40149141322797,164.88799399442928,54405800
2023-03-16,168.77210998535156,170.11477679334564,163.51656694579262,164.44683832140907,52392300
2023-03-17,164.2166748046875,167.60209018788433,163.86183412633358,166.9115791251654,70239900
2023-03-20,166.34576416015625,168.1871222934436,165.46344763590275,165.96215337006817,46103200
2023-03-21,169.41468811035156,170.8820205471457,168.75296171701962,169.3187927332865,34465900
2023-03-22,164.60986328125,170.08599604661393,164.50436814319818,169.28998993837027,56098200
2023-03-23,163.8792724609375,167.86435374119776,162.39690547517438,165.83330901334728,47720900
2023-03-24,165.3616485595703,165.66968127830853,161.19368915673095,162.4354111705994,47519700
2023-03-27,167.20018005371094,168.19163649803576,165.91032609341764,167.3349406960131,33880600
2023-03-28,166.9595184326172,167.97985100705577,166.2279628309724,166.62262420419694,28555100
2023-03-29,168.85581970214844,168.98095983030785,167.0750551155081,168.7788115223433,25564800
2023-03-30,168.6248016357422,170.67510227430978,167.9221221637831,170.26119981575314,26728600
2023-03-31,171.7242889404297,171.95531345873383,169.77025245583783,169.79912868464996,39602900
2023-04-03,171.8013153076172,173.05267254395898,169.88579005045142,172.25372919066237,27609000
2023-04-04,168.78843688964844,172.39811248876148,167.79698050011666,172.2248404223441,33487200
2023-04-05,167.13279724121094,168.28789049122838,166.07395319414053,167.72959223802832,28247300
2023-04-06,167.38304138183594,167.9317190508942,166.21831307905586,167.21940453873233,26366300
2023-04-10,169.17347717285156,169.2986173041451,166.55525774513748,166.5937691799088,22237800
2023-04-11,170.51144409179688,171.31038736434743,169.5296082440133,169.96278105390505,21876200
2023-04-12,169.26010131835938,172.2826026030512,169.0098357503102,172.12860093153319,27018100
2023-04-13,171.5029296875,172.00347555433277,169.34674453544397,169.93391910389886,23259900
2023-04-14,169.90504455566406,172.51364364803968,168.77882735997434,171.65694776305466,29600400
2023-04-17,172.09011840820312,172.1671266008034,170.13608142038007,170.3478502780781,22177300
2023-04-18,171.35853576660156,172.90829051635953,170.31894736106747,172.86977908218682,22873100
2023-04-19,171.5799102783203,172.09969709226456,169.97240320402804,170.45369327493498,19306800
2023-04-20,170.69435119628906,171.75318061953206,169.91466357260956,170.52107912002225,20336300
2023-04-21,170.91575622558594,171.3007971594154,169.27937264828768,171.15640130130066,25972800
2023-04-24,170.8002166748047,171.7724172960536,169.89538902344094,170.74246421838689,17781000
2023-04-25,166.58412170410156,169.35635729103672,166.535989758088,169.0579597886834,28857900
2023-04-26,164.97662353515625,166.9114044922885,164.6012178363751,165.7851873959451,30309800
2023-04-27,167.180908203125,167.35418026239674,164.54344807433733,165.59265688013693,33424100
2023-04-28,168.64407348632812,169.25050380370516,166.69965707707306,166.80554150252286,31911900
2023-05-01,168.74032592773438,170.70398323520632,168.2205243516501,168.45154890633304,27420100
2023-05-02,165.27500915527344,167.9221045731843,163.56161765979573,167.8739726280244,40851100
2023-05-03,165.88148498535156,169.1253762897832,165.74672431451555,165.77560055199388,43261400
2023-05-04,164.02362060546875,165.14021689296843,162.4642457580395,164.90920710093724,42382100
2023-05-05,167.92210388183594,168.54778979072336,166.62262949471423,166.80550738507685,35456800
2023-05-08,167.53707885742188,168.98094908942298,166.6515068776648,168.7017926193972,22109900
2023-05-09,167.03652954101562,167.74884412805497,165.7177994570364,166.50710752955445,21465500
2023-05-10,167.88360595703125,169.43336057192414,166.25684316830305,169.3756081134995,27281900
2023-05-11,166.59375,167.27717366651572,165.6696666133927,166.73813114424777,25884600
2023-05-12,166.25685119628906,167.69110096358781,165.22688334529155,167.15204372071148,20406400
2023-05-15,168.2878875732422,169.13496279621086,166.3531067802058,166.82476164842555,24310000
2023-05-16,165.8332977294922,168.268624196843,165.78516578714084,167.11353101944368,24212900
2023-05-17,169.52963256835938,169.89541777130876,165.71782292172304,166.94028929023725,38231600
2023-05-18,170.55960083007812,170.925386033718,168.47080340134224,168.9905902858432,30446600
2023-05-19,169.52001953125,172.19599162670156,168.69219987445356,171.8302064076164,34316300
2023-05-22,171.58953857421875,172.32110891537286,169.45260938745136,170.01090765756075,28207200
2023-05-23,170.78099060058594,173.77461584286843,170.74249385222822,171.2526602228717,32708900
2023-05-24,168.97134399414062,170.12645213579887,168.13390381046753,169.94355952377597,28744200
2023-05-25,167.652587890625,168.9616975206148,166.23759385351076,168.69217624571758,36202600
2023-05-26,169.55848693847656,169.77989094740286,167.5082012140484,167.77772248005593,29841300
2023-05-30,168.9328155517578,170.9061077877871,168.22050095640753,170.0975439905619,25572600
2023-05-31,167.26754760742188,169.42371762501023,165.91030614526065,168.15311953433232,34598800
2023-06-01,169.07720947265625,169.6451429641991,166.45899010380316,167.3541973445005,27800900
2023-06-02,175.20883178710938,175.27620475563182,170.80983373337708,171.34887623278266,50212400
2023-06-05,172.8601531982422,174.47728087585898,171.76281236334276,174.47728087585898,34465800
2023-06-06,177.41314697265625,178.03883288945758,172.23446101079148,172.23446101079148,58584500
2023-06-07,180.732666015625,181.24424521642163,178.53190631788115,178.53190631788115,60685600
2023-06-08,180.05697631835938,180.86779412480422,178.48363540651653,180.25968445209173,34185000
2023-06-09,178.59945678710938,180.12454715413466,178.03961236920253,179.8446323094234,30242200
2023-06-12,179.3426971435547,180.1921035484983,177.81760680330228,178.79249989254336,26580500
2023-06-13,181.39866638183594,182.41217758658718,179.79636928021728,179.96045932616985,35758200
2023-06-14,179.4488525390625,182.66312286214747,178.136117644906,181.77509848205372,37114100
2023-06-15,180.92568969726562,181.05117637449834,178.48361880463096,178.6477088364443,36488400
2023-06-16,179.47784423828125,181.9971368964284,178.65737924395364,181.41798340296359,50684500
2023-06-20,178.69598388671875,179.12069445283913,177.37358694611956,178.72494008636477,33269300
2023-06-21,178.2809295654297,179.4488836817966,177.2095059384595,178.029970912877,30730200
2023-06-22,176.95855712890625,177.84658171250837,176.14775399541983,177.79831646512534,27063700
2023-06-23,174.29441833496094,176.07046683937992,173.7924864607625,174.48746452396645,50610100
2023-06-26,174.4681854248047,176.3890299469498,174.10138729281653,174.1689615712281,31507900
2023-06-27,176.9874725341797,177.5955821083617,174.13033845244047,174.9025380471118,28818800
2023-06-28,177.85618591308594,178.01062877601484,175.79056048897857,176.6303343508532,23187600
2023-06-29,179.90249633789062,180.57816537490376,178.02025546041637,178.30018495834491,32084100
2023-06-30,180.7615966796875,181.88127068583017,180.4141075802686,181.7171806567272,30287300
2023-07-03,181.12838745117188,182.27703243004555,180.25002487481282,180.41411491058284,14011900
2023-07-05,179.32339477539062,180.70370416858603,178.99521468107284,180.62648272371985,24092100
2023-07-06,176.4276123046875,177.3252984870732,174.43920846923814,177.24807706171353,39080800
2023-07-07,178.29055786132812,180.00869420380002,176.5724067903742,176.62067202597933,31706700
2023-07-10,181.34072875976562,181.5144806673928,177.75967499044648,178.16507647026663,29725100
2023-07-11,183.2036590576172,183.47392670816546,181.16698979410407,181.92952750919048,26738800
2023-07-12,185.2017059326172,186.34070362927616,184.71908303522383,186.0607741008381,40127300
2023-07-13,186.69784545898438,186.95846595536733,185.13415193765158,185.81946822455174,23523000
2023-07-14,184.87355041503906,186.7654389042542,183.6766401685165,186.62064317874427,32198600
2023-07-17,186.85231018066406,187.6052008329584,184.49710773872422,184.6901539803538,23283700
2023-07-18,189.1592254638672,189.5646269428643,186.76541994234418,186.9681133176015,28489800
2023-07-19,189.96038818359375,190.79050021228892,189.12061427006998,189.8638577062057,23679000
2023-07-20,188.30014038085938,190.09549804310197,187.518293689452,190.09549804310197,27278100
2023-07-21,187.7017059326172,189.7866256801232,187.34455496899636,189.5646232686977,28982400
2023-07-24,188.1650390625,189.43915599818857,187.24805839851865,187.798240905514,16929800
2023-07-25,188.1457061767578,189.39088148426018,187.66308328545836,187.81752614550982,18961100
2023-07-26,189.63221740722656,190.30788659656335,187.94303706964277,188.00094946751682,20377900
2023-07-27,187.18048095703125,191.02215546983038,186.466193697186,190.7615496844065,31159300
2023-07-28,189.6032257080078,190.10515764873378,188.70555418233613,189.2074861230621,21612200
2023-07-31,191.80401611328125,191.84261946811324,190.07621773276242,190.08586488934958,24203900
2023-08-01,190.92564392089844,191.06077775914295,188.9758430589558,190.56849291887215,27444300
2023-08-02,188.3291015625,189.27503828704087,187.34454675945784,188.7924154051451,28079700
2023-08-03,187.79824829101562,188.8407156767488,186.35037937668915,187.54728964812003,24279300
2023-08-04,187.42176818847656,189.4873935338566,186.97776338508092,188.0491867720316,24950400
2023-08-07,187.54727172851562,188.28085327276176,185.9835634350816,187.89476082389177,20185000
2023-08-08,186.3696746826172,186.57236806773165,183.89864760752488,185.46234120662604,25578200
2023-08-09,184.9121551513672,186.1766248623937,184.12064648213916,186.1669629776335,22293200
2023-08-10,184.09169006347656,187.3735200687365,183.2905342389345,185.55886788242609,29378800
2023-08-11,184.35232543945312,185.02799464463354,183.14576802717238,183.31950522486846,21789000
2023-08-14,184.03378295898438,184.07238631363984,182.08398215800926,183.33880474731964,20354900
2023-08-15,181.60133361816406,183.0492022336151,181.5048031524082,182.93337745749298,25491300
2023-08-16,179.38125610351562,182.48934841414172,179.35229991099578,181.45654318114657,27018400
2023-08-17,177.2673797607422,180.25000038354744,177.24808544984984,179.86389323847672,26715100
2023-08-18,178.23265075683594,178.81180419217165,175.61684259798093,175.87746311673038,33375200
2023-08-21,177.97203063964844,178.8407459942359,176.7075609603896,178.28090164607502,22678100
2023-08-22,177.44113159179688,179.10135549377628,176.85233108320554,178.60907072505535,21299200
2023-08-23,179.3330535888672,179.64193938840845,177.05507236695,177.60526967420074,21231100
2023-08-24,176.8523712158203,179.86393398724357,176.83306217207186,178.81181939446876,26582300
2023-08-25,177.60525512695312,178.57050107873005,175.29831789134568,177.66316752750225,29340400
2023-08-28,179.18824768066406,180.25967121517877,178.39675370415316,178.4160480175797,23002000
2023-08-29,181.68821716308594,181.82335098918432,178.15542864409036,179.09170354231904,22986000
2023-08-30,182.37353515625,183.0202480441503,180.819488902839,181.20558131312887,19869900
2023-08-31,182.0550537109375,183.64770376382498,181.97783226137224,182.62454533193502,17953400
2023-09-01,184.2172088623047,185.19210204053525,183.2519628420222,183.46431814476318,25094600
2023-09-05,180.33689880371094,183.30019614892117,180.27898640448944,183.05888466650896,27160100
2023-09-06,179.66122436523438,181.55309808428595,178.65736037969046,180.55889598398684,26406200
2023-09-07,177.9237823486328,178.93729351117045,177.20949506498602,178.70562918792405,23894800
2023-09-08,177.52801513671875,178.40639239590632,177.07434840850024,178.14577189217843,19399100
2023-09-11,177.95274353027344,179.26547860845568,177.7983006437851,178.82145899192278,17424700
2023-09-12,177.77899169921875,178.89868053415225,177.3542958538673,177.64385785558775,16826300
2023-09-13,176.61102294921875,178.45464593851412,176.05117862494927,178.08784782608333,24415700
2023-09-14,179.1013641357422,179.6032960841248,177.83689447311878,178.11680927927537,27952500
2023-09-15,177.2288055419922,178.6380710783019,176.43729681085622,178.36778866808461,39695500
2023-09-18,176.05120849609375,177.37359073646726,176.0318994530891,177.31567833593766,19287800
2023-09-19,175.3658447265625,176.9295528920285,174.77705894518874,176.14770617353633,24085900
2023-09-20,173.609130859375,177.1322725576977,173.57052750330826,176.06084900291862,27642900
2023-09-21,170.91607666015625,172.5473296499977,170.91607666015625,172.29637105044094,31625600
2023-09-22,170.52999877929688,172.17091393474576,170.42382113655395,171.3890670784044,23164700
2023-09-25,171.2925567626953,171.67864926030666,169.4392715344038,169.58406726737155,22416200
2023-09-26,169.09017944335938,171.66978769623617,169.0222880062576,170.19572372350507,30476000
2023-09-27,170.67091369628906,171.58249086722284,169.1871573381648,170.1472262771805,37293000
2023-09-28,172.21286010742188,173.1729438766632,170.65151982684728,170.76788823610906,31372400
2023-09-29,171.39825439453125,173.74511107045927,170.82607517873203,173.56085122110113,36689000
2023-10-02,168.80892944335938,171.3885225714271,167.91672242736215,171.00061805825246,42139300
2023-10-03,165.96749877929688,168.2561712101404,165.2207669597019,167.72279133900113,42733600
2023-10-04,166.04505920410156,166.42327127793672,163.9794314482897,165.84139971929415,42491900
2023-10-05,166.17112731933594,166.7044922934479,164.80373957663832,165.6377475476162,33365100
2023-10-06,167.77127075195312,168.6343709170964,164.38674672582925,165.22075479083583,42160900
2023-10-09,168.7410430908203,169.2744229106867,166.57844650948115,166.64632314240464,26658400
2023-10-10,170.65150451660156,171.68915726718254,169.01258051102067,169.0416726107261,31585000
2023-10-11,170.36058044433594,171.873428923552,169.10957567809504,170.79697676755438,27427200
2023-10-12,166.51055908203125,170.56423101286092,165.62805924954608,170.56423101286092,38693800
2023-10-13,165.12379455566406,167.4803435736896,164.5613225947206,167.1409307887547,33955600
2023-10-16,167.79067993164062,168.1494923854105,165.85112755863972,166.54936759672887,31140300
2023-10-17,169.66232299804688,171.08789502585458,166.70450298124828,166.7433023112833,39823200
2023-10-18,166.17112731933594,168.41130756295112,165.83169979253034,168.39190789917737,38501400
2023-10-19,163.52365112304688,166.94695977899454,163.2715146489579,165.69595504538597,51397300
2023-10-20,161.40953063964844,163.9212470967814,161.39982340852825,163.56243468793625,54421900
2023-10-23,160.04214477539062,162.39870833684319,159.6736251309606,160.65310843902807,45590900
2023-10-24,161.43865966796875,162.5538964788861,160.4106991714477,161.41925999889898,32666300
2023-10-25,158.77178955078125,160.6531580888851,158.46145400743444,160.0227945655668,36832900
2023-10-26,159.17904663085938,160.759786390909,158.26745473972912,159.18873906460865,50525600
2023-10-27,157.30740356445312,159.84821246758892,156.78371613095143,159.5475842138726,46017100
2023-10-30,158.1802215576172,159.82883839848523,157.04558500012072,158.83966237491927,35156300
2023-10-31,159.54757690429688,160.00337288021393,157.90865283739635,158.46141755008975,31533200
2023-11-01,160.45916748046875,160.59493554887945,158.17049518611017,159.48939133536103,44367100
2023-11-02,164.73585510253906,164.86193072597595,162.27263041322806,162.67993458401452,50458100
2023-11-03,169.2162322998047,170.34116129826828,167.55790870407697,167.57730836886677,57060700
2023-11-06,167.10211181640625,169.497459886841,166.20991961005612,169.21623133822533,35294400
2023-11-07,166.51055908203125,167.29607538216945,165.41472211407978,166.3747910153112,31168900
2023-11-08,164.73585510253906,166.92755847560082,164.18309044133184,166.51054707371404,44938600
2023-11-09,162.1853790283203,165.8608243609944,161.9332277427197,165.8608243609944,38577400
2023-11-10,163.9988555908203,164.58072723631096,161.74896767904116,163.1357553551626,36121300
2023-11-13,164.05702209472656,164.6388936774355,162.4568974386905,163.15513741889762,27610300
2023-11-14,173.06625366210938,173.0759460962135,168.9543975677341,168.96409000183823,77611000
2023-11-15,173.3668975830078,176.2665189867588,172.7268417315858,172.95959334963308,59641400
2023-11-16,170.56422424316406,173.23110850315274,169.8659842712856,172.7559128896883,46616700
2023-11-17,172.9013671875,173.24079472746686,171.7570385398098,172.0867588487095,43418700
2023-11-20,173.9099578857422,174.2202785574337,172.36801736637753,173.12444157578696,26665100
2023-11-21,171.66976928710938,173.11472620498125,171.56309332425363,172.85289731237899,30457000
2023-11-22,172.74624633789062,173.96815907294874,172.05769869665554,172.79472331179375,28940900
2023-11-24,173.9099578857422,174.29786242475896,172.42620156746906,172.66864560375697,13846900
2023-11-27,173.3280487060547,173.69656829656074,171.87338480366518,173.10500438435142,30665800
2023-11-28,172.658935546875,173.80327907418766,171.84432714970222,173.15353084328012,28350200
2023-11-29,173.57052612304688,176.25681012355628,173.29898999277256,174.1233056152827,31590200
2023-11-30,174.22999572753906,175.18037226066693,173.35718826855143,174.60820785381722,32216800
2023-12-01,179.32130432128906,179.5831332171044,172.82380733403633,173.78387621391082,64221300
2023-12-04,181.241455078125,181.33843860735107,178.4582024011228,178.661847095845,44862600
2023-12-05,178.81703186035156,180.42686389418353,178.4194200692948,180.42686389418353,36873500
2023-12-06,178.4969940185547,182.2403305120706,178.23515031733925,180.08742629676505,43637900
2023-12-07,179.7867889404297,179.95164910020665,177.84723675819401,178.7588286514622,32662300
2023-12-08,181.15419006347656,182.07547445806998,179.2728219411391,179.5540505172365,36087100
2023-12-11,181.5323944091797,181.949391038246,180.27168249269417,181.0377991171317,29302100
2023-12-12,181.34811401367188,181.98816973220477,179.73828228437068,181.31902191715744,32024000
2023-12-13,187.48681640625,187.78744463158483,180.05832788058333,181.44511540734578,69484800
2023-12-14,192.7042236328125,193.99401287940825,190.54161218249035,190.91982428585808,83649300
2023-12-15,191.08470153808594,193.51884934190585,190.02764900052836,192.93697768580597,74160700
2023-12-18,191.15257263183594,192.762404551109,190.73556120323926,191.97688825730728,44451100
2023-12-19,194.85711669921875,195.21594394074424,192.03507932018934,192.48116806706662,52156200
2023-12-20,191.04554748535156,196.77847068222323,190.92875243235977,194.5300768009516,62360300
2023-12-21,194.2964630126953,194.4911412279849,192.252475418918,193.2063362960141,38613400
2023-12-22,196.10687255859375,197.4014055401114,194.85128116327135,195.52288243243635,39173800
2023-12-26,198.6570281982422,199.10475251342942,196.31129497362528,196.81743167293084,26879000
2023-12-27,199.35780334472656,200.0099337930694,197.97565927896142,198.98793255091365,35806400
2023-12-28,198.59857177734375,199.69844123045277,197.85884511304914,198.3552388790001,28930100
2023-12-29,195.357421875,198.58887555868418,195.357421875,198.05354012636582,41496800
2024-01-02,194.19915771484375,196.24314550815734,193.1479576274836,194.08234780389435,44341500
2024-01-03,189.02101135253906,192.39847350722002,188.61221382469245,192.13566979222475,57532500
2024-01-04,188.6511688232422,190.27663107996992,188.52463094186507,188.8847589404135,43114200
2024-01-05,188.09632873535156,190.24739807226695,187.16192387925994,187.55126542424034,40964900
2024-01-08,191.48353576660156,191.71714071466505,187.13274200250936,188.13527243700497,31545400
2024-01-09,189.77049255371094,190.54916092436298,188.16450110638047,189.16703162109093,28998700
2024-01-10,189.8775634765625,190.16956597793956,187.93089993653442,189.54663423920513,35075200
2024-01-11,188.38833618164062,189.5466031744273,186.19834005802733,189.31299824123835,48939200
2024-01-12,188.07687377929688,191.84367742831947,187.50261166044777,190.66593957690955,42992100
2024-01-16,185.75064086914062,188.1061020901095,185.04011279942702,186.60717762289838,42213000
2024-01-17,184.4268798828125,184.86487616206315,182.5288861048179,183.1128910450605,37787700
2024-01-18,185.51702880859375,186.07182015716046,183.19076662903683,185.6240958901576,41760000
2024-01-19,187.29820251464844,187.70701487779812,184.1835442011289,186.1886050263364,63338300
2024-01-22,191.29859924316406,191.57114577356043,188.91393963006217,188.97233715376763,42379500
2024-01-23,190.7438201904297,193.29394456875124,189.78021643169444,192.93381658148513,42471200
2024-01-24,189.1767578125,193.16742389214002,188.94315284794254,193.0895555706209,41120100
2024-01-25,190.7438201904297,192.38875318934282,189.22542506892944,191.84368979720054,37659500
2024-01-26,190.7535400390625,192.61260712742728,190.16954993743124,191.63927543951226,33478600
2024-01-29,194.09207153320312,194.09207153320312,189.88727159740355,190.92874361134133,29234400
2024-01-30,192.43740844726562,193.62485940513523,191.8436755423996,193.09926684515565,33121200
2024-01-31,187.73622131347656,193.63460898466366,187.57075670822942,191.9507493177481,68126700
2024-02-01,190.2279510498047,190.51995353205848,186.42222051383985,189.1280814691228,59479000
2024-02-02,189.22540283203125,190.28633072790882,187.25926881125739,188.08660662473213,52839300
2024-02-05,186.82131958007812,187.9601160740261,184.99145093072642,187.33718427771612,39751900
2024-02-06,188.50514221191406,188.63168008125112,185.92581923447628,186.58767763930462,34689100
2024-02-07,188.06715393066406,188.97234529080058,186.91861479150552,188.89449182374938,31713900
2024-02-08,190.91900634765625,191.13314050905765,187.57075778691174,188.20341744895757,35370800
2024-02-09,194.02395629882812,194.22836251043836,191.21102800755673,191.66849513899746,46107100
2024-02-12,197.54739379882812,198.12165589503243,194.51058901950822,194.53978778020593,43291000
2024-02-13,189.42010498046875,192.3595712182618,187.9114376978872,190.9871697956116,86247400
2024-02-14,193.81954956054688,194.46193720635648,190.9968786701035,192.4082066893935,43808000
2024-02-15,198.98794555664062,199.30914681670382,195.3671502546641,195.6299539859638,44931900
2024-02-16,196.2820587158203,198.26764869249962,195.72725256165492,196.7297829454881,48346200
2024-02-20,193.57620239257812,194.39379741027912,192.7293937618014,193.83899124349912,30547500
2024-02-21,192.66128540039062,193.06035497494133,191.15261824548045,192.38875370359102,28669100
2024-02-22,194.12127685546875,194.7539365204769,192.53474142998323,193.35233649450973,38184700
2024-02-23,194.5592803955078,195.77594506726217,193.2744902251043,194.2770207264808,37667700
2024-02-26,195.78564453125,196.26258235980566,193.8389813398804,194.36458871859264,29118200
2024-02-27,198.55967712402344,198.7738112973063,197.13860623331573,197.66421369568778,32268600
2024-02-28,196.92446899414062,198.42339321887272,196.4864578647297,197.0412640409902,30143900
2024-02-29,198.29685974121094,200.5452535540278,197.1191367210987,199.70818771205768,40404100
2024-03-01,200.3992919921875,200.82756037818993,197.72262943153754,199.07556009539144,35156900
2024-03-04,200.21432495117188,202.22912867120652,199.97099202953655,201.50885787649534,24785400
2024-03-05,198.29685974121094,200.4187305344266,197.59605974087023,198.85166592975682,34163500
2024-03-06,199.7762908935547,200.58415782287486,198.63749481782196,200.53548827737652,34255200
2024-03-07,201.4407501220703,202.55034774837392,200.89567185403791,201.18767435608922,28020200
2024-03-08,201.314208984375,204.79873845495965,200.31167846330294,203.1732762037859,41447800
2024-03-11,199.71795654296875,201.323948089308,199.28968817011435,200.46742619546396,24435800
2024-03-12,199.44540405273438,200.4284637321393,197.9659356965542,199.6789941576985,34958900
2024-03-13,200.22406005859375,201.07085384066158,199.3091259321993,199.4064501859858,25140700
2024-03-14,196.6422119140625,199.8055400959275,194.8318142682129,199.58167795234817,47509100
2024-03-15,197.01206970214844,197.66420014813625,195.76620633490862,195.8830013843802,53217000
2024-03-18,195.88299560546875,197.76151857107695,195.55206640715372,197.49872971751861,32405100
2024-03-19,196.71034240722656,197.3430020711484,194.33541068417827,194.4522057355206,29864100
2024-03-20,200.6036834716797,201.46994815175617,195.74675259915045,196.14582218876856,49609600
2024-03-21,202.90850830078125,203.89406411672778,201.8351188857311,201.99125096238828,43067300
2024-03-22,200.10797119140625,203.20126557679737,200.10797119140625,202.82070292091834,28437300
2024-03-25,200.5665740966797,202.00100592690714,200.53730119317092,200.7422264073068,20107800
2024-03-26,200.2055206298828,202.61575548273942,200.02988321853636,202.04003522611663,23434800
2024-03-27,204.56739807128906,204.6357114475677,201.17160684177895,201.7961203424886,35028400
2024-03-28,205.21141052246094,206.75318132452318,204.76253451089352,204.99673263296017,37675100
2024-04-01,203.27932739257812,205.6993151311826,202.92803764910528,205.67004222669112,25684200
2024-04-02,199.54200744628906,200.89837333757384,198.47837061173252,200.77151415327452,36632100
2024-04-03,200.8495635986328,201.4057636500238,198.36126259506423,198.4588488656255,27362800
2024-04-04,198.83944702148438,203.50378570780012,198.2929995436933,203.01588404697566,32265200
2024-04-05,199.50296020507812,200.72271419861562,197.9709569317741,198.22466040218285,27569400
2024-04-08,200.5958709716797,201.4252947579374,199.6298204434293,200.9959389676039,21331000
2024-04-09,201.38629150390625,201.9620118822256,199.5225036118113,201.2301594011013,23289100
2024-04-10,196.06814575195312,198.01975231044563,194.71177978938388,196.31209657176467,57130500
2024-04-11,197.3952178955078,198.00022598945864,195.25822144759343,197.08296862180802,37184000
2024-04-12,193.88235473632812,197.02444246722882,192.8967839010577,196.36088849886667,35388700
2024-04-15,191.04273986816406,195.3850609157575,190.26209436880947,194.54586960962683,41119300
2024-04-16,190.34017944335938,191.4916350202171,188.68131689731436,189.70591328708733,43267500
2024-04-17,188.33001708984375,191.86241989961098,188.32026441811723,191.71605537583753,38589500
2024-04-18,188.17388916015625,190.9256613844648,187.50058255677968,189.01308052399764,40238200
2024-04-19,188.46661376953125,189.6863676680318,186.7101651777757,187.29565300488554,42666500
2024-04-22,190.57437133789062,191.5501745552996,188.2324346823638,189.51074940441293,31553000
2024-04-23,193.76527404785156,194.4971265440778,190.4085082161616,190.53535252392837,31838300
2024-04-24,192.89675903320312,194.09700762501217,191.7062928917702,193.37490793568128,28791700
2024-04-25,191.72579956054688,192.06733662033315,189.08138135093125,190.7109708316318,31915600
2024-04-26,193.56033325195312,194.07750778325064,191.66727256475428,192.23324023646353,24613600
2024-04-29,195.12161254882812,195.56072100669448,194.06774331620392,194.42878573207122,20494600
2024-04-30,191.1598358154297,193.84329454371434,191.01347129517134,193.31636738120952,30606800
2024-05-01,191.55992126464844,195.47290157398962,190.31089437640873,191.14033304121907,38782100
2024-05-02,195.08258056640625,195.2777382351029,191.7843608740026,193.97016547630201,27201000
2024-05-03,197.0146484375,199.21997306801094,196.25352317781505,198.48812071142353,30880600
2024-05-06,199.56149291992188,199.824963934319,198.45884550702687,198.54666421530118,23129800
2024-05-07,200.01039123535156,201.16183191121772,199.5517625215199,199.8152335653239,20116900
2024-05-08,198.8491973876953,199.0248497261345,197.65871615792767,197.81484826107877,18349400
2024-05-09,200.8788299560547,201.0056891257356,198.4881153009511,199.0345626633092,22914300
2024-05-10,199.36634826660156,201.62045126334564,198.75158748946222,201.3569951213503,21520200
2024-05-13,199.7859344482422,201.55213569807444,199.64932260818813,201.0935070444129,18585300
2024-05-14,201.8546600341797,202.71337165520077,200.9276499285279,202.11813107964315,33169000
2024-05-15,204.3722381591797,204.69425502330833,202.69385535258112,204.14780757736017,33412300
2024-05-16,202.89874267578125,204.28439625736573,202.89874267578125,203.84527292638114,26731100
2024-05-17,203.04515075683594,203.4745065875863,202.3328185228601,202.97683737940903,35219800
2024-05-20,203.49398803710938,204.41124540607802,202.7523829826288,202.98658110542127,15695900
2024-05-21,203.29885864257812,203.6403957579348,202.56700615787977,202.80120431323093,13466800
2024-05-22,201.58143615722656,203.1817528835894,200.82031081722323,202.5084462621459,20853100
2024-05-23,198.27346801757812,202.59626933932577,197.45379684756733,202.48893038447366,34039800
2024-05-24,200.46902465820312,200.70320791190696,199.02483999858367,199.83474360374424,19946100
2024-05-28,200.19580078125,202.07909392968608,199.03459251727799,201.9620023029246,18475900
2024-05-29,197.23910522460938,198.09780191414814,196.89756814939582,197.6294205480747,25654800
2024-05-30,199.11265563964844,199.9811199343812,198.16612529836289,198.5954811096152,20428200
2024-05-31,200.79104614257812,201.2887004577278,198.16613292334688,199.9908803018055,25784900
2024-06-03,199.65908813476562,202.53770452169397,198.23440894854892,202.50843161762427,23902900
2024-06-04,197.08297729492188,199.55175824735392,196.77071311790533,198.23441794612555,27098900
2024-06-05,200.09820556640625,200.09820556640625,196.90732487341808,198.38079726240989,20707600
2024-06-06,198.66375732421875,199.85423834393825,198.07828437506814,199.23947760223453,17335500
2024-06-07,196.33160400390625,198.25393752983464,195.8241821627051,196.65362085180837,26036000
2024-06-10,197.00489807128906,197.2390961883839,194.19458022444883,194.69224936207857,25075300
2024-06-11,196.33168029785156,196.70352538054158,194.159348902069,195.3531531801527,23768400
2024-06-12,199.3455352783203,202.81930935230366,198.738853274761,201.44936249985798,43668700
2024-06-13,197.60379028320312,199.1694248851346,196.2044885867097,198.90523328470186,28021100
2024-06-14,194.46270751953125,195.74457577075074,193.68967759628674,195.2748868924647,33453700
2024-06-17,196.09681701660156,196.63500988628218,193.1710306606672,193.86577651241473,25538100
2024-06-18,196.4393310546875,197.3591489913232,195.734790291781,196.15556474266617,25446900
2024-06-20,195.6075439453125,197.52546346067987,194.94215274335355,196.01853843021337,27999700
2024-06-21,196.0479278564453,196.1066370986735,194.19851207055768,195.63693329856812,37511300
2024-06-24,196.89923095703125,198.33766703747276,196.22404484607227,196.3806127708736,22289600
2024-06-25,196.25341796875,196.84054027654048,195.52931737776768,196.81118565426502,15925400
2024-06-26,195.73477172851562,196.27296461179702,194.54096748965088,195.04980575485678,19313500
2024-06-27,197.72117614746094,197.80923999974092,195.6662782719038,196.32188961299616,17432600
2024-06-28,198.53338623046875,200.24580885823997,196.99710626574702,199.50213354938987,35026000
2024-07-01,196.869873046875,199.44340414240125,196.17511222414393,199.1498430210904,21886200
2024-07-02,197.54505920410156,197.92668418257523,196.58609187879742,197.19278884465368,17219100
2024-07-03,197.4961395263672,198.9150009295522,197.30043707957262,197.90711914397764,15167200
2024-07-05,196.55674743652344,197.3004376400508,195.58801509623962,196.88945802127287,17282500
2024-07-08,197.93646240234375,199.32596910530506,197.50590808542697,198.16151945668162,20823800
2024-07-09,197.0753631591797,198.17132372659202,196.22404931179912,197.58420146079473,17864200
2024-07-10,199.0030517578125,199.21832891452945,197.1634309610568,197.94624069696715,19286100
2024-07-11,206.15609741210938,206.69429034289058,202.49641534507663,203.43579306867682,65443600
2024-07-12,208.5632781982422,210.3246300717361,208.09358934235698,208.34800102864074,50810700
2024-07-15,212.52630615234375,213.55376260766093,209.6983633918099,210.1778321214561,48925300
2024-07-16,219.77720642089844,220.0316181076499,214.31702306859933,214.4344415500016,67945700
2024-07-17,217.47767639160156,221.77341032465574,216.90034891063866,217.58531498391164,66092100
2024-07-18,213.2699737548828,219.95331549221146,212.3208012943267,216.65568401590846,53180000
2024-07-19,212.18382263183594,213.9549543760842,211.21509031378818,212.95686743816464,37933500
2024-07-22,215.5597381591797,215.9120085285547,210.75518122585774,213.0057817139956,36185900
2024-07-23,217.84950256347656,218.94544818536724,214.33657877341756,214.50294152708386,44884600
2024-07-24,213.17214965820312,219.0530925664509,213.0449363483167,216.32300833567848,42443000
2024-07-25,215.83375549316406,219.2096714067204,213.5146358349193,213.7592676392515,45053100
2024-07-26,219.4053497314453,220.55022465805777,216.93945723428223,219.09221388939469,40822600
2024-07-29,216.9688262939453,220.57959395804386,216.02944856754846,219.88484802535407,33869700
2024-07-30,217.7908172607422,219.64023316651702,216.3621609056381,217.9375903758271,26876800
2024-07-31,219.05308532714844,223.7206639479712,217.2134495329585,218.90631222916056,52387700
2024-08-01,211.9293975830078,220.06095525970792,210.44203223504033,218.96500970390997,71508100
2024-08-02,204.4338836669922,206.6551444052035,202.54533349651138,204.36539453293574,66850200
2024-08-05,197.85818481445312,200.34365211265535,192.47628554193213,193.65051512425433,65683100
2024-08-06,200.01095581054688,202.79976433232568,196.8796717238512,198.65080358549125,37072500
2024-08-07,197.64291381835938,203.49451705137471,197.2319341982751,203.38687846531886,30594500
2024-08-08,202.44747924804688,202.55511783061306,198.80735709544035,200.03051601953828,26550300
2024-08-09,202.02670288085938,202.67251939120752,200.53933757259566,202.6040302613676,20954500
2024-08-12,200.2066650390625,202.5355495514717,199.44341504063112,202.17349927638338,20357900
2024-08-13,203.50428771972656,203.90548742511822,200.46106775866178,201.66465194369772,25458300
2024-08-14,202.24197387695312,204.2675321410589,201.32217094503724,204.15011366701404,25345600
2024-08-15,207.4868927001953,208.52414403326978,205.4026399999233,206.7236427089172,42561600
2024-08-16,208.03488159179688,209.3852389285311,206.74321856493674,206.8312824264573,30427400
2024-08-19,210.5790252685547,210.5888200953129,208.25014096426415,208.38713415863418,17246200
2024-08-20,208.12290954589844,210.3343751856622,207.49665286456747,210.2756659547776,21703900
2024-08-21,210.83346557617188,211.02916801926406,208.25015450639302,209.67879577899126,19623100
2024-08-22,208.97425842285156,211.72391736034075,208.55349890994705,210.9411075752961,18084300
2024-08-23,215.6478271484375,216.33279319596633,210.17784880262724,210.55947380990332,40003100
2024-08-26,215.71629333496094,217.67334750888872,215.35424309074858,217.16450924294872,24865500
2024-08-27,214.04302978515625,214.65949172386365,213.0351480357768,214.2093776055147,19577900
2024-08-28,212.5948028564453,214.41486394946037,211.62607053559395,213.1917050141314,19685000
2024-08-29,214.1115264892578,216.23492864462486,212.48716781260813,214.08217186881205,24599500
2024-08-30,215.35423278808594,215.7652123532127,212.73177255629068,214.99218256119428,23010500
2024-09-03,208.76876831054688,214.65949085881584,208.33821398611227,213.44612677847,31338500
2024-09-04,208.41650390625,210.74538837960165,207.1541955161484,208.19143191040897,23706300
2024-09-05,207.37924194335938,209.43415483381438,206.3909349437219,208.9546711777379,23910500
2024-09-06,203.435791015625,208.61220806425385,202.69211574768497,207.37925428415434,34561300
2024-09-09,204.0033416748047,205.7451188553271,203.063963946348,203.68042591466653,23584100
2024-09-10,203.83697509765625,204.37516798171723,201.37108265777408,204.238174786787,23025700
2024-09-11,204.4338836669922,204.7567994076154,199.82502930341266,203.01502233235476,27175600
2024-09-12,207.06613159179688,208.21100656988966,203.93484768618333,205.402638416734,27611700
2024-09-13,212.1740264892578,212.58500606713318,209.34608385274493,209.43414770561716,37388100
2024-09-16,212.93728637695312,213.60267764909568,211.49885032148978,212.95686109999815,23289000
2024-09-17,214.69863891601562,217.03731813484399,213.77882103451898,214.8649867346273,35563500
2024-09-18,214.73776245117188,220.1098814388278,213.5635329538047,214.5224853013551,54085200
2024-09-19,219.1607208251953,219.8554667207464,216.74375763808092,219.83590692871604,35369500
2024-09-20,216.81224060058594,218.66165608489288,216.53823929630204,218.65186125869212,34587500
2024-09-23,216.01963806152344,218.31918272792856,215.29553756063402,217.90820313606568,20157700
2024-09-24,216.38172912597656,217.16453895774944,214.78672497801543,216.87099273640484,20939800
2024-09-25,213.74246215820312,216.60950975399615,213.59517323434432,216.32477513921265,23242300
2024-09-26,214.8814239501953,217.1200776885383,214.41994563744055,216.49168391956638,24974700
2024-09-27,216.33457946777344,218.56341991433885,215.54908351925678,216.85496734997182,23959600
2024-09-30,216.88442993164062,217.57173329301006,214.61632134807672,215.44108538172003,21938200
2024-10-01,213.93882751464844,216.34439672842439,212.3776638392445,216.17748127087393,30016000
2024-10-02,213.644287109375,214.78325562634106,212.28932178741695,213.05517631176872,14455400
2024-10-03,212.2107696533203,213.29081360139497,211.1798070349061,212.30894729473206,21353000
2024-10-04,215.17596435546875,215.99091507136225,213.34969268683614,215.31342501946955,27901500
2024-10-07,213.48716735839844,214.69487360931322,211.95545843557835,214.67523208971332,14891800
2024-10-08,213.63446044921875,214.41012819451333,212.77041335504552,213.68355675813132,18118600
2024-10-09,214.1057586669922,215.62765439774668,212.9864317068284,213.5853707370444,18230700
2024-10-10,212.91769409179688,212.94714887959344,210.70849511451922,211.9849092046081,24571400
2024-10-11,217.24771118164062,217.59137034631635,212.78023193339212,212.83914150857328,19950900
2024-10-14,218.84815979003906,219.0641715556377,216.43276231202202,217.4342700450622,19263300
2024-10-15,219.02490234375,221.4108300392445,217.95465678998835,218.53396923945013,25998800
2024-10-16,222.62835693359375,223.05055222592625,220.3209652738305,220.81189839445335,27656700
2024-10-17,222.0195770263672,222.84435600840908,220.83152733212083,222.79525970272613,18003600
2024-10-18,221.55810546875,222.91308564000508,221.30282564634825,222.5497999346469,20047400
2024-10-21,218.07252502441406,221.59742166879923,217.51285400658952,221.53851208420542,24243800
2024-10-22,217.24771118164062,217.80738211004007,216.3051280145638,217.45390967686393,15813900
2024-10-23,215.26434326171875,216.79605208094262,213.42824334659744,216.04001093942207,23263500
2024-10-24,215.73565673828125,217.03171241615627,214.56723348691298,216.4327733957948,18381900
2024-10-25,214.9207000732422,217.94484988183524,214.55741435972695,217.29681456954606,23807800
2024-10-28,218.4259490966797,218.92669543682078,216.48184334347414,216.78621945113372,19877700
2024-10-29,217.71902465820312,217.87611186964273,215.98111722474758,216.73715842177916,20282200
2024-10-30,217.4244384765625,220.4093049231064,216.89422237577804,217.0611528023093,19754800
2024-10-31,213.81117248535156,217.74846542847328,213.68354007065423,217.20843603678827,24078400
2024-11-01,215.00906372070312,216.96298291986426,214.3806699302432,215.5196383573549,21222200
2024-11-04,216.0989532470703,217.71904165288436,213.88975404267103,214.53778940499663,20463700
2024-11-05,220.1638641357422,220.22277371336517,215.08761744200015,215.36253879230065,26404600
2024-11-06,232.91831970214844,233.27179216156733,228.5293762402349,232.2997391526428,75554600
2024-11-07,232.09353637695312,234.16527465133385,231.13129671705497,232.59428274373255,34970300
2024-11-08,233.80197143554688,234.14563059351116,231.37676075735754,231.65168209089333,26597800
2024-11-11,237.3170623779297,237.994552466865,235.50061886018074,236.15846742973096,29207700
2024-11-12,233.15396118164062,237.40542876625807,232.27027258685087,235.60862675257385,35314300
2024-11-13,230.84657287597656,235.53007904773781,230.57165152664075,234.61693565151612,25947700
2024-11-14,227.7340545654297,232.14262432601558,227.01729641634796,231.67133273312112,29272100
2024-11-15,224.33677673339844,228.0776844173967,223.67892820202107,228.0089615766709,37930000
2024-11-18,224.77862548828125,226.41835525215163,223.9931445016742,225.06337508070237,29368500
2024-11-19,226.4477996826172,226.6343566521348,222.29449499455626,222.48105196407388,26009400
2024-11-20,226.7423553466797,226.7423553466797,223.90476261579803,226.05505200015097,24222700
2024-11-21,230.188720703125,231.29823433413557,226.91910436868088,227.9500669036643,28679400
2024-11-22,234.44020080566406,234.9016791261771,231.06257862237263,231.36695475247922,22693100
2024-11-25,238.0043487548828,240.5375652196027,237.01266933698585,237.11086194481615,33534000
2024-11-26,236.2566680908203,237.22872113692165,235.08824477799607,236.8065108304809,22581400
2024-11-27,236.58067321777344,239.27099217358733,236.0799268168904,237.621449060054,19472800
2024-11-29,237.48399353027344,239.06479884821795,237.15997585841131,237.9749266727147,16782700
2024-12-02,237.3661346435547,238.25963640895856,235.65768220024174,237.84725443617708,25274800
2024-12-03,235.67735290527344,237.7490912754986,235.0293175897513,237.15996553737122,21376700
2024-12-04,236.52175903320312,237.28761350532935,234.87223093388198,235.92282002478748,19903000
2024-12-05,233.7626953125,236.49228201703576,233.42886441645484,236.1584511209906,20227000
2024-12-06,234.5972900390625,235.53988820754844,234.05727560077423,235.4416955921744,20760900
2024-12-09,233.41905212402344,237.00287281379616,233.34050102862707,236.1879220539096,16684300
2024-12-10,232.40771484375,234.4892812707808,231.64186044487164,233.27176185052082,19946500
2024-12-11,233.45834350585938,234.95076942545649,232.53538682958032,234.38130018213843,23156900
2024-12-12,230.42434692382812,233.340490664249,230.1003442700826,232.85938582668877,21454500
2024-12-13,228.84353637695312,230.60107008278,227.6751133348163,230.11995030599203,23972900
2024-12-16,230.188720703125,231.35714391063354,228.13662388396762,228.6864665740682,32293500
2024-12-17,227.55345153808594,229.88737871145432,227.04136098863177,229.12909280526267,33064300
2024-12-18,217.47914123535156,229.53287211522562,215.5883625726097,228.7056592677585,52267500
2024-12-19,216.51405334472656,221.0144968228152,215.99212037076694,219.85246190768174,51871700
2024-12-20,218.54269409179688,221.24100063128472,214.75129458576967,215.2732275438113,53882200
2024-12-23,218.0404510498047,219.01537500837816,216.0413460312983,218.36543071151968,29606800
2024-12-24,219.99034118652344,220.2266941587785,217.1246233825458,218.64119532467913,13399600
2024-12-26,222.24545288085938,222.69845892379436,218.09953171848778,219.03507101682888,20024800
2024-12-27,219.0055389404297,222.00912527054086,216.84886523083233,220.87661762393662,26956000
2024-12-30,217.32154846191406,218.434356233587,214.534630370455,217.3117060576464,25706100
2024-12-31,217.59730529785156,219.88199033772676,216.79961973954389,218.73964030450333,26208300
2025-01-02,217.77456665039062,220.95540648845187,216.25800984719936,219.53731881314084,29363000
2025-01-03,221.01451110839844,221.3985903298154,218.0109394693645,218.69044112791204,24525300
2025-01-06,221.1031036376953,223.7127680951332,220.72888193188524,222.32422284348348,23541900
2025-01-07,219.3305206298828,223.07269305790498,218.0109171240421,222.1469961122468,28835200
2025-01-08,218.33590698242188,218.9267668502563,215.67698498416232,217.53822136700035,26795900
2025-01-10,213.53016662597656,215.3815605866582,212.0332945933707,214.98763898514474,37379400
2025-01-13,213.94375610351562,214.20965128516943,210.7136743596366,211.23560729207873,28603800
2025-01-14,216.3761749267578,216.8784080416756,213.91422137536702,215.84438454477709,25447500
2025-01-15,220.6304168701172,222.14698863155138,219.6062508321877,222.00911983747295,30124700
2025-01-16,221.0736083984375,221.8023371047935,219.32069849841992,220.73877126210192,21029800
2025-01-17,222.02880859375,223.5158230147217,221.25082291653635,223.47642334605297,26754900
2025-01-21,226.29290771484375,226.3913918639146,223.5355318597168,224.0574647913352,26086300
2025-01-22,224.81576538085938,226.35203716612457,224.36277429897507,225.85964640877089,21307300
2025-01-23,225.83995056152344,225.8596503996062,223.102259104389,223.47646586851997,20850700
2025-01-24,225.2096405029297,226.72619711075848,224.56952363459283,225.33766688191113,19074500
2025-01-27,223.05300903320312,226.12552249482596,221.78264751397774,223.25981975923074,27461700
2025-01-28,223.29917907714844,224.09684959484844,221.7530650897475,223.2893366728629,16847400
2025-01-29,222.78709411621094,224.74681453114331,221.162210800782,223.23024274527594,20280500
2025-01-30,225.05210876464844,226.5489808106636,223.46660999246353,225.04226635948717,25575100
2025-01-31,223.03329467773438,226.8148667996206,222.1075977267146,225.26875273747652,35330700
2025-02-03,220.42361450195312,222.11743965011766,217.31170178541166,218.1389145247745,34023300
2025-02-04,223.47647094726562,223.67343927942247,219.81309738901737,220.19716159420483,17985500
2025-02-05,225.9088592529297,226.00734340883486,223.43706321606362,224.58925571260625,15197300
2025-02-06,225.17027282714844,227.18907780761026,223.8408268838485,227.00196692761332,18809400
2025-02-07,222.56060791015625,225.7611476256784,222.14700150395439,225.3672410559354,28914400
2025-02-10,223.56509399414062,224.05748473016982,222.4227438801754,223.9097584934174,14574700
2025-02-11,222.2651824951172,222.974226380275,221.3887275574323,221.6250805280093,18215700
2025-02-12,220.21681213378906,221.0637247399068,218.4146603663558,218.87750882705802,25572800
2025-02-13,222.69847106933594,222.89542434921688,220.3448440623142,221.6152054901326,21419400
2025-02-14,222.53106689453125,224.5104722122375,222.17654496918075,223.81128579310646,13574500
2025-02-18,223.75221252441406,224.20520360216034,222.07807194344582,222.70833150603826,15166500
2025-02-19,222.9840545654297,223.6930984053698,221.65460863547125,221.97958831432481,16194800
2025-02-20,220.84707641601562,222.74771237539343,219.61609963780293,222.57044390551337,18507700
2025-02-21,214.48541259765625,222.91513978987123,214.1505904957629,222.56061785063915,45036900
2025-02-24,212.9392852783203,215.46032334525012,211.87571952635201,215.46032334525012,30246200
2025-02-25,212.1317596435547,213.96345360253568,210.24098120631157,213.0771413488906,33665100
2025-02-26,212.3976593017578,215.08612352215414,211.5704464769771,212.77188106721357,25464200
2025-02-27,209.15773010253906,213.19534002994735,208.99031906039787,212.35826979266903,29378500
2025-02-28,211.38333129882812,211.39318873029097,207.74950038668865,208.41914455697807,32015400
2025-03-03,205.60264587402344,212.67338367158743,204.26334265765473,212.12189350178917,36330000
2025-03-04,203.27859497070312,206.57761899893018,200.09775494028065,202.7960466272195,56427100
2025-03-05,205.2974090576172,205.6617734192893,201.70296244354032,203.3081461373253,35778500
2025-03-06,202.15594482421875,204.95272067377854,200.79694154768944,202.6483355735035,39206300
2025-03-07,202.81573486328125,203.95808494175168,198.65995597819614,201.8506532580911,43514000
2025-03-10,197.71456909179688,201.6241525153247,195.72530642409674,200.34393366924894,39442800
2025-03-11,197.6948699951172,200.12728130378312,195.50865404136422,198.05923431188538,51509700
2025-03-12,198.03955078125,200.64921554954782,196.51313656562002,199.95987155665517,36881700
2025-03-13,195.08522033691406,198.95540440281772,194.0019546808587,198.20697587554417,31336900
2025-03-14,199.8022918701172,199.97956033081093,196.30631499584592,197.19262724617212,34089400
2025-03-17,202.32334899902344,202.88468164688405,199.51673083943837,199.62505740166202,26947600
2025-03-18,200.56651306152344,201.2672684660002,199.71769992265146,201.19818690484962,22888000
2025-03-19,203.68539428710938,204.97835050918906,200.2605331951938,200.70469133829556,31595600
2025-03-20,202.39244079589844,204.6033068085548,201.54362764517515,201.66207684640364,25665900
2025-03-21,201.1389617919922,201.76077116550186,199.135370544342,200.0828888725333,39470200
2025-03-24,206.1429901123047,206.5081720502588,204.00122093784628,204.2677127883947,25774700
2025-03-25,204.9980926513672,206.54767624136466,204.3960273481626,205.97521947271994,17836900
2025-03-26,202.91552734375,206.10351992262864,202.01736169235232,205.25470684575777,19344600
2025-03-27,201.9482879638672,203.66565822604403,201.10933934526707,202.6589228957823,23960000
2025-03-28,197.8424072265625,201.9186862004358,196.78633434474256,201.8791981138432,26656200
2025-03-31,196.89488220214844,198.0299160712474,192.94691735618235,194.91102022846445,32250800
2025-04-01,196.9146270751953,198.6122533007929,194.1017109315992,196.40140244720862,26054100
2025-04-02,200.02365112304688,200.68493345590244,193.98325440838602,194.22013773101884,36603000
2025-04-03,187.18289184570312,192.52251833112348,186.73874877792275,190.59788833054728,60551500
2025-04-04,178.83294677734375,181.6557423512859,174.37174211594544,180.23447254338618,92612800
2025-04-07,177.2142791748047,187.77508237238942,169.49600049171474,172.05231923501026,96706200
2025-04-08,172.5458221435547,183.5014162737921,170.0980729350363,183.2744124971355,61090600
2025-04-09,187.21250915527344,189.61090593018125,169.5058972596687,170.4731445508874,123015100
2025-04-10,179.34620666503906,183.06715324909598,174.67772668849207,182.11964997719184,67503000
2025-04-11,181.9617156982422,182.4453468543634,176.2569072195447,178.78360252439856,44954400
2025-04-14,184.10348510742188,185.5247549823001,180.66875961666082,185.36683276058207,35214600
2025-04-15,184.3304901123047,186.59070862731093,183.42245992183527,183.91595557276162,30715500
2025-04-16,182.5637969970703,184.3008964063879,180.18514415375572,183.2842964885103,35063300
2025-04-17,184.05413818359375,184.99177693086844,182.0604265492643,182.58353074701625,42359200
2025-04-21,180.36280822753906,182.87962417073982,178.41843402541073,182.5934033002036,26019000
2025-04-22,185.03126525878906,185.65307461402972,182.1492523914758,182.7414381514404,34477100
2025-04-23,187.7751007080078,192.9666696869549,187.37043064785937,190.4103657543358,44866100
2025-04-24,191.5355224609375,191.8414873434164,187.4197706934516,188.27844827463966,29820100
2025-04-25,191.59474182128906,191.73291999762085,189.0581820714214,190.2129600579711,25029000
2025-04-28,192.40408325195312,193.59833427145324,190.02543064379293,191.96980467748335,22482300
2025-04-29,193.53912353515625,194.2991110653392,190.4991884747168,191.94020242256954,20118200
2025-04-30,192.32513427734375,192.93706409254898,188.23899070745628,190.62750795745885,29046100
2025-05-01,193.51939392089844,195.09857098513177,191.2197023549432,193.16407644589478,33169700
2025-05-02,197.87200927734375,198.59252376127057,195.60192630201362,195.74998403144562,30201800
2025-05-05,196.35205078125,197.89175479293485,195.5032376645145,195.98686882112506,20834200
2025-05-06,194.21026611328125,196.00658229804756,193.09496121804708,194.03259986275359,24642100
2025-05-07,194.85182189941406,195.97699138628198,193.4897690773084,195.5229838191082,23623300
2025-05-08,198.56289672851562,200.1026157623678,195.68088402359348,197.17125048182302,32646300
2025-05-09,198.1977081298828,199.64858645483514,197.35877461360192,198.9182075168749,17203000
2025-05-12,205.16587829589844,207.00168273048533,203.142558163509,206.12326106911425,38207200
2025-05-13,205.91600036621094,206.8832476262787,205.25471800042948,206.21208570888018,28295800
2025-05-14,204.09007263183594,205.82717200727004,203.84332479133315,205.33367632626448,26316100
2025-05-15,205.42250061035156,205.48171767770225,202.71813907243308,203.89266110919436,21563700
2025-05-16,207.1201171875,207.39647352914204,205.07703809719166,205.70871188670074,28906400
2025-05-19,206.2515869140625,206.37002105866358,203.57683368624132,204.1098174575323,25859600
2025-05-20,206.36013793945312,207.0312847786684,205.25471252884364,205.94560341047458,22053100
2025-05-21,200.56651306152344,204.90926885185448,200.2013160315824,203.9420215737002,36704400
2025-05-22,200.55661010742188,201.71138801155408,198.90833660014133,199.65844449522217,31831300
2025-05-23,199.92495727539062,200.61584818009527,197.0528089498055,197.18112263935498,29114600
2025-05-27,204.9980926513672,205.0474452290644,201.5041500306713,202.96489295669687,31655900
2025-05-28,202.83656311035156,205.32378523731424,202.53059823740878,205.00795587373463,26046700
2025-05-29,203.4386444091797,204.36641865210203,201.81011476850432,204.25784900537087,32749500
2025-05-30,202.40231323242188,203.5669557381289,200.89220268711395,202.47139479210838,37768900
2025-06-02,203.03399658203125,203.1622952161195,200.03353445391735,202.64907055918096,30334300
2025-06-03,206.31080627441406,206.88326308015644,202.87608050025304,203.77424626755365,37702200
2025-06-04,205.7284698486328,207.27803836481118,205.43236944532657,206.45883377512382,27225300
2025-06-05,205.81727600097656,207.1003675871849,204.30718065314613,205.9850626995921,35728700
2025-06-06,209.14346313476562,209.37048199094932,207.8603864151541,208.74867261493023,32144500
2025-06-09,210.58445739746094,211.49248755615886,209.7849968805797,211.08781752208836,33984400
2025-06-10,211.71949768066406,212.62752786659567,211.02860678487826,211.67016016405165,30182200
2025-06-11,210.8509521484375,213.12102004617157,210.5252432185202,212.77558213404723,31113400
2025-06-12,210.01202392578125,210.4956551220615,208.87698986671313,209.40995858359292,25367000
2025-06-13,206.17262268066406,208.6894536374392,205.5113402828168,207.11026145193125,60580000
2025-06-16,208.60336303710938,209.77122580475884,207.4849742055642,208.31633567764698,28974000
2025-06-17,206.40618896484375,208.2866516524059,206.22803144283753,206.910940923648,32843200
2025-06-18,207.494873046875,209.2169919565622,205.6441007562224,206.29731983595906,42850500
2025-06-20,207.05938720703125,209.07840994101943,206.31709699422288,208.93984970537252,36978100
2025-06-23,209.5930938720703,209.60298563939907,204.68407403067602,206.33690529066698,35516400
2025-06-24,212.2653350830078,212.72059800925268,210.17702443801122,211.09745715972463,31772500
2025-06-25,209.79103088378906,212.52265370535912,209.71185144088253,212.453381131525,27725600
2025-06-26,213.19566345214844,213.33422369657336,210.51351466843192,210.64218314608866,26261200
2025-06-27,213.2649383544922,215.17510649701558,211.9288249333476,213.8290862070605,47717300
2025-06-30,213.57176208496094,214.48231815807094,213.1758799590362,214.45261265178826,25558000
2025-07-01,215.76893615722656,218.2630357612863,211.9486148589033,212.41378464899992,43864800
2025-07-02,218.75790405273438,218.82719173132557,215.12563190981362,216.12524410110183,35735200
2025-07-03,220.7868194580078,221.03424954771305,219.49028820426184,219.727811425141,23515700
2025-07-07,217.4712677001953,220.52951533230964,216.1648445745191,219.2923647843147,41551200
2025-07-08,218.97564697265625,220.00494958363095,218.06510598165755,218.31253609123118,36339300
2025-07-09,221.3509521484375,221.39054941986254,218.84696084946634,220.28206745090796,32425200
2025-07-10,222.4891357421875,223.72628616879894,220.56907586377713,221.09362643650567,33865900
2025-07-11,219.42098999023438,221.24207173852426,219.29233661908282,220.87588005596962,31579600
2025-07-14,220.89569091796875,221.04414293210453,218.78758170563503,219.09439260280516,24632200
2025-07-15,216.57061767578125,221.92499337685643,216.5409121710301,221.7666495958113,44215400
2025-07-16,218.7480010986328,219.0943941680691,214.68024976097442,217.95622177973868,48199800
2025-07-17,221.61817932128906,221.8952998115864,218.44118544968956,218.80737714716804,43548000
2025-07-18,220.04454040527344,223.04339203720733,219.6981322212549,222.97410435962962,49009900
2025-07-21,219.1537628173828,222.10314023910902,218.975620409029,221.24207329293156,28191400
2025-07-22,220.97486877441406,221.50931112340353,218.3916980334409,219.34182112096312,30873300
2025-07-23,224.34982299804688,224.37952850514768,221.7666671370528,222.5089574700563,37478100
2025-07-24,221.25198364257812,223.52834343071726,221.18269597028353,223.20173390832943,29446700
2025-07-25,222.07345581054688,222.29119549456908,220.2523588985491,222.11303797949,24555500
2025-07-28,221.81613159179688,223.12256977094256,221.13322209832842,223.0038081553602,24934900
2025-07-29,220.4008331298828,223.36999426033643,219.7773044598685,223.29081481795887,28685900
2025-07-30,219.28244018554688,222.61779296065612,217.8572404531755,221.3608589789108,48924400
2025-07-31,217.13475036621094,219.73771975989402,216.6299984165412,218.19375840614265,42913900
2025-08-01,212.71070861816406,214.3338494858243,210.1572281491739,213.997348171026,63854100
2025-08-04,217.4712677001953,217.48117456981794,213.85879414082433,214.32396395502525,34989600
2025-08-05,218.5797576904297,218.98553157939048,215.99658682687482,218.29273031562641,31337100
2025-08-06,218.292724609375,218.71831222580607,217.12486180983464,218.6787149535204,23142100
2025-08-07,217.58013916015625,220.54930049728262,216.2638091551313,220.47012104939364,37088000
2025-08-08,218.0552215576172,219.29237214714996,217.48118187184167,218.79751191133687,28318100
2025-08-11,218.00570678710938,219.4012010099508,217.55042877903622,218.50056696452475,25212800
2025-08-12,224.47848510742188,224.64673576588777,218.87666392912683,219.5694803017847,43815500
2025-08-13,228.8431396484375,229.08067796821337,225.48798827901535,225.913560778938,41705800
2025-08-14,225.893798828125,226.4480398586222,223.84507026689204,226.09173989588322,55945500
2025-08-15,224.79519653320312,226.42822913244146,223.7163898329369,226.28966888221478,33571400
2025-08-18,225.61666870117188,226.11152890045315,224.60714966609632,224.87437840224996,20144100
2025-08-19,223.8846435546875,226.6261580083817,223.36998475210814,225.6760349441639,25000700
2025-08-20,223.09286499023438,224.05289492615094,221.39054480089374,223.60750869254937,29229700
2025-08-21,223.6471405029297,223.99354871546666,221.4796502118774,222.1031789536695,24539400
2025-08-22,232.416015625,232.99994696689274,224.8446464068429,225.03269567672467,58205500
2025-08-25,229.97142028808594,231.8914801763655,229.97142028808594,231.73312129648113,28453700
2025-08-26,231.87168884277344,232.45562024105993,230.19905898841515,230.43659731572205,25121500
2025-08-27,233.51461791992188,233.6927603310371,231.1590786933953,231.33723620644432,25395400
2025-08-28,233.79176330566406,234.5340536349043,232.9307113563647,234.52416186721118,25011200
2025-08-29,232.75253295898438,234.5835216477435,231.96075365838763,234.30640115782475,29254800
2025-09-02,231.49560546875,231.99046569001877,229.09059204231286,229.6052509009743,33108600
2025-09-03,231.26795959472656,232.84161137590726,230.07040639091025,230.87207748313685,33252400
2025-09-04,234.15794372558594,234.23712316911275,231.17889078482077,231.82220299831602,30323800
2025-09-05,235.3258056640625,237.21616000541718,232.53478710147758,235.27631662747618,47542500
2025-09-08,235.80087280273438,236.10768369416405,233.95999235222223,236.05819465639996,31487700
2025-09-09,234.41526794433594,235.51385812288217,232.99996000890647,235.4544622170162,35395800
2025-09-10,233.9995880126953,235.82068503464575,233.039573114005,234.8705468013701,33910200
2025-09-11,238.32469177246094,238.4533451640157,233.81156885359852,234.41529894330205,43629800
2025-09-12,235.88995361328125,237.84961085459705,235.75139336306106,237.7308341387407,46097600
2025-09-15,236.8895721435547,237.5724665003822,236.09779284206394,236.77079543207392,33014000
2025-09-16,236.49949645996094,237.1446333997298,234.99085013254944,236.66822434967324,37059300
2025-09-17,237.10494995117188,242.45467383574072,235.24892793349636,237.03548088501972,79955600
2025-09-18,243.01046752929688,243.3181486793278,238.33567075312817,239.00066246491727,49167700
2025-09-19,241.16439819335938,243.73505667969619,240.69790892043952,243.73505667969619,56092000
2025-09-22,242.5638427734375,242.9608477935262,239.3083531454436,240.4299142871118,53572900
2025-09-23,242.0179443359375,245.3329831315653,241.62093932433996,243.17919989686928,41854500
2025-09-24,239.79469299316406,242.78219585096028,239.7549834049841,242.07749453608562,36002200
2025-09-25,237.50193786621094,238.19671934627527,235.77494942487567,237.19425671377857,37209500
2025-09-26,239.53663635253906,239.87409214265386,237.54166108710285,237.8294874622546,28942800
2025-09-29,239.81454467773438,241.11475357762586,239.0105996416043,241.0254297168939,26391500
2025-09-30,240.1520233154297,240.32075121714615,237.61113952989174,239.3083686620756,33447700
2025-10-01,240.6780548095703,241.2239329455022,238.75254858932885,238.77240338447385,28520000
2025-10-02,242.1966094970703,242.26607855961421,239.66566087593455,241.1842270196619,28687400
2025-10-03,243.99310302734375,246.23621033092917,243.19907778398115,243.51669393923493,34579600
2025-10-06,244.96575927734375,246.62327871940096,244.23129847180667,245.878882944208,31507400
2025-10-07,242.3355712890625,245.78956350755766,241.3728181909118,245.51165695806787,31766600
2025-10-08,244.87644958496094,245.11466169892054,241.97827034992486,243.4472071907466,25825000
2025-10-09,243.29832458496094,245.40247850274264,242.18668324132722,244.46950002379532,26243100
2025-10-10,236.01316833496094,245.0451769686205,235.78489119171428,243.91369593305356,70569400
2025-10-13,242.58370971679688,242.80206703221253,239.59619151259704,240.0229863180991,36298600
2025-10-14,246.047607421875,247.73491660471703,238.56395532947255,239.42744957038843,45320800
2025-10-15,248.45947265625,250.8812427814342,245.21390268390743,248.48924727707015,45369000
2025-10-16,243.2288360595703,249.3825047787307,242.17675911934631,249.09467840905032,52740400
2025-10-17,241.5911865234375,243.3281101093839,239.665680239282,241.50186265947693,55379500
2025-10-20,246.30567932128906,246.47440721405,244.30076911328536,244.7771781719498,32545000
2025-10-21,245.14443969726562,246.51411772328044,243.6754876914354,245.58113919505018,26337900
2025-10-22,241.52169799804688,245.01539990336232,238.9709095669408,244.1916000570787,46578400
2025-10-23,244.57867431640625,245.27344067830364,241.85914296295545,242.46458546648836,28591000
2025-10-24,247.56617736816406,249.23363178231855,247.10962310644888,247.9334229162411,26627000
2025-10-27,248.4296875,250.32541905060478,247.63566230733494,249.8986242623293,31798100
2025-10-28,247.09971618652344,249.0252073067946,246.25606153810065,247.68530392637044,28075900
2025-10-29,244.9955291748047,249.2634012326077,242.86160071828846,246.98058453706,56235300
2025-10-30,243.02041625976562,246.28582576745342,242.80205895161703,243.4372760812936,44538700
2025-10-31,244.3900909423828,244.9459040303369,241.86907725208525,243.15936628899047,37214700
2025-11-03,243.6060028076172,244.41986765200406,240.6780491011813,244.330543793127,28887900
2025-11-04,239.39767456054688,242.23630434505233,239.19917205252793,239.98326225987242,34468700
2025-11-05,242.85166931152344,243.8938264209503,239.83439178033012,240.15200791244033,38229200
2025-11-06,238.55404663085938,242.96085704278133,238.2066558664789,242.43481855599123,40601200
2025-11-07,239.80462646484375,239.8542558805078,234.50453199898317,236.62854074437138,54978900
2025-11-10,242.20654296875,243.4075081967989,240.4398448046771,243.17921591256314,31238000
2025-11-11,242.41497802734375,242.9112418919344,240.70782912157034,241.55146860451163,27357900
2025-11-12,241.81944274902344,244.53897403758882,241.51176159215063,243.01047293311228,34543200
2025-11-13,235.02064514160156,240.8666331296416,234.07774678445418,240.03291343351793,65710000
2025-11-14,235.7054901123047,236.94614982234785,231.52695668995153,231.5964257584326,58344400
2025-11-17,231.02073669433594,236.06277911191455,230.02820901713,234.69310121581427,55765900
2025-11-18,231.72544860839844,233.32341884758492,229.23420947677505,229.58158509282447,63092500
2025-11-19,231.6857452392578,234.60377924523291,230.69321749000216,232.05299080492708,57280500
2025-11-20,227.3980255126953,237.3133828430372,227.18958802873308,235.46728068634576,95483000
2025-11-21,233.8395233154297,235.3382346335113,227.86450254734615,228.2416679053783,99504100
2025-11-24,238.10739135742188,238.593735387003,233.72042070053112,234.19684490513868,36135300
2025-11-25,243.29832458496094,243.71518440953443,238.2463469856368,238.94112850469702,46160800
2025-11-26,245.45211791992188,246.9706841801686,242.94102390031014,243.2189304613506,34636600
2025-11-28,246.89126586914062,246.9508151080965,245.22382659929332,246.1567899175531,18911800
2025-12-01,243.78466796875,245.8392077385549,243.50676140251147,243.73505369567113,36920000
2025-12-02,243.3380126953125,245.5215705911367,243.2883832817043,245.5215705911367,31918500
2025-12-03,247.7646942138672,247.97311654947296,243.64569517837955,244.13203920274435,32846300
2025-12-04,249.9383544921875,250.7720741981898,246.682849418935,247.10964424245637,40245800
2025-12-05,248.89617919921875,250.77205597378403,248.40983516700882,249.61080036522182,36956600
2025-12-08,248.9954376220703,250.88124947805673,248.31059103538308,250.81176526444062,29100000
2025-12-09,249.51153564453125,251.05987641938896,248.2311815867899,248.3800546825375,30170100
2025-12-10,252.90599060058594,254.65284911283777,248.66789291704768,249.0252035086654,51105200
2025-12-11,255.87364196777344,256.0820946038533,252.41966478127773,252.73726578616234,41345200
2025-12-12,251.9531707763672,256.27067246762334,251.54623077158243,256.0225405346723,57657700
2025-12-15,250.04750061035156,253.7794145209553,249.85893306562667,253.64046124629056,43120100
2025-12-16,248.8644256591797,251.11507010112945,247.44035877383777,249.30260476099497,43115300
2025-12-17,246.21546936035156,251.11507958323045,245.67769855306926,249.33248864222205,38132400
2025-12-18,247.6793670654297,250.3183795429759,247.18143903603925,249.1432614919246,39068000
2025-12-19,249.75074768066406,250.3582205168994,248.0279208613967,248.2470104217149,43610400
2025-12-22,252.52919006347656,254.06280176172635,251.15490379159434,251.2345741025572,40497300
2025-12-23,251.035400390625,252.17067570459957,250.41797448871745,251.3739878080867,24973500
2025-12-24,251.66281127929688,251.8121836217492,250.07938847150848,250.925872266895,12103000
2025-12-26,250.3781280517578,251.70261843116316,249.36235061876317,251.53332472492366,17429900
2025-12-29,248.8445281982422,250.45781022458533,248.3167256786223,249.22294318488622,25218800
2025-12-30,247.00218200683594,249.11339203129393,246.92251169706574,248.93414523097934,22123600
2025-12-31,245.1399383544922,247.2511483992098,244.99055082390532,247.1515567121519,35352000
2026-01-02,247.74908447265625,248.05779743875965,244.8411864239075,246.60385601216453,40007700
2026-01-05,251.6826934814453,252.4993027305365,248.53579993432874,248.7548742838663,37428100
2026-01-06,255.01881408691406,255.18812299425983,250.4777279445757,251.19474554482858,40677800
2026-01-07,254.4213104248047,255.73583256608075,252.91757319453964,255.33749620704148,33052000
2026-01-08,257.1997375488281,257.8570062052604,253.30595184421142,253.64453926277673,37957000
2026-01-09,259.1516418457031,260.47611707640004,257.02049522039874,258.5043110728011,36301500
2026-01-12,260.4163818359375,260.5757224660217,257.1698810790966,258.2055799790852,28423400
2026-01-13,260.2669982910156,261.8006251973436,259.3806717726527,261.3226033276642,33882400
2026-01-14,262.099365234375,262.3682354363099,259.11179698174664,260.0479041321928,37164300
2026-01-15,264.4097595214844,265.94335601465525,262.63713690135086,262.96575603814006,33465200
2026-01-16,264.6587219238281,266.11266329319164,263.61305480366576,264.76825150504897,33844900
2026-01-20,261.49188232421875,263.9815225833427,259.9781919874733,260.05787749479043,47911500
2026-01-21,266.6802978515625,267.4769705282831,261.83048379224016,263.5433573991926,59952800
2026-01-22,268.6719970703125,270.47449398775785,268.3035352151935,268.7118094284621,35110800
2026-01-23,263.712646484375,267.935066544356,263.36409077766166,267.9251286495007,42636700
2026-01-26,262.8861083984375,265.5848699628326,262.39811823571983,263.9715879177616,32119300
2026-01-27,263.63299560546875,263.76243136959306,261.5715661899831,262.9557903619885,26975500
2026-01-28,262.2088928222656,265.57489122387966,261.4719690507107,264.8778102049026,37139100
2026-01-29,262.27862548828125,263.96162478820776,258.33504370205276,262.97573693942996,43922900
2026-01-30,258.57403564453125,261.89025354526973,256.871130187759,259.9881647079238,59164200
2026-02-02,261.0935363769531,262.67694387669945,257.27942101207213,257.40888716337287,42896200
2026-02-03,261.6910400390625,263.9615905170808,257.4785581929134,261.96987850509583,54588000
2026-02-04,259.4403991699219,263.55328939161757,256.0744313537076,263.0653296673872,48826500
2026-02-05,254.7698516845703,260.5358514508403,253.99308519161283,257.42878547901046,48279600
2026-02-06,263.9217529296875,264.6188643039633,258.5042937198328,258.6636343308419,43354900
2026-02-09,265.7740783691406,266.56081319036696,262.2487392982776,263.74252343444306,29064800
2026-02-10,265.05706787109375,267.40727372057216,264.77822937384855,266.12264121064806,24661700
2026-02-11,263.8520812988281,267.8454435249658,261.0138853845763,267.3574837695425,41829400
2026-02-12,258.4644775390625,266.3516401251635,257.3192492049249,265.91346104914527,47628200
2026-02-13,261.87030029296875,264.0711640609934,257.43875907307796,259.5200945857015,45360300
2026-02-17,261.9499816894531,263.2644885671054,257.98646370312207,261.2927130550697,33734800
2026-02-18,262.8960266113281,265.8039396239448,260.7649104863768,261.94001332121513,36034700
2026-02-19,263.5035400390625,263.5433827940721,259.99810698503546,261.4819532957484,31006000
2026-02-20,263.5134582519531,266.2221879590529,261.0537229517273,261.7607722469699,47126600
2026-02-23,259.4105224609375,263.2744486444188,257.0304423991211,262.3084670985484,44001100
2026-02-24,262.23876953125,263.04544092005057,258.78314770012446,259.32091849561954,34884200
2026-02-25,263.48358154296875,264.1806929376056,261.3424971038912,264.15081847161343,26012100
2026-02-26,264.88775634765625,265.1367203745678,261.0337980736441,263.9118368124776,41206500
2026-02-27,260.3267517089844,261.67116354782814,258.69353308612426,261.0138948623686,40631500
2026-03-02,262.7167663574219,263.18481988848544,256.72172423689796,256.74163041590236,53495700
2026-03-03,258.1657409667969,260.0379554085336,252.26032123704508,255.73584950723875,59537000
2026-03-04,260.67529296875,261.87030201056433,257.7474737100763,260.1176160043469,37979700
2026-03-05,255.6959991455078,259.6794231900685,253.10676743832065,257.9167386000377,60414600
2026-03-06,249.850341796875,252.2503586974075,248.90428152025285,250.44786154819343,64192000
2026-03-09,252.5690155029297,253.59474605519165,243.3772680899403,246.5640045239366,65369500
2026-03-10,252.31008911132812,256.5823048742884,251.35406061851242,251.9117527700634,55879100
2026-03-11,251.80221557617188,253.32587416093008,249.54161802277875,251.29431925088056,50418100
2026-03-12,246.384765625,248.7748142282663,245.5582032241845,247.908424268805,61802900
2026-03-13,245.56814575195312,249.57149142600255,244.52249383466796,248.2270796472705,53933300
2026-03-16,247.8885040283203,250.42794017815856,247.2810311861673,248.72501952374324,48755700
2026-03-17,249.45677185058594,251.11283723653293,248.36936147481853,249.27719097589141,40642800
2026-03-18,245.43634033203125,248.6387163240215,245.29667308039598,247.8206696280403,43192600
2026-03-19,247.04251098632812,249.4966661940341,241.9446336813532,242.45341824329515,59219500
2026-03-20,241.64535522460938,246.9128276636263,239.7598396949907,246.38408626057796,76749900
2026-03-23,246.86293029785156,250.76365761006707,245.5261130554199,246.58359580607743,78746600
2026-03-24,248.18978881835938,249.5665197537807,244.0197128293134,244.92754236044698,45210800
2026-03-25,251.2225799560547,252.46961440848705,248.92803351906144,251.1427679243884,45671700
2026-03-26,246.85296630859375,251.26247830470308,246.57363180911813,248.2995232285758,46830200
2026-03-27,242.5232696533203,246.15463341864134,241.83490419072396,245.42635432838185,48114400
2026-03-30,239.04153442382812,244.78786354898818,238.12371891774902,244.7679219585388,51290500
2026-03-31,247.41163635253906,248.32945188649109,241.66530705287005,242.46339692754933,58660800
2026-04-01,248.96792602539062,251.84109820695582,248.51899667766813,249.32707254808628,51295900
2026-04-02,250.69381713867188,251.771256705617,244.28905017621042,244.35889141066053,30369200
2026-04-06,251.76129150390625,252.44965695551957,249.6562967446284,250.3945466187304,22151400
2026-04-07,252.3099822998047,252.87862207623573,248.92802558155137,250.6140185430932,34881900
2026-04-08,259.85205078125,261.64776820433946,257.7969404510919,260.89954753718933,46680200
2026-04-09,261.3385009765625,262.276273296629,258.16605271685324,258.16605271685324,26758400
2026-04-10,260.6800537109375,262.12662576477896,259.72233983507584,261.7774500505577,22365900
2026-04-13,264.4411315917969,264.73042164939943,259.40309439520496,259.62257366538563,23820000
2026-04-14,268.0824890136719,268.78084050946086,265.648275242013,266.45635115975784,24270400
2026-04-15,268.75091552734375,268.9504227815357,266.9551675685459,268.1423468558891,21670600
2026-04-16,269.3095703125,269.70861524496405,267.41405360423624,268.8107565356257,30847900
2026-04-17,275.125732421875,276.9713495314102,272.47203940924874,273.09056363678235,46462700
2026-04-20,276.6920166015625,277.01126473538915,273.87869950692345,273.99840994581405,22993900
2026-04-21,273.8587646484375,279.12623720536925,273.1105439417984,277.5200409236246,32235200
2026-04-22,275.8240661621094,277.35043504144795,274.24779763994167,276.9314180894915,20274300
2026-04-23,274.8663330078125,277.2107638512214,271.30482577460936,276.07348426995344,32886600
2026-04-24,275.99365234375,277.4701520604947,273.57941075069436,276.0136243794261,21568600
2026-04-27,276.4825134277344,277.5798793750334,275.5946102958115,276.1632653053457,23399400
2026-04-28,273.2601623535156,276.3129001815731,272.2725208341959,275.39506945151976,24139400
2026-04-29,271.4344787597656,273.7290402934027,269.71855822959566,273.27014016474544,29428900
2026-04-30,277.310546875,277.5599537765156,271.7936674312815,272.4820329150789,29220700
2026-05-01,278.617431640625,279.14617304461314,275.91386940100114,277.99890740711186,28936700
2026-05-04,277.22076416015625,280.12386414843724,275.4449882384273,278.03882610431344,28632300
2026-05-05,281.8896484375,282.27873780996407,279.33572425138726,279.4654207088753,24863200
2026-05-06,286.11956787109375,286.36897475746855,282.68772667896246,284.6829817699608,23330300
2026-05-07,281.5903625488281,286.8977179867352,280.48298013469935,286.8478487872096,28350400
2026-05-08,283.495849609375,284.29393951446093,281.9395225376543,283.3661531496334,22474300
2026-05-11,284.6530456542969,286.3689661990807,283.9148110351468,284.2440451646209,20150400
2026-05-12,281.8996276855469,283.38608301144234,277.61979691711826,283.36614142045306,27404600
2026-05-13,281.9993896484375,282.8872623260369,279.265869490763,282.24879653301366,20742300
2026-05-14,283.7751770019531,284.982297847797,281.2910636277208,283.1666083473194,17428700
2026-05-15,276.94140625,279.6649099006762,276.5822445105188,279.6349822928174,35408000
2026-05-18,275.3152770996094,278.4178841766605,273.2900943842351,278.07869446196264,27243300
2026-05-19,272.3523254394531,274.4273773802567,269.9879529799434,273.1604013320659,30276900
2026-05-20,279.2060241699219,279.4255034539349,272.76135856870656,274.25779992920155,31562000
2026-05-21,281.8197937011719,283.0069729079917,276.4924662972495,277.99889362333676,31680500
2026-05-22,284.4435729980469,285.9300283615987,282.99703126266184,283.426003818627,23849300
2026-05-26,289.82080078125,289.8606839643037,287.05735287329577,287.70583516264253,24506500
2026-05-27,289.6811218261719,291.0279251774643,288.6236390040142,290.4692561561424,24519900
2026-05-28,291.3371887207031,292.0454957966981,287.2968090922787,288.9528745725601,23710600
2026-05-29,289.740966796875,290.7186527721911,287.64594281844177,290.6887251630068,26952800
2026-06-01,288.29443359375,289.92054100094987,285.59084088861124,287.68586492882105,23826100
2026-06-02,290.9680480957031,291.17754135166444,287.71577261614937,287.7756278321383,18378800
2026-06-03,286.9875183105469,289.32196302331045,286.099615215707,289.30199098825983,29167300
2026-06-04,291.3172302246094,292.1851613207092,285.97991675028067,286.87777545503303,24307800
2026-06-05,280.9817810058594,288.7133941781847,279.4853397466996,288.4141181044229,35812800
2026-06-08,283.4359436035156,286.1594777271065,282.90720222917486,284.83264650495266,27277400
2026-06-09,284.3437805175781,290.17990751091946,276.961343069542,286.49865958181994,41761300
2026-06-10,281.3808288574219,288.31435227533143,281.0915387981565,283.9148112740411,39285000
2026-06-11,289.72100830078125,290.36946009205604,283.3960535524108,283.7651708592053,41468800
2026-06-12,292.2550048828125,295.0184222543192,289.6212535197146,290.93812920126356,34415200
2026-06-15,294.6400146484375,297.9100036621094,293.9200134277344,296.55999755859375,23889000
2026-06-16,292.0799865722656,296.79998779296875,291.5799865722656,295.5,23807700
2026-06-17,289.8800048828125,295.82000732421875,288.92999267578125,292.4700012207031,39920100
2026-06-18,295.5899963378906,295.9700012207031,291.4200134277344,294.54998779296875,32463200
2026-06-22,298.17999267578125,299.489990234375,296.1600036621094,297.1300048828125,22796200
2026-06-23,295.32000732421875,297.75,292.3999938964844,293.260009765625,26821700
2026-06-24,296.69000244140625,299.69000244140625,294.69000244140625,295.8800048828125,28664900
2026-06-25,298.9100036621094,301.5,296.7300109863281,299.5199890136719,27599900
2026-06-26,299.8299865722656,300.0299987792969,295.7300109863281,296.6000061035156,39832500
2026-06-29,298.9700012207031,299.1600036621094,294.67999267578125,298.1099853515625,24834100
2026-06-30,300.45001220703125,300.9800109863281,297.44000244140625,298.55999755859375,23230300
2026-07-01,299.32000732421875,302.7200012207031,298.9200134277344,299.92999267578125,20607900
2026-07-02,297.5799865722656,302.2300109863281,294.9800109863281,300.5400085449219,21178900
2026-07-06,298.8999938964844,300.4100036621094,297.6199951171875,297.75,18581300
2026-07-07,296.19000244140625,299.9700012207031,295.17999267578125,299.1700134277344,18057100
2026-07-08,293.4800109863281,295.1000061035156,290.67999267578125,294.0299987792969,24078400
2026-07-09,297.239990234375,297.8800048828125,294.8999938964844,295.2699890136719,16466800
2026-07-10,295.989990234375,298.2099914550781,293.6199951171875,297.69000244140625,15883700
