Date,Close,High,Low,Open,Volume
2000-01-03,79.83965301513672,81.05094062684394,76.46911357386446,81.05094062684394,36345200
2000-01-04,74.36253356933594,78.7863670111378,74.09921015018107,77.5224145991944,33786600
2000-01-05,72.46659851074219,75.52114990145661,70.99198749453522,73.73055081034815,42496600
2000-01-06,67.48981475830078,74.15189947693133,67.20015890096902,73.20393485293647,37134800
2000-01-07,75.83714294433594,75.83714294433594,69.51738103230794,69.88603381050957,28138200
2000-01-10,77.94376373291016,79.15505195308376,75.78451081868765,76.67981080751161,29675600
2000-01-11,74.15189361572266,78.25973999500275,73.30925846099854,77.31177544593811,32546600
2000-01-12,72.5192642211914,75.19857981106294,72.46659954129221,74.99450417645356,29050000
2000-01-13,76.89044952392578,77.10110828974476,73.37508136932165,74.57320309991707,25165200
2000-01-14,78.68106079101562,78.8917195883142,77.5224374058735,78.36507259506777,21898600
2000-01-18,79.10236358642578,79.57634579167068,77.04844069703124,77.57508759174779,16752400
2000-01-19,80.89293670654297,80.89293670654297,77.88446729940674,78.77976672910154,19006000
2000-01-20,80.10298156738281,81.63025735006138,79.21426505591037,80.47163434251213,25958000
2000-01-21,81.10364532470703,81.36696884848855,80.10301593433728,81.31430414373224,18698200
2000-01-24,77.20643615722656,82.26224643764522,76.65345690780578,82.10425236638214,28340400
2000-01-25,78.36505126953125,79.30643251378049,75.33683188243579,77.41708693965788,33276200
2000-01-26,75.20518493652344,78.62839013321393,74.99452615518864,78.57572543788022,23095600
2000-01-27,76.3111343383789,77.94373969689495,73.83589395611266,77.31176342908229,30739200
2000-01-28,72.46659851074219,76.23212306998497,71.41330492773722,75.8371379763581,35313800
2000-01-31,75.57384490966797,75.83716841109538,70.36003958140516,72.36129819225351,36014600
2000-02-01,77.6014175415039,77.94373801250477,74.52053330249612,75.44216533980614,26417600
2000-02-02,78.25975036621094,79.81335913862226,77.60144156434174,77.73310332471557,26169200
2000-02-03,81.31429290771484,81.41962230267302,77.75942582787627,79.4710284959467,30579800
2000-02-04,81.86725616455078,82.78230510366888,81.07728585739848,81.73559444669206,26640000
2000-02-07,82.99954986572266,83.10487924372484,81.10362106168331,81.9462560857008,17761000
2000-02-08,86.47543334960938,86.68609213974241,83.73686907787997,83.73686907787997,21999400
2000-02-09,83.42090606689453,86.11338954080234,83.21024721319024,86.00147702477194,27258200
2000-02-10,86.15943145751953,86.15943145751953,83.04563171123233,84.10550858047597,26341600
2000-02-11,84.15818786621094,86.00145230633446,82.57824691753363,86.00145230633446,24876000
2000-02-14,84.05286407470703,84.26352288191181,82.36759361706879,84.25693979418666,22814600
2000-02-15,84.65852355957031,84.79018533804553,80.78766727239866,83.36823813051309,30572800
2000-02-16,84.26350402832031,85.68545065879822,83.6841924381256,84.18450699329377,25310600
2000-02-17,86.05412292480469,87.00208755922726,83.94753484831008,85.26415239611921,30080200
2000-02-18,82.9469223022461,86.79144632006448,82.9469223022461,86.47545804462736,25271200
2000-02-22,83.21022033691406,84.21084956881367,81.10363248028332,83.42087912257713,37226200
2000-02-23,87.8447036743164,88.47667995974314,83.55253140245982,83.99359818499723,32170800
2000-02-24,89.7406234741211,89.9973638141659,85.94876614422866,88.37134166054882,48868200
2000-02-25,87.68672943115234,90.58328806101024,87.52873532406919,89.47732931142812,32617600
2000-02-28,87.63407897949219,89.05602617447192,84.68485516768236,87.00210244839008,38216200
2000-02-29,89.95128631591797,90.24094209738023,88.42401037729876,89.10865131530046,23978600
2000-03-01,90.6885986328125,91.47856900417847,89.74063418717334,90.37261048426612,24468400
2000-03-02,88.5886001586914,91.16258712919362,88.2660289015185,91.05725773909636,32739200
2000-03-03,93.58516693115234,93.63783162835614,90.16196161290536,91.00459676816615,32017200
2000-03-06,94.32245635986328,95.40208246560152,92.90050978157389,94.1644622956089,23268400
2000-03-07,92.9005355834961,95.95508834077658,91.63658271841452,95.90242363806485,39471000
2000-03-08,93.74317169189453,94.37514813026685,89.55632778767789,93.53251287910376,43512600
2000-03-09,96.90304565429688,97.32436324409817,91.92623162476913,93.71683138142461,30101400
2000-03-10,96.48171997070312,98.11432549422486,95.64566794857708,96.79770813654605,29750600
2000-03-13,93.95378875732422,96.16570530878589,92.29485134372797,92.68983644220327,37544200
2000-03-14,90.47793579101562,95.53374593998973,88.47667760704671,95.00709904947159,39106800
2000-03-15,86.68608856201172,90.16195845574973,85.84345343625705,89.74064089287239,51202600
2000-03-16,91.6365966796875,92.05791436557112,85.10617254849137,88.79270229997306,55282200
2000-03-17,93.3744888305664,93.58514757581304,90.95191326023023,91.00457794654189,31422400
2000-03-20,90.74125671386719,93.9538026567261,89.52996889934661,93.53248515602328,21167200
2000-03-21,94.16445922851562,94.32245328762387,87.26538531412214,89.4246374552682,33435100
2000-03-22,96.06039428710938,97.71933201739662,93.6378185539915,95.63907676830627,24370200
2000-03-23,97.74566650390625,99.22027785202553,95.69174355474011,96.46854774705295,19227400
2000-03-24,99.06230926513672,101.5375503791513,96.91622255458152,98.99647838444484,22063000
2000-03-27,99.22029876708984,100.69491042604871,98.6936517460331,99.43095757551254,11752600
2000-03-28,96.6923828125,99.27295294202752,95.32310070295479,98.57514571312467,18336300
2000-03-29,92.68984985351562,97.27167765877464,92.68984985351562,97.21901297135786,27189500
2000-03-30,90.37262725830078,95.00712096385466,87.21274518633221,90.37262725830078,42328700
2000-03-31,92.26852416992188,93.21648845933888,87.63403208832763,91.12306732020966,31349900
2000-04-03,86.73876953125,91.9525753500683,84.89550484782939,90.80711801108549,31551300
2000-04-04,85.8961181640625,87.58138841620843,74.4152145713184,87.31806493931063,66213000
2000-04-05,84.36882781982422,87.58137369810716,81.10361725501204,82.15691098559661,37631500
2000-04-06,86.3700942993164,87.52871751552675,84.05284786689573,86.26476491602456,30499900
2000-04-07,89.845947265625,90.47792344803268,86.47540762611737,87.73935999093274,20645500
2000-04-10,84.36882781982422,90.74125488986088,83.63152220841502,90.68859020333166,26988200
2000-04-11,82.36758422851562,85.52746597641264,80.10300230918942,81.84093727053279,34497100
2000-04-12,77.52243041992188,83.21021743442701,76.04781897171684,82.26225293200949,34824400
2000-04-13,74.15189361572266,80.89297485351562,74.15189361572266,78.20707529783249,46330500
2000-04-14,67.72679901123047,74.57320948670478,65.72554056455337,72.51928634406248,60851300
2000-04-17,75.52115631103516,75.83714441275497,65.72552515772097,65.73869132862596,55398500
2000-04-18,77.52243041992188,78.36506553318189,73.62524302109428,75.40267646312714,36260900
2000-04-19,75.15254211425781,78.89173657123911,75.0472126929344,77.94377177932836,28082500
2000-04-20,73.51992797851562,76.653477917428,72.51929858625789,76.15316322129914,21255600
2000-04-24,71.41332244873047,71.83463998530115,67.30547646716633,70.30736391523243,31190900
2000-04-25,76.23216247558594,76.25849482877267,72.46663596988343,72.88795362087112,28663200
2000-04-26,73.625244140625,77.87791829252448,73.41458535910677,76.36380830036212,25688300
2000-04-27,76.89044952392578,77.93057718015697,69.30673395444269,70.78134531517551,37010400
2000-04-28,79.83965301513672,79.83965301513672,77.6277365068018,78.83902411850902,24828400
2000-05-01,80.57699584960938,81.63028991300297,79.41837237987643,80.68232525594874,23205700
2000-05-02,75.9424819946289,80.5769746544953,75.62649385872892,79.94499838269535,20307900
2000-05-03,75.09981536865234,76.04777937751332,72.05843084022341,75.415803371606,26589700
2000-05-04,75.2578353881836,76.46912315160432,73.8358888832984,74.994511961353,17750700
2000-05-05,77.04847717285156,77.78578317450564,74.17825023784103,74.25724730944683,20571200
2000-05-08,74.04654693603516,76.46912244034357,73.94121756628262,76.25846370083849,13903000
2000-05-09,72.46659851074219,75.09983246825462,71.04465217368546,74.57318567675213,19825800
2000-05-10,67.20014190673828,71.61080952796816,66.98948315467953,71.09732881982498,34847500
2000-05-11,71.30803680419922,71.83468404795254,68.1481533416793,69.72809507293927,24709700
2000-05-12,71.30803680419922,73.7832788498398,70.7813895604459,71.9400134967032,17832000
2000-05-15,74.41521453857422,74.67853801535615,69.62272726114304,71.46599159861657,17950800
2000-05-16,76.52175903320312,77.10107035417025,74.20451374933462,75.83711838115106,23758800
2000-05-17,74.94186401367188,76.25848144188114,73.94123476823282,75.20518749931372,20339400
2000-05-18,72.2559814453125,75.29736841941366,71.93999318826303,74.99454633974125,19063000
2000-05-19,68.832763671875,71.62399280317521,68.51677546833157,70.57069879136381,28178100
2000-05-22,68.78008270263672,69.3067295839739,63.68477412569943,68.78008270263672,43879800
2000-05-23,63.03962707519531,69.62271260936357,62.565644916735195,68.56941892389666,31898500
2000-05-24,66.98944091796875,67.3054288468271,60.88034096004078,63.197585771668635,49476000
2000-05-25,65.51487731933594,69.30673517061582,64.46158347175819,67.62146501449143,29632700
2000-05-26,65.51487731933594,66.77882993642923,63.829607163211534,65.51487731933594,18203200
2000-05-30,72.09796142578125,72.41394956935663,67.41080396274653,67.41080396274653,31590400
2000-05-31,70.04407501220703,73.03279776178805,69.72808670388129,71.17636645037429,29675400
2000-06-01,73.625244140625,74.46787926669796,70.78135059012877,71.7819798023404,28993500
2000-06-02,78.89175415039062,79.15507776237457,69.5174335637621,78.04911859204199,31677200
2000-06-05,79.0892333984375,80.3136879857614,77.41712874693066,77.73311702753038,23784300
2000-06-06,76.89044952392578,80.0503310112104,76.57446137519732,78.52305495902284,23200500
2000-06-07,78.94434356689453,79.20766692769138,75.46847520437616,77.15374471347599,22524400
2000-06-08,78.57567596435547,79.94495718089249,77.20639474781844,79.73429853219449,19313800
2000-06-09,78.9970474243164,79.83968259684245,78.36507104492188,79.83968259684245,17014600
2000-06-12,76.46916198730469,79.4710505777154,75.83718544195506,79.4710505777154,16484700
2000-06-13,79.4183578491211,79.73434601032449,75.29734558009342,76.2584762370871,25187900
2000-06-14,77.62773895263672,79.9449848915214,77.10109214834475,79.9449848915214,20274500
2000-06-15,78.9970474243164,79.10237682088217,76.57447130330404,77.41710647583008,18807800
2000-06-16,79.4183578491211,80.31365763919739,78.417728671977,79.8396753973923,21203400
2000-06-19,82.57823181152344,82.78889056614467,78.10173327582223,79.22085790974754,20042500
2000-06-20,82.26224517822266,84.00017993550905,81.89359235091949,82.78889207437005,20988300
2000-06-21,83.3155517578125,84.02652517673188,81.47228733839187,81.57761673378734,20880600
2000-06-22,80.26099395751953,83.42087560939038,79.62901762714536,83.10488744420329,21526700
2000-06-23,77.10114288330078,80.47168464869098,76.99581345313234,80.05036692801721,24888100
2000-06-26,79.20769500732422,79.56318167042225,77.52242490078541,78.41772464488415,22169200
2000-06-27,78.25975036621094,80.10301501144471,77.83843273301466,79.01022240034183,14786000
2000-06-28,79.20769500732422,80.47164758722833,77.9437424274201,78.35189378134747,19259800
2000-06-29,77.2196044921875,78.6810496922954,76.36380324888108,78.31239684902494,21355800
2000-06-30,78.73369598388672,79.16817959048676,76.94309687789867,77.36441431460173,15153100
2000-07-03,80.26099395751953,80.26099395751953,78.5757237431884,78.7863825199798,5212000
2000-07-05,77.15379333496094,79.18138449086264,76.57448157613187,78.89172861144812,16489000
2000-07-06,79.20769500732422,79.83967129727627,75.88981948507593,77.15377206498005,23594700
2000-07-07,80.84031677246094,81.73561669762826,79.5763639369306,80.05034625025448,16603200
2000-07-10,79.6158676147461,80.78765729850869,79.2077161518625,79.78702790563277,12659400
2000-07-11,80.05033111572266,80.68230741400468,78.2070669124001,79.26036074287013,14374600
2000-07-12,81.9462890625,82.36760674405528,79.73437123433483,80.41901246686216,18252600
2000-07-13,82.99954986572266,84.05284364574452,81.84092670769861,82.52556766471282,19566700
2000-07-14,84.79016876220703,85.21148637096334,83.26289243046541,84.4741805556398,17219400
2000-07-17,85.73809814453125,86.00142154178104,84.15815776103251,85.0534573116818,13140500
2000-07-18,83.84219360351562,84.92181984024431,82.88106292935473,84.5794993261596,20684000
2000-07-19,81.9462890625,83.36823623774904,80.60333895254259,82.84158913580495,21828500
2000-07-20,84.57951354980469,84.68484295646695,81.95944455908067,82.47292541655924,19521200
2000-07-21,81.73560333251953,83.85535722049241,81.73560333251953,82.94689126850403,14411400
2000-07-24,80.05033111572266,83.42087137322677,79.41835481744063,82.52557161732724,18579200
2000-07-25,80.68228912353516,81.73558271522622,79.04968405641401,80.57695976436605,19065700
2000-07-26,80.57699584960938,80.99831347496682,78.57573712916157,80.47166644327002,20318700
2000-07-27,77.41708374023438,80.10298256387516,77.15376032615194,79.15501827317841,26141800
2000-07-28,73.20391845703125,78.25972865262477,72.46661280350719,77.68041706771301,36485600
2000-07-31,75.36319732666016,75.9425091160335,72.22964719323159,73.83592079103951,27609900
2000-08-01,74.36253356933594,75.82397854564547,73.88855141485716,75.6791506651103,15751800
2000-08-02,73.04594421386719,76.16632791586548,72.88795010237361,74.04657358665989,23578200
2000-08-03,76.2057876586914,76.890428460048,70.20201447756438,70.99198463297581,35874700
2000-08-04,75.9424819946289,78.16756511825794,75.09984696556229,77.52242267412882,22283400
2000-08-07,77.73308563232422,78.39139428435948,76.04781548311394,76.57446240474215,15103300
2000-08-08,79.3130111694336,79.41834053353642,77.10109452327409,77.57507666173684,14832300
2000-08-09,77.20643615722656,79.57634722617281,76.99577739554246,78.94437094112048,18649800
2000-08-10,75.67918395996094,77.71994135623686,75.4158604249576,77.36445458398234,15336200
2000-08-11,76.73246765136719,76.7719661762392,74.04656796007019,75.20519135631595,21050600
2000-08-14,78.36505126953125,78.36505126953125,76.00830661609608,76.99576945971417,12539300
2000-08-15,78.36505126953125,79.19452005817044,77.52241630964382,78.15439252955939,14090300
2000-08-16,79.1550064086914,79.7869825077628,77.52240148609032,78.73368900931048,15245300
2000-08-17,80.68228912353516,80.78761848270426,78.25971386264573,78.31237854223028,14492400
2000-08-18,80.26099395751953,81.41961722987217,79.7870117097389,80.84030559369585,14706700
2000-08-21,80.47162628173828,81.6170830040078,79.5236620977911,80.89294369682591,13560100
2000-08-22,80.47162628173828,82.03840041909542,80.27413374341596,80.89294369682591,14878200
2000-08-23,81.78824615478516,82.10423422750165,79.06284902760542,79.78698836091405,21396400
2000-08-24,83.05220031738281,83.15752967732875,80.94561311846378,82.10423607786925,13567700
2000-08-25,82.60458374023438,84.22402330033141,81.73561617140182,82.98640282350928,11764700
2000-08-28,82.99954986572266,84.13184067924615,82.52556766471282,82.78889110971828,12314200
2000-08-29,83.42090606689453,83.56573402881622,82.45977504686876,83.1049177863381,11162800
2000-08-30,83.3155517578125,83.84219873478982,82.38075337367775,82.8415694785329,10545300
2000-08-31,85.6328125,85.94880073800738,83.31556542127922,83.94754189729397,15588700
2000-09-01,86.47543334960938,87.22590528945831,85.26414530634445,86.79142153480893,14071900
2000-09-05,83.84219360351562,85.73812260460015,83.77636273542241,85.632793215651,16348300
2000-09-06,80.89293670654297,83.82899218921861,80.47161932786307,83.6314996679624,20964900
2000-09-07,82.6835708618164,83.77636327925761,81.36695349140531,81.5776122706711,16669700
2000-09-08,80.15564727783203,82.57822268833155,79.85282535151958,82.380730127693,23475200
2000-09-11,78.20710754394531,80.99833764484033,77.52246619844277,79.62905495383524,27262100
2000-09-12,76.99578857421875,79.78701757177934,76.54813864064771,78.78638830850291,24256000
2000-09-13,78.78636932373047,79.10235743599142,75.83714694262825,76.04780568413555,34093100
2000-09-14,78.36505126953125,80.84029146420058,78.0622293308217,80.26097992927797,28615300
2000-09-15,76.94310760498047,78.89170102139681,76.41646073567875,78.47038352595544,24994600
2000-09-18,75.73181915283203,78.365053476644,74.15187855854485,77.36442443359545,29218500
2000-09-19,78.52305603027344,79.02337060591904,75.7318273450927,76.4691330355178,27568700
2000-09-20,79.734375,80.24785594864598,76.94314522787319,78.68108074636724,33123200
2000-09-21,73.94123077392578,79.61585158296461,73.3092544425247,78.99704142513438,25031400
2000-09-22,78.31242370605469,78.57574725583967,73.73059393979594,73.83592335970992,33710100
2000-09-25,76.23216247558594,79.41837721118037,75.83717717778498,78.89173014744576,20560800
2000-09-26,75.36319732666016,77.9437680247778,74.92871348463015,76.48232237431321,26011200
2000-09-27,75.46849060058594,76.8377723560746,74.15187352800069,76.3637902099439,28482900
2000-09-28,77.15379333496094,78.36508155796714,74.75754924162256,74.75754924162256,29050000
2000-09-29,74.78389739990234,77.9042818512715,74.73123268342354,77.52246265680017,27198800
2000-10-02,73.09860229492188,76.04782544226742,72.46662590620497,76.04782544226742,24968200
2000-10-03,70.78135681152344,74.83653871218362,70.16254658642269,74.20456231208074,35731200
2000-10-04,72.150634765625,73.190762529582,69.20141173870894,70.36003507071169,37672100
2000-10-05,72.36128234863281,73.46724081247655,71.25532388478908,71.83463546108817,23443100
2000-10-06,69.938720703125,72.94060856462961,68.46410912203501,72.09797337543534,36335800
2000-10-09,69.62273406982422,70.62336337945104,66.88416964347712,69.57006936931754,28834600
2000-10-10,65.9888916015625,70.20206903821453,65.62023857585545,68.93811580721892,35283200
2000-10-11,64.9355697631836,67.79262950337232,64.0929346324367,64.77757567616855,48462600
2000-10-12,63.30296325683594,67.04215659397018,62.69731926560997,66.7788331195241,53223600
2000-10-13,68.46410369873047,68.78009186964768,62.88164601252629,62.93431070767916,42410200
2000-10-16,69.09607696533203,69.35940042937675,67.20014802421012,68.35877126600684,27644900
2000-10-17,65.93620300292969,70.08354804005485,65.72554420739317,70.04404951589176,52101400
2000-10-18,65.72553253173828,68.41143169769873,62.82897460766328,64.67223874116554,64354400
2000-10-19,71.67667388916016,71.71617242363251,68.62212055663166,69.42525742423614,44278900
2000-10-20,72.72992706298828,74.04654413509161,71.11048806430118,71.20265125934841,40692200
2000-10-23,72.62459564208984,73.73055395136025,70.8866611560935,72.62459564208984,28989200
2000-10-24,69.51737213134766,73.30922879305753,69.4120427796335,72.8352467103438,31466200
2000-10-25,65.62020111083984,69.09607051157454,64.7907322765736,68.4640942568955,48635400
2000-10-26,67.30546569824219,67.41079506553208,62.038997333747496,65.88351923982862,69991300
2000-10-27,67.17378234863281,68.97754718237697,65.29102051487067,68.1349125155184,51046400
2000-10-30,64.68540954589844,67.30547803758047,63.79010975979604,65.88353131847666,35496700
2000-10-31,68.8459701538086,69.57011021088633,65.62025535409869,65.72558481694635,43863800
2000-11-01,68.25343322753906,69.78070912537751,66.72615732970061,67.6741216800831,45186400
2000-11-02,69.09607696533203,70.14937082151087,68.30610657319791,69.25407104375886,26594300
2000-11-03,69.9913558959961,70.72866137571313,68.7932344914559,69.83336186462816,29837100
2000-11-06,69.4647216796875,70.88666821899876,69.09606887319939,70.4653507258695,23485800
2000-11-07,69.201416015625,69.49107186652753,67.62147501070206,68.62210431381992,24334400
2000-11-08,63.79013442993164,69.30676318661716,63.724303537847085,69.20143375928188,40338200
2000-11-09,63.776947021484375,64.8302409442174,61.51236508760839,62.98697657943461,64955900
2000-11-10,60.45905685424805,63.77693192551775,60.45905685424805,62.56564420108595,49235500
2000-11-13,60.551239013671875,62.51299909478453,57.52301875423623,59.787600861292454,75023400
2000-11-14,63.90859603881836,64.0402577529486,61.301694099039615,61.512352841647996,44829500
2000-11-15,65.19888305664062,65.77819461853323,63.026464699543354,63.67160712074194,37760900
2000-11-16,61.407012939453125,64.88288159640331,61.407012939453125,63.51360000427142,33898700
2000-11-17,61.36752700805664,63.35561895789928,59.82708490122492,61.67034896068168,49913800
2000-11-20,58.86597442626953,60.72240529052898,58.352493548921174,59.77444059388586,46862300
2000-11-21,58.773799896240234,59.932423191685835,57.66784129604217,59.14245276297292,42128600
2000-11-22,56.14055633544922,59.089778807105084,56.035226961461504,57.667832258271005,56623700
2000-11-24,59.35313415527344,59.51112830120584,57.444038225256875,57.615198550016984,19987900
2000-11-27,58.615787506103516,61.45968016138617,57.93114668168362,61.143692088576984,35416600
2000-11-28,55.15309143066406,58.93178258382724,55.034595889275664,58.08914762284312,48812700
2000-11-29,53.033355712890625,56.2459025832842,52.66470279333726,55.45593204138414,66189300
2000-11-30,53.07283020019531,54.13928994869837,50.97940921239302,52.03270279116147,74792600
2000-12-01,53.928646087646484,56.259058772586286,52.348705284297466,53.98131078109145,57112500
2000-12-04,54.77126693725586,55.07408884580318,52.03270359039306,54.0339614207928,49106300
2000-12-05,59.563777923583984,59.82710143341416,55.1926076604032,55.666589978097505,76531800
2000-12-06,57.29917526245117,60.9198722287136,57.088516529868635,59.48475961299504,63352100
2000-12-07,56.035221099853516,58.1286421888753,55.19258619609632,56.456538551732116,41481100
2000-12-08,57.29917526245117,61.93366737926708,56.98318716357736,59.90607707816012,65856900
2000-12-11,62.67097091674805,63.01329134612524,59.78757960776321,60.722377703370164,51829800
2000-12-12,60.38007354736328,62.24967024246263,60.09041772136198,61.933682068643016,31054500
2000-12-13,57.91799545288086,61.93367824740886,57.562508779266906,61.8810135550216,51661600
2000-12-14,55.08727264404297,58.721136709472184,54.98194325084212,57.73367364821424,41562700
2000-12-15,53.823326110839844,55.29793778510943,52.717367355137654,54.13931432675476,59026100
2000-12-18,53.928646087646484,55.58758393116295,52.71735813841224,54.90294291637838,42950000
2000-12-19,49.82080841064453,55.49543008743834,49.50482019662353,53.46783904747025,80489200
2000-12-20,46.963748931884766,49.188832635133586,46.13427985907604,48.29353268353051,81432100
2000-12-21,47.240230560302734,49.50481240433062,45.712954432935085,46.3580969350128,85875600
2000-12-22,50.97944259643555,51.19010145013983,48.451536351984196,48.55686577883633,57240000
2000-12-26,51.29541778564453,52.177551510397656,48.87284158632251,51.05842663571086,37082800
2000-12-27,51.87472152709961,52.401368446156454,49.662804467060845,50.29478076992906,33955500
2000-12-28,51.76939010620117,52.651523660910094,50.768760999367174,51.2164108629508,30996900
2000-12-29,49.18883514404297,52.440880722356304,48.872846909712926,51.87473513584831,49191000
2001-01-02,45.0283088684082,49.452142722146554,44.18567384864852,49.34681334467659,62514100
2001-01-03,52.61204147338867,54.98195325146924,43.948697306849695,43.97502965993948,118175700
2001-01-04,51.66407012939453,53.61266400787323,50.75560406442811,51.92739362648625,58465400
2001-01-05,47.7142219543457,51.66407476513591,47.18757491290701,51.66407476513591,68782000
2001-01-08,48.24085998535156,48.45151876258017,45.09414450049921,47.45088957074428,55576500
2001-01-09,48.24085998535156,49.820800814566134,47.71421304228004,48.66217753980879,53318900
2001-01-10,50.71609878540039,50.87409286261348,46.97690562469071,47.29289377911688,74258300
2001-01-11,52.190696716308594,53.665307723429315,49.87345084797602,49.939281696508196,65451700
2001-01-12,52.86219024658203,54.45529734990368,51.822062468380295,52.87535642098965,60793900
2001-01-16,52.2302131652832,53.020183619005664,51.03209131047081,52.71736161174539,32203300
2001-01-17,53.823326110839844,55.28477160944631,53.20451585467315,54.3499731373647,61388800
2001-01-18,56.08791732788086,56.24591146119884,52.82270523930939,54.033993594747194,54934700
2001-01-19,55.87725067138672,57.56252119116464,55.24527422647,57.41769325587123,56292500
2001-01-22,55.92990493774414,56.456551876894274,54.56062289595379,55.50858738642403,35777100
2001-01-23,57.101688385009766,57.6415014409898,55.034599365769154,55.53491390545796,49859500
2001-01-24,56.561885833740234,58.24715617515521,56.24589764472493,57.351856306278506,53905400
2001-01-25,54.34996795654297,57.02270136138265,54.25780473568643,56.351226466570715,57151900
2001-01-26,55.232093811035156,55.56124812456933,53.086007686792314,53.55998989828153,45681400
2001-01-29,56.45652389526367,56.667182566514654,54.139278511502845,54.560595854004816,31514100
2001-01-30,56.245914459228516,57.08012172754911,55.61393789227089,56.5829699140322,42439300
2001-01-31,54.181434631347656,57.29075349928136,54.181434631347656,56.667205381392584,59322200
2001-02-01,54.8976936340332,55.28530511860523,53.59160628676865,54.392113716278274,45142600
2001-02-02,51.86419677734375,55.02408204415203,50.55811283856058,54.72073285281695,47471000
2001-02-05,51.822052001953125,52.15910728447275,50.659214813097535,51.56083399728054,36016300
2001-02-06,51.906307220458984,53.18711262127511,51.53554903116891,51.81362008393419,42417700
2001-02-07,51.06369400024414,51.56927707032872,49.361573652714554,50.98785670045137,61972200
2001-02-08,49.53852081298828,51.822061278351164,49.36156820446894,51.31648147846791,48269500
2001-02-09,47.52463150024414,49.378426561205224,47.18757609948838,49.08350549634283,55385200
2001-02-12,48.097618103027344,48.82228166505097,46.86736828486103,47.398229353653434,50540400
2001-02-13,46.555606842041016,49.86716429175802,46.32809489346515,48.57793313089381,58914000
2001-02-14,48.409385681152344,48.662175560665865,45.603409339678365,46.68198442101257,63048200
2001-02-15,49.20989227294922,50.97099980158039,49.12562683234612,49.54694439216795,67801300
2001-02-16,46.45448303222656,47.92066659240322,45.948899944884126,47.15386863027904,66779700
2001-02-20,44.65125274658203,47.05276243075829,44.06983224401373,46.968500173713146,55298400
2001-02-21,43.39570617675781,45.56127805308692,42.90697629243877,43.43783728744794,72349000
2001-02-22,42.97439956665039,43.95185636939434,41.19643859968717,43.35358608805936,103855500
2001-02-23,43.12606430053711,43.479969496551966,40.640290134250236,42.207591920939514,93337900
2001-02-26,43.94340515136719,44.32258823161451,42.342397780380246,43.88442097379998,78342700
2001-02-27,41.28911590576172,43.884433305606116,41.20485368967223,43.42940962416885,66741700
2001-02-28,39.9830322265625,42.30870346072002,39.485877437620466,41.66830226170193,102187900
2001-03-01,41.1205940246582,41.45764936506933,38.55055750081668,39.57857339611247,101773000
2001-03-02,39.351051330566406,41.819971898530234,38.46628530916165,39.77236878974935,95927100
2001-03-05,40.06729507446289,40.749830606641744,39.679683731723195,40.02516396579946,43888400
2001-03-06,41.62617874145508,42.68789764279151,41.373385618586234,41.54191329569944,60828600
2001-03-07,41.643028259277344,42.49409157492524,41.263845007020294,42.46881354861426,55215500
2001-03-08,40.867801666259766,41.97165478597493,40.53074634613976,41.58404020351759,48965200
2001-03-09,38.002838134765625,39.91562001682572,37.87644481034252,39.81450471440773,79990900
2001-03-12,35.643455505371094,37.87643926850257,35.22213805681021,37.07593547335749,80674000
2001-03-13,37.45513916015625,37.699504164907964,35.50022555093959,36.04793655899856,80024400
2001-03-14,36.86529541015625,38.07868911904416,35.651901701268336,35.980528963192235,97190000
2001-03-15,35.5170783996582,38.17980576052283,35.432812942872246,38.08711536525754,74135500
2001-03-16,34.7165641784668,36.06477895234222,34.17727826891662,35.289556260963245,77784500
2001-03-19,36.452392578125,36.452392578125,34.33737991661456,34.91879697151637,53248200
2001-03-20,34.00031661987305,36.915835790286565,33.873923314661326,36.60405856575754,104796200
2001-03-21,34.00031661987305,35.222137856635136,33.461030803083524,34.14356622305609,96200700
2001-03-22,36.06479263305664,36.06479263305664,33.275671658885194,34.210994204965196,130208100
2001-03-23,36.06479263305664,36.932709236469655,34.96936731194768,36.69676915074244,95277500
2001-03-26,35.2305908203125,36.65464363420476,35.01150379392951,36.629365598237214,57666200
2001-03-27,36.443973541259766,36.84001312626935,34.90194953405944,35.22215182011821,69945300
2001-03-28,33.452606201171875,35.559193452953515,33.435753117429975,35.30640362561913,77863500
2001-03-29,32.82063674926758,34.21941084242734,32.357188101813016,33.18297008795333,79654700
2001-03-30,32.98915100097656,33.68853615614767,32.020119774668814,33.11554428197557,63661300
2001-04-02,31.514551162719727,33.57900439864967,31.4302857317364,33.00601232555313,69713600
2001-04-03,29.20572853088379,31.809470770184742,29.172022359936832,31.346022170054905,89015700
2001-04-04,28.691728591918945,30.174768378861433,28.31254210012125,29.247867708422813,76473900
2001-04-05,31.43870735168457,31.986418074518614,30.090489665576538,30.334854543073206,87035800
2001-04-06,30.2927303314209,31.261758698799667,29.913543920534604,31.09323426231472,86123600
2001-04-09,31.21962547302246,31.50612149577937,30.208462850680576,31.000541791807112,51638700
2001-04-10,33.5368766784668,34.0930157215514,31.834753373414443,31.935871900810074,94265100
2001-04-11,34.548038482666016,35.811991110080626,34.08458982882688,35.52549505262407,92829500
2001-04-12,36.06479263305664,36.06479263305664,33.70541427657607,33.958204240770634,79531500
2001-04-16,33.91606521606445,35.753010123427984,33.755965692724715,35.34011748037554,65229800
2001-04-17,34.75868606567383,35.980507188437464,33.62113035291956,33.66326145072588,94694300
2001-04-18,38.38203430175781,40.44649126987045,36.401842785763066,36.84001349358113,128891400
2001-04-19,40.699275970458984,41.07846242029514,38.407310611978744,38.845478049125056,110467600
2001-04-20,40.783538818359375,41.65987685132423,36.27543924923704,40.59815807369483,80598100
2001-04-23,38.04496383666992,40.210535091275474,37.82587698094356,39.59541205148448,79317600
2001-04-24,37.328739166259766,39.11512491172207,36.86529044356319,38.002846691490994,88888300
2001-04-25,38.002838134765625,38.40730577323259,36.31756809394413,36.99167868179074,68418400
2001-04-26,37.03380584716797,38.97186554489977,36.966393509801286,38.676944604913444,71110200
2001-04-27,38.04496383666992,38.314606724951,37.278166270421224,38.04496383666992,55580000
2001-04-30,38.88761520385742,40.084155627657026,38.17137336556775,38.97187743688061,73859100
2001-05-01,40.488609313964844,40.513890548635445,38.25562859149734,38.92973591876305,54498300
2001-05-02,41.27226257324219,41.626170950379496,40.02516313905818,41.120588013668694,77566500
2001-05-03,39.43531799316406,40.36221843675229,38.92973827076865,40.36221843675229,67124900
2001-05-04,40.615013122558594,40.615013122558594,38.011270492692056,38.17137000710922,72673400
2001-05-07,39.77238082885742,40.95206814302299,39.688115382875395,40.44648832472319,45561600
2001-05-08,40.615013122558594,40.74140646097282,39.59542540645367,40.69927534816808,56970700
2001-05-09,39.224666595458984,40.404357121469005,39.131976212278445,39.64598418126284,60984600
2001-05-10,38.56740951538086,40.48861654479428,38.52527840260208,40.37907308005117,61130300
2001-05-11,38.38203430175781,39.11512605599268,37.99442286521048,38.62639929130221,48760400
2001-05-14,37.766910552978516,38.221934346242904,36.52823574278044,38.171375075525205,43108000
2001-05-15,38.04496383666992,39.01399196193103,37.56466224101946,37.83430512930054,69007600
2001-05-16,39.73027038574219,40.0420446621046,37.12652621646746,37.33718511943662,80110500
2001-05-17,40.36220932006836,41.11215379846917,39.82292033308661,39.98302300672055,73810700
2001-05-18,40.480186462402344,40.7666824930374,39.67968256376932,40.14313117422082,41095100
2001-05-21,43.01652908325195,43.10079453730947,40.151571147662835,40.58973865116831,85426900
2001-05-22,42.89012908935547,43.77489532651078,42.28343077158135,43.235609361555085,77233900
2001-05-23,40.99418640136719,42.51092847602318,40.98575825287421,42.50250032753021,65618000
2001-05-24,42.04749298095703,42.12333026890304,40.67399686122278,41.26384207698087,61792500
2001-05-25,41.280677795410156,42.148590558852845,40.463321059727484,42.09803131669635,36191100
2001-05-29,38.86233901977539,40.867811927810905,38.84548592809795,40.867811927810905,66609600
2001-05-30,37.43827438354492,38.63481457503605,37.14335341082458,38.28090940777164,81397400
2001-05-31,37.69107437133789,38.634824951921445,37.32874095644986,37.53097483091696,68018300
2001-06-01,38.803348541259766,38.955023127470135,37.35401824938009,38.37360602326242,61874300
2001-06-04,38.61796569824219,39.31735111488384,38.162942001980326,39.03928322121111,41696000
2001-06-05,40.32008743286133,40.74983312522284,38.929741474650996,39.01400369718577,68146400
2001-06-06,40.008304595947266,41.196419674282964,39.66282441613042,40.513887463696804,61169500
2001-06-07,41.03632736206055,41.702009819515006,39.66283133775273,39.713390597669964,65400200
2001-06-08,39.898780822753906,41.095324639839696,39.561728625872384,41.053193517029335,56391400
2001-06-11,38.803348541259766,39.603852587503816,38.33147490807021,39.519590357119405,48809400
2001-06-12,38.592689514160156,39.4353246704274,37.269752575972426,37.80903856167978,78450500
2001-06-13,37.53940200805664,39.39320031271099,37.51412397763998,38.988735754051625,68535400
2001-06-14,35.601341247558594,37.41300841928845,35.39068242360854,37.09280610685278,91050300
2001-06-15,35.8962516784668,36.29229117874507,34.783973674755266,35.222144284459446,84589400
2001-06-18,35.41596221923828,36.376565990029526,34.88510427078968,35.929970289601705,63539100
2001-06-19,35.239017486572266,36.705204718078754,34.76714043420708,36.50297077723669,73386900
2001-06-20,36.03950881958008,36.208036506807886,34.78398092485111,34.80083401501371,83588600
2001-06-21,36.528236389160156,37.269756300816354,35.64347002953313,35.95524416848014,67212600
2001-06-22,36.443973541259766,37.24447764920755,35.88783442041994,36.75574767499162,51870400
2001-06-25,36.53667068481445,36.907429095781794,35.938400334935714,36.74732953035476,39212100
2001-06-26,36.66305923461914,36.98326153769835,35.79514593391332,35.845705207367445,55155100
2001-06-27,36.898983001708984,37.20233207967753,36.233300659988785,36.806292648507814,53289400
2001-06-28,37.37086868286133,39.06456718274224,37.37086868286133,37.41300301308174,89963700
2001-06-29,38.50840759277344,39.199367810433834,37.665772867392825,37.99439989598784,59719600
2001-07-02,38.29777526855469,39.16568860440138,38.07868828911468,38.46630297249349,50884300
2001-07-03,38.45787811279297,38.500009238786,37.75006426715388,38.1292508298889,24758400
2001-07-05,36.61248016357422,38.07023788074198,36.61248016357422,37.809019953676284,44409800
2001-07-06,35.09575653076172,36.32600312203615,34.96093503054532,36.24173767540208,53434800
2001-07-09,35.39909744262695,35.972089540358006,34.969354976527484,35.29798213549725,45547500
2001-07-10,34.12671661376953,36.132188761721075,34.0424544017167,36.03107024998085,58620000
2001-07-11,34.548038482666016,34.63230070540122,33.59585993664897,34.059308590488115,77840200
2001-07-12,36.73889923095703,36.932708186206895,35.643473940998895,35.9215451437845,70363300
2001-07-13,36.35969924926758,37.43827095283407,36.14904051251492,36.553504901352355,62474200
2001-07-16,35.68557357788086,36.95795360802744,35.306390584140466,36.54506124485776,53390800
2001-07-17,36.48611068725586,36.57037615245436,35.00307385814934,35.23901073190749,59813000
2001-07-18,35.09575653076172,36.106916175185674,34.66601078892324,35.61818944230051,64797200
2001-07-19,35.92995071411133,36.52822070654383,35.18000618635834,35.77827617879084,76590200
2001-07-20,35.09575653076172,35.50864596887527,34.85139155712008,34.96093503054532,49012800
2001-07-23,34.21942901611328,35.727747369894644,34.168869727678356,35.592925815134265,55329400
2001-07-24,33.831790924072266,34.46376706924624,33.12397751290153,34.02559655619799,70422900
2001-07-25,34.12671661376953,34.31209733756259,33.199819423598925,33.82336750734356,68859600
2001-07-26,34.63229751586914,35.29797994312225,33.68854720768088,34.08458668973734,69199300
2001-07-27,35.34853744506836,35.60975222715513,34.80082343174275,35.087319448584296,47452900
2001-07-30,35.13788604736328,35.643465846560694,34.88509614776458,35.500219415400686,39459400
2001-07-31,35.18843460083008,36.0479226478477,34.96935092503215,35.25584694070469,55732500
2001-08-01,36.31758117675781,36.654636592099806,35.736163960411474,35.921544760289436,53864800
2001-08-02,37.00010299682617,37.075940275966545,36.08163071141383,36.898987696104825,53187300
2001-08-03,36.38499450683594,36.67991559225266,35.86256149221256,36.67991559225266,51513700
2001-08-06,35.81199645996094,36.106917497989556,35.68559989257825,35.83727448767818,31105700
2001-08-07,35.62661361694336,36.08163737583024,35.34011753331807,35.47493903064773,38407500
2001-08-08,34.12671661376953,35.938383102481666,33.95818897526651,35.26427254846958,76045200
2001-08-09,34.26997375488281,34.44692959867476,33.688556594990295,34.050890006261945,66861400
2001-08-10,33.941349029541016,34.33738865118059,33.056582602881114,34.059317457842525,68491900
2001-08-13,34.63229751586914,34.83453133196535,33.87392793790262,34.20255507646119,48425700
2001-08-14,34.210975646972656,35.137875965413954,34.16041961019751,34.96092340790684,51267600
2001-08-15,32.947025299072266,34.48904880234716,32.92174727914882,34.22783081034836,58935300
2001-08-16,33.334632873535156,33.359910888191415,32.05382762914084,32.559407208645396,68227300
2001-08-17,31.81791114807129,32.69425273162722,31.77578002113857,32.39090347467333,56649300
2001-08-20,32.256046295166016,32.567823361615226,31.61564551602906,31.893713218024253,49921300
2001-08-21,30.91629409790039,32.5678620546068,30.882591122195564,32.264512772468905,56445600
2001-08-22,31.758926391601562,31.885322984665912,30.78989763090412,31.556695699977265,65221400
2001-08-23,31.447153091430664,32.40775693986488,31.430299997584576,31.742074197739772,54711800
2001-08-24,33.11555099487305,33.191388264604086,31.809467540080288,31.902157893573456,58450600
2001-08-27,33.15769577026367,33.621147728842416,32.71952826935021,33.098711559971534,50927500
2001-08-28,32.121246337890625,33.23352431667946,32.02855597059197,33.132409013443436,65275500
2001-08-29,31.64937973022461,32.39932455484546,31.28704633179459,32.33191219495232,59060500
2001-08-30,30.478113174438477,31.43871998782511,30.124207938768254,31.008974242341957,76105800
2001-08-31,30.865724563598633,31.202776674420143,30.2843042883152,30.360141575769656,54309000
2001-09-04,29.88827133178711,31.598819745397197,29.787152794235155,30.764609489783517,74073600
2001-09-05,29.770307540893555,30.259034357343683,28.775997601386184,29.905129064162416,95461200
2001-09-06,28.565330505371094,29.930398435303484,28.464211981377776,29.273144101335618,88701800
2001-09-07,28.396812438964844,29.57650002114214,28.101888132621404,28.32940006686389,95528800
2001-09-10,28.73385238647461,28.91923311619298,28.09345119697085,28.219847733487455,80371300
2001-09-17,26.29022216796875,27.63843737067542,26.197531770082932,26.3323532903536,97700900
2001-09-18,25.70036506652832,27.38563490695641,25.590823234067862,26.568279612940266,66285300
2001-09-19,25.25377082824707,26.121685472539113,23.8128657236366,25.818336352747963,116632800
2001-09-20,24.4111328125,25.354884620738208,24.26788481322809,24.68920226906329,90840200
2001-09-21,23.753887176513672,24.4111416160392,22.91967850597803,23.096631129789017,112341900
2001-09-24,24.950420379638672,25.27904748260905,24.09093237950231,24.503823295521098,85696500
2001-09-25,25.026262283325195,25.64138550020775,24.394285979273537,25.034687219710893,83860600
2001-09-26,24.158348083496094,25.279052688393588,23.939262767332817,25.236921576792486,59759800
2001-09-27,23.998247146606445,24.259465183530647,23.105054394927112,23.930836403219303,70050700
2001-09-28,24.4195613861084,25.21163871899242,23.85499588403128,24.301593002963493,84810800
2001-10-01,24.208906173706055,24.419564949893264,23.46738798869461,24.310023093443437,53460800
2001-10-02,24.28474998474121,24.781904958657787,23.930843081397196,24.141501914168646,74133400
2001-10-03,26.12169075012207,26.635698727573335,23.871854740581657,23.947692035851485,136198600
2001-10-04,26.374483108520508,27.9754913951636,26.071135506511695,26.669405772228405,127371500
2001-10-05,26.76209259033203,26.880060997175878,25.498139863751355,26.121689682667274,96443400
2001-10-08,26.846359252929688,27.259248720347053,26.087986251389957,26.23123430643644,67789600
2001-10-09,26.19751739501953,26.9811680560887,26.01213830816813,26.846346609797056,57564800
2001-10-10,27.38563346862793,27.41933963512151,25.91102243570181,26.012139327984073,73840600
2001-10-11,29.239442825317383,29.702891554205475,27.9249307227564,27.967061840946542,117232200
2001-10-12,29.11304473876953,29.323703533137472,27.924929267110283,28.92766718551646,111901600
2001-10-15,28.98665428161621,29.113047642203274,28.363102773765377,28.75071422260319,78322000
2001-10-16,29.458518981933594,29.576487368244262,28.70857434233226,29.205729123496816,81346800
2001-10-17,27.343507766723633,30.334861524141388,27.217111224614005,30.22531806860622,141530300
2001-10-18,28.085023880004883,28.261976444606862,27.301373134599356,27.554162971801777,94448200
2001-10-19,28.270410537719727,28.43893822191442,26.964326610407745,27.68899340236617,73434200
2001-10-22,29.028791427612305,29.070922556553576,27.99235022654133,28.17772783676275,74104900
2001-10-23,29.18044662475586,29.829275864310752,28.649585753411497,29.34054609384202,104062200
2001-10-24,29.812429428100586,30.06521930411367,28.919235104163512,29.155171893189365,90171400
2001-10-25,31.008970260620117,31.025823347925833,28.843398365000354,29.239437880690367,118551900
2001-10-26,30.343286514282227,31.22805588183052,30.34328651428223,30.75617910009794,93823900
2001-10-29,28.683300018310547,30.461260621064977,28.683300018310547,30.334864068354353,92146800
2001-10-30,28.127161026000977,28.72543118592471,27.672137292651435,28.40522894233823,96092200
2001-10-31,28.565330505371094,29.458521633194557,28.379949759114417,28.68329890229889,106175500
2001-11-01,29.778717041015625,29.964097744799144,28.464205459854043,29.0203443568076,92716000
2001-11-02,29.997812271118164,30.208471074186125,29.399542041860737,29.71974432255554,64917700
2001-11-05,30.975250244140625,31.31230541084011,30.46967070848769,30.553932892964415,64473000
2001-11-06,32.18022918701172,32.18865733699419,30.663486844304643,30.840439421167698,107214900
2001-11-07,32.138084411621094,32.727929298028016,31.598798760413402,31.69148908441398,92562100
2001-11-08,31.809478759765625,33.19982812376631,31.38816116029853,32.483586276033336,105916300
2001-11-09,31.792634963989258,32.08755929847027,31.278626828075872,31.674666515956506,74121900
2001-11-12,32.02012252807617,32.31504342349715,30.587642719467112,31.17748772470575,112994400
2001-11-13,33.16611862182617,33.28408702355537,32.55099537395403,32.888047491123466,97931800
2001-11-14,33.40205001831055,33.907632933820004,32.64368046664238,33.671692954156654,88660100
2001-11-15,33.267250061035156,33.79811134053662,32.820654262470114,32.997606950837465,86349700
2001-11-16,33.17454147338867,33.43575949965388,32.79535505280939,33.267231844463346,64035500
2001-11-19,34.11829376220703,34.11829376220703,33.27565873262264,33.528448598618446,69196300
2001-11-20,32.542572021484375,33.89921527021692,32.42460360235952,33.77282191303957,85176500
2001-11-21,32.3740348815918,32.82063361358157,32.00327664192996,32.416169202751185,60867900
2001-11-23,33.09870147705078,33.22509801168572,32.5004314038265,32.66053089521968,27046000
2001-11-26,33.91606521606445,34.00875559803937,32.871196202526335,33.35150120134165,75267500
2001-11-27,33.87393569946289,34.52276518950831,33.031300499050374,33.74753913364174,100289700
2001-11-28,32.652099609375,34.017167131722935,32.60154036247442,33.477881355703836,101568200
2001-11-29,33.66328430175781,33.705415428163235,32.68582738291703,32.88805807542263,83774700
2001-11-30,33.41046905517578,33.73909609270268,33.166104206718586,33.47787816355225,66018200
2001-12-03,32.83749771118164,33.36835562032055,32.75323225500195,33.1071407421597,60449800
2001-12-04,34.40479278564453,34.41321772233636,32.39089219012706,33.149265068305006,79378700
2001-12-05,36.106929779052734,36.35972299980075,34.649170754229296,34.716583136935256,115773700
2001-12-06,36.1574592590332,36.43553028686347,35.69401076037945,35.98050672190305,77702100
2001-12-07,35.16314697265625,35.896238289298964,34.66599235231316,35.79512302151289,81632600
2001-12-10,34.548038482666016,35.584479251418266,34.44692317250422,34.81768145269598,69088000
2001-12-11,34.74184799194336,35.60976119639445,34.65758575992994,34.935653697092725,66056500
2001-12-12,35.019920349121094,35.340119413313964,34.21098810771213,34.96936107953359,76093400
2001-12-13,33.503170013427734,34.54803894713967,33.503170013427734,34.30367399776541,79582600
2001-12-14,33.79807662963867,34.09299747403149,33.34305314309308,33.595842897486364,70006300
2001-12-17,34.37950134277344,34.750262735126825,33.7222471863606,33.7222471863606,62295500
2001-12-18,34.76711654663086,34.96935034852336,33.840219389416845,34.682854337574035,50850400
2001-12-19,34.1351432800293,34.817678804095515,33.97504378325216,34.17727760258947,79596200
2001-12-20,32.685813903808594,33.95819139717805,32.59312353530135,33.78966374665557,83048800
2001-12-21,33.267250061035156,33.46105584558979,32.989182009943534,33.21669077247331,56205000
2001-12-24,33.13241195678711,33.39362999561634,32.9891655323438,33.317792707852874,13660400
2001-12-26,33.44419860839844,33.958206728069,32.997602865130126,33.174555531587494,37672900
2001-12-27,33.713836669921875,33.87393943286074,33.36835632825174,33.57901515157252,34255200
2001-12-28,33.983497619628906,34.37953419297548,33.89923212521479,33.94979142186326,38240400
2001-12-31,32.78693771362305,34.08459678055506,32.78693771362305,33.966628358906405,46176900
2002-01-02,33.79807662963867,33.83178278739675,32.80376747654842,33.34305314309308,61708800
2002-01-03,34.9693603515625,35.01149146814259,33.924491302626414,33.96662563360465,85769100
2002-01-04,35.11259460449219,35.63503055484053,34.489046580962544,35.34853456137103,86876900
2002-01-07,34.72499465942383,35.576057983029294,33.798097256176334,35.48336759982493,75166200
2002-01-08,34.9609260559082,35.19686281712128,34.41321204378094,34.63229571999347,66956800
2002-01-09,34.64073181152344,35.89625639513501,34.46377920004498,35.42438276452579,85123000
2002-01-10,34.868255615234375,35.00307715786268,34.2784101608359,34.691299728835446,75548000
2002-01-11,34.42163848876953,35.05361473921987,34.10143950290751,34.84295598906976,60832900
2002-01-14,33.671695709228516,34.27839397172195,33.45261201132678,34.1182944699629,71310700
2002-01-15,33.991912841796875,34.33739323410393,33.33465824531006,33.730694705409,66916100
2002-01-16,32.677391052246094,33.654847726501266,32.66896611483271,33.30936743338689,90942000
2002-01-17,33.41046905517578,33.6801119174746,32.87118011618169,33.26721947648152,75285900
2002-01-18,32.51729202270508,33.2419587984483,32.205517903280025,32.71952588209315,81985600
2002-01-22,31.514551162719727,32.87961900067442,31.45556696823016,32.862765914477755,81773800
2002-01-23,32.38246536254883,32.60154906211975,31.47241796187505,31.72521104943841,74968800
2002-01-24,32.812217712402344,33.29251958046011,32.66897125305816,32.812217712402344,77251200
2002-01-25,32.719520568847656,32.98916352797964,32.323481066323595,32.416171436224765,58832100
2002-01-28,32.9049072265625,33.19140335195305,32.37404609713915,32.98917268367649,47795900
2002-01-29,32.00326919555664,33.19981227845479,31.607229812468308,32.972300497599576,83339800
2002-01-30,32.247657775878906,32.73638464597197,31.05111381293559,32.02014582769111,101385500
2002-01-31,32.44989013671875,32.652124061369975,32.03700056155465,32.50044942148135,69655500
2002-02-01,32.138084411621094,32.761635454827505,31.767326330014814,32.35717121642174,61207100
2002-02-04,31.110097885131836,32.079129895221065,30.848882964484428,31.986439485546565,82763300
2002-02-05,30.596092224121094,31.45558070922314,30.494973662768672,30.832029105145565,86853800
2002-02-06,30.385435104370117,31.08482084764034,30.082085831858077,31.042689718546804,98507600
2002-02-07,29.65233612060547,30.798320684292406,29.492236565007527,30.32644695646745,97725900
2002-02-08,30.478113174438477,30.53710059478166,29.466953521438896,29.87984296305416,80483100
2002-02-11,30.865724563598633,31.008970987458266,30.318010463716693,30.45283195092486,57641200
2002-02-12,30.612924575805664,31.16063528056651,30.368559706372473,30.59607149366578,51477700
2002-02-13,31.135356903076172,31.30388450812167,30.848860938817843,30.9415512823127,60984700
2002-02-14,31.076385498046875,31.657802599340553,30.334865659667987,31.30389737622215,77482300
2002-02-15,30.14948272705078,31.101661286218377,30.03151432783313,31.034252149978776,79719900
2002-02-19,29.222578048706055,29.879832229943663,28.9192289760127,29.803994961770325,72437200
2002-02-20,29.61863136291504,29.635481239835915,28.590615293222744,29.407972543020616,106552700
2002-02-21,28.21141815185547,29.450092575033903,28.21141815185547,29.31527110964285,109307800
2002-02-22,28.354673385620117,28.818122063837816,27.882796556046905,28.320967208993906,99824200
2002-02-25,29.500642776489258,29.70287654174631,28.607451950461947,28.649583047358146,88994700
2002-02-26,29.391122817993164,29.85457163196198,28.961376976124743,29.68604391386454,94683300
2002-02-27,28.98665428161621,29.92197672179482,28.700158164127735,29.820861390445483,95159300
2002-02-28,28.464229583740234,29.466968006518353,28.43895154430876,29.07935318697065,95711200
2002-03-01,30.115793228149414,30.12421816854621,28.72544341153374,28.776002697112226,86081600
2002-03-04,31.303913116455078,31.37132229143982,29.829300849867817,30.08209088125999,105734600
2002-03-05,31.53140640258789,31.91059287057372,31.017401650871623,31.118516970868487,91452600
2002-03-06,31.68308448791504,31.978008757532443,30.84044922797689,31.244916981417813,86943400
2002-03-07,31.7504825592041,32.298196517370904,31.185915517697104,32.12124074949738,85496000
2002-03-08,32.5847053527832,32.88805457364115,32.12968473589485,32.213946979733805,84443700
2002-03-11,32.466732025146484,33.02287110797668,32.070695681602515,32.31505743761115,71035200
2002-03-12,32.02012252807617,32.02012252807617,31.447130604632548,31.657789305475156,82652100
2002-03-13,31.244915008544922,31.733641756962584,31.06795917218849,31.52298295527951,71376200
2002-03-14,31.059532165527344,31.514555918308442,30.949988695917522,31.22805983852753,70700500
2002-03-15,31.37130355834961,31.455568994761755,30.83201762290279,31.08480750334377,63966500
2002-03-18,31.54825210571289,31.969569590527207,31.219624981861298,31.708354807156613,78938300
2002-03-19,31.497695922851562,31.91901340576783,31.362874456894247,31.683073429544557,58947600
2002-03-20,30.385435104370117,31.244923638354532,30.36858200985288,31.067967753123103,61816500
2002-03-21,31.194339752197266,31.295455025153164,30.25058970435024,30.461248398073025,89198800
2002-03-22,30.907848358154297,31.29545964031027,30.730895800787053,31.126932017599877,58930100
2002-03-25,29.96411895751953,31.093250634252136,29.930412766715747,30.916294739731903,87421900
2002-03-26,30.242172241210938,30.688767801080203,29.82928285570101,29.84613272848297,92457500
2002-03-27,30.006244659423828,30.334871924299954,29.829292011321098,30.02309775177628,64531800
2002-03-28,30.385435104370117,30.646650033389513,30.250613562631333,30.351728915335645,59539400
2002-04-01,30.966856002807617,31.093252619191116,29.745033830565244,30.16635159931093,70730500
2002-04-02,29.568073272705078,30.461267861999637,29.492235965931027,30.31801818724926,77759800
2002-04-03,29.517513275146484,29.8714217695734,28.90238989719345,29.745025189906954,85766400
2002-04-04,29.28999900817871,29.627054383955446,28.8855344858856,29.070915264002632,90521500
2002-04-05,28.961368560791016,29.635476022905845,28.8012690430381,29.50065453048288,68426000
2002-04-08,29.32370948791504,29.32370948791504,28.160871806834628,28.20300614578294,74950700
2002-04-09,28.30411720275879,29.475379645677876,28.21985496641574,29.306851958593498,80910200
2002-04-10,28.5147705078125,28.860250753216707,27.9165003877414,28.44735816022258,85748700
2002-04-11,27.806955337524414,28.523193810459237,27.705840036328343,28.363094315699005,90665600
2002-04-12,28.245126724243164,28.481063505146217,27.764825012034773,28.076599074570602,78360100
2002-04-15,28.472637176513672,28.6158835823706,27.975482402214652,28.481062112106326,69306800
2002-04-16,29.660749435424805,29.67760251933004,28.995067085954993,29.011920169860225,72064700
2002-04-17,29.50908851623535,29.913553073472787,29.197314356064556,29.829290829447785,69130100
2002-04-18,28.944501876831055,29.618612236705445,28.64958100518332,29.306835070224793,91086100
2002-04-19,29.03720474243164,29.542787730511193,28.969795605993053,29.53435957945774,62286800
2002-04-22,28.30411720275879,28.658022452677532,28.017621099034834,28.658022452677532,64625600
2002-04-23,27.815391540527344,28.599042674626304,27.554176638760204,28.304121587341218,73070300
2002-04-24,27.38563346862793,28.068168875336635,27.132843648719984,27.983903459102685,68953900
2002-04-25,27.318239212036133,27.579457353613197,26.964333872866323,27.217123860044627,103073700
2002-04-26,26.1554012298584,27.62158489363602,26.130121591545244,27.520469554782068,100193400
2002-04-29,26.22280502319336,26.585136766201906,25.7509282099377,26.323920335177494,85326800
2002-04-30,26.736812591552734,27.12442398428093,26.071131667067664,26.146968958201263,95357900
2002-05-01,26.593576431274414,26.829514954313748,25.76779401143629,26.686266852325527,109975700
2002-05-02,25.708799362182617,26.955899034488006,25.666666639145852,26.45031760844016,85852200
2002-05-03,25.059965133666992,25.708794480438023,24.840879837074226,25.67508830840895,92103200
2002-05-06,24.4111328125,25.262194266150928,24.31001752313074,24.96727172562658,96491200
2002-05-07,24.183626174926758,24.731338626860893,23.947687786266442,24.663927888272056,101954400
2002-05-08,26.7705135345459,26.863202288876803,25.27904924345441,25.38859108300863,129741500
2002-05-09,26.07955551147461,26.871631303450734,25.953158967870994,26.601988343867472,106477200
2002-05-10,24.908300399780273,26.197533058892617,24.85774272899137,26.130122295440955,112282800
2002-05-13,25.919456481933594,26.104835629726736,25.000984072633166,25.169511739498894,93971200
2002-05-14,27.44462776184082,27.51204011965888,26.854784095724437,27.006457079217856,107284700
2002-05-15,27.6468563079834,28.3378167708455,26.837925848809128,27.031733125893844,150522100
2002-05-16,27.68899154663086,27.849091067966814,27.149705564869738,27.419348555750297,89916300
2002-05-17,27.74797248840332,28.15243692718216,27.360361136373307,28.051321621086856,82695000
2002-05-20,27.141267776489258,27.554160267771806,26.913757588213247,27.469894854042273,78144200
2002-05-21,26.39976692199707,27.461487715011632,26.121697305293218,27.26768195944217,104180000
2002-05-22,26.458742141723633,26.618843262694778,25.624533575398594,26.096408787146316,89543100
2002-05-23,26.98960304260254,27.048587246424304,25.95316218550832,26.652549301336006,94445800
2002-05-24,26.32391929626465,26.703105719237268,26.130113616611464,26.618841891110147,55874600
2002-05-28,26.205947875976562,26.559854627496193,25.691940030217445,26.517721914697038,68829400
2002-05-29,25.514986038208008,26.037418790256144,25.481279869844354,25.835186601669907,73470200
2002-05-30,25.734071731567383,25.88574467008704,25.194784279324868,25.287474636641264,92080500
2002-05-31,25.31275749206543,26.15539253602715,25.27905131885154,25.9194541451263,79907400
2002-06-03,24.4195613861084,25.48970819869018,24.25946189675422,25.27904945324646,77043700
2002-06-04,24.73976707458496,25.00941004969778,24.107790748964696,24.225759148776827,98366200
2002-06-05,24.992555618286133,25.110524011755967,24.41113697995843,24.790323397824068,95347100
2002-06-06,24.335289001464844,24.86614975317301,23.509507395694488,24.86614975317301,91129700
2002-06-07,23.846574783325195,24.25946743295507,23.18932037615733,23.28200915240977,106049200
2002-06-10,23.804441452026367,24.22575899984984,23.711751077201555,23.89713182685118,73142900
2002-06-11,23.138761520385742,24.175204024412203,23.05449928723808,24.099366728820048,84609500
2002-06-12,23.47580909729004,23.5600713024967,22.60789456175398,22.95337474613662,152974400
2002-06-13,23.324138641357422,23.77073419308359,23.04606913675853,23.391549381648097,97556300
2002-06-14,23.273582458496094,23.357844683784485,22.077040537333172,22.633179581670973,122106800
2002-06-17,24.065656661987305,24.22575777206182,23.517944199015236,23.59378148235586,87618100
2002-06-18,24.453277587890625,24.562819473289462,23.829727638452667,23.855005669668138,100513400
2002-06-19,23.037643432617188,23.863425433062112,22.96180614612746,23.678046292308828,93507600
2002-06-20,22.296123504638672,23.130333650392167,21.630442625411778,22.978659078436987,99913200
2002-06-21,21.7568416595459,22.56577232642928,21.613593604326926,22.211865461017645,168755100
2002-06-24,22.18658447265625,22.582622433083337,21.24283235335886,21.445066213150433,219672100
2002-06-25,21.453493118286133,22.515213747170254,21.31867160419284,22.397245324138424,136336400
2002-06-26,21.613588333129883,21.723131787745764,20.55186799583103,20.58557416869708,149080300
2002-06-27,22.085466384887695,22.119172562152205,21.082731719253403,21.908513775845996,121371100
2002-06-28,21.99277114868164,22.540483510678996,21.782112424282772,21.950638439482756,87842000
2002-07-01,20.939483642578125,22.026482142217688,20.88049943967042,21.883234103499404,64753900
2002-07-02,20.18110466003418,20.85521187576543,19.456438197724307,20.728816973715617,111629600
2002-07-03,20.855226516723633,20.855226516723633,19.903049205148072,20.09685496482813,101067000
2002-07-05,22.195011138916016,22.237142255737105,21.10801096718184,21.284965193668395,56768300
2002-07-08,21.38608169555664,22.37196499117587,21.13329176630009,22.077043942776285,97288500
2002-07-09,20.77937889099121,21.470339331164844,20.720394698371322,21.27653366764272,91039600
2002-07-10,20.13898277282715,21.091161534637877,20.079998560665274,21.05745535214581,115365200
2002-07-11,20.897342681884766,20.973179943494053,19.827197692772838,20.02100331368619,170271200
2002-07-12,20.897342681884766,21.50404077475906,20.68668397901416,21.276528989931197,130027800
2002-07-15,21.54618263244629,21.605166841554567,20.012586766834424,20.796237790013908,140207200
2002-07-16,21.22598648071289,21.92537380846455,20.981621439749304,21.276544155422787,148281700
2002-07-17,21.613588333129883,22.279270782445337,20.973185513463967,21.9674951122295,157954700
2002-07-18,20.838361740112305,21.546175220313977,20.66140917366119,21.386074131240154,114052300
2002-07-19,20.214818954467773,20.821515740864776,20.054717810913328,20.501315060955033,124116400
2002-07-22,19.71765899658203,20.644557832971522,19.456442592384573,20.096845395577333,150034800
2002-07-23,18.875019073486328,20.01257636738805,18.773903798187426,19.759786571942477,150786800
2002-07-24,19.903043746948242,19.936748318554063,18.23462486168501,18.377872907207635,186493600
2002-07-25,18.748638153076172,19.717668567637958,18.369451570021788,19.591273575686337,153915500
2002-07-26,19.102535247802734,19.245783260092338,18.54639628413691,19.0098448847922,96034200
2002-07-29,20.079994201660156,20.32435915008268,19.448017881917767,19.60811899960153,96735200
2002-07-30,20.48445701599121,20.804659225651584,19.877760376338216,19.995728765582164,117394300
2002-07-31,20.09685516357422,20.383351336021278,19.683963999094523,20.223250155606856,93831300
2002-08-01,19.153095245361328,20.138978366770893,19.094111046104164,20.004156880697696,85149700
2002-08-02,18.748638153076172,19.24579318099213,18.386304664201877,19.195235505651386,86706000
2002-08-05,18.066083908081055,18.807601551804805,17.94811398663579,18.630649080433518,84897800
2002-08-06,18.959285736083984,19.389029738965718,18.361015713200647,18.369440648081945,115364600
2002-08-07,19.21207618713379,19.692379457930958,18.504262701662675,19.5491314523666,125677100
2002-08-08,19.860897064208984,19.886176680544867,18.79075074729234,19.169936956340894,111697900
2002-08-09,19.658681869506836,19.978882582606687,19.279495334205006,19.54913998553037,93576900
2002-08-12,19.71765899658203,19.785069733381338,19.296341489786695,19.422736420385547,62870900
2002-08-13,19.043548583984375,20.113695265881557,19.0014158757216,19.574407850507445,88434400
2002-08-14,20.25694465637207,20.391766117712436,18.934006455272037,19.10253408554679,102613500
2002-08-15,20.669851303100586,20.686702793185603,19.987315327863232,20.42548621406997,120307800
2002-08-16,20.81308937072754,21.065879279198302,19.99573222608726,20.33278597311462,95853000
2002-08-19,21.318668365478516,21.563033327148407,20.79623547953437,20.872072770590613,76015900
2002-08-20,21.22598648071289,21.428218786751977,20.939490312024304,21.21755993372799,89981300
2002-08-21,21.697853088378906,21.782116916958014,21.06587678483389,21.394503948373664,101365500
2002-08-22,22.043333053588867,22.08546416373335,21.4197833016973,21.689426263899186,80345500
2002-08-23,21.192276000976562,21.748415131756285,21.023749917006473,21.739988586477907,75211200
2002-08-26,21.276533126831055,21.394501509072285,20.737247256929802,21.318664232717587,83335400
2002-08-27,20.535018920898438,21.495622459268265,20.349638162827787,21.428211712842295,92340400
2002-08-28,19.785078048706055,20.299086137328636,19.70924073703389,20.240101918739047,115562300
2002-08-29,20.046287536621094,20.408619238655767,19.397458197165886,19.54913275518905,97028200
2002-08-30,19.79349708557129,20.223241152935014,19.700806715983386,19.903040541847684,59474900
2002-09-03,19.077259063720703,19.742941596070175,18.824469164488665,19.431165886964944,81828100
2002-09-04,19.153095245361328,19.397460193368303,18.740204243362296,18.959289560030967,82717600
2002-09-05,18.68120765686035,18.95927698840234,18.4789755618478,18.875013213680987,91576600
2002-09-06,19.25420379638672,19.56597774474656,19.043545115041564,19.09410274854891,86008800
2002-09-09,19.44801902770996,19.6923839905294,18.86660032927663,19.10253874780585,72679500
2002-09-10,19.928314208984375,19.945167291989318,19.40588149341877,19.574407501872837,74615800
2002-09-11,19.759790420532227,20.51816156177427,19.734510793184658,20.32435590703882,73902800
2002-09-12,19.220508575439453,19.599695060557362,19.136244733502238,19.574415425816465,70763500
2002-09-13,19.372175216674805,19.4480124825651,18.97613741151317,19.043548135949163,79716100
2002-09-16,19.094104766845703,19.38060073233434,18.849741506398548,19.262632372614913,58853600
2002-09-17,18.689653396606445,19.557566828487428,18.689653396606445,19.42274529329816,89139700
2002-09-18,18.478986740112305,19.001419566457425,18.352591805170665,18.546397479227764,92358300
2002-09-19,18.184062957763672,18.647511557800247,18.15878332955854,18.285179863385505,86247700
2002-09-20,18.259902954101562,18.453708644269394,18.099801832693863,18.39472444353996,78116900
2002-09-23,17.712194442749023,18.133512093962658,17.535240193495664,18.074527879944636,72757500
2002-09-24,17.72061538696289,18.074522166396633,17.400413173228237,17.425692802901644,91507300
2002-09-25,18.428430557250977,18.571678590195273,17.779601137020983,17.99025991445678,98051900
2002-09-26,18.200925827026367,18.81604931255209,18.007120061537368,18.67280122345162,104453500
2002-09-27,17.956565856933594,18.714937646063966,17.956565856933594,18.158798226888358,92249700
2002-09-30,17.459392547607422,17.89756303109677,17.265586928555788,17.75431505023288,91502500
2002-10-01,18.521114349365234,18.529540891062126,17.2487354827075,17.61949528137826,102096000
2002-10-02,17.90599822998047,18.512695003181065,17.670059792358455,18.12508357765824,94829700
2002-10-03,17.476253509521484,18.032392601947215,17.42569584853707,17.745896511037103,74354800
2002-10-04,17.14762306213379,17.712188592577267,16.945390849210586,17.6447778549362,81837100
2002-10-07,16.987525939941406,17.349859342403906,16.726309471244846,17.0717897835465,79861800
2002-10-08,17.021224975585938,17.366705142871925,16.65046518366983,17.08863570073446,94103100
2002-10-09,16.903257369995117,17.29929684204221,16.717878251657314,16.802142071701294,103301000
2002-10-10,17.76275062561035,17.872292498598643,16.77686733991911,16.93696848400891,109610500
2002-10-11,18.723346710205078,18.858168164266797,18.049239439896485,18.158781268622192,124777400
2002-10-14,18.942434310913086,18.959287396548817,18.35259077845079,18.428428056612884,78890300
2002-10-15,19.85248565673828,19.91146986594774,19.532284975087297,19.75137032872183,118176000
2002-10-16,19.195228576660156,19.51542921449991,18.596956806824142,19.13624276832223,97441900
2002-10-17,19.84404945373535,20.06313470074437,19.026694253400386,19.88618215923615,95754500
2002-10-18,20.06314468383789,20.096850865010175,19.321626377238573,19.616549033699357,84941900
2002-10-21,20.467613220214844,20.602434746303427,19.633402817642615,19.81878362141394,85311500
2002-10-22,20.34120750427246,20.50973513984932,19.92831656502767,19.995727297818686,89947000
2002-10-23,20.72882080078125,20.75409882153915,19.945170013312893,20.096844566654983,88093500
2002-10-24,20.20638656616211,20.947906253418687,20.155828917048744,20.7962316988799,88674800
2002-10-25,20.81308937072754,20.855220486406317,20.214817563454805,20.214817563454805,71557300
2002-10-28,20.636131286621094,21.09958150833996,20.366488339467658,21.06587533634641,90272000
2002-10-29,20.15582847595215,20.61927706494624,19.692379886958058,20.48445559879528,90293800
2002-10-30,20.69512176513672,20.88892909855785,20.096851495356262,20.273804130463418,103531100
2002-10-31,20.686683654785156,21.0995761202747,20.526584200295602,20.77937399689893,81493100
2002-11-01,21.276533126831055,21.402928051689326,20.341207789922233,20.53501505571683,86658400
2002-11-04,21.82425308227539,22.599477591791857,21.739989234180275,21.950648050818454,110562400
2002-11-05,21.99277114868164,22.051755334361562,21.537747532524794,21.664142445724412,79603300
2002-11-06,22.30454444885254,22.422514423645577,21.605157570459006,22.15287152217315,116251700
2002-11-07,21.52089500427246,21.992770073848817,21.327087765826395,21.90007972533976,82711600
2002-11-08,21.124860763549805,21.798969777991214,21.032170392354388,21.478767554151865,76937600
2002-11-11,20.48445701599121,21.08272871972572,20.349635540512768,21.023744525103744,74384300
2002-11-12,21.006898880004883,21.402936903608907,20.56030157978809,20.56030157978809,88748800
2002-11-13,21.25967788696289,21.6557173138325,20.636128261285652,20.813082423912146,119341800
2002-11-14,21.99277114868164,22.26241405876043,21.504042972364203,21.554600616204347,85720100
2002-11-15,22.27927017211914,22.28769671510481,21.697851563697615,21.82424649408523,69291300
2002-11-18,21.950641632080078,22.55733987519672,21.90008398088661,22.506780616804498,76238000
2002-11-19,21.613588333129883,21.950642025796476,21.318665749347073,21.73998326698001,88139200
2002-11-20,22.53207015991211,22.540496706685087,21.520908655146847,21.53776014149334,75104700
2002-11-21,23.366275787353516,23.458966181896685,22.540493603675646,22.6921682103102,105472900
2002-11-22,23.357852935791016,23.54323375419538,23.020799093964207,23.06293182869224,73808600
2002-11-25,23.585363388061523,23.762317648313758,23.206178442719978,23.391557642184775,72666100
2002-11-26,22.79328155517578,23.484243770376647,22.666886596404574,23.408406473674102,80017900
2002-11-27,23.5179443359375,23.762309274168604,23.155611003911424,23.197743721123075,73643900
2002-11-29,23.357852935791016,23.838156468493647,22.93653523170763,23.77074409292879,34652100
2002-12-02,23.593782424926758,24.259464914799796,23.23144908053499,23.94768922558861,85136000
2002-12-03,22.894397735595703,23.23987802826513,22.692165486754995,23.2145983944604,76595500
2002-12-04,22.38882064819336,22.70902297630295,22.085471412552558,22.380394101958963,130115900
2002-12-05,22.077043533325195,22.75115107030647,22.018057717540085,22.70901995194482,84933200
2002-12-06,22.30454444885254,22.51520316652768,21.689421378968756,21.74840556276604,81727900
2002-12-09,21.251266479492188,22.371971616919183,21.234414991163696,22.093901969503452,75855200
2002-12-10,21.57145881652832,21.86638142208064,21.36080004216222,21.419784241832907,69578300
2002-12-11,21.672574996948242,21.967497614322674,21.335521265891302,21.43663818880787,64237600
2002-12-12,21.790550231933594,22.489937494236212,21.53775866764148,21.908518664283633,62296400
2002-12-13,21.099580764770508,21.546176277555404,21.07430113666622,21.504045171246947,72647800
2002-12-16,21.782115936279297,21.874804697064295,21.124860031591997,21.251254965170652,60278500
2002-12-17,21.849533081054688,22.07704499252311,21.62202116958627,21.748416140224528,62562700
2002-12-18,21.38608169555664,21.571462477064006,21.108012130494764,21.5293297507218,67130700
2002-12-19,21.116432189941406,21.723130405331045,20.905773444530823,21.20912255222564,95969700
2002-12-20,21.335521697998047,21.44506516730948,21.12486291092113,21.343948242345004,65578600
2002-12-23,21.630441665649414,21.706278948262035,21.175417969973687,21.21755068653559,45941700
2002-12-24,21.360803604125977,21.68100428738914,21.335523968395,21.48719856838251,16772700
2002-12-26,21.30181884765625,21.83267832678257,21.209128459555174,21.512477651741143,33795400
2002-12-27,20.914203643798828,21.782118405226036,20.855219441923,21.217552804530467,42490200
2002-12-30,20.754100799560547,21.04059684824557,20.52659055506265,20.931054997724274,57396400
2002-12-31,20.535018920898438,20.821513387809585,20.45918163026935,20.678266957953497,46015400
2003-01-02,21.402931213378906,21.529326156908528,20.60242883289204,20.829939088365794,65903200
2003-01-03,21.63888168334961,21.664159721828415,21.301827776967176,21.45350082943942,39059500
2003-01-06,22.178157806396484,22.405669692016286,21.234407299468458,21.664149829373766,67223400
2003-01-07,22.456222534179688,22.692160913880926,22.11916885403415,22.253990326092364,88726100
2003-01-08,21.82425308227539,22.725872560334917,21.77369541629801,22.23714417002231,74989900
2003-01-09,22.498361587524414,22.73429842650123,22.093895450194257,22.11074854074951,75391100
2003-01-10,22.83540916442871,22.970230637877837,22.093889453259766,22.203432904936395,82594300
2003-01-13,22.700593948364258,23.147189599568385,22.523639711185893,23.029221179582265,72870300
2003-01-14,22.818557739257812,23.020789964150634,22.624752057968717,22.675309712392206,46993800
2003-01-15,22.53207015991211,23.046078262667447,22.39724862594341,22.953387855364166,55131000
2003-01-16,22.27927017211914,22.734292242954307,22.119169069788832,22.57419274782274,68740300
2003-01-17,21.32710075378418,21.85796193664454,21.293396174745105,21.824255750406042,77289400
2003-01-21,21.091148376464844,21.529317225105817,21.08272183609891,21.411348874379197,67729600
2003-01-22,21.006898880004883,21.51248039573724,20.956341210591447,21.032176911111932,80020200
2003-01-23,21.495620727539062,21.773690235044242,21.158567022562913,21.402930355971055,78471100
2003-01-24,20.914203643798828,21.512475421108565,20.762529063433007,21.512475421108565,74519700
2003-01-27,20.669851303100586,21.09116909202249,20.535029739221564,20.602440521161075,76561000
2003-01-28,20.880496978759766,21.108007219275983,20.577147848473075,20.872070435451935,65217200
2003-01-29,21.192276000976562,21.44506753773046,20.509741905419478,20.863648771115592,95717500
2003-01-30,20.64455795288086,21.41978223417495,20.63613140983216,21.335518410886706,70333800
2003-01-31,20.5939998626709,20.863642805684805,20.231666555296446,20.27379766244285,90505600
2003-02-03,20.636131286621094,20.888922754976495,20.543440920837572,20.661410915616255,53158800
2003-02-04,20.383346557617188,20.4760353395393,20.0715708169724,20.37492001249715,68235700
2003-02-05,20.2906436920166,20.94789934244837,20.231659519644168,20.501302368888535,80107700
2003-02-06,20.40020179748535,20.51817184369166,20.105280699968187,20.25695532566241,103552000
2003-02-07,20.06314468383789,20.60243233220021,19.928323173547106,20.526595031761747,72312400
2003-02-10,20.240093231201172,20.433898896866438,19.903039550218377,20.13054978038256,67572600
2003-02-11,20.349637985229492,20.737250979195224,20.155832291846107,20.4339018193263,77823300
2003-02-12,20.071565628051758,20.501309674880922,20.037861063484094,20.28222437999554,51753000
2003-02-13,20.172685623168945,20.206390192894407,19.650251131233016,20.09684833228794,77387400
2003-02-14,20.636131286621094,20.644557829619483,19.903039724947533,20.079992306317447,67510400
2003-02-18,21.276533126831055,21.352370403185752,20.796231448050417,20.8130845332845,73976800
2003-02-19,21.133291244506836,21.26811275107473,20.82151550606912,21.234408178032325,45541400
2003-02-20,21.049022674560547,21.293387604842366,20.931054284603132,21.192270694022596,59759800
2003-02-21,21.209131240844727,21.377658949092414,20.65299205370643,21.006898955267104,70228500
2003-02-24,20.846790313720703,21.242828196652784,20.821510684393598,21.175417458979265,56646600
2003-02-25,20.872068405151367,21.023742955540786,20.29064983105814,20.60242547432513,74440700
2003-02-26,20.408620834350586,21.015319113879336,20.391769354407227,20.79623380262716,60005600
2003-02-27,20.872068405151367,20.998463328076337,20.45075092393571,20.577145846860677,66424000
2003-02-28,21.200698852539062,21.251256508201706,20.829938960882252,20.905776247975666,50185800
2003-03-03,20.770957946777344,21.470345118295473,20.695120648053763,21.29339249273988,60414400
2003-03-04,20.64455795288086,20.872069793599493,20.577147215690015,20.779379427262548,56043500
2003-03-05,20.686683654785156,20.88049087985926,20.49287803690938,20.56028875648349,69096500
2003-03-06,20.636131286621094,20.796232389192973,20.417045990259243,20.58557363582951,59108600
2003-03-07,20.678260803222656,20.804655714250973,20.189531028102444,20.290647921244194,73291000
2003-03-10,20.231685638427734,20.602445838383325,20.14742173745598,20.50132883577717,55948000
2003-03-11,20.05470848083496,20.42546825918809,20.03785700556313,20.27379373135279,54934200
2003-03-12,20.417049407958984,20.42547595236793,19.83563230853295,20.021011463932684,77859800
2003-03-13,21.588315963745117,21.61359399281512,20.560299922919654,20.762532191475678,128537600
2003-03-14,21.672574996948242,21.891660323934993,21.36922744259648,21.681001541124537,89794400
2003-03-17,22.414094924926758,22.58262098770126,21.360801005589963,21.42821175213956,141040800
2003-03-18,22.69215965270996,22.725864215251942,22.26241563170893,22.582616208251597,96548700
2003-03-19,22.498361587524414,22.70902039786753,22.186585841048963,22.624756552290446,91315100
2003-03-20,22.582622528076172,22.869118622253776,22.051763063687716,22.363538792245375,92789700
2003-03-21,22.894397735595703,23.071350350631683,22.077042195631286,22.928102306802966,93304600
2003-03-24,21.942230224609375,22.4141056768118,21.883244386784295,22.30456215662211,85244500
2003-03-25,22.25398826599121,22.54891081151644,21.916934617047477,22.03490299237814,78731500
2003-03-26,22.380393981933594,22.55734823750818,22.211867879747558,22.329836311997717,67880200
2003-03-27,22.220277786254883,22.456214474073725,21.992766031116872,22.136013994663234,64113100
2003-03-28,21.975921630859375,22.270844214312227,21.86637978356483,22.026479282903104,45374700
2003-03-31,21.276533126831055,21.68099752925699,21.24282695636289,21.571455689632803,89345300
2003-04-01,21.445064544677734,21.630443693331518,21.276536877029603,21.43663800057543,73159500
2003-04-02,22.0349063873291,22.380386631624905,21.933791080666282,21.959069103732578,75843800
2003-04-03,22.31297492980957,22.624750594180526,22.169726912211903,22.447796404348697,70138200
2003-04-04,21.950641632080078,22.41409185748293,21.88323089475587,22.388812228286817,65665700
2003-04-07,21.984350204467773,22.919675693253605,21.967497116497107,22.84383840458454,83842700
2003-04-08,21.95906639099121,22.15287365135056,21.80739184253547,22.034903665219083,54250600
2003-04-09,21.453493118286133,22.144455387013302,21.411361997831687,21.99278078185854,76457100
2003-04-10,21.714702606201172,21.714702606201172,21.318663159137632,21.453484619823513,57017500
2003-04-11,21.495620727539062,22.043333199025163,21.36922578907286,21.92536480408322,67974500
2003-04-14,21.933795928955078,22.0264847126843,21.478772126796585,21.571462517724985,52476200
2003-04-15,22.144447326660156,22.29612026940829,21.78211403672034,21.883229331885765,64655700
2003-04-16,22.093887329101562,22.607895151707655,22.00962512169608,22.45622060686005,70711600
2003-04-17,22.599477767944336,22.734299283067703,22.034912070665523,22.043338616260638,70179900
2003-04-21,22.68373680114746,22.83541137526194,22.430946915755925,22.700589888759936,52729600
2003-04-22,23.113479614257812,23.13875763708015,22.45622369849735,22.523634438021592,70757200
2003-04-23,23.28200912475586,23.383126052691836,22.97023501075143,23.17246725942434,70327100
2003-04-24,23.15561866760254,23.383130594247387,22.978666018345006,23.054503327226623,72383900
2003-04-25,22.70901870727539,23.105056662645364,22.633181412621706,23.020792823341377,63277900
2003-04-28,23.15561866760254,23.282013646672112,22.709022967743422,22.793285215656898,59666200
2003-04-29,23.366275787353516,23.64434536378379,23.096632756536188,23.290438484036237,79903800
2003-04-30,23.13033676147461,23.416832856546797,23.113483671835287,23.298862836270605,60202100
2003-05-01,23.332565307617188,23.484239875869335,22.911247776782925,23.121906542200055,66022600
2003-05-02,23.8297176361084,23.83814417870969,23.231445969005932,23.265152139411104,85004100
2003-05-05,23.804441452026367,24.192052824568492,23.737030708662566,23.87185219539017,80520300
2003-05-06,24.107789993286133,24.352153329122764,23.770734677761475,23.779161221369478,77338300
2003-05-07,23.838153839111328,24.175207643760622,23.694905771235465,23.939269176906457,70353200
2003-05-08,23.399978637695312,23.75388546704724,23.39155209328229,23.46738938580049,80249100
2003-05-09,23.93926429748535,23.998248500376608,23.593784017237436,23.62749019443186,58528200
2003-05-12,24.301603317260742,24.402718657958715,23.737037575565733,23.89713874007012,67487300
2003-05-13,24.14991569519043,24.427985143178933,24.048800408939243,24.124636070028384,64934300
2003-05-14,24.099363327026367,24.41113740294141,23.897131103060133,24.32687518168795,62181200
2003-05-15,24.36901092529297,24.41956858909672,24.065661728072165,24.225762871849717,62232100
2003-05-16,24.183626174926758,24.38585839069326,23.99824543840837,24.20890419739833,70590400
2003-05-19,23.332565307617188,24.16677382580517,23.26515456697166,24.031952344514114,91334800
2003-05-20,23.399978637695312,23.560078159945725,23.096629467622517,23.39155209328229,71817800
2003-05-21,23.332565307617188,23.383122961301627,23.121906542200055,23.298859133695007,63648500
2003-05-22,23.669626235961914,23.863431973576862,23.27358821467929,23.391556645018937,62401400
2003-05-23,23.67804527282715,23.804440209135006,23.55165033651929,23.627487619743768,37922500
2003-05-27,24.52068328857422,24.62179860696395,23.509520461482886,23.534800094679824,101422100
2003-05-28,24.59652328491211,24.773475915146403,24.40271595682798,24.57124364893613,76290400
2003-05-29,24.697628021240234,25.1105189218911,24.57123310997136,24.630217294750267,97336000
2003-05-30,25.102092742919922,25.16950346606794,24.81559676774123,24.88300749088925,78093700
2003-06-02,24.92514991760254,25.447584464823308,24.697638020883854,25.346467530548626,102937000
2003-06-03,25.161083221435547,25.17793470104089,24.714486064318187,24.807176434542257,81672600
2003-06-04,25.632965087890625,25.76778660309432,25.043119753475036,25.11895705667702,87046100
2003-06-05,25.81833839416504,25.852044568895263,25.2537728250248,25.388594309547944,88747900
2003-06-06,25.388593673706055,26.517724783708132,25.312757996860057,26.298639475045164,157178100
2003-06-09,25.05154037475586,25.464431368324455,24.883014324204783,25.279052230558612,94941800
2003-06-10,25.43073081970215,25.447583909580068,25.009413215948832,25.161087810451882,69660100
2003-06-11,25.717226028442383,25.818341349810837,25.110527671435428,25.338039555313035,87338200
2003-06-12,25.826765060424805,25.911028890451416,25.498137891239793,25.818338516702255,79450500
2003-06-13,25.245344161987305,25.89417350628479,25.161081946633335,25.835189312657516,83353600
2003-06-16,26.02057456970215,26.0374276596248,25.279056292295753,25.42230434224006,71211800
2003-06-17,25.919456481933594,26.214379095349145,25.750928815067866,26.13854180597946,67571200
2003-06-18,26.05427360534668,26.31548999872459,25.65823574395445,25.835188318023743,80215700
2003-06-19,25.632965087890625,26.323925755109364,25.599258905490082,26.10484039110355,79467200
2003-06-20,25.59925079345703,25.93630608185755,25.489708949765973,25.860468802687304,71512400
2003-06-23,25.203216552734375,25.590829547401363,24.90829393646146,25.557123370822076,86509400
2003-06-24,25.009418487548828,25.388603446533693,24.88302350122054,25.051549613925108,83004400
2003-06-25,24.87459373474121,25.430732888358662,24.832461006619138,25.000988704708952,94255300
2003-06-26,25.464439392089844,25.514998669665207,24.95043292766854,25.034695175895422,79187500
2003-06-27,25.13580894470215,25.759358824471594,25.085251280720616,25.489715806971205,82451900
2003-06-30,25.236921310424805,25.565548477601723,25.110524762557805,25.413873905920415,72043000
2003-07-01,25.573970794677734,25.599248814314358,24.65549857991307,25.02625840417002,105852500
2003-07-02,26.09641456604004,26.113267657705634,25.599259612299978,25.62453924979837,81972500
2003-07-03,25.76778793334961,26.20595868398168,25.675097534162237,25.868904878572135,50050400
2003-07-07,26.87164306640625,26.880069613481766,26.087991867577927,26.096418414653442,88554600
2003-07-08,27.20026206970215,27.225543310416906,26.64412459714735,26.778946094833184,81874500
2003-07-09,27.132850646972656,27.377215595483623,26.905338786055324,27.11599755937903,89588400
2003-07-10,26.62727165222168,26.955898853709282,26.39975977094609,26.837930444395585,102928700
2003-07-11,26.82950210571289,26.955897051125195,26.635696415600762,26.66940098435121,67728100
2003-07-14,27.149702072143555,27.596297615636708,27.023305530129694,27.25081737711609,84524600
2003-07-15,27.18340492248535,27.512035287531575,26.913763574567422,27.410916768564626,75059000
2003-07-16,27.09914779663086,27.385643892077756,26.7368144049069,27.351937712755017,80138700
2003-07-17,26.273366928100586,26.829506055548585,26.155398509308334,26.694684546300532,116260400
2003-07-18,26.357622146606445,26.585132364501337,26.054273046481736,26.45873744184892,80519000
2003-07-21,26.02057456970215,26.374481422082255,25.793064284542815,26.323923759513416,111325300
2003-07-22,26.408185958862305,26.54300745545696,26.003721469078343,26.214380258407367,91471500
2003-07-23,26.62727165222168,26.660976223226005,26.113263685013653,26.450317431052095,69050400
2003-07-24,26.273366928100586,26.98118065525243,26.189103083020765,26.837932600776483,82999700
2003-07-25,26.795791625976562,26.82949779651225,25.92787862826542,26.231226127093223,82709600
2003-07-28,26.87164306640625,26.955906929961895,26.627279630014346,26.846365032379218,56180800
2003-07-29,26.66939926147461,26.98117494006953,26.3239190163066,26.905337656281542,80560100
2003-07-30,26.475595474243164,26.74523845487573,26.399758185040387,26.719958822741823,56617300
2003-07-31,26.795791625976562,27.242390349581026,26.55985486102146,26.787366690541315,85544100
2003-08-01,26.509292602539062,26.78736365636564,26.37447115006475,26.703099846769568,73545400
2003-08-04,26.500871658325195,26.7957926255203,25.986863788873052,26.475592029480445,96344600
2003-08-05,25.456005096435547,26.526152038013045,25.36331633016269,26.467167839330628,111041800
2003-08-06,25.439157485961914,25.927885844358574,25.363320188348716,25.582405536209166,96816000
2003-08-07,25.540264129638672,25.708791757537263,25.295900837104142,25.464426857804163,67326600
2003-08-08,25.338041305541992,25.74250583335237,25.22007288673042,25.641390504999357,66677100
2003-08-11,25.61610221862793,25.78462985190256,25.304328186428073,25.34645929114742,63712200
2003-08-12,26.003713607788086,26.037418168147877,25.557116530831518,25.7087910704469,59676100
2003-08-13,26.01213836669922,26.180664371343767,25.82675767223227,26.104827106734273,57969700
2003-08-14,26.037416458129883,26.281781335283352,25.843610828993395,26.020563375457556,50271500
2003-08-15,26.264936447143555,26.36605336752708,26.062704213575426,26.121688414132933,28116300
2003-08-18,26.939050674438477,26.9727552515857,26.315500728821245,26.382911490315017,67224100
2003-08-19,27.276094436645508,27.28452258682755,26.837925451904873,27.057010747874557,68205000
2003-08-20,27.208690643310547,27.402496348339252,26.981178759738217,27.048587902427368,58233500
2003-08-21,27.50360679626465,27.655281358437968,27.191832735973954,27.46147568774929,77161400
2003-08-22,27.33507537841797,28.118726103452254,27.28451934093001,28.02603574886154,92989800
2003-08-25,27.394058227539062,27.419339459445748,27.141268409250742,27.267664925593373,43044700
2003-08-26,27.419347763061523,27.461478876468984,26.804222899799527,27.200260830306085,79838500
2003-08-27,27.638427734375,27.66370897051033,27.276094422277488,27.377212938023867,47532100
2003-08-28,27.88278579711914,27.908063812635994,27.402484215918818,27.756389290741506,55311000
2003-08-29,28.13558006286621,28.19456425136888,27.790099866894643,27.84065912035287,53148800
2003-09-02,28.540056228637695,28.556909320080706,27.916507917238945,28.219857134416078,80303100
2003-09-03,28.523204803466797,28.818129099350607,28.354680307988858,28.73386363721293,85234800
2003-09-04,28.784414291381836,28.83497355351811,28.396802924863625,28.50634638562668,63736100
2003-09-05,28.599042892456055,28.936098321405197,28.371530960075205,28.62432413898646,91024100
2003-09-08,29.070919036865234,29.096197068289705,28.607470245823936,28.64960136966429,69296000
2003-09-09,28.725425720214844,28.97821556362145,28.582176106499507,28.91923137397315,87817500
2003-09-10,28.03447723388672,28.55691022762903,27.89965571245649,28.438941798177407,111624500
2003-09-11,28.346242904663086,28.46421129876182,27.81538191682113,28.042893768753398,96914900
2003-09-12,28.4979190826416,28.51477217052179,27.849089664044524,28.093454616710535,104963000
2003-09-15,28.2198486328125,28.573753803301514,28.17771430969924,28.51476960822001,54594200
2003-09-16,28.98665428161621,29.011932310853936,28.24513435145808,28.24513435145808,87463800
2003-09-17,28.86867904663086,29.07091289852092,28.674873346368482,28.927666464830565,79794700
2003-09-18,29.306861877441406,29.37427426085005,28.649607211203936,28.79285370434826,91469900
2003-09-19,29.1383056640625,29.37424232064734,28.952925025662484,29.31525815650113,69796000
2003-09-22,28.582172393798828,28.818112336141706,28.455779095712096,28.759128154155196,97477500
2003-09-23,29.087772369384766,29.121478554494757,28.573764296852964,28.62432357451795,77826500
2003-09-24,27.992338180541992,29.08776313361414,27.95020385533337,29.07933498281333,115057400
2003-09-25,27.6300048828125,28.43050884700309,27.604723644770125,28.12715970567632,117604800
2003-09-26,27.453044891357422,27.950196365867434,27.402485643293435,27.714259637029212,106581000
2003-09-29,27.924928665161133,27.950206691332998,27.343511562421952,27.604726404592668,96862800
2003-09-30,27.318239212036133,27.77326311759653,27.26768314323992,27.73955692879967,119122500
2003-10-01,27.933351516723633,28.000760645191033,27.31822513847308,27.478327845578328,106653600
2003-10-02,28.02604103088379,28.169290664357582,27.747973129101737,27.89121954817783,83911100
2003-10-03,28.809690475463867,29.04563046930161,28.49791641486109,28.5231944371161,112862800
2003-10-06,29.02034568786621,29.02877383718676,28.70014673042267,28.885524228311787,49162900
2003-10-07,29.197315216064453,29.197315216064453,28.658025909464666,28.78442249362372,80104600
2003-10-08,29.01192855834961,29.357408842306103,28.834975947776336,29.332130816337926,71387400
2003-10-09,29.231019973754883,29.719750033701338,29.011936190798824,29.41640078468614,118216100
2003-10-10,29.500642776489258,29.517495858127067,29.18886880218142,29.298412225628855,68356200
2003-10-13,29.694459915161133,29.804000154855835,29.424813747919238,29.610194483398807,60919800
2003-10-14,29.770307540893555,29.854569787537095,29.45853015663539,29.576498587695813,62274900
2003-10-15,29.64389419555664,30.20845800053505,29.517497682658597,30.16632690103465,97045200
2003-10-16,29.87983512878418,29.938819319264002,29.542783070956236,29.57648602666092,73955000
2003-10-17,29.16359519958496,29.905114831862555,29.155167050292494,29.837702495111348,97794400
2003-10-20,29.52593231201172,29.559638484769135,29.07090862297924,29.19730516362078,75544300
2003-10-21,29.702892303466797,29.871419994876774,29.44167422106141,29.61020191247139,73455600
2003-10-22,29.129894256591797,29.43324339759337,29.020350796919516,29.399537223171478,88141400
2003-10-23,28.792837142944336,29.07933317884218,28.691721840391427,28.775987271183446,95409600
2003-10-24,28.81812858581543,28.843406616806927,28.2198582800932,28.472648233204133,101778600
2003-10-27,28.826536178588867,29.02876994802458,28.68328980330264,28.885520358341633,63604500
2003-10-28,29.795576095581055,29.837707205503108,28.961365975774807,29.011925236319854,107375700
2003-10-29,29.761877059936523,29.837714361744,29.55121824540447,29.660761728992693,74075200
2003-10-30,29.82085418701172,30.334862086672857,29.610195422520935,30.174762582843016,95062600
2003-10-31,29.64389419555664,29.90511215549407,29.542778913876315,29.862977841596823,55473200
2003-11-03,30.13262176513672,30.318002466548098,29.79556974322152,29.854553927416603,71141200
2003-11-04,29.93039321899414,30.22531415991442,29.871409030810085,30.073639614756225,60033900
2003-11-05,30.200044631958008,30.242175747593155,29.61862752163759,29.93040163461537,67412700
2003-11-06,30.28432273864746,30.30960399279976,29.778742657198162,30.157929325485018,90567400
2003-11-07,30.023088455200195,30.48653710099152,29.99780721730044,30.40227487971953,63505200
2003-11-10,29.65233612060547,30.115788123860252,29.568073873322064,30.082081939187415,68896400
2003-11-11,29.542781829833984,29.745012413155376,29.365826051431306,29.618619102178798,75607100
2003-11-12,30.174753189086914,30.301146479795076,29.610186204521188,29.63546421978349,80364600
2003-11-13,30.141063690185547,30.2506071742143,29.955682904044345,30.090504417311102,64243000
2003-11-14,29.52593231201172,30.351714258183133,29.450095030506304,30.17476167280302,90932200
2003-11-17,29.222578048706055,29.416383686394145,28.86866972576481,29.35739950163677,108063100
2003-11-18,28.548473358154297,29.466945593558822,28.497914103347682,29.38268016888113,108588500
2003-11-19,28.826536178588867,28.986638850257847,28.548468361811068,28.658008573125226,86320300
2003-11-20,28.548473358154297,29.222580683589435,28.489489168078553,28.582176313628096,117324500
2003-11-21,28.843399047851562,28.868677072209717,28.422081498427385,28.717005711662996,81787500
2003-11-24,29.64389419555664,29.70287837773657,29.04562422521918,29.087755324719577,92057500
2003-11-25,29.64389419555664,29.871405990135013,29.568056930697185,29.736584543095628,72519800
2003-11-26,29.778717041015625,29.930391577857232,29.332121579424786,29.829276291428496,72842900
2003-11-28,29.812429428100586,29.91354473562628,29.66917979590798,29.711310906177214,24802600
2003-12-01,30.25058937072754,30.34327649485023,29.888256164368666,30.090486708050133,82767300
2003-12-02,30.082059860229492,30.37698072366067,29.980944594823995,30.183175125634992,62504500
2003-12-03,29.702892303466797,30.435984064542097,29.702892303466797,30.20004722520714,107568500
2003-12-04,30.023088455200195,30.090497589338245,29.55963980940887,29.81242968762253,102334800
2003-12-05,29.52593231201172,29.91354365552936,29.45851996649688,29.71973798377054,87490200
2003-12-08,29.694459915161133,29.770297196548455,29.30684535784953,29.509079179681564,86961200
2003-12-09,29.01192855834961,29.879841736835875,28.944516203237118,29.862988648057755,109949500
2003-12-10,29.121479034423828,29.239447469854213,28.75914557451691,29.070919755925612,103504200
2003-12-11,29.74500274658203,29.82083999428115,29.0624707316861,29.07089566392106,108374700
2003-12-12,29.694459915161133,29.77872213252591,29.40796387596432,29.75344411019599,72189400
2003-12-15,29.306861877441406,30.326453282901294,29.1973215760014,30.275893995344813,106091400
2003-12-16,29.365833282470703,29.509082927461204,29.003499915868687,29.315277231390024,89854700
2003-12-17,29.416400909423828,29.49223822199921,29.129904752405594,29.332138657406237,68539900
2003-12-18,29.96411895751953,30.031528124727828,29.45011079815927,29.45011079815927,89978100
2003-12-19,29.87983512878418,30.039937829569958,29.660751451915882,30.00623165946797,89762300
2003-12-22,29.97252082824707,30.065211174414316,29.736584103019027,29.787140135912576,63580000
2003-12-23,30.200044631958008,30.351719219762998,29.938826571983167,29.99781077675199,66999800
2003-12-24,30.262428283691406,30.36358312814634,30.17812990026685,30.21184925363667,44840300
2003-12-26,30.220272064208984,30.42258493248899,30.194984161544212,30.312998661518407,25497600
2003-12-29,30.71761703491211,30.79348394831677,30.363573582792704,30.372001810658325,63296200
2003-12-30,30.81879234313965,30.835652023977534,30.59961970790246,30.793501214055162,48249400
2003-12-31,30.734466552734375,30.88620032941631,30.557444885156265,30.869340663601378,60494600
2004-01-02,30.650190353393555,31.012665352965005,30.532175835515307,30.903079065369013,55234100
2004-01-05,31.265544891357422,31.32455213298331,30.818774857431855,30.835634528704034,69717900
2004-01-06,31.47629737854004,31.54373287244121,31.147541708592016,31.25712800379291,60033000
2004-01-07,31.762895584106445,31.762895584106445,31.248686838461175,31.425708572506828,71830000
2004-01-08,32.015785217285156,32.03264488994779,31.695457868002624,31.906198952804914,76800900
2004-01-09,31.805055618286133,32.327692796953436,31.6870410826827,31.788195939534937,94296500
2004-01-12,32.31084060668945,32.32769707201485,31.762912229609057,31.906214694462342,77668400
2004-01-13,31.990507125854492,32.3361224822854,31.695467587266567,32.260255539866186,92973900
2004-01-14,32.100074768066406,32.24337712287692,31.821895068983107,32.100074768066406,68122400
2004-01-15,32.18440246582031,32.42043162587266,31.720772380436287,31.97366122558611,104427700
2004-01-16,32.51314163208008,32.563720661464714,32.17595453415811,32.352979529177105,77324100
2004-01-20,32.48786163330078,32.87562463934087,32.29398013028074,32.64802377518988,81998100
2004-01-21,32.352970123291016,32.58899909382368,32.032642794958434,32.36139835124423,112180300
2004-01-22,32.15909957885742,32.614298002011054,32.08323263905604,32.496283476909944,90061900
2004-01-23,32.04107666015625,32.42041129786139,31.84719522658565,32.20967018976455,88751300
2004-01-26,32.529998779296875,32.58057780474894,31.897775431590137,32.01578994199072,84538000
2004-01-27,31.8134822845459,32.56372019012586,31.771331486174894,32.46256213282078,97191600
2004-01-28,31.273969650268555,32.08321770330426,31.18967451891113,31.98205968689158,127959700
2004-01-29,31.39199447631836,31.451001724820618,30.903073599409502,31.39199447631836,143925900
2004-01-30,31.248689651489258,31.560585575121106,31.16439449882788,31.358275922472213,84264700
2004-02-02,31.16440200805664,31.594312535265235,31.037956032942787,31.35828347841775,94507900
2004-02-03,31.130666732788086,31.391986780415507,31.054799829648065,31.113807063684405,73488700
2004-02-04,30.624887466430664,31.071657412900585,30.624887466430664,30.86934461289083,109933000
2004-02-05,30.742918014526367,30.945227704753076,30.624903492618362,30.776634152461117,96784500
2004-02-06,31.299272537231445,31.42571528183634,30.793491911848832,30.852499169128652,107174100
2004-02-09,31.290843963623047,31.510016552769,31.23183670092713,31.47629719818429,58817700
2004-02-10,31.341411590576172,31.53529298540417,31.214965664723643,31.240256779286234,65042700
2004-02-11,31.6785945892334,31.75445827639791,31.24868106804945,31.39198664699512,92503000
2004-02-12,31.400440216064453,31.779775036302404,31.392011982572793,31.628041108207224,70556400
2004-02-13,31.13910675048828,32.007362352005096,30.987372886753473,31.518441409825307,90570400
2004-02-17,31.560583114624023,31.712316950108338,31.375133150096076,31.42570895148838,69678600
2004-02-18,31.653305053710938,31.754459857285983,31.459423673669924,31.61958571396818,70972100
2004-02-19,31.172821044921875,31.948349913285103,31.037946878552674,31.923058796328906,100843800
2004-02-20,31.071664810180664,31.30769378667311,30.81034471788286,31.189679298426885,132347600
2004-02-23,30.726049423217773,31.214967045795326,30.439441432171062,31.189679145767375,125199800
2004-02-24,30.650190353393555,30.894650835086754,30.431017778201575,30.59961132473669,124521900
2004-02-25,30.83563804626465,30.91150175216334,30.624896954802438,30.70919210512578,74457100
2004-02-26,30.911510467529297,31.054816122268015,30.608045911412443,30.7429201193493,71327600
2004-02-27,30.82720947265625,31.13910541668288,30.574320782481845,30.987371559447404,99383900
2004-03-01,31.23183250427246,31.24869217929936,30.74291479110917,30.919936555410313,79700700
2004-03-02,30.869352340698242,31.341413515127815,30.860924112428815,31.172820008856277,91536000
2004-03-03,30.70076560974121,30.877790599003273,30.523743836133526,30.7766325435237,83938300
2004-03-04,30.987367630004883,31.046378092028274,30.675471725529114,30.717619299271174,65905600
2004-03-05,30.877784729003906,31.31612657245492,30.65018397092432,30.70075977339505,118107100
2004-03-08,30.15283966064453,31.037951716381563,30.119120309883012,30.92836543423377,112599500
2004-03-09,30.06010627746582,30.329854591440387,29.942091792058644,30.18655220648983,126140400
2004-03-10,29.663921356201172,30.34672379932155,29.61334554122122,30.135982661826258,134226100
2004-03-11,29.394174575805664,29.950531080798193,29.335167311310602,29.562768138215013,152132000
2004-03-12,29.933671951293945,30.001110663754872,29.63020739218418,29.655495301529626,118369600
2004-03-15,29.411027908325195,29.84094156049998,29.34359242730318,29.80722221216195,115813600
2004-03-16,29.46160888671875,29.714497584734573,29.191860513414635,29.596483073370806,123265100
2004-03-17,29.92523765563965,30.02639248817696,29.65548929177072,29.68077719599151,91684700
2004-03-18,29.79034423828125,29.89149900550361,29.478448496881928,29.815632126173824,111249700
2004-03-19,29.292997360229492,29.891500994969718,29.267709470653852,29.73976722621131,99976700
2004-03-22,28.92209815979004,29.124407734148896,28.686066035501096,29.107548067010207,133870400
2004-03-23,28.686065673828125,29.20870570157994,28.669206006902005,29.158126700801574,125945800
2004-03-24,29.014842987060547,29.191868015253032,28.66922759396869,28.787245351315374,118876800
2004-03-25,29.79034423828125,29.89149900550361,29.18340920364294,29.208700307187584,142122000
2004-03-26,29.689208984375,29.99267670114917,29.67234930948153,29.756644468294713,78430800
2004-03-29,30.169692993164062,30.31299538029127,29.916804346928416,29.933660803111007,103864000
2004-03-30,30.27086067199707,30.296148582670543,29.942104970622083,30.0685477396444,95716500
2004-03-31,30.21185874938965,30.34673298960612,30.017977230056943,30.279294261670117,85993900
2004-04-01,30.481592178344727,30.557459101982705,30.16126481013394,30.186555928449234,93048600
2004-04-02,31.273969650268555,31.324548658474892,30.78505210021985,31.09694794502608,145964000
2004-04-05,31.569002151489258,31.611149707969396,31.164379821105545,31.19809593689819,67351600
2004-04-06,31.172821044921875,31.40042180360498,31.12224202666326,31.324554884043945,98611400
2004-04-07,31.13910675048828,31.282412384306404,30.90307772496938,31.18125754703463,91004900
2004-04-08,31.13910675048828,31.518441409825307,30.970516426920092,31.48472205884995,77176300
2004-04-12,31.33298110961914,31.391991568308814,31.172819052185954,31.206538395536175,55285700
2004-04-13,30.877784729003906,31.49314831241001,30.734479118811382,31.476288639701846,100624400
2004-04-14,31.029508590698242,31.147523046056037,30.650174115867653,30.692321676259333,113663200
2004-04-15,30.47317123413086,31.07167532165414,30.363584936977887,30.97894870219045,123565500
2004-04-16,30.422592163085938,30.61647363278858,30.16970342937183,30.515318782433877,110736600
2004-04-19,30.79349708557129,30.844076121303814,30.329867179481916,30.355155089520732,85838700
2004-04-20,30.07696533203125,31.012656183783694,30.043245989562777,30.860922358329056,119545100
2004-04-21,30.33828353881836,30.439438344322397,30.051675576845838,30.262416630777007,117850500
2004-04-22,31.12224578857422,31.19811271730569,30.329860367332067,30.346720042122854,137623300
2004-04-23,31.366710662841797,31.408858247921838,31.10539370595278,31.257127584764618,91855600
2004-04-26,31.13910675048828,31.434146248041213,30.89464949505269,31.34141964068613,74392200
2004-04-27,31.08010482788086,31.349853250667653,30.928370938106433,31.147543541404982,87548500
2004-04-28,30.51531982421875,30.953661811593616,30.363585935679186,30.945230364644292,111740700
2004-04-29,30.043256759643555,30.633332601761683,29.756648677223588,30.422591459266254,156917100
2004-04-30,29.30987548828125,30.178127877605917,29.26772790722114,30.06011336437588,150829200
2004-05-03,29.588062286376953,29.94210916366046,29.41104045556291,29.503767095224195,117007200
2004-05-04,29.71449089050293,30.135973030793753,29.52903771976584,29.680771547522816,126176000
2004-05-05,29.95052146911621,30.09382707665387,29.67234491371937,29.85779487876603,97528500
2004-05-06,29.722938537597656,29.874672464488437,29.37732308538102,29.697650621667737,102733300
2004-05-07,29.478479385375977,30.043264244456886,29.42790034094042,29.579634258591653,137686000
2004-05-10,29.225584030151367,29.419468737111078,29.014842859300014,29.225584030151367,156951400
2004-05-11,29.663921356201172,29.82408667871651,29.436320541827712,29.47847134185042,120493600
2004-05-12,29.722938537597656,29.74822966918321,28.888405155353997,29.60492397571719,197765400
2004-05-13,29.512168884277344,29.883075110579238,29.43630199395673,29.554319657740766,137841700
2004-05-14,29.292997360229492,29.765058331439235,29.200270810915768,29.67233178212551,133689900
2004-05-17,29.014842987060547,29.217155926856922,28.753525992073463,28.981126843473724,150652400
2004-05-18,29.276153564453125,29.41945918624932,29.166567290803567,29.217146313023523,96686400
2004-05-19,29.24244499206543,29.93367580551797,29.19186916686245,29.638639439649893,141646900
2004-05-20,29.37729835510254,29.520603927931642,29.13284120370478,29.318291123835536,94938500
2004-05-21,29.520627975463867,29.64707076732804,29.2845988581263,29.512196526612925,111329200
2004-05-24,29.722938537597656,29.891532146993594,29.50376909634188,29.75665790260797,99861800
2004-05-25,30.313018798828125,30.414176907995678,29.461625615099134,29.63021924805563,146321400
2004-05-26,30.506895065307617,30.506895065307617,30.186570755414674,30.22871835243685,93789700
2004-05-27,30.70076560974121,30.76820431339426,30.397301090265632,30.591182539786576,110183400
2004-05-28,30.81035804748535,30.81035804748535,30.52374993103946,30.667055597089917,56379500
2004-06-01,30.768213272094727,30.8103608663227,30.439457535199114,30.574331766121812,90592700
2004-06-02,30.70076560974121,30.903078505045976,30.490024484307003,30.818783341134047,103519800
2004-06-03,30.32986068725586,30.650188080351406,30.19498650316103,30.59960905544552,97301400
2004-06-04,30.506895065307617,30.869370187878264,30.490035383367644,30.63334107202967,91233200
2004-06-07,31.23183250427246,31.273980084012607,30.633328511261418,30.717623670741713,107532600
2004-06-08,31.273969650268555,31.34983655475149,31.06322860622186,31.105379387553707,72530900
2004-06-09,30.83563804626465,31.23182911156898,30.76819935348289,31.172821863211873,98215200
2004-06-10,31.054790496826172,31.054790496826172,30.810330191769502,30.928344624375587,57101300
2004-06-14,30.616479873657227,30.86094042619546,30.431026597158517,30.86094042619546,85129900
2004-06-15,31.01267433166504,31.181267927010886,30.818792822496693,30.818792822496693,91937700
2004-06-16,30.96208381652832,31.105389444955158,30.894648332768888,30.995803166235127,64743300
2004-06-17,30.675474166870117,30.903074941975614,30.557459664738527,30.894646712817934,77844200
2004-06-18,30.71761703491211,31.05480403130027,30.565883208102786,30.59960255087231,78641500
2004-06-21,30.47317123413086,30.877793851709473,30.39730429235645,30.785067232245783,65373100
2004-06-22,30.91992950439453,30.936789175576735,30.363573217995757,30.4815877006177,101524300
2004-06-23,31.290843963623047,31.34985122631896,30.77663506099751,30.82721409287457,94393900
2004-06-24,31.23183250427246,31.484721198367556,31.122246224424707,31.206544599559212,92343200
2004-06-25,31.467849731445312,31.518425516751357,31.172810382665112,31.189670049651355,81005400
2004-06-28,31.206539154052734,31.62802130921446,31.10538433719694,31.602733408913924,94033200
2004-06-29,31.5015926361084,31.687045914998468,31.257135296073336,31.273991761740245,68265900
2004-06-30,31.8134822845459,31.94835647863157,31.484723421786033,31.569021802873603,97809500
2004-07-01,31.223407745361328,31.74604486667445,30.99580693067951,31.74604486667445,122141800
2004-07-02,31.037954330444336,31.231835790170628,30.87779222431945,31.22340755959755,74056400
2004-07-06,30.371994018554688,30.852483274960846,30.203403779266885,30.852483274960846,130232600
2004-07-07,30.43100929260254,30.591174564193775,30.279275464596918,30.312994807632286,95623100
2004-07-08,30.093820571899414,30.456295410926742,29.96737466408876,30.186547142206823,108755400
2004-07-09,30.135976791381836,30.380437235012927,30.034821965472187,30.211843714727554,86014700
2004-07-12,30.00954246520996,30.085409417926968,29.706077869997113,29.98425455285602,81844500
2004-07-13,29.967390060424805,30.1865626511471,29.849375534184183,30.076976355785952,81222000
2004-07-14,29.663921356201172,30.05168749308997,29.54590683370854,29.672352802467536,119489200
2004-07-15,29.56275749206543,29.916804167191135,29.554329264024773,29.77349856527129,90405700
2004-07-16,29.225584030151367,29.88309866985304,29.18343643911211,29.866238990306325,120387100
2004-07-19,29.16655731201172,29.478456352176654,29.05697429150797,29.318291111104678,106387900
2004-07-20,29.866228103637695,30.001102275192785,29.259292723812823,29.284583841741462,117453700
2004-07-21,28.99797821044922,30.05168376728743,28.947399186085484,29.984245068135785,136086800
2004-07-22,29.394174575805664,29.59648749382783,28.871537426425952,29.065418897717542,132135800
2004-07-23,28.837797164916992,29.217131601426697,28.686063390313112,29.183412270258632,107107100
2004-07-26,28.711374282836914,29.006410594749475,28.407906524495637,28.863108162007553,112962200
2004-07-27,29.107561111450195,29.259294968044628,28.69451033622969,28.82095307295562,103474700
2004-07-28,28.98110580444336,29.191846823233796,28.50061653885339,29.006393697689333,154299800
2004-07-29,29.31830596923828,29.43632049152926,29.082276924656327,29.259298708092793,98959800
2004-07-30,29.411027908325195,29.58804966361879,29.2087182496051,29.301441634053617,83007800
2004-08-02,29.47003936767578,29.520618397404252,29.048557100235378,29.175003066729303,81249000
2004-08-03,28.854671478271484,29.444747210648714,28.820952129986146,29.368880284833725,85746500
2004-08-04,28.863109588623047,29.048559615710904,28.669224899034948,28.787242645287858,86721000
2004-08-05,28.323604583740234,28.99797872459699,28.323604583740234,28.955827929052777,109722900
2004-08-06,27.5817928314209,28.163437038812013,27.53121381595722,28.155008810728198,148808600
2004-08-09,27.649227142333984,27.78410129558816,27.52278443246327,27.657658585717446,79281900
2004-08-10,27.994836807250977,28.222437498649704,27.75037644808351,27.784095783620987,105819800
2004-08-11,27.750385284423828,27.85154332324723,27.438489370519637,27.69137803627044,121217700
2004-08-12,27.371049880981445,27.699805419826742,27.286751527653564,27.55649982699603,113691800
2004-08-13,27.413198471069336,27.598651639646167,27.26989287289992,27.522784726651416,91416100
2004-08-16,27.72509765625,27.977986324497344,27.472208988002656,27.48906866130633,77851300
2004-08-17,28.036991119384766,28.188724950183925,27.809393588839622,27.918976632241773,89573100
2004-08-18,28.534353256225586,28.58493229488207,27.826262793310175,27.868413600018116,106608500
2004-08-19,28.382610321044922,28.534344173058773,28.163440987943833,28.433189343600887,104690200
2004-08-20,28.669218063354492,28.778804336632987,28.24773585991077,28.29831488195946,91962400
2004-08-23,28.73665428161621,28.8883881190251,28.58492044420732,28.702934936491182,83390800
2004-08-24,28.728227615356445,28.922109036887708,28.500626846866545,28.87153001644976,86610500
2004-08-25,29.12442398071289,29.16657156424457,28.576498963492032,28.719801390630646,88394600
2004-08-26,28.99797821044922,29.124420947877304,28.9221112817307,29.048554019158786,57663400
2004-08-27,29.13286018371582,29.234015043839637,29.031702107936983,29.056993234709203,58597200
2004-08-30,28.6439208984375,29.023255402013717,28.610201561307843,29.006395733448887,62355700
2004-08-31,28.67764663696289,28.761941782950338,28.365750738024904,28.67764663696289,81262000
2004-09-01,28.88838768005371,29.056981187463265,28.49219341998931,28.601779682153573,96630600
2004-09-02,29.31830596923828,29.402604353485092,28.795668849526283,28.812528526375647,83054000
2004-09-03,28.778793334960938,29.22556327080901,28.702926438717608,29.031681917221114,90213700
2004-09-07,29.02325439453125,29.17498819069461,28.761934364327047,28.997966500388312,95556500
2004-09-08,28.913663864135742,29.23399107684381,28.81250908694197,28.922095304699116,101466100
2004-09-09,29.158138275146484,29.293012448441207,28.778803657863218,29.040123775470345,104397500
2004-09-10,29.604907989501953,29.66391523857914,29.0569830744061,29.174997572560475,108591600
2004-09-13,29.992687225341797,30.11070177535229,29.621780678845614,29.71450731546966,109350500
2004-09-14,30.03481674194336,30.110683652094625,29.807216011489558,29.883082921640824,76466300
2004-09-15,29.71449089050293,29.883084389749968,29.604904633644328,29.857793274688113,90128700
2004-09-16,29.773502349853516,29.984243449847185,29.61334027149376,29.722923328219597,67121000
2004-09-17,29.866228103637695,29.9420950261158,29.638627336203367,29.69763458528035,83903400
2004-09-20,29.866228103637695,30.152836120149004,29.655487009604492,29.748213605483723,110678100
2004-09-21,29.98422622680664,30.220255094214497,29.857780353179777,29.958938338342126,93688400
2004-09-22,29.46160888671875,29.891519351780225,29.39417018556559,29.874659676491937,101393400
2004-09-23,29.43631362915039,29.630198259891174,29.402597498966344,29.48689264790718,92503200
2004-09-24,29.33517074584961,29.663926462428197,29.29302315422635,29.49533609593516,103247400
2004-09-27,29.082265853881836,29.284578683405005,28.98111104694692,29.183420660816754,86017600
2004-09-28,29.141267776489258,29.24242256497108,28.8546598627468,29.124408109133494,87070300
2004-09-29,29.57119369506836,29.604909828310987,29.10756068687362,29.11599213192485,95096200
2004-09-30,29.621776580810547,29.73136288308324,29.411035423331068,29.52062172560376,74514600
2004-10-01,30.43100929260254,30.473160079223522,29.80721752471591,29.88308443871872,118252700
2004-10-04,30.60803985595703,30.869356773330278,30.55746083211666,30.650187434663607,108032600
2004-10-05,30.650190353393555,30.759776640989546,30.48159680685844,30.540604065797567,89754400
2004-10-06,30.89466094970703,30.928377097528852,30.43945918972979,30.60805279146086,87815500
2004-10-07,30.549034118652344,30.911505886040096,30.490023646749748,30.801922819095694,82374300
2004-10-08,29.992687225341797,30.54904382943076,29.925248502104196,30.414169598610872,115073000
2004-10-11,30.135976791381836,30.228703388321485,30.00953084725432,30.110688888817908,51181600
2004-10-12,30.085411071777344,30.211857071808385,29.672360140899276,29.866241649466275,97884100
2004-10-13,30.017963409423828,30.46473352150712,29.866229557083454,30.388866595336932,132442500
2004-10-14,29.883085250854492,30.16126179932247,29.781930434652832,30.085394883257816,99383700
2004-10-15,30.03481674194336,30.228698131073624,29.739777328842486,29.91680226296436,129183400
2004-10-18,30.4647216796875,30.557448244035918,29.840930054229993,29.933653402925607,108933400
2004-10-19,30.245563507080078,30.827207784188815,30.16969658261772,30.667045706170057,129973500
2004-10-20,30.388866424560547,30.54060027604822,30.05168258898552,30.203416440473195,106524200
2004-10-21,30.852497100830078,31.012662401841823,30.43101488242719,30.54903260472947,122627600
2004-10-22,30.17812156677246,30.919931057789974,30.12754576633844,30.86092381351452,114321100
2004-10-25,30.03481674194336,30.18655056224589,29.91680226296436,30.11911187959882,102863000
2004-10-26,30.194992065429688,30.211851743504063,29.84937670404193,30.051689625279668,98164500
2004-10-27,30.96208381652832,31.096957999701367,30.102259692929838,30.21184597164987,152423400
2004-10-28,31.155961990356445,31.290836159401778,30.827206404286812,30.919932998440572,111113900
2004-10-29,31.105365753173828,31.391973576074978,30.911481247861282,31.113793976353982,100779200
2004-11-01,31.223407745361328,31.34142226801385,31.021094838203744,31.17282871465829,72356000
2004-11-02,31.32457160949707,31.6533273645796,31.206557052868007,31.26556433118254,108930700
2004-11-03,31.535289764404297,31.94834362643375,31.316120493053027,31.830325940387375,140980100
2004-11-04,31.712316513061523,31.847190674338382,31.282406128883295,31.40884884627517,112513700
2004-11-05,31.99892807006836,32.16752159434682,31.703891814321565,32.0495070920481,117017900
2004-11-08,32.03265380859375,32.11694897972292,31.906207836245333,31.99050622302916,66486000
2004-11-09,31.96521759033203,32.15910228721765,31.87249418112553,31.973649037494834,85038700
2004-11-10,31.855619430541992,32.08322016142892,31.73760495133841,31.973633909745573,95122300
2004-11-11,32.27711868286133,32.352985633425355,31.91464360968375,31.956791200962634,99338800
2004-11-12,32.588985443115234,32.673280549952494,32.17593170204737,32.31923724245336,102418100
2004-11-15,32.73230743408203,32.757595335711926,32.454127653537874,32.57214214868249,82696000
2004-11-16,32.529998779296875,32.60586570964785,32.30239798824394,32.58900603449717,97197500
2004-11-17,32.96834182739258,33.14536359912074,32.732312798421695,32.732312798421695,125242500
2004-11-18,33.12007522583008,33.17908248223986,32.78288814721333,32.858755079119376,94901100
2004-11-19,32.60587692260742,33.12008593674688,32.53000996616627,33.077938342202984,118448900
2004-11-22,32.91777801513672,32.9346376986637,32.43728828941319,32.54687462451064,79882600
2004-11-23,32.8671989440918,33.002073183372026,32.54687141993043,32.88405541030325,91925300
2004-11-24,33.15378952026367,33.204365323384444,32.93461698789431,32.95147666081917,74051700
2004-11-26,33.05265808105469,33.28025902521602,33.0189387080701,33.187532357336615,31248900
2004-11-29,33.04420852661133,33.4151117431781,32.85032708052045,33.26337787829753,94765400
2004-11-30,32.97675704956055,33.204357758713066,32.92618125796204,33.12849085566223,87663100
2004-12-01,33.65116500854492,33.684884384062094,33.10323962684574,33.10323962684574,102375000
2004-12-02,33.777584075927734,34.04733243326532,33.5162639479083,33.56684297077937,122005600
2004-12-03,33.828163146972656,34.21592600924088,33.78601556901378,34.01361313312255,114227700
2004-12-06,33.946170806884766,34.081044958550684,33.6427031617231,33.8197248828496,70415100
2004-12-07,33.36452865600586,34.140054271246356,33.32237786833328,34.01360833953585,121439800
2004-12-08,33.55842590332031,33.70172835897104,33.297105688383226,33.38140087221834,10121300
2004-12-09,33.76072692871094,33.87874144192305,33.07792775493964,33.2886688758625,134346000
2004-12-10,33.65957260131836,33.77758711631952,33.499410504624535,33.58370566800984,86177300
2004-12-13,33.95462417602539,34.00520322622112,33.70173535635838,33.912476575356855,74296400
2004-12-14,34.12321853637695,34.21594518925759,33.92933699656103,33.95462491438088,91985000
2004-12-15,33.99676513671875,34.291801471523534,33.84503124577489,34.131639349151634,95179300
2004-12-16,33.676422119140625,34.09790424024213,33.56683586727129,34.00517765909525,86101300
2004-12-17,33.590484619140625,33.87983778718711,33.556442306087234,33.73515957993703,97947000
2004-12-20,33.36069107055664,33.845782482782326,33.26707636881968,33.67557422930171,106397600
2004-12-21,33.769187927246094,33.794718028250955,33.42877143040378,33.522386129358026,83184700
2004-12-22,33.81175994873047,33.98196830171277,33.60751252231515,33.65006379894715,75298000
2004-12-23,33.837276458740234,33.96493348375697,33.65005026755615,33.7096226801765,45782000
2004-12-27,33.692596435546875,34.05854305574416,33.53090037521999,34.02450075469034,67157700
2004-12-28,34.01598358154297,34.04151367793687,33.70960943900926,33.76066963179706,62563100
2004-12-29,34.05854797363281,34.177692798072606,33.9564243021777,33.9734422087094,46594800
2004-12-30,34.03301239013672,34.143644997052554,33.98194893940079,34.101093744665505,41717600
2004-12-31,33.973445892333984,34.14365419418293,33.85430105497573,34.06706062067357,44112300
2005-01-03,33.61600112915039,34.28832193088196,33.50536527971868,34.11811368093757,100970900
2005-01-04,33.003257751464844,33.820256826265556,32.80751937049313,33.760681170232324,136623200
2005-01-05,32.79902648925781,33.15646112188458,32.73945405048668,32.91817136680007,127925500
2005-01-06,32.637298583984375,32.943672713787514,32.62878963435722,32.87559137741548,102934600
2005-01-07,32.8075065612793,33.07983839773392,32.518153579239815,32.81601875729751,123104000
2005-01-10,32.79048538208008,33.07983836382294,32.67134060955976,32.71389185025251,88764200
2005-01-11,32.56072235107422,32.76497296161204,32.39902625063621,32.654337078968496,106398800
2005-01-12,32.83305740356445,32.85007531176863,32.34796261195955,32.70540036686001,127754900
2005-01-13,32.39902114868164,33.06282984710464,32.34795769247494,32.83305241030653,101982400
2005-01-14,32.705387115478516,32.78198065717679,32.50113658879913,32.5096487859056,93460900
2005-01-18,32.95220184326172,33.01177426061952,32.52668272130411,32.57774293820894,91760400
2005-01-19,32.407535552978516,32.97772957704546,32.39051439975148,32.96070842381843,104981000
2005-01-20,31.78626251220703,32.17774239190562,31.760732415480604,32.04157646527839,120963900
2005-01-21,31.53096580505371,31.95648492049695,31.479905588930574,31.896912504051155,138569200
2005-01-24,31.08843421936035,31.658631681483403,31.028861786274167,31.590547045696837,137499000
2005-01-25,31.241607666015625,31.56500305089169,31.19905641058652,31.292671120402172,119171300
2005-01-26,31.616092681884766,31.73523759431361,31.33524831991216,31.45439323234101,107465800
2005-01-27,31.573501586914062,31.71817970338519,31.37776327935446,31.564992637216523,103654700
2005-01-28,31.42032814025879,31.71819345201183,31.165017334794065,31.675642192176547,111648600
2005-01-31,31.828826904296875,31.939459522164857,31.709678840784555,31.794784600436213,89139900
2005-02-01,31.930953979492188,32.04158985562831,31.803296949607958,31.90542387209659,76610300
2005-02-02,31.982017517089844,32.1096713008257,31.752236810621536,32.03307773200293,100160500
2005-02-03,31.616092681884766,31.837361341187567,31.488435563450786,31.811831216082922,90157900
2005-02-04,32.1266975402832,32.18626996474757,31.616075831601883,31.616075831601883,99302000
2005-02-07,32.05860137939453,32.26285193724817,31.93094762138193,32.16923723350077,71551400
2005-02-08,32.118194580078125,32.34797211935478,32.016067622117106,32.05010994143745,72821700
2005-02-09,31.582040786743164,32.169256211510394,31.539489508969492,32.14372609413707,93276600
2005-02-10,31.616092681884766,31.760767719418254,31.38631181657683,31.709704222753587,110373000
2005-02-11,32.08415603637695,32.21180987916897,31.428855921389765,31.51395848325111,108684100
2005-02-14,32.22881317138672,32.28838558095033,32.07562604780804,32.08413824714732,54908900
2005-02-15,32.44156265258789,32.747936804815936,32.18625194121513,32.254336529022176,131406500
2005-02-16,32.32243347167969,32.47562062173366,32.19477967760365,32.3649847363717,80273900
2005-02-17,31.888391494750977,32.45858533558516,31.854349199236463,32.3819917939035,115628300
2005-02-18,31.78626251220703,31.973491878738887,31.709668975575976,31.896898342107836,69158800
2005-02-22,31.394794464111328,31.95647947085227,31.309691954116776,31.51393927668476,121232000
2005-02-23,31.437360763549805,31.547996676649987,31.23311334323862,31.52246656072464,95010100
2005-02-24,31.837331771850586,31.862861873243816,31.28415576767994,31.360749318311996,99334600
2005-02-25,32.01603698730469,32.084121560798074,31.73519623777235,31.81178975972683,79988700
2005-02-28,31.675642013549805,31.99903418363669,31.42032796307183,31.879889358188574,95731300
2005-03-01,32.02458190917969,32.08415434863984,31.769270990571254,31.803310065652436,78460600
2005-03-02,32.007545471191406,32.35647098425329,31.794785932825555,31.83733719120814,107270600
2005-03-03,31.743724822998047,32.10967151577285,31.505435161266785,32.09265036187017,89793800
2005-03-04,31.930953979492188,32.12669237791571,31.82883030345668,31.99903534803148,86622300
2005-03-07,32.3905029296875,32.586241252804335,31.96498398905475,31.999023037001944,93563900
2005-03-08,32.067100524902344,32.51814946322876,32.04157043298233,32.347941275375966,89595200
2005-03-09,31.973482131958008,32.279856185087304,31.888379671177997,32.05858459273802,98063000
2005-03-10,31.930953979492188,32.05860776292329,31.556498336393247,32.007547548132095,97043600
2005-03-11,31.633073806762695,32.18624968127254,31.50542008326538,32.075613857080256,102857500
2005-03-14,31.77777099609375,31.7947921520668,31.51394794819176,31.692668462682036,65576200
2005-03-15,31.522457122802734,31.89691277889619,31.479905860182402,31.845849315879846,93856300
2005-03-16,31.165021896362305,31.641604517051892,31.088428318866722,31.411823784565136,159578000
2005-03-17,31.241607666015625,31.394794782722567,31.09693274826612,31.15650515515741,100429600
2005-03-18,31.071401596069336,31.3096944869458,30.93523562119118,31.275652181613033,108899400
2005-03-21,31.13096809387207,31.275642979288843,30.850124027189676,31.147985995078308,92752500
2005-03-22,30.748010635375977,31.275653402824943,30.730989482044972,31.156508575960956,114016300
2005-03-23,30.858625411987305,31.054366938839454,30.696929418556362,30.713950562041383,97444900
2005-03-24,30.86715316772461,31.19054856406796,30.86715316772461,30.969276833666214,77566800
2005-03-28,30.926713943481445,31.156494540256467,30.901183848212526,30.986286330076645,59739000
2005-03-29,30.679929733276367,31.130982234977342,30.586315001858175,30.867159196112752,119554300
2005-03-30,31.258621215820312,31.301172460901554,30.82459332166859,30.833102272104078,114711000
2005-03-31,31.122468948364258,31.27565609507682,31.01183306541556,31.25863494028061,86578900
2005-04-01,30.807575225830078,31.386281306321035,30.748002827525323,31.335217859294577,143814300
2005-04-04,31.02884864807129,31.14799346379548,30.662902001802557,30.850131424485,100090300
2005-04-05,31.113954544067383,31.207566009368943,30.994806481364673,31.054382135942408,66266600
2005-04-06,31.062898635864258,31.411824216710347,30.99481401206329,31.199064637012643,82168900
2005-04-07,31.437360763549805,31.445872966494395,31.071413951833534,31.088435111268502,88618000
2005-04-08,31.182048797607422,31.547995596797744,31.148006479902715,31.488423164041563,92332900
2005-04-11,31.045862197875977,31.301172918548172,30.97778085404097,31.275642820416536,70976000
2005-04-12,31.199054718017578,31.267139320172667,30.560776181849906,31.01182530854359,144848500
2005-04-13,30.688444137573242,31.148002380284506,30.620359511124953,31.113963313514034,108995500
2005-04-14,30.2543888092041,30.72245888290043,30.211837574586454,30.688419843076975,158057900
2005-04-15,29.565061569213867,30.101213172144934,29.51399812045515,29.990580569512872,170013300
2005-04-18,29.573556900024414,29.78631630218286,29.47994224364256,29.53951461653086,110084000
2005-04-19,29.777843475341797,29.87145499882448,29.573592773073276,29.803373595704823,96922100
2005-04-20,29.531023025512695,30.033135639577463,29.437408314109522,29.965051032574156,140457400
2005-04-21,30.31397819519043,30.390571759056908,29.752293142320582,29.888459117366214,124505100
2005-04-22,29.862930297851562,30.18632571993444,29.63314959635476,30.17781351999767,114996800
2005-04-25,30.1097412109375,30.177822598647833,29.914002757395988,30.041656576773125,72170100
2005-04-26,29.82889747619629,30.382073775678546,29.820388520006855,30.03314813573786,104958800
2005-04-27,29.871437072753906,29.999094090870656,29.556553873572835,29.67569869237363,112539300
2005-04-28,29.573556900024414,29.91397324205827,29.54802681062967,29.718231735195758,98181900
2005-04-29,29.769311904907227,29.837396510190167,29.233157000888376,29.78633305622796,144435900
2005-05-02,29.888458251953125,30.007603070861627,29.69271987139589,29.871437099758648,67648800
2005-05-03,30.04163932800293,30.15227517177011,29.81185868931056,29.828879838078755,103428700
2005-05-04,30.40760040283203,30.49270618723493,29.99059342184586,30.033144690820446,90480600
2005-05-05,30.433124542236328,30.569290524103824,30.23738614620512,30.424615588692834,79341700
2005-05-06,30.518238067626953,30.654404084107643,30.399093209013085,30.611852812667536,77310200
2005-05-09,30.662891387939453,30.688424729936884,30.348008305885195,30.5267254676091,66298400
2005-05-10,30.44163703918457,30.60333312971294,30.3139800096153,30.51823060763551,77194700
2005-05-11,30.594833374023438,30.66291476286254,30.041657074855532,30.484197464899037,131952400
2005-05-12,30.50971221923828,30.807577478999207,30.348016161506894,30.662899325069052,116602200
2005-05-13,30.841638565063477,31.037377042526014,30.54377312387353,30.628878926979706,133273500
2005-05-16,31.045862197875977,31.096925640591195,30.74800023150041,30.841614919919,79093200
2005-05-17,31.233089447021484,31.2671317398459,30.81607947605171,30.935224254485437,91665900
2005-05-18,31.65862464904785,31.794790643919853,31.24161446362231,31.318208038641146,128105900
2005-05-19,31.922449111938477,31.930961313994338,31.658629284376577,31.735222870609938,92619700
2005-05-20,32.05008316040039,32.07561325533058,31.786260275799446,31.871366002985983,66530100
2005-05-23,32.21177673339844,32.33092474243806,31.99901730121892,32.05008073366447,93068200
2005-05-24,32.313899993896484,32.33943008404591,32.08411944319889,32.135179623497734,100830000
2005-05-25,32.17776870727539,32.237341145990634,31.99053918762496,32.20329882488066,76470600
2005-05-26,32.50113296508789,32.5692175485406,32.32241580320197,32.32241580320197,84066800
2005-05-27,32.518157958984375,32.55220025473912,32.35646192382735,32.45858556463958,50076900
2005-05-31,32.407535552978516,32.54370153234174,32.27136632716226,32.50114702604765,75281500
2005-06-01,32.67134475708008,32.91814652946087,32.35646164023851,32.36497059087661,110875700
2005-06-02,32.90113067626953,32.90113067626953,32.59475646076352,32.62028980969069,75926500
2005-06-03,32.42456817626953,32.88412978262123,32.35648677891437,32.87562082537227,96998400
2005-06-06,32.43306350708008,32.50114486901676,32.30540648957617,32.44157245990236,52681400
2005-06-07,32.16072463989258,32.73943070075471,32.118173392039914,32.46709881875513,108953400
2005-06-08,32.0926399230957,32.29689045703817,31.964986180027246,32.23731806098247,79211900
2005-06-09,32.296897888183594,32.39051260251139,31.91393007795753,32.05009604976537,99383300
2005-06-10,31.95647430419922,32.25433953392726,31.811799411308673,32.25433953392726,85971700
2005-06-13,32.10968017578125,32.29690967275357,31.879899405802682,31.89692056429599,82331300
2005-06-14,31.982017517089844,32.20328602343721,31.913932901934874,32.075628993248216,62593600
2005-06-15,32.08415603637695,32.22883104083217,31.70118801509163,32.19479196396041,103952000
2005-06-16,32.25434875488281,32.3394512754475,32.05009816049327,32.118182774107474,90450100
2005-06-17,32.25860595703125,32.548226534190256,32.1563878855204,32.463045349506864,83915700
2005-06-20,32.25860595703125,32.43749164399262,32.01157922166785,32.13083418000616,67580000
2005-06-21,32.2415657043457,32.37785753528329,32.11379394065935,32.23304888654804,97845600
2005-06-22,32.207496643066406,32.45452336383457,32.05416792013239,32.36934218418399,75221100
2005-06-23,31.849708557128906,32.52265050230521,31.798601181184974,32.25858381193875,122163300
2005-06-24,31.49195098876953,31.86675257735281,31.48343092456741,31.841198883651252,142144100
2005-06-27,31.347139358520508,31.568615536968945,31.26195821262645,31.474914326814023,72780800
2005-06-28,31.645307540893555,31.73900558353208,31.43235124048231,31.474941850673503,73330300
2005-06-29,31.577123641967773,31.738969074306187,31.491942519568934,31.730452261846917,71513600
2005-06-30,31.330116271972656,31.69640120958185,31.304562566845366,31.636773731315596,87803700
2005-07-01,31.28752326965332,31.517516346440154,31.24493268123804,31.39826139909593,55254800
2005-07-05,31.61121940612793,31.679363701615333,31.176786930762294,31.176786930762294,79288700
2005-07-06,31.4578914642334,31.756028857154178,31.398263985649244,31.543072648081086,79101000
2005-07-07,31.568639755249023,31.59419346873061,31.134207129332545,31.15976409226905,119466300
2005-07-08,32.17341613769531,32.207489902205566,31.508993977010526,31.58565832243208,101320700
2005-07-11,32.4715576171875,32.50563138606686,32.19897396505954,32.25860143587169,96283700
2005-07-12,32.624874114990234,32.761165890035144,32.37784425726751,32.47154546188318,86059300
2005-07-13,32.7015495300293,32.73562329770736,32.514147057253275,32.64192206131935,72135400
2005-07-14,33.025245666503906,33.1189469081194,32.81228948081543,32.9400612425564,99135200
2005-07-15,33.12746810913086,33.22116936314467,32.92303196351341,33.07636069745347,67239200
2005-07-18,32.99116897583008,33.12746079262505,32.957095209268026,33.04227962567315,58644000
2005-07-19,33.37449264526367,33.391529529524426,33.08487211173769,33.14449958192362,77860900
2005-07-20,33.61300277709961,33.706704016507004,33.13598301204879,33.17005353137139,91433100
2005-07-21,33.621524810791016,33.80892405111472,33.400048550244406,33.69818917029505,127286000
2005-07-22,33.57894515991211,33.72375712213862,33.40858273299387,33.630055837660585,71666600
2005-07-25,33.45114517211914,33.75780248147858,33.391517723016165,33.61299064119117,51872700
2005-07-26,33.57894515991211,33.672646444390146,33.38302576939213,33.55339144576538,67324900
2005-07-27,33.834468841552734,33.868539350621155,33.41707342330305,33.604475845715456,78351100
2005-07-28,33.99633026123047,34.004847080127995,33.7663371575494,33.86003841269213,66163700
2005-07-29,33.715206146240234,34.00482327839396,33.664095520268084,33.96223271480969,74725700
2005-08-01,33.77484130859375,33.92816997212085,33.6641032183903,33.76632124425755,59748300
2005-08-02,34.1411247253418,34.192232111509085,33.7748399603654,33.81743053198891,79284100
2005-08-03,34.12409210205078,34.18371955964966,33.970763425524304,33.99631712179447,61916400
2005-08-04,33.791900634765625,34.02189380495018,33.706719423343905,33.970786377879115,72035500
2005-08-05,33.630043029785156,33.89410989006757,33.58745243927606,33.740781164671816,66029500
2005-08-08,33.38301467895508,33.74078280542739,33.340424086374874,33.66411843900146,63415400
2005-08-09,33.604488372802734,33.723743322629254,33.485233422976215,33.53634083035691,62143600
2005-08-10,33.314876556396484,33.80893337092867,33.195621575283695,33.68967838981589,102317500
2005-08-11,33.58747100830078,33.68117230889635,33.30636710651409,33.331924074511875,92446700
2005-08-12,33.40003967285156,33.49374089283539,33.19560360148026,33.32337533372413,86367300
2005-08-15,33.604488372802734,33.75781709385216,33.289314112624986,33.34042152000568,63061100
2005-08-16,33.059322357177734,33.50227165248283,32.99969487987261,33.476714698313636,94596000
2005-08-17,33.2552375793457,33.36597245244243,33.04228140107036,33.153016274167086,74470500
2005-08-18,33.084869384765625,33.306342362994,33.0252419194944,33.11042308432382,72559400
2005-08-19,33.06782913208008,33.22115781271035,33.04227543512597,33.12745659127487,52024300
2005-08-22,33.084869384765625,33.37448989442006,32.88043003994061,33.11894315047865,88056300
2005-08-23,32.99116897583008,33.15301449281998,32.88895092559715,33.0848702091491,57482900
2005-08-24,32.79525375366211,33.37449485913763,32.76117998288034,32.92302876936692,95025700
2005-08-25,32.87190628051758,32.957087427356285,32.78672513367887,32.85486940125934,52328800
2005-08-26,32.76116943359375,32.88042434347553,32.59932394867599,32.82079688853464,63840700
2005-08-29,33.0167236328125,33.09338798507215,32.59081128680409,32.59081128680409,74940400
2005-08-30,32.89746856689453,32.93154233431044,32.64192181018181,32.846361165223975,87373600
2005-08-31,33.20412063598633,33.22967433271294,32.778208360127934,32.91450015842451,93426300
2005-09-01,33.15303039550781,33.348953022492225,33.0337754047902,33.22117796132061,74884400
2005-09-02,33.025245666503906,33.24671866986038,32.99969196404641,33.221164967402885,53244900
2005-09-06,33.510772705078125,33.57040015433031,33.135971131285515,33.17856170225818,78106600
2005-09-07,33.570396423339844,33.63002386596507,33.40003090893123,33.47669522794251,57440100
2005-09-08,33.56189727783203,33.7067059291671,33.45115914775287,33.46819603310764,73529700
2005-09-09,33.749290466308594,33.80891792963178,33.48522691429251,33.57040807633905,75342100
2005-09-12,33.843013763427734,33.95375194586358,33.71524193703729,33.757832545834106,51689900
2005-09-13,33.75780487060547,33.99631468389731,33.68114053783988,33.8003954444858,66145800
2005-09-14,33.37449264526367,33.80040500342226,33.34893894359925,33.77485130175784,98644000
2005-09-15,33.35744857788086,33.51077725375676,33.263747359350845,33.442629731388486,80421500
2005-09-16,33.56189727783203,33.6130046844427,33.31486731436837,33.434122262398105,71034100
2005-09-19,33.297828674316406,33.54485862476231,33.14449996365711,33.4937479713914,73387500
2005-09-20,33.16153335571289,33.68114690384043,33.05931530918959,33.35745263215468,115202800
2005-09-21,32.79525375366211,33.110428009759374,32.769700050302596,33.06783742100898,116404300
2005-09-22,32.91451644897461,32.99118082655112,32.57378840932129,32.744150804420755,118686100
2005-09-23,33.00821304321289,33.118951183914646,32.71859246330719,32.79525683003087,70154000
2005-09-26,33.0167236328125,33.246716689591445,32.837841227357764,33.19560928772056,69327600
2005-09-27,32.94005584716797,33.1359783654295,32.80376404062928,33.04227713916172,64089500
2005-09-28,32.94857406616211,33.17856708607771,32.84635602935055,33.01671834088555,72044500
2005-09-29,33.39152145385742,33.40003826920132,32.752653071128464,32.90598174293962,117634600
2005-09-30,33.61300277709961,33.63003966148763,33.33190230833087,33.365972827653465,79248500
2005-10-03,33.69819641113281,33.860041982882656,33.65560256379214,33.68115952208741,81685600
2005-10-04,33.47669982910156,33.97075956384672,33.46818301446391,33.749283389839455,85348600
2005-10-05,33.0167236328125,33.510783513919854,32.99116993187706,33.485229812984414,106152200
2005-10-06,32.58230209350586,33.10191579713194,32.30119831962785,32.99117765141144,162213700
2005-10-07,32.65896987915039,32.85488923471168,32.52267801226191,32.71008054777898,91119900
2005-10-10,32.48008346557617,32.761183985233025,32.42045598415035,32.59933842842781,64012000
2005-10-11,32.31822967529297,32.573779698512325,32.19897473083249,32.573779698512325,114736900
2005-10-12,31.934913635253906,32.42045351819255,31.88380297672476,32.13083295210163,146109500
2005-10-13,32.181941986083984,32.29268012709489,31.79862340084939,31.917878360651613,138569600
2005-10-14,32.42044448852539,32.42896130451461,32.06267647737365,32.26711580509649,131463200
2005-10-17,32.522674560546875,32.53119137968718,32.216017080230536,32.4289733027331,64080400
2005-10-18,32.292667388916016,32.52266039900601,32.292667388916016,32.48858663837356,88070400
2005-10-19,32.94005584716797,32.94005584716797,32.03712384739404,32.130825073661825,132879900
2005-10-20,32.633419036865234,33.09340209712077,32.45453330567478,32.97414710929694,132576900
2005-10-21,32.83785629272461,33.008221959179075,32.650456984134024,32.94007439281536,110032000
2005-10-24,33.35744857788086,33.374485458472925,32.76969081999174,32.99116376878319,110820900
2005-10-25,33.229698181152344,33.383026970459284,33.02526196171317,33.29784575393548,86665800
2005-10-26,33.059322357177734,33.451160993598236,33.01672851671367,33.20413101650339,89878100
2005-10-27,32.394901275634766,33.05080686627673,32.394901275634766,33.03376997762254,132231100
2005-10-28,32.64193344116211,32.70156093065978,32.301202144500174,32.50564157238823,95243900
2005-10-31,33.11042785644531,33.263756574799665,32.727106060559436,32.75266301325424,115279100
2005-11-01,33.084869384765625,33.229678014866266,32.974131270924865,33.033758736196084,73502300
2005-11-02,33.519309997558594,33.613011260615046,32.97414255736206,32.991179446049976,101409900
2005-11-03,34.021888732910156,34.14966378044875,33.80041566655831,33.85152633546463,137054000
2005-11-04,34.1411247253418,34.26889644021234,33.93668543231568,34.07297721118232,100944500
2005-11-07,34.18373107910156,34.32002292089218,34.03040235090539,34.25187537526996,65324500
2005-11-08,34.19225311279297,34.37113557315483,34.064481319443495,34.14114569523491,78859700
2005-11-09,34.20928955078125,34.35410148067997,34.09855139844156,34.17521577322223,72458800
2005-11-10,34.58407974243164,34.660744091468864,34.00483871625113,34.22631494656007,120763100
2005-11-11,34.67777633666992,34.85665871068171,34.652222640226164,34.728886979010184,80057200
2005-11-14,34.67777633666992,34.8055513177942,34.58407511710582,34.728886979010184,53652400
2005-11-15,34.515933990478516,34.83962825590796,34.39667906359741,34.69481638080016,79543500
2005-11-16,34.7288932800293,34.73741009723821,34.46482645420624,34.60963834238448,65895700
2005-11-17,35.18888473510742,35.197401553608515,34.797042845526384,34.848153504894476,94425500
2005-11-18,35.308143615722656,35.478509249767086,35.15481487002809,35.36777110022008,108820200
2005-11-21,35.393333435058594,35.418890398539936,35.129269724906315,35.265561615471846,69731400
2005-11-22,35.52108383178711,35.665892443294936,35.23146335931872,35.32516457827212,88814000
2005-11-23,35.60627365112305,35.79367613463772,35.529609294181,35.54664617899629,64101200
2005-11-25,35.68293762207031,35.72552820892106,35.54664579447583,35.64034703521956,22930200
2005-11-28,35.384803771972656,35.77664240896382,35.350729999333296,35.77664240896382,74716200
2005-11-29,35.21443176269531,35.64886091185911,35.21443176269531,35.58071662841036,77443000
2005-11-30,35.12925720214844,35.34221340833411,35.086663361348236,35.16332772555324,88044400
2005-12-01,35.7851448059082,35.81921856481576,35.350715752920564,35.35923256792121,91914100
2005-12-02,35.87033462524414,35.88737150727317,35.665895290348764,35.725522752723876,72929200
2005-12-05,35.60627365112305,35.8277499042683,35.46146500437336,35.8277499042683,61519900
2005-12-06,35.725521087646484,36.040698516314436,35.69145057462936,35.80218542847749,81509400
2005-12-07,35.65738296508789,35.802191606393734,35.4614636712576,35.776637904858205,83885500
2005-12-08,35.40183639526367,35.77663810080218,35.154806447555984,35.74256433226593,112043200
2005-12-09,35.538124084472656,35.5807146654601,35.24850358452377,35.401832275641006,56526900
2005-12-12,35.66591262817383,35.725540119534905,35.504067044401545,35.66591262817383,44863600
2005-12-13,35.810733795166016,35.95554252592696,35.57222051883122,35.62333120292912,76611600
2005-12-14,35.691463470458984,35.86182584545748,35.529614664974794,35.73405406420861,73581600
2005-12-15,35.75108337402344,35.83626454346822,35.44442596489691,35.7766370749662,72607200
2005-12-16,35.50431442260742,35.81170833461286,35.478695820304566,35.743399662153465,63743000
2005-12-19,34.94075393676758,35.61531964630885,34.923679210076244,35.581163678341404,75341700
2005-12-20,34.96636962890625,35.13714619722644,34.79559306058606,34.96636962890625,70257700
2005-12-21,35.120059967041016,35.35914515216706,34.966361417376746,35.02613271365826,68935000
2005-12-22,35.35061264038086,35.401843325768404,35.094446184275945,35.102986803368395,59149500
2005-12-23,35.35061264038086,35.51284857292775,35.26522273591529,35.44453664935529,38000400
2005-12-27,35.04320526123047,35.589687460991506,34.98343397421228,35.453066911051245,55656300
2005-12-28,35.000526428222656,35.205455709257436,34.898058530413074,35.060297739965485,50302400
2005-12-29,34.769981384277344,35.11153129966556,34.7102100676521,35.03468199867703,47301700
2005-12-30,34.505279541015625,34.65044078799073,34.462586206243884,34.61628481725628,60026500
2006-01-03,35.27376937866211,35.42746797565524,34.29180648201623,34.710208942118065,109350400
2006-01-04,35.64093780517578,35.64093780517578,35.282306660587736,35.359155958907145,92769400
2006-01-05,35.79463577270508,35.86294771280133,35.61532181589129,35.64947778593942,77656900
2006-01-06,36.443572998046875,36.46065097689629,35.9141686828807,36.084941956792015,110053900
2006-01-09,36.58873748779297,36.64850879582921,36.306958929520995,36.44357952750268,80768800
2006-01-10,36.61436462402344,36.64851733851078,36.33258274277679,36.42651003652567,84369400
2006-01-11,36.8961296081543,36.98151950603745,36.60581046993467,36.716815708537,100761400
2006-01-12,36.716800689697266,36.96442640633092,36.58871752391014,36.853421213134766,82429200
2006-01-13,36.69975280761719,36.75952413204759,36.486282861139216,36.66559683443042,64572100
2006-01-17,36.46065902709961,36.53750832024394,36.289882458190874,36.417965699195456,77962100
2006-01-18,36.04225540161133,36.255725291349314,35.880019458035584,35.88855682041662,121021900
2006-01-19,36.30696487426758,36.5631281302648,36.110572936093284,36.22157495074015,111094000
2006-01-20,35.222530364990234,36.28134240795837,35.137143715507015,36.2557238072799,188569400
2006-01-23,35.231056213378906,35.3932953545853,35.07736094599568,35.31644609224828,111381900
2006-01-24,35.3847770690918,35.60678763697037,35.273775042445386,35.31646838017807,77956900
2006-01-25,35.231056213378906,35.58114657351628,35.07736094599568,35.555531238500876,99826400
2006-01-26,35.47869110107422,35.598233704946175,35.20544993299786,35.43599777930447,112600600
2006-01-27,35.956871032714844,36.195956282075315,35.64093648787534,35.692167179999885,110830400
2006-01-30,36.02516555786133,36.13617077601711,35.922700956566494,36.01662819829132,53942600
2006-01-31,35.86294174194336,36.093489615445186,35.70070579716447,36.00809970454152,100988100
2006-02-01,35.99104309082031,36.00811782430123,35.60679644162596,35.640952423175165,89168700
2006-02-02,35.37621307373047,35.931235818320445,35.359135100034884,35.871461281740686,94047400
2006-02-03,34.94075393676758,35.20545780257669,34.821211306173915,35.11153051931241,121094200
2006-02-06,34.8468132019043,35.01758644527173,34.65895872545113,34.76996393947262,58162800
2006-02-07,34.69313049316406,34.94929373228735,34.530891277795206,34.78705777421081,87327000
2006-02-08,35.094478607177734,35.137175227502745,34.74438781865835,34.94077989443315,89907800
2006-02-09,34.761451721191406,35.325012353659226,34.69314301949801,35.188391692978946,78213400
2006-02-10,34.974910736083984,35.0603006580323,34.37719431161563,34.73582546921363,102575900
2006-02-13,34.5735969543457,34.78706691928233,34.411357696326235,34.75291094314211,70643100
2006-02-14,34.923683166503906,35.026147824721846,34.50528065473378,34.641901284788624,94340300
2006-02-15,35.14567565917969,35.23106229549897,34.77850725988227,34.82974119604867,92254300
2006-02-16,35.47016525268555,35.478702616893926,35.137152674582644,35.2737733029657,103859600
2006-02-17,35.18836975097656,35.40183960375942,35.179832390073486,35.40183960375942,81770200
2006-02-21,34.795597076416016,35.239614902376665,34.676054441982856,35.18838094877996,85101400
2006-02-22,35.231056213378906,35.470144616922326,34.735807945099836,34.821194566678386,91983900
2006-02-23,35.137142181396484,35.47015466005015,35.07737087790951,35.17129488532351,66517100
2006-02-24,35.231056213378906,35.25667480568513,35.01758640214171,35.17128492681576,57085400
2006-02-27,35.62385940551758,35.75193939635978,35.29084686911863,35.31646221582861,64945000
2006-02-28,35.094478607177734,35.62388673209567,34.98347651475816,35.529959379052336,117564600
2006-03-01,35.5726203918457,35.666547659470275,35.137143273294875,35.205451940563385,80962300
2006-03-02,35.598243713378906,35.72632697199036,35.359158438416266,35.47870107589758,69856500
2006-03-03,35.393333435058594,35.87150424203838,35.34209945261319,35.393333435058594,112066100
2006-03-06,35.0859260559082,35.54702199462705,34.9749207542255,35.47017267150724,99581000
2006-03-07,34.880977630615234,35.068832170265104,34.71020432979745,35.02613884506066,96441100
2006-03-08,34.89804458618164,35.08589906647923,34.582110170737344,34.80411734603285,103961900
2006-03-09,34.59918975830078,35.13713463138567,34.55649644459682,35.00905143298273,108556700
2006-03-10,34.633338928222656,34.82973073862462,34.31740130265869,34.56502703384437,124474900
2006-03-13,34.735843658447266,34.95785105718091,34.68460967844988,34.78707763844465,69169100
2006-03-14,35.32499313354492,35.3676864560358,34.70166150476128,34.70166150476128,118201000
2006-03-15,35.62385940551758,35.62385940551758,35.2823062486871,35.46162019024156,84375800
2006-03-16,35.32499313354492,35.794626195528025,35.29084042992724,35.734854892582455,101371200
2006-03-17,35.418148040771484,35.537774555051776,35.230161655714994,35.32415484824324,78219600
2006-03-20,35.50358581542969,35.61466894810541,35.37541597887515,35.52067577888574,60240100
2006-03-21,35.127628326416016,35.89665738561416,35.10199500231625,35.127628326416016,136566000
2006-03-22,35.21306228637695,35.27287552754738,34.913996080524825,34.931086043655974,112282800
2006-03-23,35.11054229736328,35.22162548022559,34.87983257583942,35.11054229736328,75158200
2006-03-24,35.28995132446289,35.46084762759539,35.05069845582291,35.2301381073029,81795500
2006-03-27,35.29851531982422,35.46940844755985,35.23870207320125,35.2728787430019,54400400
2006-03-28,35.15325927734375,35.6061320236177,35.025089405919225,35.36687898929608,100522800
2006-03-29,35.81974411010742,35.973550530736375,35.17888511067926,35.20452168716904,130669100
2006-03-30,35.930824279785156,36.14444392860621,35.70866127922521,35.89664435367527,115915600
2006-03-31,35.82827377319336,36.050436687017914,35.75137059925873,35.99917007744542,71074600
2006-04-03,35.87099838256836,36.20424439561814,35.8026418140439,36.01626138749386,80730700
2006-04-04,36.06753158569336,36.15298137931642,35.82827868270146,35.930815175472794,89952600
2006-04-05,36.409324645996094,36.46059126316381,36.067531986854924,36.14443517218287,91628200
2006-04-06,36.51186752319336,36.69130723380414,36.264067964972604,36.39224104945284,91712800
2006-04-07,36.16152572631836,36.78529456887835,36.14443576712236,36.64003480507701,116604300
2006-04-10,36.11027145385742,36.31534779325712,35.965011627281754,36.22990121992765,58981900
2006-04-11,35.81974411010742,36.255530055081934,35.64030437256612,36.22135012614718,91481900
2006-04-12,35.82827377319336,35.956446816276376,35.71719068649314,35.83681712159681,58751200
2006-04-13,35.973541259765625,36.17007417070199,35.708655027730394,35.80264817828868,63476900
2006-04-17,35.59756851196289,36.06753096022263,35.36685896254601,35.92227120294697,104072100
2006-04-18,36.28114318847656,36.366592963276986,35.691554410443935,35.691554410443935,124291700
2006-04-19,36.443511962890625,36.443511962890625,36.144442510528435,36.34951879956471,79050300
2006-04-20,36.31534194946289,36.58877485161031,36.212805426051936,36.434968436705226,81408000
2006-04-21,35.888099670410156,36.50332527925327,35.73429326819938,36.45205539199066,130181200
2006-04-24,35.85391616821289,35.9479093223609,35.648843158777886,35.845372817643394,78556400
2006-04-25,35.777000427246094,35.97353001718571,35.58901744445526,35.9478967148905,77660800
2006-04-26,35.768463134765625,35.93935945134035,35.63174673342107,35.768463134765625,82537000
2006-04-27,36.11027145385742,36.306804439755304,35.46086902165107,35.60612884822674,173950100
2006-04-28,35.75994873046875,36.076108341707155,35.70013545473804,35.88812189822259,88876600
2006-05-01,35.40958786010742,35.930820266544835,35.298508002022935,35.819737148883554,92875500
2006-05-02,35.50358581542969,35.65739222695693,35.37541597887515,35.56339905773726,85148100
2006-05-03,35.452301025390625,35.58047079629452,35.27285813080427,35.52065758462425,74971600
2006-05-04,35.74283218383789,35.879548594193025,35.486486062292705,35.486486062292705,88696800
2006-05-05,36.02482223510742,36.067545518634844,35.83683587609364,35.973552339127956,80392200
2006-05-08,36.05898666381836,36.12734323615988,35.947903566740166,35.95645017551798,45079100
2006-05-09,35.92229080200195,36.04191731669112,35.862477544657374,35.97355744568128,48528800
2006-05-10,35.60612106323242,35.87101059796233,35.50358454574028,35.8282873206387,92424200
2006-05-11,34.81145095825195,35.58902616088007,34.71745781404805,35.57193620197241,140989700
2006-05-12,34.341495513916016,34.70892159144176,34.332952161693775,34.65765495895364,153920800
2006-05-15,34.315853118896484,34.469659494823716,33.99969701708005,34.19622666197007,127896500
2006-05-16,34.05951690673828,34.401306384862615,33.98261370373431,34.32440318185864,132397500
2006-05-17,33.59808349609375,34.016779259932235,33.521180325575486,33.9056961781668,207897100
2006-05-18,33.367393493652344,33.888626036408745,33.32467020940197,33.74336621804196,139690900
2006-05-19,33.623741149902344,33.72628095790272,33.11105514821287,33.49557127926903,194306300
2006-05-22,33.29903030395508,33.529739904764064,32.9999608542055,33.333206968848366,169591800
2006-05-23,32.97433090209961,33.64936981110602,32.95724093812228,33.54683002724206,142243900
2006-05-24,33.196475982666016,33.35882892296258,32.66670042385097,32.923043225885635,234981600
2006-05-25,33.632286071777344,33.64937603891767,33.17086673772223,33.41866637189012,123510900
2006-05-26,33.74338150024414,33.82028475055495,33.521215106199975,33.709201553532864,91319600
2006-05-30,33.017059326171875,33.60665176672499,32.99142600600099,33.58101518697626,105606200
2006-05-31,33.170860290527344,33.37593659677409,32.93160731622057,33.07686711931331,137066200
2006-06-01,33.95698165893555,33.95698165893555,33.18794960014115,33.26485280602059,119357400
2006-06-02,33.87154006958008,34.17915296782297,33.58956375257612,34.14497303255642,128864100
2006-06-05,33.13669204711914,33.80318783274914,33.13669204711914,33.80318783274914,103190600
2006-06-06,33.11104202270508,33.281938375382786,32.769249317349654,33.19648856925553,127271000
2006-06-07,32.86323928833008,33.469918184922676,32.854695938334004,33.153762081844015,130754700
2006-06-08,32.81196975708008,32.9486861619189,32.03439459338872,32.700886659530966,280562200
2006-06-09,32.59836196899414,33.10250450547019,32.564182040519775,32.94869808691293,144146200
2006-06-12,31.957494735717773,32.69234345092008,31.948948126014834,32.64107683100861,145607500
2006-06-13,31.829320907592773,32.29928338317214,31.752417719983317,32.03439716107682,207099500
2006-06-14,32.15401840209961,32.222374969122605,31.786592483070184,31.92330887669211,201876800
2006-06-15,33.02560043334961,33.14522692030709,32.29929164034344,32.342014920031495,200700400
2006-06-16,32.78275680541992,33.07347517453141,32.66304981727474,32.96231728763769,120006100
2006-06-19,32.5177116394043,32.953791127538565,32.415106044102785,32.91958817518037,129450100
2006-06-20,32.5604362487793,32.90245566443926,32.440726028439826,32.568985347918556,102871700
2006-06-21,33.073482513427734,33.33855037583173,32.60320355774514,32.611752660893615,129548100
2006-06-22,32.65449905395508,33.07347679475919,32.483490926382096,32.99652183264296,143100500
2006-06-23,32.62031555175781,32.945233764589,32.43220260407576,32.62886465766492,88050200
2006-06-26,32.705806732177734,32.82551373820296,32.55189679249637,32.63740086486545,65157700
2006-06-27,32.09016036987305,32.77420585514649,32.05596070502586,32.7229014652198,128227500
2006-06-28,32.329593658447266,32.35524423527064,31.961920169041854,32.16713130717329,91576300
2006-06-29,33.3128776550293,33.3128776550293,32.40652319368803,32.47492576540734,181997200
2006-06-30,33.15043258666992,33.46680154472418,33.07347762262742,33.449700079184616,82719200
2006-07-03,33.34708786010742,33.34708786010742,33.1846288627186,33.25303144938796,21598500
2006-07-05,32.62031555175781,33.07349318560359,32.56901113099746,33.03929023843002,93724000
2006-07-06,32.58610153198242,32.90247053140582,32.50059419310349,32.72291001241725,70615200
2006-07-07,32.226985931396484,32.63741148348883,32.12438035881648,32.406549760626916,108063300
2006-07-10,31.944807052612305,32.43218740522832,31.782344760559607,32.31248040799225,105109800
2006-07-11,32.18423080444336,32.26973815822902,31.705402670331786,31.876410854359044,136114200
2006-07-12,31.577119827270508,32.18420691046512,31.500164896881785,32.1158043399916,154458900
2006-07-13,31.04701042175293,31.671199420334396,31.04701042175293,31.32917653206718,177745500
2006-07-14,30.73063850402832,31.106864338319166,30.602382365606296,31.03845845507645,172448500
2006-07-17,30.807575225830078,30.99568803144251,30.670766802231068,30.739172644915627,134311000
2006-07-18,30.910186767578125,31.064096665679276,30.388603586432048,30.970040254420752,206964900
2006-07-19,31.31206512451172,31.491628877841585,30.858887713880886,30.884538280740454,192517600
2006-07-20,30.850343704223633,31.4659802428646,30.816140768251493,31.423228203785175,152292100
2006-07-21,30.525413513183594,30.747726009203866,30.45700766101086,30.67932341880169,119343000
2006-07-24,31.13250160217285,31.14960306567137,30.610918381665197,30.64512130866224,130269300
2006-07-25,31.31206512451172,31.414673915491917,30.987147071720653,31.200910493606283,108869600
2006-07-26,31.28641700744629,31.525831014938127,30.97859713394466,31.2180111414365,107170500
2006-07-27,31.081192016601562,31.671180992489408,30.995687975171197,31.41466560642822,99698700
2006-07-28,31.731037139892578,31.756687702122832,31.209453962741584,31.235104524971838,93556100
2006-07-31,31.72248649597168,31.910599327235552,31.54292602709465,31.7053882947391,78015300
2006-08-01,31.192365646362305,31.46598263136596,31.004252746007886,31.440332058325538,98552800
2006-08-02,31.542932510375977,31.748146846822383,31.303518502664517,31.303518502664517,87370600
2006-08-03,31.739587783813477,31.927700614039207,31.192354017815568,31.22655694363307,99205600
2006-08-04,31.594236373901367,32.175673178568424,31.312067073796253,32.02176324428766,123493800
2006-08-07,31.389020919799805,31.58568288174069,31.23511099101632,31.56003231420046,69634800
2006-08-08,31.192365646362305,31.551489977786947,31.004252746007886,31.474534996893933,124139900
2006-08-09,31.23512840270996,31.902072886476592,31.14962428873179,31.628455807619005,145342200
2006-08-10,31.45743179321289,31.534386769863012,31.047006338336107,31.14961188661241,102481300
2006-08-11,31.23512840270996,31.371936942138756,31.098319863281166,31.33773725361121,86903200
2006-08-14,31.4403133392334,31.867840031480082,31.380459863260448,31.50016681520635,109281100
2006-08-15,32.235530853271484,32.27828289349133,31.713947481983272,31.808003927529878,133712100
2006-08-16,32.99650955200195,33.01361101074862,32.35521952696572,32.47492647642266,135452100
2006-08-17,33.116241455078125,33.3300049578311,32.868275009059346,32.88537648069225,129492200
2006-08-18,33.167537689208984,33.201740624038635,32.731458424559364,33.03072921166176,97754500
2006-08-21,32.851158142089844,32.97086838741926,32.71434969491261,32.919563996563795,66668400
2006-08-22,32.85972213745117,33.18464353768648,32.66306012887427,32.79986862448306,102058600
2006-08-23,32.61175537109375,33.0649328963692,32.42364246847898,32.885372359385165,96056300
2006-08-24,32.705806732177734,32.79131080454681,32.423637422171474,32.705806732177734,78985300
2006-08-25,32.76565933227539,33.03927627044198,32.54334679317923,32.63739996548491,73572900
2006-08-28,33.013633728027344,33.16754370088586,32.69726467793906,32.740016723339316,80035000
2006-08-29,33.116241455078125,33.141892031641376,32.645962401376025,32.98798531048966,104842000
2006-08-30,33.270137786865234,33.37274331279017,33.00506997797406,33.10767876566985,75687200
2006-08-31,33.23594665527344,33.37275515899271,33.141890197384186,33.31290164247628,61207200
2006-09-01,33.415504455566406,33.52665910237473,33.26159450884719,33.415504455566406,69388500
2006-09-05,33.74042510986328,33.75752657876838,33.21884172445878,33.43260519311494,85582800
2006-09-06,33.064918518066406,33.50954674613601,33.013617393677464,33.43259179778223,97888600
2006-09-07,32.911014556884766,33.26158640302863,32.79985667539408,32.96231568544151,115877400
2006-09-08,33.10767364501953,33.193177693103884,32.88535790116765,32.95376374905142,96627000
2006-09-11,33.3128776550293,33.475339878680785,32.76564403419616,32.84259896598642,142377500
2006-09-12,33.928524017333984,34.03112952668867,33.30433533762328,33.30433533762328,124102400
2006-09-13,34.15940475463867,34.18505532847039,33.88578776119416,33.95419037866937,116054300
2006-09-14,34.19359588623047,34.390257828494946,33.99693068219527,34.07388563888752,98116000
2006-09-15,34.31593704223633,34.61537671862762,34.22182649718544,34.478489543184786,137825600
2006-09-18,34.324501037597656,34.564056111973386,34.17050251251634,34.324501037597656,117806700
2006-09-19,34.093482971191406,34.43570243751985,33.81115468557014,34.41003711982157,159060800
2006-09-20,34.58970642089844,34.68381695242107,34.38437405542658,34.3929313384635,116635500
2006-09-21,34.375831604003906,34.795047231762204,34.29027832672826,34.67527133811698,121886900
2006-09-22,34.1106071472168,34.35871619078077,33.96516594049526,34.350162169534535,100996400
2006-09-25,34.70948791503906,34.78648715664861,33.948052783371175,34.256049749809364,136473400
2006-09-26,34.880592346191406,34.90625766823676,34.564041407592114,34.66670595942078,113375600
2006-09-27,34.83781433105469,35.034589407391934,34.649593273842044,34.79503444449026,113003800
2006-09-28,34.931922912597656,34.98325355177845,34.589703421039964,34.88058900976992,85943600
2006-09-29,34.777931213378906,35.0174829457452,34.752262625162814,34.99181762117669,85438200
2006-10-02,34.341617584228516,34.82072454239061,34.290286910473064,34.735167980049624,97068800
2006-10-03,34.48705291748047,34.632494139225905,34.11916795657953,34.238943848287136,116261400
2006-10-04,35.334049224853516,35.34260651251574,34.34161599322038,34.42717255159763,149209500
2006-10-05,35.50514221191406,35.55647612255521,35.23136788245616,35.334032440091015,91799900
2006-10-06,35.42814254760742,35.55647569082835,35.28270136469462,35.385365921082915,85450400
2006-10-09,35.54792785644531,35.71048364955429,35.35115271120921,35.3853753269846,62786100
2006-10-10,35.60780715942383,35.719029001873714,35.34259011065927,35.590695855689425,98181800
2006-10-11,35.53937530517578,35.78748438434334,35.22282099162474,35.44526473972268,136561300
2006-10-12,36.10403823852539,36.14681488151342,35.67626528134772,35.727595947473894,95260200
2006-10-13,36.300804138183594,36.37780338136062,36.052695103096745,36.12969434627377,80470200
2006-10-16,36.33503723144531,36.4633671646632,36.27514927654721,36.30081461046103,62017400
2006-10-17,35.93293380737305,36.104043668709416,35.72760132103957,36.078375068137014,146149100
2006-10-18,35.76180648803711,36.19813658462211,35.633476602419066,36.12113734779226,120366100
2006-10-19,35.84738540649414,36.02704931680337,35.58216492200223,35.66771823253531,108198400
2006-10-20,35.93293380737305,36.00137905736725,35.624936709697415,35.967156432370146,105454300
2006-10-23,36.300804138183594,36.42913729802792,35.77892074150016,35.86447400563115,126960500
2006-10-24,36.05269241333008,36.317912734185526,35.86447132990701,36.17246827963654,103541700
2006-10-25,36.300804138183594,36.37780338136062,35.97569585991971,36.06980640865251,125399500
2006-10-26,36.634464263916016,36.720017522971226,36.121138182289485,36.429135136724454,130260700
2006-10-27,36.11259460449219,36.63447816829028,36.00137597823765,36.548924876763884,129375000
2006-10-30,36.34357452392578,36.48901896432852,35.984246959955364,36.069800209382436,103899900
2006-10-31,36.42915344238281,36.583148733335335,36.198155610480114,36.4120421292438,135811800
2006-11-01,35.93293380737305,36.59170465214611,35.77893525853523,36.557482027149014,148960600
2006-11-02,35.96714782714844,36.05270110552323,35.71048472837569,35.770372675967714,100216400
2006-11-03,35.87302017211914,36.09546054810756,35.59924589537333,36.01846132879487,119263300
2006-11-06,36.39491271972656,36.540353913617544,35.984251199528444,35.99280522002005,101283300
2006-11-07,36.64302444458008,36.865464893895755,36.33502746579846,36.394915404600674,139706500
2006-11-08,36.81414031982422,36.95958482500691,36.33503668780766,36.43770128557568,180245700
2006-11-09,36.64302444458008,37.087905343211425,36.50613399743457,37.010906098516024,124278000
2006-11-10,36.81414031982422,36.82269760676664,36.50614326287145,36.651587768054135,82419400
2006-11-13,37.190582275390625,37.25047022884144,36.78847464766485,36.83125129103705,89146200
2006-11-14,37.58413314819336,37.61835576883496,36.9938076285451,37.21624813541802,121962800
2006-11-15,37.738128662109375,37.98623774646364,37.57557285887456,37.63546407203634,116565900
2006-11-16,37.90065383911133,38.00331835506515,37.6611022140037,37.86643124591134,113513200
2006-11-17,37.90065383911133,37.90065383911133,37.60121430772679,37.695324807203676,95162500
2006-11-20,37.97766876220703,38.05466799695647,37.65256051952635,37.78089366532457,107184100
2006-11-21,38.02900314331055,38.08033379134633,37.85789336801375,38.00333455564515,68092200
2006-11-22,38.268577575683594,38.285688889730345,37.86646985470855,38.14024761580713,69852700
2006-11-24,38.20012664794922,38.379790507941685,37.969128857823755,37.98624016786809,51762900
2006-11-27,37.336021423339844,38.16590196557991,37.336021423339844,38.08034541998126,159506300
2006-11-28,37.447235107421875,37.507123044413326,37.07935020096137,37.22479140118409,118268400
2006-11-29,37.703914642333984,37.79802523121577,37.35314088791502,37.644026679163616,139515500
2006-11-30,37.67825698852539,37.883586257367824,37.46437042968542,37.68681101487304,123457100
2006-12-01,37.35310745239258,37.94343253108109,37.01088802890439,37.64399298326365,144559600
2006-12-04,37.866455078125,38.05467619554051,37.464350777712106,37.464350777712106,89782400
2006-12-05,38.00333786010742,38.11455971326842,37.80656274368277,37.977672533857884,84697500
2006-12-06,37.866455078125,37.98623422971098,37.70390255358772,37.883566385494426,78207500
2006-12-07,37.38734817504883,38.05467278439796,37.38734817504883,37.93489690719662,124936100
2006-12-08,37.558467864990234,37.866461660232154,37.1905828517207,37.267582116443364,133798700
2006-12-11,37.69535446166992,37.96057160849751,37.430134051193654,37.49857929143863,72931300
2006-12-12,37.4729118347168,37.755243563844864,37.267582635031644,37.68679832151729,110985900
2006-12-13,37.54133987426758,37.738114960316835,37.31889620228334,37.72955767712275,79035500
2006-12-14,37.9605598449707,38.13166962890958,37.59267495177881,37.61834354074063,109104200
2006-12-15,38.05821228027344,38.34088467442908,37.989683658887515,38.272359320667675,99942300
2006-12-18,37.68132400512695,38.33232973152736,37.51857012280786,38.18671127642641,121588700
2006-12-19,37.561397552490234,37.74128358800634,37.15880325306183,37.39008249790379,136535200
2006-12-20,37.42433166503906,37.78410035421007,37.407199511495286,37.604217643436655,67213400
2006-12-21,37.158817291259766,37.51001851404233,37.013195518696705,37.46718973421547,102952300
2006-12-22,36.77333450317383,37.184496478541874,36.77333450317383,37.17593203364094,92858600
2006-12-26,36.92753219604492,36.936096643623124,36.73051722548683,36.77334599862973,50848600
2006-12-27,37.115962982177734,37.17592388621807,36.918944848760404,37.013170060144994,54129200
2006-12-28,36.93608474731445,37.15879952412745,36.87612383070131,37.00461337637226,69016000
2006-12-29,36.9703369140625,37.355802156793594,36.93607261079222,36.9960335077033,75152500
2007-01-03,37.03889465332031,37.74129708471231,36.422149779853626,37.22734193428128,167689500
2007-01-04,37.74128723144531,37.869773534788855,36.96179189437591,37.090278197719456,136853500
2007-01-05,37.561397552490234,37.64705834740867,37.244460780355055,37.64705834740867,138958800
2007-01-08,37.58709716796875,37.79267653911797,37.381514529194334,37.59566161358947,106401600
2007-01-09,37.775550842285156,37.9383047455469,37.37295647673807,37.69845774801006,121577500
2007-01-10,38.22098159790039,38.25524592539631,37.53571138611256,37.65563326472216,121070100
2007-01-11,38.61500930786133,38.752063330623564,38.246676009008006,38.298069225277814,174029800
2007-01-12,38.8120231628418,38.846284216843415,38.52078296426194,38.563611732483125,104217300
2007-01-16,38.78632736206055,38.889120337739804,38.657841043900326,38.846288297393826,95690500
2007-01-17,38.4693717956543,38.794876191595925,38.40084644618592,38.62355791648853,127142600
2007-01-18,37.75841522216797,38.40942091637338,37.64705782413442,38.36659215332206,189029800
2007-01-19,37.83549880981445,37.92972403359908,37.612787318016395,37.664183785796546,127544300
2007-01-22,37.42433166503906,37.886890007848564,37.27014555076923,37.86975785430479,123441700
2007-01-23,37.33012008666992,37.67275344980492,37.26159145346787,37.39864545224689,133103600
2007-01-24,37.94685745239258,37.96398960888945,37.49286674191204,37.5699598123356,117615300
2007-01-25,37.458614349365234,38.09249127096909,37.330128036187624,37.998266014063375,158337600
2007-01-26,37.321537017822266,37.544251716468246,37.0816934355485,37.52711956521673,146284300
2007-01-29,37.3558235168457,37.61279940306392,37.175940723255515,37.22733393992375,104191500
2007-01-30,37.37294006347656,37.50999403003876,37.27871484878549,37.41576881534769,69605900
2007-01-31,37.749855041503906,37.852644746862524,37.115981379562335,37.33012850517451,157772500
2007-02-01,37.68988037109375,38.03251695424446,37.56139083550608,37.921159574576784,147365600
2007-02-02,37.82695007324219,37.90404317311288,37.638499547419165,37.792685747160554,98189200
2007-02-05,37.79267120361328,37.998253813363895,37.65561721965445,37.80980336006123,96347800
2007-02-06,37.74128723144531,37.886905695426435,37.381518393307225,37.86120908828283,121110200
2007-02-07,38.08390808105469,38.24666191962188,37.79266798151937,37.929721953793376,117823800
2007-02-08,38.075355529785156,38.20384183088454,37.88690503368883,38.03252676275203,89521900
2007-02-09,37.58709716796875,38.3066315022414,37.45860761028159,38.17814194455425,133472000
2007-02-12,37.44147491455078,37.59566107451445,37.33868523045005,37.57852891589348,126940000
2007-02-13,37.5699577331543,37.689879554371004,37.43290375638884,37.501429110959286,93648000
2007-02-14,38.20382308959961,38.29804829142462,37.72413590594338,37.72413590594338,133370000
2007-02-15,38.426570892333984,38.426570892333984,38.16102721009116,38.229555876848025,110452500
2007-02-16,38.29808044433594,38.40087344223909,38.178158547742214,38.255251662356265,72342200
2007-02-20,38.58929443359375,38.64925534102061,38.05821071025969,38.23809343254027,93629000
2007-02-21,38.70923614501953,38.726368308465204,38.400867005875625,38.47795683994205,95864000
2007-02-22,38.90624237060547,39.01759977413762,38.606437746817356,38.854849159456265,116344400
2007-02-23,38.76919937133789,38.94051774827937,38.59788426202266,38.906253419365825,113467100
2007-02-26,38.58074951171875,38.97477946493621,38.340902493025744,38.95764730162771,101623700
2007-02-27,36.99605178833008,38.10105160762457,36.88469764911467,38.00682636088428,317813200
2007-02-28,37.115962982177734,37.48429284944371,36.77332644398365,36.961776866752814,214978700
2007-03-01,36.94464874267578,37.29584976219973,36.18228579304755,36.44782603486775,231806500
2007-03-02,36.38786697387695,36.95321506495997,36.379302529483525,36.6448427848011,183359400
2007-03-05,36.105186462402344,36.661966716560556,36.02809340965749,36.105186462402344,171885400
2007-03-06,36.704811096191406,36.82473621524302,36.40500646762582,36.4307030736099,155551800
2007-03-07,36.55918884277344,36.81616467880816,36.53349223945748,36.713374997919274,119979300
2007-03-08,36.807621002197266,37.0389003654149,36.69626354561984,36.94467507658991,120900700
2007-03-09,36.77333450317383,37.12453556136059,36.5334908344487,37.115971116459654,128597600
2007-03-12,37.0131721496582,37.073133057083524,36.68767101438485,36.721932056039044,81310100
2007-03-13,36.29364013671875,37.03887420323754,36.28507569270541,36.833291603047115,171231800
2007-03-14,36.824737548828125,36.83330199525785,36.06237111156272,36.3450468581261,192586700
2007-03-15,36.73906707763672,36.88468876962218,36.5934486532759,36.74763478943714,111627400
2007-03-16,36.71078872680664,36.8907847971619,36.52221954661538,36.805070047218884,108328800
2007-03-19,37.087913513183594,37.19076791485527,36.813632928937466,36.907917492837534,95913200
2007-03-20,37.3536376953125,37.36220753616658,37.03649799908956,37.07935374272726,78755700
2007-03-21,38.073631286621094,38.09077424217821,37.15650441726396,37.40507236831556,173333500
2007-03-22,37.936485290527344,38.09934170934618,37.7907750944094,38.09076859799573,114856300
2007-03-23,37.81647872924805,38.03076068553068,37.77362299192816,37.93647610161702,68530300
2007-03-26,37.97075271606445,37.98789566073785,37.39647878307631,37.83361242835964,114237300
2007-03-27,37.70506286621094,37.919344870232024,37.670776960843426,37.910771759048195,76419200
2007-03-28,37.30220413208008,37.73933789349427,37.29363102262462,37.54219888190095,142795000
2007-03-29,37.34505844116211,37.585053181798706,36.942207323936586,37.55934039378282,124407000
2007-03-30,37.3107795715332,37.60220321277456,37.045071992834494,37.336495634075845,120418700
2007-04-02,37.3621826171875,37.507892702309974,37.11361489231584,37.43075110733882,89617700
2007-04-03,37.850772857666016,37.97934336726665,37.53363640891736,37.559349202963936,105814500
2007-04-04,38.00505828857422,38.039344195678,37.825062180805496,37.87648777177709,85147200
2007-04-05,38.19363021850586,38.210773173274355,37.91077636935209,37.962205233657585,54220200
2007-04-09,38.09933090209961,38.35646858504599,38.039332218401555,38.32218268873766,63050200
2007-04-10,38.296478271484375,38.296478271484375,38.06505332534713,38.09076611835668,76364500
2007-04-11,37.89363098144531,38.279339264759564,37.77363357545512,38.262196311091806,114012300
2007-04-12,38.19363021850586,38.24505581312705,37.670781541961716,37.833634707735996,113801300
2007-04-13,38.27075958251953,38.33075827008765,37.96219303520733,38.20218778547982,94572000
2007-04-16,38.6221923828125,38.69933404064193,38.42505331717821,38.42505331717821,72803200
2007-04-17,38.70790481567383,38.74219072435416,38.53647854195638,38.69933497334585,81852300
2007-04-18,38.57931900024414,38.76788815355354,38.42503901170717,38.51075047974803,82002500
2007-04-19,38.69932556152344,38.7850370426947,38.330760307056856,38.407901947984364,95413000
2007-04-20,38.91360855102539,39.14503021017199,38.74218231451974,39.01646298505538,122377400
2007-04-23,38.973594665527344,39.08501890406546,38.862167157306786,38.96502155814291,85303300
2007-04-24,39.170738220214844,39.282165741494445,38.85360187315442,39.110739540221864,108143700
2007-04-25,39.6935920715332,39.702161911407316,39.17074355776386,39.299310773975215,106818100
2007-04-26,39.8993034362793,39.98501818883099,39.71073752003254,39.78787589280384,99308300
2007-04-27,39.91645050048828,40.02787805544721,39.67645570797719,39.74502424740158,96536500
2007-04-30,39.393585205078125,39.8821476940298,39.35929931505425,39.847865073688354,93290500
2007-05-01,39.35931396484375,39.54788316047929,39.136462136106566,39.40217297816721,135044400
2007-05-02,39.7878532409668,39.92499676697159,39.470717011284776,39.505002892785974,91971600
2007-05-03,39.93359375,40.04502130578831,39.79645340044664,39.865021940381396,98003600
2007-05-04,39.96786117553711,40.19071291439365,39.78786189335346,40.08785851720466,93591800
2007-05-07,39.96786117553711,40.096428354602764,39.916432342101444,39.99357395741377,47487900
2007-05-08,40.053585052490234,40.087870952082504,39.6850198060817,39.83073324450717,95138900
2007-05-09,40.139312744140625,40.25931016172264,39.822172975177416,39.84788904300528,116021000
2007-05-10,39.59074783325195,40.096453569497214,39.48789337138232,40.002168950414884,171196300
2007-05-11,40.09645080566406,40.09645080566406,39.58217526208032,39.633604124312356,104767900
2007-05-14,39.822166442871094,40.18216190624898,39.590741488489,40.08787730227658,118899200
2007-05-15,39.51360321044922,40.02788202065436,39.419321868111545,39.78788393468497,179438500
2007-05-16,39.8993034362793,39.90787654637621,39.350742098682396,39.59930997655708,144420500
2007-05-17,39.71073532104492,39.91644417641086,39.67644942192283,39.84787564784998,109869100
2007-05-18,40.036441802978516,40.036441802978516,39.7535913076681,39.839302786323785,104961700
2007-05-21,40.293582916259766,40.49072521927016,40.00215928662807,40.06216125038141,112831400
2007-05-22,40.327884674072266,40.525023784907575,40.17360132303857,40.3193148299859,98029100
2007-05-23,40.139312744140625,40.6021594591449,40.11359667631276,40.44787613091534,119220600
2007-05-24,39.56501007080078,40.319283277849905,39.40215700312252,40.16500004755162,206268600
2007-05-25,39.813594818115234,39.90787941786441,39.58216987409919,39.65073841139077,87143200
2007-05-29,40.12216567993164,40.16502142901004,39.779313147936286,39.856454804151035,99702400
2007-05-30,40.44786071777344,40.45643382701064,39.72787321695683,39.839300749258356,132036500
2007-05-31,40.63642501831055,40.73070959052962,40.46499882061066,40.55928339282974,109457700
2007-06-01,40.662147521972656,40.945001306232925,40.60214882889021,40.782148177821085,125089800
2007-06-04,40.78214645385742,40.83357203450645,40.490722841340386,40.5164356316649,64782700
2007-06-05,40.78214645385742,40.78214645385742,40.28501070969401,40.67071891297883,151160400
2007-06-06,40.345008850097656,40.61071966866695,40.250724260615534,40.602146558886744,183166500
2007-06-07,39.71931457519531,40.46501507458742,39.70217162157107,40.20787730959194,221373300
2007-06-08,40.20787048339844,40.22501343411228,39.56502454520531,39.702164881232505,177587800
2007-06-11,40.13072204589844,40.44785840620448,40.079293202463816,40.18215088933305,97100400
2007-06-12,39.89073944091797,40.31930345742199,39.813597787159885,39.91645223560934,153967700
2007-06-13,40.327884674072266,40.36217058978751,39.890750692600044,40.062177001491364,147985300
2007-06-14,40.59355926513672,40.7049867565864,40.362134445825205,40.370704282237355,101531900
2007-06-15,40.968448638916016,41.06280698300761,40.87409356706551,40.968448638916016,100378400
2007-06-18,40.97700119018555,41.06277966106288,40.89121944706929,41.04562331243964,75713200
2007-06-19,40.968448638916016,41.05423043910887,40.753999046795506,40.85693720702694,109621300
2007-06-20,40.582454681396484,41.10570910111445,40.52240903860521,41.028510365161765,161889500
2007-06-21,40.951271057128906,40.99416029545165,40.3851246034469,40.56526136774591,143181300
2007-06-22,40.56527328491211,40.925546919350445,40.43660225990408,40.86550131361073,153328700
2007-06-25,40.393714904785156,40.81403743693036,40.16210901224476,40.573851730458706,136602600
2007-06-26,40.162109375,40.591008452710156,40.093487224131316,40.58243191094168,128211900
2007-06-27,40.779720306396484,40.79687666015953,40.05916980954792,40.11921541159864,141196200
2007-06-28,40.762550354003906,41.045621916060114,40.71966112002434,40.762550354003906,116546300
2007-06-29,40.83119201660156,41.071377731875,40.496651250308254,40.98559595062007,124794700
2007-07-02,41.20002365112305,41.21717999827773,40.899795756512695,40.9255286411254,80863100
2007-07-03,41.44021224975586,41.44878878783699,41.20860645469903,41.2514956895824,34803300
2007-07-05,41.74045181274414,41.83481011915906,41.42306745936289,41.46595670621336,73588500
2007-07-06,41.91202163696289,41.95491089360095,41.60321375358399,41.78335059480817,65804300
2007-07-09,41.93776321411133,42.01496520093041,41.791939056920384,41.94634303055856,66768800
2007-07-10,41.586055755615234,41.946332696088646,41.54316650066946,41.70614697835957,104383100
2007-07-11,41.869110107421875,41.869110107421875,41.448787762588374,41.49167699641087,99637600
2007-07-12,42.51245880126953,42.60681380760424,41.963465477954365,42.00635798438874,107667100
2007-07-13,42.80411911010742,42.86416470496323,42.52104421529619,42.5725132704181,74232200
2007-07-16,42.7612190246582,42.958515398244856,42.684017091762236,42.7955317219984,77799500
2007-07-17,43.08720016479492,43.147245772795166,42.82128156347939,42.855594274405306,124833700
2007-07-18,43.035709381103516,43.035709381103516,42.58107764359872,42.84699611072263,144915900
2007-07-19,43.16439437866211,43.45604582468981,43.15581783859054,43.24159632826473,116563800
2007-07-20,42.932804107666016,43.19872275772577,42.66688872984709,43.138677138718855,163721300
2007-07-23,42.949954986572266,43.155827991359125,42.82128394955043,43.078626023594104,107464100
2007-07-24,42.3151741027832,42.97567563938364,42.07498845359813,42.632558425495546,175496200
2007-07-25,42.37523651123047,42.60683916818957,42.0835849639685,42.52964046403038,170258700
2007-07-26,42.014930725097656,42.43525303559934,41.217178606652126,42.08355611139937,318522000
2007-07-27,41.16572189331055,42.13503114622689,41.16572189331055,41.93773802557385,246387600
2007-07-30,41.64609146118164,41.80049536005274,41.131413979771054,41.363019828077704,166517200
2007-07-31,40.771148681640625,42.02353657994648,40.68537016783801,42.006380222737846,260224500
2007-08-01,41.088539123535156,41.11427202494502,40.29936300047794,40.65106016612279,301153900
2007-08-02,41.465965270996094,41.543167240168906,40.99417691371356,41.114268138595605,177369900
2007-08-03,40.676795959472656,41.44023923539744,40.44519328583638,41.388770156677715,166048400
2007-08-06,41.14857482910156,41.19146407853306,40.34224254193352,40.71967579030664,190869100
2007-08-07,41.44021224975586,41.706127469376064,40.728238516184234,41.071358939728924,167109700
2007-08-08,41.89484786987305,42.08356444734537,41.51741798716759,41.611773003664574,164831200
2007-08-09,40.92555236816406,42.00637995986026,40.90839601106279,41.33729512187291,242418200
2007-08-10,40.55668258666992,41.028474036918624,39.999115929836606,40.488060458058705,247006400
2007-08-13,40.83119201660156,41.071377731875,40.72825715133602,40.89981744160551,116935100
2007-08-14,40.13637161254883,40.95128041587158,40.08490255145564,40.91696770847612,153529800
2007-08-15,39.3729362487793,40.393714865510525,39.29573428467423,40.04201775619638,214854100
2007-08-16,38.9869270324707,39.381513400793985,38.07765980472374,39.05554918371635,362468700
2007-08-17,39.72462844848633,39.964810852799815,39.10701281197753,39.72462844848633,223246600
2007-08-20,39.91334915161133,40.07633290365218,39.52734257986086,39.8790397105547,144715100
2007-08-21,40.33367919921875,40.42803754218864,39.79326531727185,39.87046730040712,115027200
2007-08-22,40.88264846801758,40.916961169929856,40.54810780497131,40.64246609911038,115814100
2007-08-23,40.771148681640625,41.04564385249766,40.51380986799222,40.994178053112314,118663400
2007-08-24,41.345882415771484,41.37161531995805,40.591018927967944,40.642488008582205,88189200
2007-08-27,41.07136917114258,41.345864269463085,41.037056465792595,41.22577307297782,72490400
2007-08-28,40.093482971191406,40.91696832770555,40.06774680413539,40.831186557918706,106024800
2007-08-29,41.242923736572266,41.2772331649499,40.359389693003784,40.359389693003784,113201000
2007-08-30,41.457374572753906,41.80907158506425,40.95985021413766,41.02847561763204,138930000
2007-08-31,41.920589447021484,42.083573169432135,41.69756339561724,41.91201290637664,94687200
2007-09-04,42.61539840698242,42.88989346336885,41.954893654977845,41.97205000503189,98480900
2007-09-05,42.186527252197266,42.589693563354686,41.920608559610685,42.512491573393504,114049300
2007-09-06,42.15220260620117,42.34091925544564,41.86913090457488,42.22940457432478,99222600
2007-09-07,41.371585845947266,41.688970103021,41.131403518674034,41.62892452120269,152438000
2007-09-10,41.345882415771484,41.817670868558274,41.011341572381596,41.706156163347934,125199400
2007-09-11,41.97206115722656,42.023530221064306,41.54316210863217,41.61178425484244,103064500
2007-09-12,41.98064422607422,42.34949772699843,41.84339664007269,41.894865711913475,93993400
2007-09-13,42.186527252197266,42.332351415323195,41.98065418822034,42.280885603509965,80807500
2007-09-14,42.2208251953125,42.298027158248786,41.800502669939334,41.86054827752976,99801200
2007-09-17,41.869110107421875,42.11786897248783,41.68039355191637,42.03209050484285,84882300
2007-09-18,42.924217224121094,42.95852993307084,41.886282320191555,42.10930838388483,151452100
2007-09-19,43.035709381103516,43.39598611953715,42.872728994811254,43.138647461935165,127025800
2007-09-20,42.915645599365234,43.11293880511113,42.82128726786923,42.941381772108194,109970600
2007-09-21,43.221187591552734,43.3585065616839,42.92080009355533,43.1525264695159,86829500
2007-09-24,43.41858673095703,43.73613625983519,43.195444615136836,43.332763595782204,107226800
2007-09-25,43.83051300048828,43.83051300048828,43.22116065491802,43.27265319041156,101102200
2007-09-26,44.04508972167969,44.20815493232187,43.87344023609013,44.079420273585924,96124600
2007-09-27,44.268226623535156,44.328303440984804,44.079411897869974,44.302553894977095,73423200
2007-09-28,44.122318267822266,44.35404451106804,43.924922565933045,44.23389089026074,75546000
2007-10-01,44.62869644165039,44.766015376667035,44.096585977703604,44.15666280715203,100404100
2007-10-02,44.63727951049805,44.68019433975632,44.388391180085875,44.66302906284137,71046000
2007-10-03,44.328285217285156,44.68874597379485,44.199547361994746,44.49135032990531,106785000
2007-10-04,44.431304931640625,44.4828007649309,44.06225964458194,44.4141396538772,84129300
2007-10-05,45.33244705200195,45.401108142333335,44.680183063558765,44.774587151852934,115674700
2007-10-08,45.61567687988281,45.624257880659975,45.23804736685685,45.31528946961747,63022400
2007-10-09,45.81306838989258,45.87314521158768,45.51268100747583,45.718661020388495,93965600
2007-10-10,45.92463302612305,45.97612884252909,45.667160491974634,45.82164466725186,91777500
2007-10-11,45.19513702392578,46.29368849351191,44.869003328664284,46.16495383476195,239786700
2007-10-12,45.94179153442383,45.95037580619812,45.315273926457486,45.40110027449834,131676000
2007-10-15,45.58991622924805,46.0962802742891,45.22945535342598,46.010457191647866,121578700
2007-10-16,45.3753662109375,45.727246173082406,45.212301004947946,45.30670838302562,193676600
2007-10-17,45.95896530151367,46.05337266484364,45.212293942176395,46.01904211927983,183985200
2007-10-18,46.1563835144043,46.25079092372837,45.58994233240247,45.77017614744962,144491200
2007-10-19,45.00632095336914,46.1477872166144,44.96340940170055,46.1477872166144,245111500
2007-10-22,45.54702377319336,45.589935332494925,44.64586793209212,44.76602160771334,207052100
2007-10-23,46.49964904785156,46.525395314025644,45.7787241295151,46.01045034690256,162360600
2007-10-24,46.14778518676758,46.29368511081155,45.143637897394925,46.122038911687206,298293400
2007-10-25,45.529850006103516,46.328017301282344,45.2723774243552,46.2507751993637,233833100
2007-10-26,46.28510284423828,46.51682913544662,45.86456181042878,46.41384076400112,146690300
2007-10-29,46.47393035888672,46.62841459548124,46.207873446097885,46.50825764284156,101896600
2007-10-30,46.56833267211914,46.825808572396944,46.25936748488151,46.29369476750208,114616600
2007-10-31,47.22917938232422,47.26350993759962,46.379519419880616,46.748564704236344,148431900
2007-11-01,46.34519958496094,47.00604819413814,46.31945329951985,46.92880606387216,181974200
2007-11-02,46.70563888549805,46.81721152692426,46.00187903762408,46.70563888549805,217882900
2007-11-05,46.40523910522461,46.68846111302352,45.99328249983171,46.225008704228976,150588900
2007-11-06,46.92879104614258,46.93737204722936,46.15636999066605,46.6284068989804,131884700
2007-11-07,45.787322998046875,46.842966158372725,45.75299572106334,46.53399774793019,197908200
2007-11-08,44.39695739746094,45.77014962790954,43.598790293384255,45.607081188489985,380626400
2007-11-09,42.912208557128906,43.87344111210492,42.912208557128906,43.538726409189984,309414900
2007-11-12,41.82223129272461,43.118181614644946,41.753573472603776,42.843540512338116,283216000
2007-11-13,43.547298431396484,43.59020997309125,42.35433661906119,42.38866716199331,255625900
2007-11-14,42.98945236206055,44.14808072930532,42.82638714171954,44.105169173841034,263284100
2007-11-15,42.75770950317383,43.37564613957154,42.37149910542526,42.91219366227325,251548800
2007-11-16,43.152523040771484,43.33275683482619,42.345774564595004,43.049534639841816,263623700
2007-11-19,42.65473556518555,43.29841868757585,42.4058439721153,43.0495270945056,198651100
2007-11-20,42.82637405395508,43.58162636635803,41.993876381804085,42.877866595199336,300763600
2007-11-21,42.32001876831055,43.05810596196636,41.925223984611904,42.440172421372154,212225400
2007-11-23,42.77489471435547,42.88646738659379,42.371518858222956,42.59466420269961,46463300
2007-11-26,42.03677749633789,43.22973575703185,41.968119700396805,42.8864402294464,150352100
2007-11-27,42.877872467041016,42.95511456342602,42.13978205134899,42.397257888593195,211369300
2007-11-28,44.18239212036133,44.3712068112412,43.427136630782215,43.45288617204609,216868100
2007-11-29,44.37123107910156,44.53429631790248,43.942108927996024,44.01076676972297,172087300
2007-11-30,44.03653335571289,44.843282133173304,43.72756476359596,44.808951562061765,171417400
2007-12-03,43.667442321777344,44.22529878731305,43.61594651886049,43.847672721076265,108625700
2007-12-04,43.48723602294922,43.71896237103244,43.23834767036393,43.332755064835844,113374100
2007-12-05,44.268226623535156,44.62868752823305,43.907762444896264,43.94209299027921,137614200
2007-12-06,44.90333938598633,44.94625094416419,44.29398674761143,44.31115202567097,99724500
2007-12-07,44.91189193725586,45.09212231865748,44.697331023985434,44.877561405387056,88992300
2007-12-10,45.0921516418457,45.2208863091596,44.90333686772177,45.02349053345815,75657900
2007-12-11,44.04508972167969,45.349621228642015,43.95068234090835,45.16080646709934,167064300
2007-12-12,44.43986892700195,44.99772878203075,43.67603236552057,44.843244615220954,162975200
2007-12-13,44.199554443359375,44.311127050890526,43.753267287174964,44.053654572998795,153476200
2007-12-14,43.74470901489258,44.28540051716699,43.701794184666646,43.84769740476268,128396700
2007-12-17,42.68047332763672,43.761862590921865,42.66330805492446,43.581628864413666,134377000
2007-12-18,42.81779861450195,43.14393229674108,42.20844607516842,43.11818602080745,154251700
2007-12-19,42.809226989746094,43.083864906326575,42.577500633767144,42.81780799228952,137970900
2007-12-20,43.684635162353516,43.73612772383148,43.08386351155441,43.44432453766861,167341700
2007-12-21,44.54633331298828,44.58929286314876,44.22845296139261,44.40028132997395,107573500
2007-12-24,44.88140869140625,45.01887075709423,44.63225767317361,44.68380389946025,34499800
2007-12-26,45.10477828979492,45.21646722988586,44.67520897274925,44.78689791284019,58492100
2007-12-27,44.56352233886719,45.104780624014474,44.42606028139292,44.95872862179042,65778900
2007-12-28,44.52055740356445,44.812664628567425,44.185493908457325,44.70956892484677,67545400
2007-12-31,44.005096435546875,44.40029955132307,43.99650321104681,44.30579374595162,70135600
2008-01-02,43.309173583984375,44.21986161441647,43.06861584201694,44.04803325128827,152344100
2008-01-03,43.489593505859375,43.609872381310794,43.085800606465845,43.309175192682254,114103700
2008-01-04,41.58232498168945,42.81089389778629,41.41908648960708,42.793710726127365,212617600
2008-01-07,41.38471603393555,41.75414599450544,40.74895513250449,41.582320849700004,235083600
2008-01-08,40.3107795715332,41.891594649476865,40.3107795715332,41.47061859134034,261669800
2008-01-09,41.169925689697266,41.204292024895665,39.91558395114273,40.47402542737731,254011800
2008-01-10,41.23007583618164,41.59091258865133,40.62867797137747,40.74895688886736,249958500
2008-01-11,40.422454833984375,41.041035435391926,40.121757751273705,41.0066691181243,211685200
2008-01-14,41.12697982788086,41.24725875419084,40.645864122640944,40.97233455766662,168048500
2008-01-15,39.99290466308594,40.826270226533076,39.82107627262672,40.69739811435018,241094900
2008-01-16,39.563350677490234,40.302210749019004,39.05645853148946,39.68362961427766,265625900
2008-01-17,39.01348114013672,40.01867494053625,38.83306283251616,39.726567704570535,254098800
2008-01-18,38.961936950683594,39.64065727918202,38.64405656389282,39.211087948844366,273063300
2008-01-22,37.95673370361328,38.46362547641044,36.71098240327929,36.796898207267766,325732000
2008-01-23,37.810691833496094,37.930974001573965,35.74876096961363,36.547760203541195,390129000
2008-01-24,38.58391189575195,38.601095059921406,37.853645443994175,37.965331095065444,250249100
2008-01-25,37.79350662231445,39.40868475225221,37.75054707251589,39.40868475225221,199299100
2008-01-28,38.08561706542969,38.18011956181305,37.43266987089325,37.819282910111696,163711200
2008-01-29,38.154354095458984,38.38632196546229,37.83647365613051,38.28322622680119,138520000
2008-01-30,38.11997985839844,38.936162207293904,37.95674469956085,38.01688414109858,220824400
2008-01-31,38.77293395996094,39.16813701118581,37.64746098118992,37.690417264609266,246824100
2008-02-01,39.168148040771484,39.41729914305964,38.55816012332554,39.090825397901206,161920300
2008-02-04,38.61827850341797,39.18530981569747,38.609685282594356,39.159536707933604,100209900
2008-02-05,37.51858901977539,38.31758834886097,37.49281590508049,37.948158410580355,188990400
2008-02-06,36.77973937988281,37.948165590979556,36.745373035550706,37.73338085493637,178285000
2008-02-07,37.0374641418457,37.621678629500906,36.212691904221955,36.367337108445604,286254800
2008-02-08,37.45843505859375,37.60449029912059,36.891403813451795,37.11478164546858,173781300
2008-02-11,37.86223602294922,37.99110811770661,37.406893635552514,37.604495110787944,119562300
2008-02-12,37.6474609375,38.38632080993082,37.381126736842226,38.094213494722226,145412400
2008-02-13,38.47223663330078,38.55815248466678,37.93957146425008,38.137173006359944,148685900
2008-02-14,37.776329040527344,38.53236872387912,37.707596372575004,38.53236872387912,170868900
2008-02-15,37.6474609375,37.78492301069497,37.32958050774057,37.570138316493185,100053300
2008-02-19,37.57871627807617,38.23166004123955,37.17492016821349,38.14574750939145,110507600
2008-02-20,37.750545501708984,37.879417591035256,37.14915115779539,37.16633104417574,137338800
2008-02-21,37.38970947265625,38.205891737166574,37.23506427401836,38.1113859738486,127857000
2008-02-22,37.52717208862305,37.535762032078914,36.59930088242219,37.5185788678137,157364700
2008-02-25,37.71619415283203,37.86224617385047,37.235075251083344,37.48422628649004,121444300
2008-02-26,37.86223602294922,38.21448270095211,37.26083837633723,37.50139940139413,148375900
2008-02-27,38.051246643066406,38.19729862142932,37.518578389693204,37.60449420992442,125682600
2008-02-28,37.90519332885742,38.25744001646391,37.75914134301372,37.90519332885742,129196700
2008-02-29,36.9000129699707,37.60450654009642,36.81409712156847,37.50141079936826,188724500
2008-03-03,36.659454345703125,36.934381801788774,36.29002764338416,36.87423906517133,132963800
2008-03-04,36.86565399169922,36.97734297824618,36.10102081369231,36.427494548099865,183851000
2008-03-05,37.04606246948242,37.406902453451536,36.7281820454616,36.93437679020885,183208300
2008-03-06,36.22987747192383,37.174932010059266,36.16973802500251,37.02028678158899,152752200
2008-03-07,36.14397048950195,36.633679362765534,35.551165873802496,36.01509835344119,242552400
2008-03-10,35.44807434082031,36.204117592190734,35.37075169832384,36.092428602505784,146801900
2008-03-11,36.796913146972656,36.814093037392645,35.66284701535874,35.96354753537489,196755300
2008-03-12,36.69382095336914,37.32099194547997,36.59931515174132,36.94297201632344,155566100
2008-03-13,36.97732925415039,37.2264802557618,35.92058908016683,36.28142574951802,208967900
2008-03-14,36.29859161376953,37.26941876867222,35.860432541650205,37.2264625109903,309589800
2008-03-17,35.637054443359375,36.09239667000247,35.26762473132172,35.47381935466808,193130600
2008-03-18,37.22646713256836,37.23505707423021,36.17831727277195,36.290006178492746,216300400
2008-03-19,36.30720520019531,37.45845135354671,36.28143208427136,37.38112872842033,216157200
2008-03-20,37.04921340942383,37.05781006634905,36.19800005757144,36.41295255976584,128397000
2008-03-24,38.33034133911133,38.48510416182341,37.21258542459605,37.21258542459605,125018000
2008-03-25,38.5452766418457,38.75162916637405,38.07237860664691,38.43350044444288,118107500
2008-03-26,38.43351364135742,38.56248319349335,38.07239167956301,38.40771710699794,124824600
2008-03-27,37.58229446411133,38.27014181089735,37.58229446411133,38.20995537304825,143868600
2008-03-28,37.39313888549805,38.12397608413188,37.25556941469939,37.84883714253456,111822300
2008-03-31,37.590904235839844,37.84884664838095,37.358755080578135,37.53071778224411,113644800
2008-04-01,39.19873809814453,39.215934691763685,38.184162034018534,38.19275869087068,137494400
2008-04-02,39.112754821777344,39.568453031177334,38.83761262902718,39.29331411834173,132486800
2008-04-03,39.19873809814453,39.47387703622125,38.81182294150074,38.940795753686956,140033800
2008-04-04,39.43088912963867,39.85219421430749,39.035377296708546,39.35350609450756,139261000
2008-04-07,39.344905853271484,39.90378368933455,39.25032950432211,39.671634585735205,102297100
2008-04-08,39.04397201538086,39.31051429646818,38.84621610873473,39.04397201538086,97435200
2008-04-09,38.605464935302734,39.11275289584828,38.373315874044835,39.0955563046535,127182300
2008-04-10,39.15575408935547,39.41369647225366,38.63126938551044,38.63126938551044,112773800
2008-04-11,38.0723876953125,38.77743166893569,37.934818219481514,38.70864857097771,120135400
2008-04-14,37.90042495727539,38.24434697646735,37.788648743078504,38.01219789155754,89274600
2008-04-15,37.95201110839844,38.13257041281313,37.556499313990635,38.03799407234451,124232300
2008-04-16,39.00957107543945,39.10415068154201,38.39051022807455,38.424900128545666,134027900
2008-04-17,38.92361068725586,39.09557339445911,38.67426492580694,39.052580257721424,124953100
2008-04-18,40.16172790527344,40.35088717176642,39.740422804340156,39.95537532356759,133022500
2008-04-21,40.44546890258789,40.479862094627606,39.97257399174539,40.084346946001496,83303200
2008-04-22,39.843597412109375,40.21331599195602,39.491075426664324,40.19611939755443,104689600
2008-04-23,40.2821044921875,40.462667117663315,39.78341630731858,40.13593834004305,131086200
2008-04-24,40.643218994140625,41.0903205866364,39.88658527761586,40.299293683016224,166509000
2008-04-25,40.540061950683594,40.712021407932724,40.04137034089517,40.686228145328634,121945400
2008-04-28,40.617435455322266,40.944160971103514,40.522855808153516,40.63462877306601,71244000
2008-04-29,40.92695999145508,41.06452947808509,40.46266502402583,40.54004806524992,91270600
2008-04-30,40.59163284301758,41.32247337452666,40.4368667671646,41.01294122282071,132152700
2008-05-01,41.872745513916016,41.88994210662608,40.6002271726035,40.60882382900119,143596900
2008-05-02,41.93294906616211,42.29406782074398,41.56323037175722,42.268274561107,124990000
2008-05-05,41.81256103515625,42.15648306570029,41.614805129612584,41.932933909842404,75624700
2008-05-06,42.07051086425781,42.24247355008706,41.391260059185754,41.6921955793658,139582600
2008-05-07,41.305259704589844,42.32843208984333,41.15909034674576,42.07908648405351,140008300
2008-05-08,41.61481475830078,41.87275716086932,41.32247916074561,41.47724525826985,128058700
2008-05-09,41.451438903808594,41.666391401687605,41.18489990558411,41.305272779609986,97062000
2008-05-12,42.20808410644531,42.29406381704014,41.44285353043795,41.51163664293067,89606500
2008-05-13,42.31985855102539,42.41443819659936,41.92434337136009,42.22527890545142,85448100
2008-05-14,42.22526931762695,42.93031325010506,42.16508288045796,42.48321165976763,143598200
2008-05-15,42.9647102355957,43.007700083100794,42.11349682336836,42.233869708348664,157248900
2008-05-16,42.99909591674805,43.085078883217044,42.51760442418086,43.050685696629444,146563200
2008-05-19,42.689571380615234,43.39461537716044,42.423029077564195,43.0334934414166,140048700
2008-05-20,42.36285400390625,42.53481672041438,42.0361251705324,42.53481672041438,137163700
2008-05-21,41.42565155029297,42.646580337677456,41.28808206326492,42.414434493248805,192806700
2008-05-22,41.57180404663086,41.86413952057661,41.365451523795166,41.52881421103294,153198200
2008-05-23,41.44283676147461,41.57180627518207,41.116108089569806,41.42564017033074,121698400
2008-05-27,42.17368698120117,42.22527677070122,41.52023271377761,41.528829372069914,106984300
2008-05-28,42.34564971923828,42.44022936014893,41.915744645946525,42.37144297406285,121363000
2008-05-29,42.723968505859375,42.96471759698401,42.34565319111449,42.37144644805383,143993000
2008-05-30,42.99909591674805,43.196855099669335,42.77554676375825,42.88732298021055,94153600
2008-06-02,42.47463607788086,42.92173461014294,42.09631739377476,42.92173461014294,144359900
2008-06-03,42.24248504638672,42.90453943506253,41.84696977736527,42.63799703549186,167606900
2008-06-04,42.784122467041016,43.07645785003555,42.0790788868624,42.113472056606035,174870800
2008-06-05,43.4633903503418,43.514980125777285,42.73255323786891,42.89591594020951,126653700
2008-06-06,42.156494140625,43.17107046511154,42.14789748156678,43.08509075486653,189136000
2008-06-09,41.93294906616211,42.29406782074398,41.22790487681233,42.24248130147002,208897300
2008-06-10,41.73517608642578,42.07909810116544,41.40844738449562,41.5030270045213,162798500
2008-06-11,40.72920608520508,41.71798907448007,40.71200948853159,41.649202687786136,170366900
2008-06-12,40.77219772338867,41.36546885491436,40.41107901716919,41.02154346620626,189913200
2008-06-13,41.58902359008789,41.67500658865248,40.80659634268824,41.02154891922569,167855000
2008-06-16,41.9587287902832,42.147888046376046,41.33106786223828,41.374057707737116,136343900
2008-06-17,41.73517608642578,42.18227765751056,41.67498965184847,42.08769803748488,122932000
2008-06-18,41.28807830810547,41.657796885851475,41.12471558209106,41.49443087992208,169338100
2008-06-19,41.93294906616211,42.139301703090034,40.93556924123442,41.21070827708233,221304200
2008-06-20,40.80065155029297,41.60083332714492,40.619966189637246,41.58362801087685,197434200
2008-06-23,40.482276916503906,41.07596172753509,40.42204849831272,40.96410754423604,131488800
2008-06-24,40.275779724121094,40.757607061319945,39.931614527091135,40.29298831219285,178293800
2008-06-25,40.9296989440918,41.29967546605144,40.387639784582944,40.44786821539467,179023400
2008-06-26,39.277706146240234,40.181135721454176,39.269100210762396,40.17252978597634,190028300
2008-06-27,39.277706146240234,39.492808582348445,38.692627257449686,39.23468303325644,181351800
2008-06-30,38.86472702026367,39.432600901159475,38.84752170466479,39.15726661851102,132912400
2008-07-01,39.415374755859375,39.458394590113244,38.4431107471477,38.55496494197013,245494300
2008-07-02,38.46892547607422,39.69070922922118,38.40869704622225,39.53583518611518,199576400
2008-07-03,38.400089263916016,38.787274319980256,38.0989438726648,38.70123137296441,123118300
2008-07-07,38.63240432739258,39.11423175213058,38.06453394666339,38.75286118357708,181011300
2008-07-08,39.55305480957031,39.587468720367504,38.52056199495854,38.675436081260514,206151200
2008-07-09,38.50334548950195,39.60466918168985,38.48613689653608,39.544440747411045,168500300
2008-07-10,38.959346771240234,39.07980359359265,38.184980078030875,38.563559131453076,238811500
2008-07-11,38.33987045288086,38.950760759914424,37.72897686364365,38.554972951036646,265514700
2008-07-14,38.0559196472168,38.87330949739518,37.91825423008588,38.83889232256184,177389800
2008-07-15,38.06454086303711,38.65822259733477,37.25575334077807,37.866643669400794,283891100
2008-07-16,39.010986328125,39.045403513027914,37.789202521698854,38.16778499122408,186047800
2008-07-17,39.26909255981445,39.42396654621389,38.70122237041721,39.243281322815236,197555100
2008-07-18,38.36567687988281,38.864712906130734,38.36567687988281,38.838901659901616,160661000
2008-07-21,38.52914810180664,38.881915973027816,38.27963176523759,38.718439299799435,128107800
2008-07-22,38.52914810180664,38.554962626571054,37.737572696023626,37.883840780143316,152524500
2008-07-23,39.03679275512695,39.48420625700442,38.47752833943237,38.58937925324948,169259100
2008-07-24,38.45172119140625,39.24330008730317,38.4173072863527,39.2174888379621,145561000
2008-07-25,38.95075988769531,39.13144519437124,38.5119489632497,38.70124020769318,111616700
2008-07-28,38.219398498535156,39.165851167572896,38.038713243590706,38.9421428005156,124028500
2008-07-29,39.010986328125,39.18306897043616,38.348470288659264,38.38288747356217,142290900
2008-07-30,39.20886993408203,39.42397236000181,38.61518842013634,39.12283027659514,165679900
2008-07-31,39.11423110961914,39.70791600849508,38.73565195608615,38.82169162846084,180473100
2008-08-01,38.615203857421875,39.19167701388763,38.2022074284157,39.15725982425281,180350400
2008-08-04,38.228023529052734,38.64962266784872,38.11616928965197,38.60660281644974,116298000
2008-08-05,39.51863098144531,39.55304816866808,38.58078396394843,38.62380380687508,151657400
2008-08-06,40.12092590332031,40.27579999169924,39.217495909246075,39.53584674326754,133463700
2008-08-07,39.81116485595703,40.31020087101847,39.64768816316509,39.879995938426156,152805800
2008-08-08,40.71459197998047,40.81784023824824,39.707914076913134,39.78535109116469,143121500
2008-08-11,41.08457565307617,41.54059188227115,40.559725051517816,40.69739051404103,157290100
2008-08-12,41.127593994140625,41.437342094067425,40.878074326732545,41.0759714989551,140549300
2008-08-13,41.04155731201172,41.40292793352126,40.654372158820316,41.05876590573174,169652100
2008-08-14,41.5147705078125,41.69545576788987,40.860860540874185,40.903880372006505,158069200
2008-08-15,41.43733596801758,41.790103855847306,41.2652533510317,41.583607341226596,123115900
2008-08-18,40.95549774169922,41.56639108341567,40.66295833144984,41.55778514894234,151399100
2008-08-19,40.44786834716797,40.94690766946614,40.224163215167515,40.749013784411005,155410600
2008-08-20,40.51669692993164,40.92109057941605,40.215554817891885,40.73179937630371,155466700
2008-08-21,40.32741928100586,40.508107891162645,39.90582018244927,40.21556833448494,118916200
2008-08-22,40.860870361328125,41.02434707180183,40.508102409734924,40.54251631359014,96515500
2008-08-25,40.000457763671875,40.61995066083454,39.89720621230868,40.576930822201525,128076500
2008-08-26,39.94883346557617,40.24137297418543,39.682105204660736,40.02627049086107,107225500
2008-08-27,40.20695877075195,40.51670689486157,39.82837955362002,39.966045021868325,108489900
2008-08-28,40.5339241027832,40.680192257917284,40.29301030270149,40.37044406798116,112808600
2008-08-29,39.68208694458008,40.54249648195208,39.5100043806653,40.1036890620612,133184300
2008-09-02,39.191673278808594,40.50810275814787,39.01098797375144,40.327414170887174,162277500
2008-09-03,38.821693420410156,39.269106958257304,38.53775986270526,39.10563026031832,161682900
2008-09-04,37.56550216674805,38.641014715363376,37.56550216674805,38.59799486985953,219004700
2008-09-05,37.38481140136719,37.668744966101904,36.83414958183035,37.23854000931333,247977500
2008-09-08,37.31597137451172,38.047321659477866,36.72228980575808,37.875239046415075,311065100
2008-09-09,36.52439498901367,37.677344199351204,36.43835204364355,37.2987618041282,214180600
2008-09-10,36.82553482055664,37.15249142838782,36.524392735845396,36.87716058459395,160658100
2008-09-11,37.513851165771484,37.59128814850631,36.28346537465241,36.30927989036509,203398200
2008-09-12,37.36760711669922,37.60852086996655,36.91159086024214,37.195524457706675,172094300
2008-09-15,36.2060546875,37.24715000874381,36.16303156136627,36.481385627296646,616772300
2008-09-16,36.4899787902832,36.859955259798255,35.64677759624045,35.689797428978814,349506500
2008-09-17,34.59709167480469,36.498597336769755,34.57988307777552,36.02537240618267,340088000
2008-09-18,35.76725387573242,36.111419289055064,33.98620491852772,35.36286000740901,423934000
2008-09-19,36.93647003173828,37.73719094502102,36.24767544676079,37.685530365822906,263394000
2008-09-22,35.19728088378906,36.88482091572806,35.128400090117914,36.79872320805614,164698200
2008-09-23,34.93035125732422,35.94631934836658,34.81842167863921,35.47277567850463,184011200
2008-09-24,35.17143630981445,35.52444203953129,34.8873113490257,35.136999209766245,159270800
2008-09-25,35.7310791015625,36.178794221784244,35.32641281735107,35.498611445807995,148586800
2008-09-26,35.36946487426758,35.72247058398337,34.62901307232331,34.70650229076901,182678600
2008-09-29,32.562652587890625,34.76678891828849,32.01161932639549,34.66346771844517,307954400
2008-09-30,33.50111389160156,33.836899397165794,32.37321604074368,32.47653718431384,195436700
2008-10-01,33.148109436035156,33.55277571912443,32.74344315294587,33.440846118275466,174033300
2008-10-02,31.6413631439209,32.93284735387685,31.546653776351192,32.93284735387685,192124000
2008-10-03,31.15062141418457,32.87260157733721,31.081740631138537,32.08048899439041,272116100
2008-10-06,30.01412010192871,30.590981982557178,28.33518848767229,30.358514225098556,394046600
2008-10-07,28.1113224029541,30.306846057783893,27.7841453113761,30.255185479824448,329365700
2008-10-08,27.887454986572266,29.376966726925215,27.41391132324398,27.508620712792627,452066500
2008-10-09,27.138399124145508,28.998136976805498,26.664853744737474,28.541813429883536,352433900
2008-10-10,26.966205596923828,27.96495383072041,25.29588459535035,26.277414277825507,472339100
2008-10-13,30.24656105041504,30.349878867348767,27.896060187584112,28.292114556175218,276998700
2008-10-14,28.937868118286133,31.124783029891887,28.57625068920688,31.124783029891887,341595900
2008-10-15,26.346290588378906,28.714011110054297,26.294631655530566,28.610693244357616,312088500
2008-10-16,27.775531768798828,27.784143506774022,25.1839537045194,26.527097442275572,494783500
2008-10-17,27.80997085571289,28.97230909701252,27.043690432420295,27.267547985314174,326571300
2008-10-20,28.584861755371094,28.63651904087262,27.293377067186395,28.206024144811053,232783400
2008-10-21,27.103961944580078,28.63652293177869,27.103961944580078,28.119930300080416,239932400
2008-10-22,26.354900360107422,27.20728013155783,25.580008165872645,27.009252856234653,289993600
2008-10-23,26.251588821411133,26.76818322696286,24.88261438569281,26.251588821411133,377966900
2008-10-24,25.40781021118164,26.044942491597098,24.185204580598523,24.305742631912647,322129500
2008-10-27,24.701805114746094,26.00190029364938,24.675974821925212,25.11507994663095,239302300
2008-10-28,27.431135177612305,27.44835372529849,24.839555718060293,25.554177176579387,327239500
2008-10-29,27.36225700378418,28.48154475236768,26.905931809106935,27.474184957538654,341316000
2008-10-30,28.274913787841797,28.464332652631622,27.534461808481332,28.128543769299725,255292100
2008-10-31,28.317949295043945,28.782884498113404,27.629158226282645,27.870234279245377,224261000
2008-11-03,28.2576961517334,28.66236256882868,27.990788025757425,28.249087695470767,128455500
2008-11-04,29.05841064453125,29.282266585094234,28.39544799273351,28.8087227722147,182487600
2008-11-05,27.543073654174805,28.929266626266397,27.482804608719736,28.868997580811325,183893900
2008-11-06,26.311847686767578,27.439745501095196,26.174089450884583,27.1125684592173,220677200
2008-11-07,26.85427474975586,27.103960960382373,26.337680494608207,26.621807088608236,176946200
2008-11-10,26.49264907836914,27.525835562043397,26.174082219523374,27.525835562043397,142584500
2008-11-11,25.915790557861328,26.484043634173002,25.588613548950036,26.242965924565077,162869800
2008-11-12,24.719018936157227,25.657498046970098,24.66736000261197,25.52834989200302,184946400
2008-11-13,26.22575569152832,26.286026373464637,23.48780875825414,24.632925439713492,317943900
2008-11-14,24.95148277282715,26.19130848317731,24.85677501622381,25.640275564002856,259407000
2008-11-17,24.426280975341797,25.16673107532659,24.33157157328247,24.529598830126794,202835200
2008-11-18,24.400453567504883,24.753459290355938,23.582512516679532,24.589870751749288,252661800
2008-11-19,23.126188278198242,24.77928888317055,23.065919250456766,24.452111815134202,244180600
2008-11-20,22.00689697265625,23.63416867415304,21.929407765813185,22.842058059252047,342472400
2008-11-21,22.96260643005371,22.971216528267703,21.567801721345123,22.394353085596812,282746800
2008-11-24,24.365999221801758,24.65873574748053,23.22949348314626,23.436130740882994,225058200
2008-11-25,24.254074096679688,24.658738567415043,23.694431254366965,24.632909933623573,202968700
2008-11-26,25.27004623413086,25.278656327586102,23.944121401756764,24.004390413736058,164912000
2008-11-28,25.072021484375,25.132290502299202,24.822333676166085,24.985922183537184,41238200
2008-12-01,23.186458587646484,24.54682258260916,23.1520182029145,24.538212486426165,149161500
2008-12-02,23.961345672607422,24.013004599936153,23.10896598174878,23.505020494948525,181743000
2008-12-03,24.641530990600586,24.719018568662527,23.306995696560104,23.35865462933735,230944900
2008-12-04,23.944124221801758,24.77928532104085,23.522239446051362,24.25408105386638,188868700
2008-12-05,24.91705322265625,25.028981209800207,23.203683170998104,23.67722705521919,212283700
2008-12-08,25.898574829101562,26.225750252142493,25.347541846208284,25.476689996297917,185782500
2008-12-09,25.838308334350586,26.544319823432502,25.45947230037688,25.554181719422303,178148300
2008-12-10,25.752208709716797,26.225752514973408,25.50252248362759,25.91579725645605,162335100
2008-12-11,25.04619026184082,26.062158360755856,24.917042136532938,25.666102248643167,167161400
2008-12-12,25.554174423217773,25.709152831148995,24.5123760377954,24.701794821803567,158600100
2008-12-15,25.106464385986328,25.623058634538246,24.744848576220768,25.597228347337904,107887000
2008-12-16,26.311847686767578,26.397946994746377,25.054803373783326,25.330319845549315,169300100
2008-12-17,25.993284225463867,26.34628993522387,25.67471725601303,26.044943157031526,159813500
2008-12-18,25.536956787109375,26.174089028334393,25.27866050955058,25.993281962484772,142656400
2008-12-19,25.746477127075195,26.186219557058845,25.574028534872784,25.80683364096854,118308900
2008-12-22,25.186025619506836,25.79821677768431,24.780773475778105,25.746482846368135,95379600
2008-12-23,25.056684494018555,25.539539896105367,24.910103683490714,25.289489600961303,68764800
2008-12-24,25.125673294067383,25.186029831461905,24.987715024424954,25.177408878627517,27194700
2008-12-26,25.117048263549805,25.20327258487184,24.979090007271406,25.177406439689726,20937000
2008-12-29,24.910112380981445,25.211896701507296,24.539348928157594,25.186028910173455,52688300
2008-12-30,25.427453994750977,25.513678312113274,24.953222716146428,24.979088860140674,77089500
2008-12-31,25.643016815185547,25.936178540036803,25.392968076101976,25.401589028663263,89189700
2009-01-02,26.755308151245117,26.841530836728833,25.599906404166383,25.651640344375075,107891500
2009-01-05,26.746679306030273,27.013973186695786,26.37591592452448,26.582853281613126,91751900
2009-01-06,27.01396942138672,27.27264067054497,26.824277281643447,26.94499031197174,136791700
2009-01-07,26.2465877532959,26.643217389472778,26.031027739393053,26.49663651423515,133879800
2009-01-08,26.52249526977539,26.556984005058933,25.936171968628717,26.19484323932668,131926600
2009-01-09,25.927553176879883,26.54836694896688,25.798217522559117,26.53112175649956,117137900
2009-01-12,25.453319549560547,25.99652990546452,25.177403073889202,25.962041168301564,102726200
2009-01-13,25.461952209472656,25.84995929003302,25.160167828197324,25.444707011778622,186266700
2009-01-14,24.685914993286133,25.246371957439372,24.547956811381376,25.168770274544038,136294000
2009-01-15,25.0911808013916,25.29811817494755,24.20307313419594,24.634193073585514,192567200
2009-01-16,25.367101669311523,25.522305137362512,24.746289441699908,25.436080805712812,175478100
2009-01-20,24.108226776123047,25.375720479639277,24.108226776123047,25.263628371846583,135105800
2009-01-21,25.13429069519043,25.16878107776659,24.228939532261716,24.513478610147192,149179600
2009-01-22,24.79801368713379,25.203265749468745,24.366893842040206,24.59107635883987,200602700
2009-01-23,24.918737411499023,25.30674609643591,24.26343476837917,24.3927720930864,170164100
2009-01-26,25.09980583190918,25.513680619161946,24.7893989191735,24.953224972516466,140398700
2009-01-27,25.28086280822754,25.496422691168892,25.10841588862929,25.10841588862929,110591300
2009-01-28,26.168981552124023,26.427652866839455,25.703371212125706,25.703371212125706,139722800
2009-01-29,25.50505828857422,26.21209480199705,25.4188339625146,25.84995394822045,130731800
2009-01-30,25.056684494018555,25.806833734859076,24.953216653994,25.6947416561422,140334200
2009-02-02,25.358470916748047,25.530919524590317,24.7807702184458,24.815260597850976,126796100
2009-02-03,25.75510597229004,26.237959845224246,25.030824340592698,25.410208704173545,120541100
2009-02-04,25.789596557617188,26.617347757894294,25.68612868545266,25.815464347954407,175780900
2009-02-05,26.358665466308594,26.531114051717644,25.401578942012396,25.41882412947162,217578900
2009-02-06,27.048465728759766,27.169178785554365,26.36729543492268,26.45351975174399,164513200
2009-02-09,27.160554885864258,27.30713572404784,26.8932609966796,27.065707977453712,98856900
2009-02-10,26.160362243652344,27.315763997836534,25.95342483695265,26.988111870451114,232795200
2009-02-11,26.039636611938477,26.32417561452745,25.634382946869174,26.19483835868485,169117200
2009-02-12,26.358665466308594,26.393155841227042,25.556782339962222,25.737853519100884,201151400
2009-02-13,26.237957000732422,26.53974125532149,26.117243956733546,26.281068332277197,145066700
2009-02-17,25.19464683532715,25.58265541042337,25.056688596313364,25.42745198038488,157783300
2009-02-18,25.211896896362305,25.582660352051672,24.892869023740463,25.35847775920247,161271900
2009-02-19,24.823884963989258,25.530921346327276,24.763526795723394,25.367095321646637,155322400
2009-02-20,24.892871856689453,25.13429802677791,24.478995368009002,24.547974508690338,210752400
2009-02-23,24.021997451782227,25.0480614629871,23.90990537502065,25.030817919678242,169473500
2009-02-24,24.815271377563477,24.98771841572464,24.10823309394737,24.151346086932055,181337300
2009-02-25,24.65143585205078,25.15153486699045,24.263427286756258,24.668681042639847,220224700
2009-02-26,23.961645126342773,24.96184317508664,23.884043411820237,24.815262341498734,211218500
2009-02-27,23.73746109008789,24.125467993783786,23.61674640584737,23.711593305338102,204492600
2009-03-02,22.97006607055664,23.720215365469766,22.823485249462895,23.38394239426308,188180400
2009-03-03,22.95282745361328,23.41843615643424,22.7803788113287,23.1597648375995,158758800
2009-03-04,23.56502342224121,23.89267395824175,23.2115050894804,23.289106835168635,164911000
2009-03-05,22.85797691345215,23.487411562233834,22.780375201181325,23.30634199666316,199626900
2009-03-06,22.676902770996094,23.116645202138148,22.1681812317097,22.978686985849464,218421600
2009-03-09,22.194046020507812,23.11664208422279,22.099199142880178,22.49583019465728,181098800
2009-03-10,23.56502342224121,23.61675737116917,22.556202372886737,22.63380411857497,175068200
2009-03-11,23.927152633666992,24.13408997260715,23.50465536109019,23.806439597099843,173094900
2009-03-12,24.72041893005371,24.798020655544498,23.659864207802492,23.909912933034462,184395100
2009-03-13,24.780771255493164,24.86699556302269,24.418630479542664,24.71179213838792,156783500
2009-03-16,24.36688995361328,24.987701839426922,24.306533448066443,24.944590519633874,190269800
2009-03-17,25.28950309753418,25.28950309753418,24.401395166298546,24.4876195087299,169773800
2009-03-18,25.608516693115234,26.03963649168895,25.073927419263562,25.18601784327246,208033900
2009-03-19,25.591276168823242,25.97928307147381,25.401582370352827,25.962039526278893,146753400
2009-03-20,25.20176887512207,25.935885151116967,25.029035052307332,25.642238640719007,149410800
2009-03-23,26.687278747558594,26.721826177850325,25.21904755371495,25.823612758010988,179499000
2009-03-24,26.19498634338379,26.670001923334773,26.17771263025162,26.4627223076846,118757600
2009-03-25,26.315898895263672,26.816825042144796,25.616329990396157,26.419539526172017,190555200
2009-03-26,27.12774658203125,27.17092921937167,26.272717513657177,26.60090984045562,182459500
2009-03-27,26.618179321289062,26.92909953209363,26.523175557473945,26.773639426691346,156108100
2009-03-30,25.9617862701416,26.186339513399837,25.581774609838124,26.16906580684659,162919700
2009-03-31,26.186338424682617,26.730448627308814,26.143155807406174,26.160429513241255,150243800
2009-04-01,26.574989318847656,26.6699914089972,25.728597476795052,25.858146979589012,137950000
2009-04-02,27.43002700805664,27.8704967798302,26.972283524297016,27.05001358092246,212272400
2009-04-03,27.9395809173584,27.98276683317289,27.490476056106168,27.715029310387983,134577300
2009-04-06,27.87049674987793,27.92231788578043,27.335023210068336,27.628669724268462,160413700
2009-04-07,27.136371612548828,27.568204387002304,26.955000990676492,27.568204387002304,147531200
2009-04-08,27.594114303588867,27.76684806827027,27.196827303746144,27.404106832977067,126126000
2009-04-09,28.449148178100586,28.509604516093912,28.00868010206016,28.112319067959675,131871500
2009-04-13,28.40595817565918,28.561418231460774,28.095038064055995,28.362775558963733,119310500
2009-04-14,28.060501098632812,28.397330207168967,27.870493583202855,28.23323160943462,124069000
2009-04-15,27.98277473449707,28.00868365560326,27.507757530703895,27.861858748546133,124808200
2009-04-16,28.708250045776367,28.872345346874052,28.077771169516804,28.371417646749638,171168000
2009-04-17,28.76871109008789,28.932806418036062,28.440517139567742,28.6477951017524,129835400
2009-04-20,27.844589233398438,28.34551372722205,27.68912911247501,28.250509953921746,123080500
2009-04-21,28.23323631286621,28.276422242384402,27.70640289575717,27.740947026898322,145490200
2009-04-22,28.319604873657227,28.95871577710889,27.97413720529902,28.06914097882872,165040500
2009-04-23,28.595975875854492,28.621884796218882,28.060503989040654,28.50097210835353,181666600
2009-04-24,29.09689712524414,29.30417834913526,28.561425297575074,28.794615438968847,141170000
2009-04-27,29.131452560424805,29.41646390986716,28.803258571722015,28.863714925611454,120749100
2009-04-28,28.9155330657959,29.286909655181063,28.8118940834119,28.95008049146518,108968000
2009-04-29,29.312816619873047,29.7101053992947,29.10553866894522,29.148721300836545,141413600
2009-04-30,29.606462478637695,30.1419376451193,29.39918453226457,29.70146624348519,144120400
2009-05-01,29.6841983795166,29.831023307191423,29.373278104086822,29.597833100619088,100112000
2009-05-04,30.271482467651367,30.306029886750753,29.813740695765738,29.951927077540073,119317400
2009-05-05,30.24556541442871,30.28011282423467,29.908736405376427,30.21965650438541,113569500
2009-05-06,30.25421905517578,30.52195670238617,29.76192969663926,30.47877406112626,178840500
2009-05-07,29.546003341674805,30.461490186328106,29.26099536871441,30.461490186328106,216484700
2009-05-08,29.56328010559082,30.00375151106739,29.260998391733246,29.77056134839572,183507300
2009-05-11,29.666912078857422,29.986470723381228,29.088257707560405,29.1832614508176,142775900
2009-05-12,29.304180145263672,29.779195664792603,28.950077307655906,29.72737453198775,147842200
2009-05-13,28.518238067626953,29.062348309731604,28.466416946361782,29.045074602643215,175548300
2009-05-14,28.83780288696289,29.1055404928649,28.57006857568471,28.587338993824606,140021700
2009-05-15,28.82052230834961,29.20917251638659,28.699609642432115,28.79461339268816,121326400
2009-05-18,29.571914672851562,29.606458796535186,28.83779685963682,29.019165863812653,114333400
2009-05-19,29.710102081298828,30.00374855783878,29.3214518484337,29.50282085889634,129086400
2009-05-20,29.606462478637695,30.26285032960755,29.52009721675282,29.82237892797344,131873700
2009-05-21,29.062355041503906,29.589188403928897,28.768708542228843,29.38191046010151,139253200
2009-05-22,28.96734046936035,29.338716882656428,28.77733301289567,29.17461833584701,83510600
2009-05-26,30.04693603515625,30.08148346023727,28.65643347457123,28.71688982115112,144857200
2009-05-27,29.839656829833984,30.39240249061905,29.73601784209279,29.960569531302717,121348800
2009-05-28,30.185131072998047,30.288770083255304,29.546016704724707,30.02103240424726,118931300
2009-05-29,30.55649757385254,30.660136549553595,30.021022394379205,30.202394720135597,111535700
2009-06-01,31.428800582885742,31.52380435603003,30.755142256406373,30.884690160547258,119126200
2009-06-02,31.47196388244629,31.774248728977298,31.186956032735026,31.256047546904917,126858600
2009-06-03,31.376976013183594,31.411520136775394,31.031508420280506,31.376976013183594,93329800
2009-06-04,31.73109245300293,31.774275097022176,31.385624711599835,31.446081072151692,89280600
2009-06-05,31.7656192779541,32.02472159009793,31.454699139079715,31.9210793473913,121958800
2009-06-08,31.670631408691406,31.91246013491632,31.19561575606567,31.566992408666106,89194100
2009-06-09,31.912452697753906,32.102456937749274,31.670624027886905,31.817448930444403,109187800
2009-06-10,31.800155639648438,32.10243717259084,31.34241409130091,32.093801969344604,133404700
2009-06-11,31.800155639648438,32.15425827593308,31.739699333059956,31.756973034174038,147909800
2009-06-12,31.653350830078125,31.713807168577997,31.2647005864194,31.670621245686643,109452500
2009-06-15,31.005617141723633,31.376993862236965,30.729244228033476,31.35108163652382,112152900
2009-06-16,30.70330238342285,31.256047677580185,30.67739347732855,31.12649985248684,110550300
2009-06-17,30.996957778930664,31.273330506666007,30.616946101950262,30.832862501407426,153421800
2009-06-18,30.9365177154541,31.143799017544666,30.720601202479337,30.945156220962826,126266700
2009-06-19,31.26856231689453,31.441508565395313,31.052380330937385,31.173441715285335,122044700
2009-06-22,30.33464813232422,31.035075431225657,30.28276328479756,30.983193882373264,137714900
2009-06-23,30.265487670898438,30.49031555646465,30.066600576330842,30.421139014242883,114903100
2009-06-24,30.775671005249023,31.017793800319744,30.507604125938094,30.524899082539672,103314600
2009-06-25,31.3809814453125,31.441512144376674,30.507604275371094,30.57678410211626,112538200
2009-06-26,31.450145721435547,31.56256124676519,31.173433119604436,31.23396379508784,87677300
2009-06-29,31.519330978393555,31.77874867519073,31.23396920284418,31.536625931336697,93817600
2009-06-30,31.45881462097168,31.761468188638794,31.225337597909984,31.605816839931,97843000
2009-07-01,31.476112365722656,31.856591641395468,31.4674632352092,31.614468765847025,85976000
2009-07-02,30.7843074798584,31.21667136748941,30.697836021802065,31.208025541153653,113309800
2009-07-06,30.620006561279297,30.732422081635555,30.300058248068396,30.594065786841032,107632500
2009-07-07,29.859060287475586,30.689201771860827,29.841765329605483,30.62866776997751,149773000
2009-07-08,30.014711380004883,30.15306774323128,29.660172993069988,30.040655465949513,152776400
2009-07-09,30.066604614257812,30.27413756747104,29.962838137651197,30.127135333834737,97851500
2009-07-10,30.19629669189453,30.38653788551631,29.88499741870683,29.980114716842564,108482000
2009-07-13,30.775671005249023,30.78431683421197,29.815822355253406,30.222245588701274,127140300
2009-07-14,30.88807487487793,30.94860555071945,30.611362271409714,30.741069448781072,115631700
2009-07-15,31.925739288330078,31.934388411013103,31.251252860700898,31.406904082257448,160869700
2009-07-16,32.30623245239258,32.37540896390091,31.752807165626308,31.77874794510757,120142500
2009-07-17,32.47918701171875,32.487832840872294,32.14194029856711,32.297591612736866,104906500
2009-07-20,32.79047393798828,32.85965373975152,32.522410452841996,32.65211763313631,97168800
2009-07-21,33.015323638916016,33.015323638916016,32.54836960934705,32.92020300711385,130587600
2009-07-22,33.29201126098633,33.45630831085561,32.97206298548346,33.041239475390675,113808600
2009-07-23,34.02705383300781,34.14811855361251,33.19691554091938,33.25744625188356,160239300
2009-07-24,33.76762771606445,34.0443404119721,33.534150760390716,33.66386127976797,109312300
2009-07-27,34.02705383300781,34.07893871326697,33.611984686963595,34.00976217159777,94718600
2009-07-28,33.79356384277344,34.234573567208614,33.663853353935274,33.88003530288237,111564300
2009-07-29,34.01839065551758,34.096216286883006,33.72438308132316,34.0010957042503,126538200
2009-07-30,34.21727752685547,34.744761993292826,34.165392673235935,34.372928789039435,108969900
2009-07-31,34.11351013183594,34.45939924994021,34.078920230423144,34.21727653739977,78208300
2009-08-03,34.623722076416016,34.64101703833351,34.27782943541953,34.476716549455666,111722800
2009-08-04,34.623722076416016,34.75342934278218,34.39024503854489,34.45942158753817,100690800
2009-08-05,34.355628967285156,34.71016717006967,34.12215210710889,34.70152134502945,118093000
2009-08-06,34.05298614501953,34.52858583753855,33.93192476496108,34.43346523929971,116937500
2009-08-07,34.485355377197266,34.649652518314376,34.234583452327165,34.51994199202275,107442100
2009-08-10,34.243228912353516,34.45941092139281,34.01840107436995,34.364293608303086,87163200
2009-08-11,33.94921875,34.156754914823715,33.767626667451395,34.130814131224035,91922700
2009-08-12,34.4766960144043,34.779352719676645,33.897329979296074,33.923270757383094,147240000
2009-08-13,34.66695022583008,34.72748092992233,34.27782191475421,34.684245183953,110107000
2009-08-14,34.26915740966797,34.554515816497016,33.9665007554669,34.47669019669379,124480200
2009-08-17,33.274742126464844,33.733047035982516,33.25744716590314,33.68981128391647,131797200
2009-08-18,33.75033950805664,33.81951934520268,33.387155259068514,33.482275885806224,84496200
2009-08-19,33.98379898071289,34.07027373253959,33.32660736020244,33.3525481364132,88036300
2009-08-20,34.38157272338867,34.45075252440796,33.897327310951525,33.96650381329634,81473500
2009-08-21,34.839900970458984,34.900431682303626,34.36430110653263,34.58048316274247,114660200
2009-08-24,34.80531311035156,35.08202589478818,34.67560254947589,34.90043374850351,109904900
2009-08-25,34.90907287597656,35.24631631107784,34.80530642640908,34.88313208825368,92900400
2009-08-26,34.848533630371094,35.107951340041325,34.65829573590634,34.831238676569725,96407500
2009-08-27,34.93500900268555,34.99553969269809,34.303754723397226,34.839888404472916,121957800
2009-08-28,34.9696044921875,35.5230332678977,34.727481670654065,35.36738194014734,114300900
2009-08-31,34.61505126953125,34.762056704434066,34.407518453835614,34.710171851172845,96415300
2009-09-01,33.966522216796875,35.09931733219225,33.8627557577204,34.49400694000635,162958900
2009-09-02,33.94057083129883,34.130812029114026,33.75897875993444,33.78491954193643,92757200
2009-09-03,34.1653938293457,34.21727868472095,33.7416790558095,34.10486314741196,76783100
2009-09-04,34.9004020690918,34.91769701475488,34.17403084461028,34.22591568159953,74866600
2009-09-08,35.2290153503418,35.263601958615226,34.98688930037728,35.17713048991902,71024400
2009-09-09,35.531673431396484,35.70461969005809,35.09930943408023,35.254960737008126,99280800
2009-09-10,35.868900299072266,35.91213601915294,35.453831448684646,35.548952012066515,99289100
2009-09-11,35.903499603271484,35.98997106609304,35.64408191613196,35.894850477784416,93868400
2009-09-14,36.0418586730957,36.06779945418656,35.635435509738365,35.670025416976245,90435600
2009-09-15,36.154273986816406,36.27533536268544,35.94673784341586,36.01591765744107,91594600
2009-09-16,36.68175506591797,36.733639926212255,36.18021461110681,36.31857093988317,96888500
2009-09-17,36.67311096191406,36.88929294195333,36.5001647181476,36.58663948936845,102169600
2009-09-18,36.73456954956055,36.890371480366,36.53549003839086,36.82112801215676,87444200
2009-09-21,36.84708023071289,36.95960453941057,36.492198920389306,36.52682229258343,71351400
2009-09-22,36.91632843017578,37.072130309323875,36.73455736992525,37.05481862254446,75638400
2009-09-23,36.743228912353516,37.36643336535014,36.682639636393674,37.072144483184005,143924100
2009-09-24,36.414310455322266,36.9509597006608,36.154641678666046,36.89037042950327,111016400
2009-09-25,36.09404373168945,36.43161339038868,35.990176906366656,36.145975493417424,109216000
2009-09-28,36.708587646484375,36.92497875576615,36.25849374295434,36.29311711288734,84478500
2009-09-29,36.54416275024414,36.890386839171434,36.37970325377476,36.708618944844424,106686400
2009-09-30,36.570106506347656,36.87305281346405,36.007488162426235,36.69128502919421,173102700
2009-10-01,35.4881706237793,36.46626015329945,35.4881706237793,36.440290953913596,140119100
2009-10-02,35.38429641723633,35.70455452726076,35.2458061559932,35.2458061559932,145286400
2009-10-05,35.669925689697266,35.834385119845024,35.3410134331373,35.56605883509242,97054200
2009-10-06,36.30179214477539,36.474905791956125,35.851697982852755,35.86900967775765,124628000
2009-10-07,36.4056510925293,36.42296278209803,36.15463654658335,36.25850338212861,93787600
2009-10-08,36.56147003173828,36.89038238119177,36.474911543564694,36.62205932252543,107850400
2009-10-09,36.76918411254883,36.8297733708951,36.405648562471214,36.48354950918313,62828000
2009-10-12,36.84708023071289,37.10674891843587,36.59606573510519,36.91632697510116,53221900
2009-10-13,36.85574722290039,37.00289163984672,36.67397612296967,36.81246634557043,70939300
2009-10-14,37.3577766418457,37.40105422147902,37.089450365130816,37.31449906221238,91004900
2009-10-15,37.27120590209961,37.323137655203496,37.10674654562716,37.15868160059735,85772800
2009-10-16,37.02886199951172,37.21063312140861,36.76919321348899,37.13273215541501,111859300
2009-10-19,37.40105056762695,37.45298563923381,36.864401368492175,37.05482666251663,83512000
2009-10-20,37.40971755981445,37.61745129523777,37.16735713266299,37.61745129523777,89847900
2009-10-21,37.34046936035156,37.929053758119046,37.2712258851326,37.40105863936868,110397400
2009-10-22,37.48762130737305,37.64342327139244,37.03752711152463,37.27123005755372,85871800
2009-10-23,37.3317985534668,37.85113594306949,37.23658592827076,37.85113594306949,117020400
2009-10-26,37.21064376831055,37.877125965781374,37.03753009414063,37.392411640348044,107068600
2009-10-27,36.64801025390625,37.314495482294014,36.509520031245636,37.1586935690674,121438200
2009-10-28,35.82572555541992,36.630701061363446,35.74782459349418,36.51817671594457,143553600
2009-10-29,36.431610107421875,36.51816523707998,35.955550290569214,36.033451228008126,85207600
2009-10-30,35.453521728515625,36.48354561416988,35.41889835548076,36.40564467577474,162796500
2009-11-02,35.600685119628906,35.98153248543846,35.17655686749741,35.488160758554336,142456600
2009-11-03,35.71320724487305,35.765142328888814,35.34967156236714,35.410260842784794,95107000
2009-11-04,35.77378845214844,36.24119085219754,35.73050757829661,35.94689874008739,107970600
2009-11-05,36.656673431396484,36.69995431935164,36.16330168589489,36.189270879041615,135204800
2009-11-06,36.87305450439453,36.91633538042489,36.42296377085759,36.45758384906771,96312300
2009-11-09,37.66072082519531,37.66937832174237,37.11541740996002,37.15869498709286,101620800
2009-11-10,37.755924224853516,37.88576022630643,37.565502271753694,37.617434030841515,72846500
2009-11-11,37.9983024597168,38.206036197762906,37.747287832865204,38.041580046654055,84676200
2009-11-12,37.781917572021484,38.22335431594949,37.695359081733486,38.02427474109029,92426100
2009-11-13,38.09349822998047,38.20602255733815,37.76458604519194,37.89441875965045,87959500
2009-11-16,38.483001708984375,38.647461097826366,38.18870960996217,38.25795636355184,87776100
2009-11-17,38.60418701171875,38.60418701171875,38.301240666179595,38.37914162672788,81884000
2009-11-18,38.3878059387207,38.508987810741694,38.12813710241252,38.483018615803,100240800
2009-11-19,37.790557861328125,38.154096782999886,37.522231592995816,38.128127594537034,114558000
2009-11-20,37.600135803222656,37.69534846478828,37.461645559636615,37.59148160756572,70912100
2009-11-23,38.206024169921875,38.431072834136,37.96366711787638,37.98963300149063,91621500
2009-11-24,38.0761833190918,38.21467350523953,37.85113470293516,38.18870432530362,60670000
2009-11-25,38.24064254760742,38.27526592247596,38.09349485534952,38.206019172738884,37630100
2009-11-27,37.66072082519531,37.93770458295398,37.132729101186655,37.19331836954613,61230000
2009-11-30,37.704010009765625,37.755941793017755,37.31450512603359,37.57417394789888,84819400
2009-12-01,38.09349822998047,38.34451276721412,37.98097720448984,37.98963139804025,81817800
2009-12-02,38.14543914794922,38.508978068303186,38.0675381865782,38.22334010932024,81653600
2009-12-03,37.9896240234375,38.51761887792795,37.98096983156705,38.28391607502891,72460400
2009-12-04,38.188716888427734,38.71671192864631,37.79055788500203,38.474354848625026,125062600
2009-12-07,38.00697326660156,38.335889014434045,37.92907225532202,38.16277528916065,67471900
2009-12-08,37.77323913574219,38.08484292433088,37.530882101002966,37.79055082420456,86621400
2009-12-09,38.154083251953125,38.1887033211799,37.49625240864833,37.73860940256778,78820500
2009-12-10,38.34450912475586,38.5522460707698,38.29257736465243,38.318543244704145,76722400
2009-12-11,38.19737243652344,38.595531419636565,38.04157052106745,38.552253843535986,66643700
2009-12-14,38.5609016418457,38.60417921076775,38.24929786261998,38.45703481605941,47965500
2009-12-15,38.34450912475586,38.664767085571725,38.2319848080872,38.439721754101136,61171100
2009-12-16,38.39646530151367,38.6907575441135,38.335876013496225,38.49167798321781,61629700
2009-12-17,37.929054260253906,38.26662404835203,37.87711917675108,38.22334646303372,90440900
2009-12-18,38.54722595214844,38.56456653200535,38.14840253757168,38.287123869049566,96442600
2009-12-21,38.980712890625,39.128106099035826,38.72927955752038,38.746620129532,82357400
2009-12-22,39.21482467651367,39.266846417786525,39.041422179648386,39.11078450134551,51569100
2009-12-23,39.50093460083008,39.509603236323855,39.19747944051351,39.2928509678308,73932200
2009-12-24,39.86508560180664,39.86508560180664,39.53562115509049,39.54429309987079,31770400
2009-12-28,40.07316589355469,40.14252490904537,39.8304010708933,39.96045377258253,49381400
2009-12-29,39.90842056274414,40.09916358844429,39.873742718652274,40.08182301271004,32410200
2009-12-30,40.0297966003418,40.10782752832473,39.847725537507046,39.865066111211725,57612700
2009-12-31,39.66566848754883,40.12518227724053,39.66566848754883,40.10784169740986,50079200
2010-01-04,40.24656295776367,40.307256640752776,40.11651357032895,40.168535309729286,62822800
2010-01-05,40.24656295776367,40.31592527696412,40.02114203511703,40.220553741752205,62935600
2010-01-06,40.003787994384766,40.35926149222976,39.94309763919487,40.229212148555526,96033000
2010-01-07,40.0297966003418,40.11649946886519,39.81304439009769,40.064477747751155,77094100
2010-01-08,40.359275817871094,40.359275817871094,39.82173106365333,39.94311181711759,88886600
2010-01-11,40.19453811645508,40.437299580191905,39.986454499411444,40.41129036832778,104673400
2010-01-12,39.69167709350586,40.003800910905376,39.47492481002035,39.95178247959037,90673900
2010-01-13,40.185874938964844,40.30725900468454,39.544289985620196,39.81306071984122,100661000
2010-01-14,40.22057342529297,40.333285595465185,40.07318338592694,40.107861255120746,75209000
2010-01-15,39.75236892700195,40.359276004507265,39.57896973975257,40.28991699108301,126849300
2010-01-19,40.393943786621094,40.43729356907619,39.83905863349248,39.84772726703294,84388200
2010-01-20,39.81306076049805,40.40262727937107,39.3882281058669,40.10784401993456,145680000
2010-01-21,39.44023513793945,40.18585999146711,39.27550133514005,39.92575799071315,204939600
2010-01-22,38.287105560302734,39.431556824567494,38.18306543829026,39.31017613099029,171098700
2010-01-25,38.417179107666016,38.66860926379344,38.25244524180797,38.52121928631797,154218700
2010-01-26,38.45185470581055,38.92004044333607,38.19175262075552,38.373823749556294,140816500
2010-01-27,38.75531005859375,38.885359447983106,38.157071622319336,38.3824958557315,161632700
2010-01-28,37.758262634277344,38.521231911669744,37.55885084842977,38.49522268532663,221439800
2010-01-29,37.09931945800781,38.16574023328922,36.96059813701292,38.07036870497202,212099600
2010-02-01,37.50680160522461,37.52414217920661,37.17734062169555,37.194681195677546,136827100
2010-02-02,37.844932556152344,37.95764131024417,37.30738475984551,37.56749002590565,110727700
2010-02-03,38.053016662597656,38.12237895588765,37.64552145795941,37.66286203128191,93581600
2010-02-04,36.951927185058594,37.853617449396225,36.951927185058594,37.77558649753283,151652500
2010-02-05,37.2640495300293,37.29873068669131,36.51842119868175,37.04729726195744,213618600
2010-02-08,36.99524688720703,37.43742302389552,36.96923769353403,37.20333035871478,94354400
2010-02-09,37.37677001953125,37.723571741811554,37.07331479173587,37.43746040361475,118956000
2010-02-10,37.298728942871094,37.55016235584975,37.06463610741272,37.376759888023884,94102900
2010-02-11,37.862266540527344,37.966309960889,37.073288793350386,37.30738152810076,93050800
2010-02-12,37.940303802490234,38.04434724026649,37.420099843113405,37.52413997351355,93938500
2010-02-16,38.425846099853516,38.4518553165589,38.018350732122485,38.21776575145544,83861400
2010-02-17,38.64259719848633,38.64259719848633,38.373823173781695,38.599247402857166,82691700
2010-02-18,38.885353088378906,38.95471539727783,38.53855146601505,38.61658240983788,65752600
2010-02-19,38.868019104003906,39.05875885484513,38.68594468144212,38.781316210551346,80416500
2010-02-22,38.78998565673828,39.04141576312356,38.63392376594632,39.02407518554923,72055000
2010-02-23,38.287105560302734,38.789972213552076,38.10503451993694,38.76395970251708,95814400
2010-02-24,38.67726516723633,38.83332702417905,38.425831808009036,38.48652216266717,86591000
2010-02-25,38.668609619140625,38.75531252496205,38.00101543489283,38.269786174495074,97961300
2010-02-26,38.80732345581055,38.894026344863796,38.49520297734997,38.65993350548558,66222400
2010-03-01,39.37089157104492,39.440253901512285,38.97206809299144,38.980736730610886,77290100
2010-03-02,39.49225997924805,39.75236202232188,39.405560400682404,39.50960055643656,76368500
2010-03-03,39.535614013671875,39.72635707584964,39.38822405280889,39.587635750823246,65735500
2010-03-04,39.66566848754883,39.717690227040826,39.362216608955706,39.561628315942244,54470900
2010-03-05,40.26390838623047,40.35061129567199,39.873756869565995,39.9604564716297,68136300
2010-03-08,40.341941833496094,40.43731338606158,40.26391086388597,40.28125144684133,58712400
2010-03-09,40.56736755371094,40.79278852542725,40.2292344424474,40.25524366412055,98002800
2010-03-10,40.896820068359375,40.9921916041573,40.57602760852972,40.59336818843638,102578900
2010-03-11,41.052879333496094,41.052879333496094,40.73208689434767,40.80144920950258,67510300
2010-03-12,41.06153869628906,41.208928609770616,40.83611454847746,41.182919403244746,64068300
2010-03-15,40.957515716552734,41.078896474344866,40.67140109543335,40.97485298991367,60150500
2010-03-16,41.21760559082031,41.27829595172016,40.94883163013769,41.087552927534006,74950600
2010-03-17,41.3303108215332,41.52972577007948,41.208930110158136,41.278292406587504,75643500
2010-03-18,41.46903610229492,41.51238588459422,41.26962115044068,41.36499265592496,77829400
2010-03-19,41.218223571777344,41.61747277027135,41.070672939607064,41.591432475824604,86337100
2010-03-22,41.5914192199707,41.756328892243324,41.00990470022942,41.05330076259847,71902800
2010-03-23,41.87783432006836,41.921230377389634,41.461226210151644,41.65217283545358,59182600
2010-03-24,41.67822265625,41.80841086834831,41.58274931416646,41.80841086834831,62995700
2010-03-25,41.61747360229492,42.18162922599122,41.574077525227274,42.025400699820935,76294800
2010-03-26,41.660858154296875,41.94727814334328,41.43519662942708,41.79104966039207,78067900
2010-03-29,41.860496520996094,42.008047164006165,41.74766406585999,41.8691777234189,57993300
2010-03-30,41.99934387207031,42.13821323961937,41.71292725002213,41.99066598512026,49437300
2010-03-31,41.79972839355469,42.05143021127337,41.721614150500876,41.86916474778368,59947400
2010-04-01,41.79972839355469,42.26841385187756,41.478593532514616,41.97331596821956,83728600
2010-04-05,42.19028854370117,42.28576185027273,41.782358346861514,41.8951907374376,56220300
2010-04-06,42.31181716918945,42.44200870022715,41.99936014342552,42.09483349139874,54097100
2010-04-07,42.20766067504883,42.41596312568074,41.98199582413854,42.2510567430215,77211500
2010-04-08,42.30311965942383,42.37255268244278,41.86915250510884,42.086136082266336,68314300
2010-04-09,42.55482482910156,42.57218391533092,42.20765303723597,42.311804243704934,54227300
2010-04-12,42.58955764770508,42.7023900915443,42.476725203865854,42.5721985555061,44280600
2010-04-13,42.8065185546875,42.832555523676454,42.40726957929295,42.54613893207829,59376000
2010-04-14,43.31861114501953,43.32728903329691,42.96275812931403,43.03219447916262,69004800
2010-04-15,43.509578704833984,43.56165268133731,43.28391377028963,43.28391377028963,72254200
2010-04-16,42.98880386352539,43.5008854598135,42.702387139314375,43.3533381526853,127388000
2010-04-19,42.96274948120117,43.101618842037475,42.441990205791726,42.83255800689545,98251700
2010-04-20,43.17973709106445,43.29256949192422,42.901998343491975,43.197096176651115,69543700
2010-04-21,43.42277145385742,43.56164087173362,43.15371381910808,43.47484872715153,74748700
2010-04-22,43.66579818725586,43.70919426229874,42.75446405681395,43.00616592733426,110477200
2010-04-23,43.848052978515625,43.89144904295844,43.47484086467393,43.65710632187825,77205200
2010-04-26,43.7525634765625,43.96086914415593,43.6570901835366,43.89143281798937,67361000
2010-04-27,42.823890686035156,43.76993947480349,42.711058267858874,43.578992814952485,112608000
2010-04-28,42.849910736083984,43.07557548329287,42.51141692617689,43.04953520574955,130082100
2010-04-29,43.59635925292969,43.683154708816055,43.05824067006662,43.09295885242116,84180200
2010-04-30,42.73710250854492,43.64843320510285,42.702384328832196,43.5789968456774,110897000
2010-05-03,43.335968017578125,43.544270434662735,42.90200078592675,42.91935987250168,74169700
2010-05-04,42.034061431884766,42.8065224846018,41.73028572943655,42.8065224846018,141136500
2010-05-05,41.81707763671875,42.09481636642883,41.348392288742936,41.59141284951255,128560200
2010-05-06,40.41971206665039,41.938597541852566,37.008728991752335,41.5306672404507,274356800
2010-05-07,39.41290283203125,40.61933117523502,38.432135986680656,40.11593092114387,288200400
2010-05-10,41.461238861083984,41.487275841239935,41.06198971445558,41.166140945987344,136041600
2010-05-11,41.417816162109375,41.999330417777244,40.96649003442846,41.04460423558296,113016100
2010-05-12,42.198970794677734,42.233688966277526,41.57406026041691,41.64349329270941,85462400
2010-05-13,41.53066635131836,42.34652693665529,41.42651513373126,42.01671088490403,102844300
2010-05-14,40.73216247558594,41.244243914315014,40.254799208172365,41.218206941281906,147386100
2010-05-17,40.862361907958984,41.027268287411935,39.985746121779506,40.81028464085967,120969600
2010-05-18,40.298194885253906,41.29632078022706,40.115929453934044,41.20952535276021,153072100
2010-05-19,39.977073669433594,40.47179618598037,39.534425116160286,40.150657961556,159000300
2010-05-20,38.492897033691406,39.30007645240823,38.40610490065186,39.19592523057924,189289800
2010-05-21,38.918174743652344,39.61252153216175,37.746464744974375,37.89401198901096,190631100
2010-05-24,38.7619514465332,39.343469235332286,38.744592360653385,38.900820822664656,113038000
2010-05-25,38.79667663574219,38.84875059189356,37.52081173551047,37.91138296118423,155643000
2010-05-26,38.36271667480469,39.55178635719138,38.29328030545535,39.06574170447097,140203200
2010-05-27,39.81214904785156,39.82950813274483,39.13516129154874,39.23063460300825,110671600
2010-05-28,39.577816009521484,39.91631328103956,39.230644159803965,39.88159510279549,128535300
2010-06-01,39.21327590942383,40.14196543958602,39.16987985221107,39.43025950639456,104242700
2010-06-02,40.1419563293457,40.16799329558287,39.16987096258609,39.43892844278661,97249300
2010-06-03,40.52387237548828,40.59330874487834,39.99443495797654,40.25481472137261,98928400
2010-06-04,39.135169982910156,40.176692131464904,39.004978472750444,39.66461060156177,112849900
2010-06-07,38.423492431640625,39.45633414734467,38.38009633299779,39.33482374678068,88436600
2010-06-08,38.35401153564453,38.60571325108112,37.83325233417444,38.49288087676364,133030100
2010-06-09,38.03289794921875,38.97894689620002,37.92006551217288,38.62309380481669,101949200
2010-06-10,39.117794036865234,39.161190084581634,38.39741037423555,38.50156155093616,76892300
2010-06-11,39.49102783203125,39.525746013754265,38.71856649868845,38.71856649868845,74346800
2010-06-14,39.482337951660156,40.133288762193146,39.41290160930126,39.855546703664594,68085000
2010-06-15,40.541221618652344,40.59329888304311,39.44762555370641,39.690646165714945,76332600
2010-06-16,40.70613098144531,40.91443341556099,40.35895584337585,40.42839219535274,78399700
2010-06-17,40.8363151550293,40.94914756043054,40.480462163447385,40.93178847414518,77111900
2010-06-18,40.8702392578125,41.16589644044994,40.74849865034698,40.913717572309785,75921400
2010-06-21,40.522396087646484,41.461543371045764,40.28761258397861,41.391975431305696,95488100
2010-06-22,40.209354400634766,40.991973899230395,40.13109211905698,40.69631675962344,94493400
2010-06-23,40.04412078857422,40.40934577105128,39.73107175135998,40.25282125244416,92397600
2010-06-24,39.43543243408203,39.99196614900538,39.304997488026935,39.87022222196467,114145900
2010-06-25,39.44326400756836,39.78306627691107,39.16445171868692,39.65237156237711,88740300
2010-06-28,39.30386734008789,39.687233498811075,39.042481171699116,39.44327351814227,71350000
2010-06-29,37.787841796875,38.737547914904894,37.52645549324535,38.70269552143236,136384200
2010-06-30,37.21277618408203,38.04921336116435,37.151786180984736,37.66584715259476,101313200
2010-07-01,37.10822296142578,37.430599172054535,36.3937657791102,37.32604535417336,158695000
2010-07-02,37.00365447998047,37.30860437950117,36.67256364356898,37.1691982363339,78565300
2010-07-06,37.11691665649414,37.78780970438095,36.81196678186575,37.55256123379433,88591900
2010-07-07,38.3018684387207,38.345432229435296,37.204045623673835,37.23889798572718,72448400
2010-07-08,38.51100540161133,38.6678378134951,38.05793435880338,38.60684780039657,78264600
2010-07-09,38.876930236816406,38.885644991674305,38.406436509349,38.49356411569719,47851200
2010-07-12,38.990211486816406,39.234171523036196,38.7375366928995,38.8420938430276,60927500
2010-07-13,39.49554443359375,39.64366201497469,39.03375885769565,39.32999734416234,93310500
2010-07-14,39.69594955444336,39.913771922517924,39.417137189204354,39.57396623640892,87687100
2010-07-15,39.730804443359375,39.85278777931189,39.19932057910068,39.61753918839113,95992500
2010-07-16,38.632991790771484,39.75695648648985,38.59813939934449,39.59140928906509,98831900
2010-07-19,38.96405792236328,39.04247409102905,38.423856172130264,38.74623560092557,81800800
2010-07-20,39.4345588684082,39.4345588684082,38.214755638080575,38.33673562874279,89061200
2010-07-21,38.89435958862305,39.87020281871281,38.824658162612195,39.85277995498915,83577000
2010-07-22,39.8789176940918,40.06188767708858,39.41713535880314,39.44327297817256,82890300
2010-07-23,40.131595611572266,40.16644466559506,39.539118485010896,39.608819916762165,81056100
2010-07-26,40.46266555786133,40.48009173911514,40.000883387600226,40.183853305208864,64850900
2010-07-27,40.44525909423828,40.70664861677222,40.2622890874292,40.636943857774945,67655600
2010-07-28,40.12287521362305,40.584660844329626,39.97475761466231,40.40168754883578,51988200
2010-07-29,39.826637268066406,40.43654050655563,39.425844945864014,40.35812432841123,85669500
2010-07-30,39.91379165649414,40.157751765769405,39.26903566578595,39.49557290186202,98958100
2010-08-02,40.663089752197266,40.76764691196211,40.2622972775516,40.419129693492344,68706800
2010-08-03,40.488834381103516,40.68923061800285,40.297149578979585,40.63695203823091,60856600
2010-08-04,40.89830780029297,40.941874912810555,40.51494180554812,40.671774104240114,43820600
2010-08-05,40.8024787902832,40.88089163513495,40.53237791554274,40.69792168307118,39150200
2010-08-06,40.741493225097656,40.81990940855651,40.122878513203034,40.35812706357961,71339200
2010-08-09,41.02030944824219,41.11614849710726,40.767634706684326,40.95060469593428,26927600
2010-08-10,40.663089752197266,40.90705313460871,40.32328729222783,40.68923070399174,86694500
2010-08-11,39.5565299987793,40.00959744634306,39.390982927838266,39.99217458764821,92219700
2010-08-12,39.24287414550781,39.417132684795114,38.728813282648126,38.79851470413993,66000200
2010-08-13,38.96405792236328,39.260296412466765,38.95534316823105,39.09474932100299,46387300
2010-08-16,39.03376770019531,39.30386863318312,38.598122963979506,38.772381523206946,55472900
2010-08-17,39.53040313720703,39.887631694314265,39.234164578359156,39.312580765221995,56927100
2010-08-18,39.68721008300781,39.92245849287072,39.30384415047391,39.45196167314491,61835400
2010-08-19,39.08603286743164,39.608805042216105,38.82464678003941,39.45197272503988,82969500
2010-08-20,39.13832473754883,39.23416711922204,38.8072371037579,39.02505948984943,65806700
2010-08-23,38.75495147705078,39.504260880544834,38.73752529049217,39.3822808983398,69612200
2010-08-24,38.03179168701172,38.44129553154316,37.87495929592955,38.310604088112015,79095800
2010-08-25,38.39771270751953,38.56325645005901,37.70068204984759,37.76167202466236,87247900
2010-08-26,37.935935974121094,38.61554054759611,37.90108360530062,38.52841294924976,91199000
2010-08-27,38.39771270751953,38.47612886423915,37.43929596868365,38.214742783075216,109568800
2010-08-30,37.99692916870117,38.55455382213241,37.98821441390718,38.21475150667932,49373200
2010-08-31,37.866233825683594,38.20603613565598,37.62227387466856,37.79653240698146,72066900
2010-09-01,38.998905181884766,39.12959989824438,38.3977167987809,38.42385441257094,83523100
2010-09-02,39.4345588684082,39.45198505617501,38.972776525556824,39.068618896421555,41816800
2010-09-03,40.08802032470703,40.096735079219634,39.68722803345724,39.87019799376193,64041100
2010-09-07,39.81791305541992,40.105436733853566,39.756923083518714,39.92246681814996,51195200
2010-09-08,40.29713821411133,40.47139677383239,39.92248347400801,39.93119823003213,66879800
2010-09-09,40.45396423339844,40.68921275352725,40.358121874415765,40.65436038231445,61476400
2010-09-10,40.60206985473633,40.663059824524446,40.29712000579572,40.4975160956287,66995700
2010-09-13,41.168426513671875,41.272980317037316,40.89832558763022,40.91575177547537,64523400
2010-09-14,41.34270095825195,41.56052340447698,41.0203246684768,41.11616375290213,91405800
2010-09-15,41.604061126708984,41.647624923880834,41.11613795675211,41.23812124201984,67108200
2010-09-16,41.76961135864258,41.804463731263134,41.42109760355258,41.52565139770906,66885800
2010-09-17,41.91109085083008,42.04208829781644,41.70149027156844,42.04208829781644,76372600
2010-09-20,42.64468765258789,42.732019283444345,42.01588924965931,42.06828689557791,84475000
2010-09-21,42.63594436645508,42.941608347697446,42.452545977709654,42.67087834473636,82272000
2010-09-22,42.52241897583008,42.81061935616858,42.286619573231725,42.46128616754401,88315900
2010-09-23,42.504966735839844,42.932899873857224,42.199302588319824,42.242968419181345,85040000
2010-09-24,43.36956787109375,43.39576670514054,42.92417103485049,42.985303868619376,79495900
2010-09-27,43.133750915527344,43.44815012282105,43.09881692994177,43.343351497552554,43859800
2010-09-28,43.11629104614258,43.26475884366609,42.435094872121994,43.23855668440383,104922900
2010-09-29,43.04642868041992,43.256025976713616,42.88922904245517,43.05516051297843,81679200
2010-09-30,42.85428237915039,43.52674655796228,42.57481717905818,43.26474834931182,122458600
2010-10-01,42.801883697509766,43.256015504857196,42.601018282402116,43.21234968965782,77675400
2010-10-04,42.339027404785156,42.836825113691,42.094496132056314,42.67962548651139,71359900
2010-10-05,43.36956787109375,43.456899538909425,42.7931702016374,42.81936903568419,99301300
2010-10-06,42.99401092529297,43.41320868590515,42.71454575155151,43.31714190777759,81831200
2010-10-07,43.151222229003906,43.26475602778092,42.7931571696197,43.23855387022403,75693300
2010-10-08,43.448150634765625,43.55294926126895,42.863021361009785,43.168685409764585,83223900
2010-10-11,43.465606689453125,43.683939049758905,43.334605940674685,43.47433851801089,46880000
2010-10-12,43.762550354003906,43.84988198852286,43.02021813463954,43.39575015975001,88571700
2010-10-13,44.1206169128418,44.32148234437761,43.9110163186588,44.04201710645923,71122900
2010-10-14,44.03328323364258,44.225416839647636,43.81495080190538,44.1468170309627,68464000
2010-10-15,44.96775436401367,44.97648619644912,44.2166901779862,44.57475527464012,104654000
2010-10-18,44.801822662353516,45.16862294829578,44.801822662353516,44.97648930654083,72399400
2010-10-19,44.38262939453125,44.80182738588404,44.03329606932584,44.38262939453125,105739800
2010-10-20,44.70574951171875,45.03761575553774,44.42628425318339,44.5048840653645,80861400
2010-10-21,44.79307174682617,45.15986854501862,44.3564069881279,44.985201975241765,85885400
2010-10-22,45.09874725341797,45.142413074132705,44.72321519859183,44.80181500847378,47406900
2010-10-25,45.31708526611328,45.614017547603936,45.28215127264639,45.28215127264639,51413900
2010-10-26,45.43933868408203,45.54414063628063,44.90660708728079,45.09000883788429,60498300
2010-10-27,45.57908248901367,45.61401648166421,45.116218746605256,45.203550396742685,57483400
2010-10-28,45.675148010253906,45.806148813241066,45.27341710061019,45.77121482157931,61220000
2010-10-29,45.57034683227539,45.841080255363394,45.561611669101374,45.67514546994326,46668700
2010-11-01,45.605255126953125,46.06811856972963,45.39565463822246,45.736252517358885,60555600
2010-11-02,46.09434509277344,46.22534589342175,45.91968180056069,45.9808146191329,48137500
2010-11-03,46.303924560546875,46.32139154808874,45.72752729761422,46.137993176129996,126225800
2010-11-04,46.87160110473633,47.03753587176363,46.72313666212059,46.810468295248874,84201000
2010-11-05,46.87160110473633,46.99387005519949,46.73186849283812,46.89780325986542,77937100
2010-11-08,46.9327392578125,47.01133906359299,46.679472846798866,46.79300663992367,39623500
2010-11-09,46.679473876953125,47.19473854144347,46.46987327975007,47.11613873392838,66828700
2010-11-10,46.91526412963867,46.95892994050377,46.37379741415045,46.74059755469047,83553700
2010-11-11,46.618343353271484,46.705674996360656,45.989544862265795,46.20787730147737,85163600
2010-11-12,45.85853576660156,46.60959975459894,45.509205925978435,46.37380036314711,99164300
2010-11-15,45.68388748168945,46.18168524959857,45.66642048421152,46.09435026220891,56723400
2010-11-16,44.93280792236328,45.63147092574212,44.40880817121317,45.360737554406825,101097000
2010-11-17,45.06382369995117,45.299623184202524,44.84549121432837,44.95902503966924,77836200
2010-11-18,45.7886848449707,46.10308412773702,45.52668655316179,45.55288538289597,71488300
2010-11-19,45.82360076904297,45.928399378142856,45.53540042965863,45.72753398924819,54506100
2010-11-22,46.20787811279297,46.20787811279297,45.56161261552462,45.640212428280385,69918900
2010-11-23,45.47425842285156,45.80612450454369,45.212260287404945,45.73625655829817,76818300
2010-11-24,46.39128494262695,46.50481876632889,45.902222314045,45.9196893124214,53444200
2010-11-26,46.08559036254883,46.3999894627006,45.99825542834717,46.09432219022545,23640300
2010-11-29,46.050662994384766,46.199130738080285,45.500464490198574,46.02446417610985,89269100
2010-11-30,45.491722106933594,46.05938746876402,45.308323758583505,45.57032187501032,118862100
2010-12-01,46.45241928100586,46.688218769517285,46.14675512820738,46.16422212715149,81758800
2010-12-02,46.92401123046875,46.99387921578145,46.46987932040293,46.522280309387455,56844600
2010-12-03,47.04627227783203,47.10740509326478,46.72314120604627,46.72314120604627,38014200
2010-12-06,47.02880096435547,47.116135929445186,46.880336520935366,47.05500311962652,39312000
2010-12-07,47.05501937866211,47.61395002241186,47.00261838150204,47.59648302335851,59067300
2010-12-08,47.229671478271484,47.290804290368186,46.88907009896192,47.177270497265,48066900
2010-12-09,47.2733268737793,47.544056887234035,47.116127296907926,47.517858068251364,51679800
2010-12-10,47.587730407714844,47.64012805050311,47.23839724218253,47.413063824948686,44696200
2010-12-13,47.42179870605469,47.80606587916173,47.39559988297491,47.77113189406324,53110200
2010-12-14,47.509132385253906,47.70126263512849,47.360664618340536,47.544063037920495,69884800
2010-12-15,47.299530029296875,47.77112880314831,47.1859962508168,47.482928441965335,76951900
2010-12-16,47.66633224487305,47.73619688207894,47.212200442826344,47.34319788689544,65519400
2010-12-17,47.70832443237305,47.84833405389498,47.61206719168434,47.72582605232488,36844200
2010-12-20,47.743343353271484,47.918352934085156,47.393317515456566,47.795844892278076,48159600
2010-12-21,48.03211212158203,48.03211212158203,47.79584518034704,47.92710570484219,35775400
2010-12-22,48.02336120605469,48.09336436860077,47.944605561881794,48.01460872442787,35766500
2010-12-23,47.900840759277344,48.014596286207976,47.7870818942539,47.93584066243679,21664800
2010-12-27,47.92710494995117,48.00586059578904,47.43706944939403,47.76084451455734,29263700
2010-12-28,47.839595794677734,48.05836110196218,47.73458938184743,48.02336118974786,24160500
2010-12-29,47.94459915161133,48.040856408074404,47.89209428315149,47.97084991679463,24132700
2010-12-30,47.830841064453125,47.953349088128356,47.73458380639594,47.944599945620105,27553300
2010-12-31,47.65583419799805,47.79584386248867,47.4370688886006,47.76959309355096,38540100
2011-01-03,48.399620056152344,48.732140797992216,48.08459759496303,48.10209921370604,90994300
2011-01-04,48.364646911621094,48.60966305028979,48.05837340019069,48.574659791024395,43851500
2011-01-05,48.77589797973633,48.79339626091275,48.18960541754941,48.21585617740661,43787400
2011-01-06,48.93342971801758,48.96843297360961,48.72341686065374,48.82842328933566,46139600
2011-01-07,48.88966751098633,49.04717879146172,48.40838452646419,49.02092802408033,72261700
2011-01-10,49.073429107666016,49.16093388424287,48.635898548595215,48.784657336394524,55551800
2011-01-11,49.1434326171875,49.31844550970185,48.95967058218941,49.27469312109658,56663800
2011-01-12,49.493465423583984,49.493465423583984,49.178442839986275,49.37970652659731,51979300
2011-01-13,49.51097869873047,49.64223591405096,49.3622165156538,49.52847699029757,47364500
2011-01-14,49.87848663330078,49.8959882572521,49.405952800895506,49.52846083046129,43867400
2011-01-18,50.01850128173828,50.07975530263809,49.432211842241884,49.50221500694433,65805600
2011-01-19,49.449710845947266,50.106006797743966,49.28345040653922,50.106006797743966,67767200
2011-01-20,49.09967803955078,49.30969083073029,48.723401505753266,49.2396876797015,92357800
2011-01-21,48.72342300415039,49.43222399783739,48.697172228193516,49.34471584782347,59673300
2011-01-24,49.3972053527832,49.40595449601232,48.72340782895995,48.81966509494807,64103300
2011-01-25,49.46720886230469,49.48471048698011,49.047179884375346,49.152186294334285,55305100
2011-01-26,49.72972106933594,49.8609782239684,49.39719693569965,49.5372065701634,60547700
2011-01-27,50.03601837158203,50.1847772288588,49.80850050527134,49.88725617621046,53656100
2011-01-28,48.767154693603516,50.07099720112856,48.53964027640569,50.02724147566193,123359900
2011-01-31,49.00343704223633,49.14344672883323,48.469649068931176,48.83717658255695,70571300
2011-02-01,49.922245025634766,50.03600392594738,49.318453948148814,49.37095548822091,76952900
2011-02-02,49.8434944152832,50.027256500296666,49.73848798643183,49.81724364259391,48661000
2011-02-03,49.930973052978516,50.00097618482043,49.35343302839083,49.74720773844754,45341900
2011-02-04,50.211021423339844,50.24602134054561,49.79099237402332,49.922249574256774,47647800
2011-02-07,50.44728088378906,50.72730020833804,50.228515577854324,50.307271221514576,45627100
2011-02-08,50.779788970947266,50.8147922122337,50.36851256915653,50.464766475554995,38099900
2011-02-09,50.692291259765625,50.858551671872455,50.534779990151456,50.701040402258286,62540800
2011-02-10,50.771053314208984,50.841056477281526,50.30727192731059,50.359773465091564,70194700
2011-02-11,51.13856887817383,51.17357212290269,50.55227955038454,50.622282701749114,47853500
2011-02-14,51.26108169555664,51.33108484891616,51.08606880501798,51.13857033551431,48506100
2011-02-15,51.19109344482422,51.25234747762517,50.95482645912293,51.138588557525786,39723800
2011-02-16,51.52360916137695,51.663618832817086,51.30484384112088,51.32234546731263,53061700
2011-02-17,51.50609588623047,51.60235313946799,51.23482574875136,51.269828993218304,38361900
2011-02-18,51.39235305786133,51.60236925214675,51.19983849127421,51.50611196885318,44334300
2011-02-22,49.904747009277344,50.86731648338076,49.825991355378825,50.692303548262494,92598100
2011-02-23,49.493465423583984,50.079754857873475,49.11718881963047,49.904741940531,97842900
2011-02-24,49.75597381591797,49.904732598049556,49.12592876667097,49.59846255360622,98716100
2011-02-25,50.44728088378906,50.5085349024033,49.98349616530372,50.036001040441775,54094600
2011-02-28,50.552268981933594,50.79728496762633,50.25474814012423,50.648526215767866,51402800
2011-03-01,49.73848342895508,50.771056009313796,49.615975383504704,50.771056009313796,91993900
2011-03-02,50.00100326538086,50.32477501895055,49.694733138773586,49.71223476573601,61552900
2011-03-03,50.98981475830078,51.077319540032214,50.46477605363181,50.46477605363181,64146600
2011-03-04,50.727272033691406,50.98103711067981,50.39474801869293,50.97228797206302,62328400
2011-03-07,50.04474639892578,50.981061570463446,49.58971419642534,50.937309180204316,98470000
2011-03-08,50.246009826660156,50.4735275958797,49.67722207979808,49.98349214825509,62399100
2011-03-09,49.904747009277344,50.11476319903808,49.633480131033416,50.062258317074374,84764200
2011-03-10,49.12594223022461,49.45846646824758,48.924678526132666,49.34470756138029,102894400
2011-03-11,49.432193756103516,49.58095251297731,48.84590119302472,48.84590119302472,81679400
2011-03-14,49.2571907043457,49.51970836984059,48.880914159835505,49.160933448109155,73565800
2011-03-15,48.557151794433594,48.845920280421,47.664588890128584,47.813347705132486,101276500
2011-03-16,47.384552001953125,48.42587333566715,47.05202790471374,48.154603238170196,176507700
2011-03-17,47.82210922241211,48.33839560759981,47.367076871221734,48.13712853807207,94434500
2011-03-18,47.71432113647461,48.38906950382403,47.67926849180093,48.38906950382403,94887200
2011-03-21,48.63441848754883,48.87978024986103,47.758122658944345,48.441632335558786,57423000
2011-03-22,48.54679870605469,48.73082005987338,48.441640781469246,48.70453225012896,36162100
2011-03-23,48.81843566894531,48.95864285591879,48.038532982480135,48.37152630509328,60365100
2011-03-24,49.68598175048828,49.79113633002052,48.91484036737629,49.186493319205375,69502400
2011-03-25,49.80867004394531,50.14166349516431,49.71227693889737,49.84372268992716,74131100
2011-03-28,49.53701400756836,50.036502482299376,49.510726196099604,50.02774099274449,37824000
2011-03-29,50.01896667480469,50.01896667480469,49.27411322711642,49.423085253775376,47994800
2011-03-30,50.25556182861328,50.325667095813685,50.01896490881973,50.264326658414895,44935900
2011-03-31,50.32567596435547,50.369490092675214,50.08031417152191,50.1679424281614,50004300
2011-04-01,50.351959228515625,50.73753154566037,50.202990537112186,50.57979802370178,68031800
2011-04-04,50.18545913696289,50.54474026886433,49.966385194515595,50.49216131926788,48659100
2011-04-05,50.05400848388672,50.37824029345947,49.94885393789697,50.08906111348422,55349400
2011-04-06,50.17669677734375,50.58855687911629,49.88752089733566,50.439588195464324,49532100
2011-04-07,50.14166259765625,50.474652700110596,49.78238133978395,50.15918892033346,60697000
2011-04-08,49.905059814453125,50.44836241965241,49.64217167276341,50.36949564286508,42782200
2011-04-11,49.738555908203125,50.202995027872184,49.56329939506401,50.09783710862426,42451700
2011-04-12,49.39680480957031,49.63340513178715,49.20402196179672,49.510724226075595,50422800
2011-04-13,49.817440032958984,49.9488858064136,49.42310939820488,49.764864397821036,49979800
2011-04-14,49.72980880737305,49.79991410715436,49.27413438720857,49.475682109872814,53544100
2011-04-15,49.64216995239258,49.83495280012188,49.31793802416772,49.53701202511772,68530000
2011-04-18,49.291648864746094,49.309175185478914,48.476693336091316,49.142680152722946,69065000
2011-04-19,49.598358154296875,49.598358154296875,49.16021010225254,49.42310160772262,38608400
2011-04-20,50.72000503540039,50.77258064731867,50.41329948039569,50.474639922835955,67397500
2011-04-21,51.12309265136719,51.23701203142631,50.96535915368622,51.21072088661088,43666800
2011-04-25,51.254554748535156,51.280842558959804,51.070530047150704,51.16692314244638,25376800
2011-04-26,51.543724060058594,51.727745394963094,51.27207113033991,51.38599053219659,49400000
2011-04-27,51.89424514770508,51.955585594320986,51.40351823197419,51.64011853012282,56465500
2011-04-28,51.815372467041016,51.90300071140299,51.59629851333285,51.73650570999395,48100000
2011-04-29,51.77157211303711,51.955593480817996,51.68394050256707,51.71899314675508,44831200
2011-05-02,51.6751708984375,51.99939944925313,51.543725174775254,51.85042740624901,48149400
2011-05-03,51.429813385009766,51.701466360823574,51.11434961856019,51.64888739501326,38100000
2011-05-04,51.350921630859375,51.58752184771845,50.92153865207261,51.45607951133173,53097200
2011-05-05,51.070533752441406,51.67518017850865,50.895277213156504,51.09682490757751,72200000
2011-05-06,51.23701095581055,51.87670641950854,51.096803776682265,51.57876574601057,72507000
2011-05-09,51.429813385009766,51.631361073076484,51.12311110812652,51.32465879619324,40022000
2011-05-10,51.86795425415039,51.946821020590704,51.508673060989764,51.57877833907166,38053600
2011-05-11,51.491146087646484,51.97311151133056,51.140629730098695,51.78908683010409,61900000
2011-05-12,51.79784393310547,51.867945857034634,51.03546754280911,51.33340824081505,66100000
2011-05-13,51.18445587158203,51.762811172957925,51.16692954817011,51.6751828987027,63506600
2011-05-16,50.299373626708984,51.10556405189225,50.18545425174082,50.94783056126026,73115300
2011-05-17,50.4395866394043,50.44834812642984,49.93133347904091,50.03648803736318,63136000
2011-05-18,50.86022186279297,50.947850127774245,50.3081544335596,50.3694948876073,42351100
2011-05-19,51.00919723510742,51.12311666868518,50.69373009154101,51.017962068431196,35015800
2011-05-20,50.62360382080078,51.00917273171844,50.5534985591051,50.95659712824954,44703300
2011-05-23,49.87875747680664,50.08030846114243,49.6421605422971,49.93133643047728,43700000
2011-05-24,49.572059631347656,50.010207588734716,49.563298143033514,50.00144610042057,39314800
2011-05-25,49.76484680175781,50.00144710463507,49.484432370822624,49.510720179096644,41369000
2011-05-26,50.07155227661133,50.21175950113917,49.60711647213858,49.615877961194855,40564100
2011-05-27,50.32567596435547,50.37825492402139,50.115363468495474,50.15918093961894,30127200
2011-05-31,51.140625,51.140625,50.53597873995897,50.798870162308965,47590100
2011-06-01,50.02774429321289,51.140640737133886,49.98393015693972,51.01795981844728,51795000
2011-06-02,50.13289260864258,50.308152474584645,49.852478160256844,50.124131119607235,50198100
2011-06-03,49.379276275634766,49.94010850101968,49.30917433671404,49.554536137142314,57773700
2011-06-06,48.97617721557617,49.53700605557591,48.9498894083273,49.26535646652804,50175600
2011-06-07,48.888545989990234,49.30040276399323,48.85349335392089,49.10761995121858,46311100
2011-06-08,48.53803634643555,48.87102977230853,48.3978291159844,48.78339816402403,46426400
2011-06-09,48.62565612792969,48.86225305574231,48.397817344609265,48.55555085835317,45307500
2011-06-10,47.88080978393555,48.49421761251,47.83699565535245,48.39782452394496,53740600
2011-06-13,47.88080978393555,48.13493640964269,47.71431475819831,47.90709759252465,37736800
2011-06-14,48.49420166015625,48.608121031241055,48.22254880381637,48.24883994656064,40565300
2011-06-15,47.57410430908203,48.32771930360744,47.4777112270655,48.029778569557934,59022400
2011-06-16,47.39007568359375,47.75811829341962,46.98697709875204,47.60038479126482,66316200
2011-06-17,47.24167251586914,47.953061970236924,47.1011508526347,47.77741240391941,70337000
2011-06-20,47.48756790161133,47.628089515465845,47.10991543619615,47.10991543619615,37402900
2011-06-21,48.5063591003418,48.55905597130849,47.452445133108974,47.65444477969774,55892800
2011-06-22,48.15504837036133,48.5853943496283,48.146263884898985,48.304351120225505,36833300
2011-06-23,48.60294723510742,48.629293983991836,47.4787746120566,47.63686180596046,80743300
2011-06-24,47.75982666015625,48.41852230729774,47.663217429194276,48.37460993421484,56298300
2011-06-27,48.523929595947266,48.76984165121519,47.70714644060683,47.812536842821586,49968900
2011-06-28,49.24409103393555,49.252875519574,48.55904856732038,48.62930770092981,47028800
2011-06-29,49.44609832763672,49.542707582863194,49.09479590444064,49.35827355941274,65407300
2011-06-30,50.10478591918945,50.13991716083489,49.59539631652904,49.62174307261331,50347200
2011-07-01,50.86009979248047,50.9303622881072,49.99061983575078,50.131144827004235,53203900
2011-07-05,51.11478805541992,51.16748156832645,50.789832441397586,50.91278843857903,43128800
2011-07-06,51.28165817260742,51.36948628093534,50.88644006088117,51.05331179155434,49282700
2011-07-07,51.9842643737793,52.133570477289744,51.5890496269038,51.66809324633883,54799800
2011-07-08,51.84374237060547,51.852526856199425,51.26409028249001,51.53635238080925,69519500
2011-07-11,50.90401840209961,51.562714302800586,50.728365491852564,51.299236612580316,52080800
2011-07-12,50.517581939697266,51.0006249039507,50.464885064391275,50.895234503639145,84000700
2011-07-13,50.72834014892578,51.23773299912905,50.54390619294139,50.886427354140665,82378100
2011-07-14,50.13992691040039,51.097231654436285,49.94670839407931,50.86010075266957,98774200
2011-07-15,50.80739212036133,50.80739212036133,50.33313377689732,50.70200174962483,68281500
2011-07-18,50.53513717651367,50.75470241970294,50.04330982566181,50.526352690618246,59512200
2011-07-19,51.68564987182617,51.72956559472655,51.018173097511315,51.018173097511315,73904600
2011-07-20,51.466087341308594,51.984261405730855,51.378262591528326,51.97548027087261,57085500
2011-07-21,51.8086051940918,52.09842951105797,51.23773434358104,51.518777526826604,70148800
2011-07-22,52.3443489074707,52.432177008669846,51.747131220514504,51.78226246099416,43620400
2011-07-25,52.238956451416016,52.5287841483566,51.8349572529225,51.931566485236026,48916100
2011-07-26,52.37069320678711,52.546346039411766,52.098431148703945,52.20382150815909,40918900
2011-07-27,51.0181770324707,52.07209080768038,50.886436554207165,52.02817843169238,83969500
2011-07-28,51.105995178222656,51.755909649852185,50.84251760605358,51.044517189726506,61031900
2011-07-29,50.93913650512695,51.47487623545297,50.4473091534523,50.6932245044395,82860500
2011-08-01,50.702003479003906,51.65930803411988,50.087220153189136,51.55391765978865,85421100
2011-08-02,49.419742584228516,50.69322159379756,49.367045722692716,50.46487187744197,90853300
2011-08-03,49.89400100708008,49.95547899968046,48.61173759640233,49.481217327935234,103612300
2011-08-04,47.575382232666016,49.26164457984917,47.575382232666016,49.182600979976534,132830000
2011-08-05,47.27678680419922,48.330697225116324,45.95061094240928,48.05843848484253,214111800
2011-08-08,44.43123245239258,46.65323212679777,44.43123245239258,45.827667838158405,204804500
2011-08-09,46.57417678833008,46.618092515769874,43.851569202043734,45.09869813438275,193707100
2011-08-10,44.6683464050293,46.58295528481846,44.61564954905649,45.520260483277454,205917900
2011-08-11,46.63566589355469,47.15384010794087,45.089927738096144,45.30949302639028,143825300
2011-08-12,47.04845428466797,47.33828210155581,46.442455236130776,46.92549824730976,90483300
2011-08-15,47.74228286743164,47.74228286743164,47.01332440985662,47.24167421476239,73554300
2011-08-16,47.33828353881836,47.733498427954565,46.70593435571907,47.27680551827269,89219200
2011-08-17,47.057220458984375,47.79495639601356,46.56539315066547,47.399741672690624,84416600
2011-08-18,44.74738693237305,45.792516043285104,44.334603298093135,45.783734909710596,130019400
2011-08-19,43.939395904541016,45.37974338051953,43.90426801145112,44.28191715184081,96674600
2011-08-22,44.097496032714844,45.002107387634965,43.965758856965834,44.993322899071245,77107700
2011-08-23,45.91548538208008,45.91548538208008,44.21166019719529,44.39609420864314,75688400
2011-08-24,46.27557373046875,46.363401846051275,45.414878299560264,45.78374968440678,80197700
2011-08-25,45.52025604248047,46.45999477203982,45.36216884028367,46.24921071901114,93623700
2011-08-26,46.662017822265625,46.8201051040136,44.9230610733384,45.37097280475731,91573300
2011-08-29,47.96183776855469,48.01453128878214,47.10992345500962,47.12748907851881,45985800
2011-08-30,48.278011322021484,48.56783572835509,47.52270627778836,47.786183924537106,61617900
2011-08-31,48.3570442199707,48.9542618735636,47.95304167762305,48.56782495047449,60900400
2011-09-01,47.91791534423828,48.86643536288136,47.83008724509578,48.48000177755261,57158400
2011-09-02,46.79374694824219,47.9618357348218,46.53905379390902,47.0572279394075,58185700
2011-09-06,46.80253219604492,46.87279133794516,45.59053100799051,45.704705882665934,52992200
2011-09-07,47.988182067871094,47.99696655432528,47.33827078285861,47.470007926971974,48952200
2011-09-08,47.768619537353516,48.45366210668519,47.61053227515388,47.74227277708695,61422800
2011-09-09,46.70591735839844,47.636875166909405,46.416089638185724,47.43487220114317,63663500
2011-09-12,47.30313491821289,47.338266159998994,46.17017749785816,46.187743118751214,65973000
2011-09-13,47.93548583984375,48.03209173327768,47.25043999805022,47.47878972874798,59020000
2011-09-14,48.620521545410156,49.16504233828381,47.70712945070002,48.181391117218666,90757300
2011-09-15,49.34069061279297,49.42851535018276,48.64686379639712,49.14747217017666,83536100
2011-09-16,49.7929573059082,49.84575189524412,49.353012464313856,49.449800866506656,91902100
2011-09-19,49.81056594848633,50.07453223749865,48.7722956360595,49.17704416964597,73042900
2011-09-20,49.590599060058594,50.4616882474404,49.47621242456417,50.06574044763804,66570100
2011-09-21,48.728309631347656,50.09213847380183,48.71950885161105,49.845770345401185,79938000
2011-09-22,47.144500732421875,47.918801399471256,46.41419053095059,47.487657243855,151885500
2011-09-23,47.64603042602539,47.848404662009976,46.71334609988894,46.74854249480268,85940600
2011-09-26,48.20036697387695,48.288357976554636,46.81894011871605,47.88360607726439,96261400
2011-09-27,48.701900482177734,49.44980884750515,48.376342186677704,49.018661356291624,81148600
2011-09-28,47.98039245605469,49.24743598847781,47.86600919222136,48.913076905586884,76757100
2011-09-29,47.408477783203125,48.77230671671167,46.607777955929265,48.710714680499386,116900200
2011-09-30,46.1854248046875,47.17090060571257,46.15902582384253,46.77494945817587,104870100
2011-10-03,44.99757385253906,46.50218493993981,44.971178226746964,45.771877988742155,99149500
2011-10-04,45.921443939208984,46.00943492638281,44.082474263687935,44.54001732745297,137013700
2011-10-05,47.10050582885742,47.232490658020716,45.45511263626015,45.80706994301984,108825700
2011-10-06,47.892398834228516,47.90119625476602,46.81893227695195,47.038904712032355,71939200
2011-10-07,47.57564163208008,48.09477675286465,47.267681542001625,47.86600687973683,72525200
2011-10-10,49.221046447753906,49.221046447753906,48.29716259923362,48.385153615029964,48230200
2011-10-11,49.55540084838867,49.67858490219107,49.0098700287579,49.08906025713283,66449100
2011-10-12,49.801780700683594,50.356112430035445,49.76658764595033,50.0305540172797,85627600
2011-10-13,50.25928497314453,50.32087696677182,49.65216245459897,49.7049570304989,63443700
2011-10-14,51.191986083984375,51.20078350464622,50.6024582042497,50.875225235949394,65643600
2011-10-17,50.40009307861328,51.112805115583974,50.127329354098066,50.95442466292382,65161300
2011-10-18,51.02482223510742,51.28878856203661,49.85456693181896,50.32090755461098,91434600
2011-10-19,50.03933334350586,50.901624968114156,49.87215548531588,50.74324453129699,67639400
2011-10-20,49.7929573059082,50.083319155973825,49.089046230659804,50.03052792315068,80378300
2011-10-21,50.417701721191406,50.73446269211325,49.96015846947257,50.32091327379703,60455800
2011-10-24,51.464759826660156,51.605542071198855,50.42648951449475,50.60246480278301,61449500
2011-10-25,50.45288848876953,51.31518021342805,50.34730263747824,51.297582012127215,65299200
2011-10-26,50.39128112792969,50.840023376746416,49.4585968818925,50.73443755758589,98193800
2011-10-27,51.78150939941406,52.08947281960402,51.060000087502544,51.59673336120786,104455500
2011-10-28,51.86069869995117,51.92229071160626,51.47354843290304,51.49114663002062,42950000
2011-10-31,50.9896240234375,51.59674688951828,50.95442761935674,51.41197080286506,60520200
2011-11-01,49.66096496582031,50.95440367767925,49.37940057849911,49.73135774090674,99933000
2011-11-02,50.08332443237305,50.29449945545175,49.608186504343934,50.18011284476274,65003800
2011-11-03,51.12160873413086,51.1920015467402,49.898562145412974,50.47928942338384,78994200
2011-11-04,50.85762023925781,51.077592648040515,50.34728599626849,50.87521843474194,61527800
2011-11-07,51.21839904785156,51.253595455444454,50.303312589521425,50.822447853716966,65559000
2011-11-08,51.80790710449219,51.89589473295475,51.00720760203652,51.587934676822904,62906900
2011-11-09,49.986541748046875,50.88402976481362,49.828161312351966,50.804839546966164,69539000
2011-11-10,49.96014404296875,50.5232730035475,49.476205302253476,50.47927918284854,66052400
2011-11-11,50.90161895751953,51.05120195530073,50.32969265344835,50.391284665325045,54471000
2011-11-14,50.58487319946289,51.04241300613701,50.40009376450231,50.760848499023545,44617600
2011-11-15,51.148006439208984,51.35038073563354,50.38249972552142,50.43529433365938,52203900
2011-11-16,50.30329895019531,51.17439134110188,50.206513890328594,50.77844025432617,68342800
2011-11-17,49.12425994873047,50.188926035312925,48.81629643709397,50.17132783266108,101706900
2011-11-18,48.74589538574219,49.18584027782826,48.657904393417084,49.1330456824332,60417000
2011-11-21,47.813201904296875,48.15635831775753,47.32046251061523,48.08596889381016,52283700
2011-11-22,47.97159194946289,48.11237418217721,47.39966224102227,47.69002748403424,51940100
2011-11-23,46.88932800292969,47.663628606200454,46.86292902663843,47.61083736664433,48437300
2011-11-25,46.5285758972168,47.223686323126316,46.51977511912804,46.686956337680584,25448100
2011-11-28,48.147586822509766,48.209178860318836,47.637248958932474,47.663644587560846,46710700
2011-11-29,47.848411560058594,48.48192997727213,47.70762931662076,48.12117526868059,52056700
2011-11-30,49.61699295043945,49.66098677593355,48.98347112248049,49.15065235847729,66918600
2011-12-01,49.96014404296875,50.09212886157899,49.58179114323365,49.60819012086372,45362200
2011-12-02,49.819358825683594,50.452880546732935,49.77536500761365,50.452880546732935,36938900
2011-12-05,50.36488723754883,50.699242902429496,50.0833194492877,50.567261463085906,40492200
2011-12-06,50.22412109375,50.54967944279386,50.05693985129769,50.40889718186836,38670000
2011-12-07,50.22412109375,50.45289100906123,49.58179846198145,50.083335476310644,44576200
2011-12-08,49.3794059753418,50.285694592813506,49.28261757727575,49.898541000549336,51692600
2011-12-09,50.17131042480469,50.32089006067511,49.484997542081025,49.502592382114074,55757900
2011-12-12,49.608192443847656,50.16252065233591,49.185845703636524,49.64338548814677,55411700
2011-12-13,49.062660217285156,50.13612698840799,48.86028593947758,49.93375271060041,68557700
2011-12-14,48.297149658203125,48.91307317768705,48.02438597360553,48.877876780799255,63682800
2011-12-15,48.16516876220703,48.76349073366013,48.094775967616556,48.71069949423046,58732900
2011-12-16,48.413150787353516,49.07501485382354,48.333726964720526,48.421974160350636,60978900
2011-12-19,47.93659973144531,48.71318771381792,47.80422559400863,48.598463685800404,46733900
2011-12-20,49.357398986816406,49.41917268335749,48.6867083294933,48.71318517544946,81758800
2011-12-21,48.651424407958984,49.10149051185044,48.08663425154034,49.066190285470554,78552300
2011-12-22,49.0661735534668,49.09265039743031,48.686704665322516,48.75730509400691,40334100
2011-12-23,49.48978042602539,49.48978042602539,49.048537747618234,49.16325842018567,26594600
2011-12-27,49.67438507080078,49.83336826270289,49.40057413321628,49.45357077675614,21443500
2011-12-28,49.100276947021484,49.69205776297604,48.967786994819406,49.61256446552668,38180100
2011-12-29,49.45355987548828,49.48888759403534,49.02076247204639,49.179748998261125,28077900
2011-12-30,49.312252044677734,49.5683940769068,49.30341758566635,49.34757977264661,21832400
2012-01-03,50.25733184814453,50.51347385413004,50.12484193141939,50.26616293689222,39514100
2012-01-04,50.46931457519531,50.539976766676226,49.95702716439364,50.17784145873339,29403400
2012-01-05,50.88445281982422,50.92861501028213,50.16901320471313,50.363330885958916,41260600
2012-01-06,51.06108856201172,51.175909546476525,50.698953325516236,50.8932675750341,46325200
2012-01-09,50.89326858520508,51.21124165172871,50.725450964254556,51.193576106993156,39195500
2012-01-10,51.26425552368164,51.58222869712462,50.91095124888738,51.432073201061314,35949900
2012-01-11,51.37022018432617,51.48504452254484,51.06108162299623,51.2553958461075,37144100
2012-01-12,51.573394775390625,51.644056978830704,51.105269470357676,51.485070390449835,26188300
2012-01-13,51.38789749145508,51.405563037483795,50.94626894881237,51.29957313066989,35980400
2012-01-17,51.856014251708984,52.07682848718997,51.66170001564905,51.83834870854757,41790800
2012-01-18,52.544960021972656,52.544960021972656,51.82952064432132,51.95317608430495,48692700
2012-01-19,52.87177276611328,52.96893159029204,52.686289575967606,52.783445030787774,47774500
2012-01-20,52.79228210449219,52.81877874172327,52.606798905157106,52.64212663167896,41041700
2012-01-23,52.8099479675293,53.180914368412886,52.500805930767534,52.80111350882706,40958300
2012-01-24,52.712791442871094,52.85411246405739,52.47431158786443,52.5714704216848,38440200
2012-01-25,53.37522888183594,53.507718799690956,52.845275949133026,53.22507341697635,61591800
2012-01-26,53.18974304199219,53.70203040216432,52.93359767722692,53.60487158315967,37852700
2012-01-27,53.34873962402344,53.44589509194712,53.048432022130946,53.07492866162294,45532300
2012-01-30,53.39291000366211,53.47240330369176,52.695135855552884,52.89828465132654,42797800
2012-01-31,53.46354293823242,53.75501935356521,53.119073261463065,53.65786054845428,51449600
2012-02-01,53.896366119384766,54.09068382257676,53.57839292120133,53.772710624393326,46146700
2012-02-02,54.06416702270508,54.24081911899583,53.85218720264297,54.07300148066679,46373600
2012-02-03,54.80609893798828,54.867926661555344,54.4792947749398,54.56761913164753,36453800
2012-02-06,54.76193618774414,54.779601732772846,54.46162866097251,54.60294965184397,28541300
2012-02-07,54.87677001953125,54.98275993864312,54.47046915244467,54.717783456184065,37935700
2012-02-08,55.16823196411133,55.16823196411133,54.682441283115566,54.885589990828045,41171100
2012-02-09,55.56569290161133,55.62752061668434,55.04457118216896,55.38020975639229,46856400
2012-02-10,55.17706298828125,55.32721505315234,54.98274538022889,55.16822853190184,58090500
2012-02-13,55.68937301635742,55.76003521882383,55.33607211210317,55.59221417264574,36810200
2012-02-14,55.83067321777344,55.83950767446464,55.37137918121289,55.565696796123355,51648200
2012-02-15,55.44204330444336,56.40479358675841,55.35371558121924,56.09565160951119,105709100
2012-02-16,56.20165252685547,56.26348025684851,55.318395390545,55.45971639758033,83642300
2012-02-17,56.0250129699707,56.25465839431228,55.77770199462449,56.21049620148036,76112300
2012-02-21,56.183982849121094,56.43129375091081,55.83067867282864,56.08682403217276,38141300
2012-02-22,55.927852630615234,56.245825801488756,55.84835933789685,56.078008125465175,43174700
2012-02-23,56.29880905151367,56.360636778981466,55.72469058861737,55.998501502659344,54250000
2012-02-24,56.49311447143555,56.59027327633658,56.351793492313476,56.457783384315555,41364900
2012-02-27,56.572628021240234,56.75811123005558,55.93668174032029,56.18399268540741,42678500
2012-02-28,57.14673614501953,57.14673614501953,56.55495545901744,56.625617649837295,43717500
2012-02-29,56.89057922363281,57.37636646737738,56.705089347627975,57.19088333008779,59784400
2012-03-01,57.34104919433594,57.39404920255216,56.93475173783488,57.102572742871985,67558900
2012-03-02,57.2968864440918,57.48236961330635,57.11140327487724,57.26155535394859,33358200
2012-03-05,56.70512008666992,57.33223874533028,56.519640218191945,57.261576538901096,45788800
2012-03-06,56.148643493652344,56.28113338260171,55.848335998810576,56.148643493652344,54638600
2012-03-07,56.581451416015625,56.7139413375315,56.32530940076821,56.41363376887302,42741800
2012-03-08,57.190895080566406,57.35871607966318,56.79343209595646,56.91708754622251,43711100
2012-03-09,57.42938232421875,57.53537561811645,57.252733573107164,57.28806467107306,43117200
2012-03-12,57.45588684082031,57.50888011946083,57.16441033086142,57.41172128280786,32687300
2012-03-13,58.524635314941406,58.524635314941406,57.650205665390665,57.7650334364511,61559100
2012-03-14,58.72777557373047,58.94858989716471,58.365643587431855,58.5864579108661,59926900
2012-03-15,58.89558410644531,59.01923956220647,58.60410764412961,58.904418564347374,65531200
2012-03-16,58.85400390625,58.986718741420404,58.712446365516634,58.986718741420404,53023100
2012-03-19,59.269832611083984,59.411396882957355,58.792063318745384,58.95131974952492,60966200
2012-03-20,59.376007080078125,59.43793976280329,58.80091402611242,58.96017046028514,47290600
2012-03-21,59.38484573364258,59.712201247010746,59.30521415596185,59.38484573364257,39648100
2012-03-22,59.26100158691406,59.40255913653208,58.99557189991393,59.03096297485777,56953900
2012-03-23,59.225608825683594,59.34947420938163,58.88939699836848,59.33177529733497,45541700
2012-03-26,60.26079559326172,60.26079559326172,59.57068626157778,59.623769517812,40855300
2012-03-27,60.34925079345703,60.596981577512935,60.2784686408246,60.30501701067996,37278200
2012-03-28,60.11037063598633,60.61468167053233,59.75646661609352,60.384643045078334,44421900
2012-03-29,59.88029861450195,60.10148765980521,59.45561267745197,59.80951649996796,53975300
2012-03-30,59.765316009521484,60.18114597603512,59.52642792753007,60.145761649225314,39480900
2012-04-02,60.38462829589844,60.46425313709283,59.59719558780324,59.703368792885186,40031600
2012-04-03,60.3669319152832,60.65005369221335,60.03072016444666,60.43770729689903,45539900
2012-04-04,59.54410934448242,59.951096484782205,59.19905488313791,59.91570541821408,54088100
2012-04-05,59.91571807861328,59.96880131460426,59.39370817412566,59.437948704222926,42979900
2012-04-09,59.4644775390625,59.703365549982195,59.066339854403964,59.17250630356319,36908200
2012-04-10,58.50895309448242,59.66798886162172,58.32315501352666,59.437950249418584,69254200
2012-04-11,58.79205322265625,59.18134815330017,58.6416462722365,59.022091749869006,62950000
2012-04-12,59.4644775390625,59.52641021779062,58.81860913949148,58.9070834305094,57407400
2012-04-13,58.562042236328125,59.45564155323622,58.53550061802592,59.26100076896763,55227500
2012-04-16,57.90732192993164,58.88940238345525,57.72152383739444,58.85401130628277,57588000
2012-04-17,59.08406448364258,59.269862621936866,58.06659270237053,58.15507379217113,47362400
2012-04-18,58.933616638183594,59.27867104905376,58.75666808138265,58.91591773241064,42536100
2012-04-19,58.27005386352539,59.42908252421366,58.05771422915886,58.721281492940136,81110900
2012-04-20,58.11079406738281,58.845143416589025,58.02231978739342,58.588563279511376,59906900
2012-04-23,57.5799560546875,57.668430356829894,57.0579461967812,57.56225714416508,70514400
2012-04-24,57.270286560058594,57.71266477410146,57.02254909006367,57.473776758431036,49661500
2012-04-25,58.79205322265625,58.82744428454705,58.367373980276376,58.45584825992595,57526900
2012-04-26,59.13713455200195,59.26984940695292,58.70360565930951,58.783237272343264,41799500
2012-04-27,59.49102020263672,59.676818242104375,59.075183602332785,59.38485375160139,46003800
2012-04-30,59.066349029541016,59.429095704108896,59.02210850208204,59.31407978293503,37787700
2012-05-01,59.163665771484375,59.836075808029555,58.91592829732166,59.004409341743475,37643800
2012-05-02,59.33176040649414,59.37600092535034,58.730125800889205,58.871690061104694,38299300
2012-05-03,58.70358657836914,59.41139440793739,58.5531796083865,59.36715388728098,51297600
2012-05-04,57.243743896484375,58.70359349820505,57.23490119143532,58.16389148332555,107554000
2012-05-07,57.296836853027344,57.57110922723478,56.881000188805174,56.898692349978575,50267800
2012-05-08,57.08448028564453,57.27912777478688,56.16433618942128,56.93407331681843,72659700
2012-05-09,56.90753173828125,57.22604458431024,56.19087783471603,56.420916390216,85715300
2012-05-10,56.79253387451172,57.181822226519415,56.580190784686984,57.16413006285636,49448900
2012-05-11,56.78367233276367,57.38530702163367,56.54478767320545,56.59787427813335,47099900
2012-05-14,56.252811431884766,56.69518961536894,56.16433377014132,56.297048575217644,46360000
2012-05-15,56.06703567504883,56.86331474449496,55.96971189015359,56.40324419330168,66908600
2012-05-16,55.68657684326172,56.42977249095891,55.571560920163165,56.26166995906826,52825900
2012-05-17,54.50986862182617,55.79276669529409,54.501019163516496,55.70428898759456,62253900
2012-05-18,53.802040100097656,54.81950797667611,53.757799578225494,54.677947081887886,79496500
2012-05-21,55.30613708496094,55.3592236993526,53.837441170912854,53.908223323435074,61473000
2012-05-22,55.244178771972656,55.695406347367765,54.84604116142985,55.46536783341964,62954800
2012-05-23,55.350372314453125,55.4830837750984,54.297509834576886,54.7752791930882,56951100
2012-05-24,54.98760986328125,55.48307127149249,54.58061936715066,55.429988049228555,83131200
2012-05-25,54.916839599609375,55.13802874037631,54.7575831482509,55.040704978426305,32078900
2012-05-29,55.61579132080078,55.872371502859416,55.10263095668351,55.4299932752044,44216700
2012-05-30,55.14688491821289,55.34152909076072,54.57179173208615,55.11149384135734,56431800
2012-05-31,54.907989501953125,55.217652926340534,54.49215286770872,55.076092021609405,55260100
2012-06-01,53.44813919067383,54.253267458027366,53.43044365594233,53.91705904828512,71430800
2012-06-04,53.85513687133789,53.93476510562596,53.120790599640266,53.59856000536863,74119500
2012-06-05,54.07632064819336,54.18249386671821,53.64279181865819,53.66933343575016,47916900
2012-06-06,55.314964294433594,55.35920143442884,54.43020799421887,54.483294587259635,58781800
2012-06-07,55.093807220458984,55.89893578630789,55.04957005476871,55.89893578630789,38414800
2012-06-08,55.62465286254883,55.695435018686716,54.819524399414725,55.005322496658216,39730800
2012-06-11,54.68680191040039,56.07586938172618,54.65141083945594,56.0493243909787,51008900
2012-06-12,55.350372314453125,55.376913931566484,54.571785586702674,54.9433817266036,48802600
2012-06-13,54.96992874145508,55.60695120116473,54.784127289589435,55.19111789241449,50840100
2012-06-14,55.17340850830078,55.394597603747734,54.67794371947161,54.96106549163749,65170600
2012-06-15,55.85891342163086,55.938724670993935,55.30023467608934,55.32683729826504,41536100
2012-06-18,56.38210678100586,56.523993038035314,55.539655649903075,55.62833329198328,32191200
2012-06-19,56.96737289428711,57.206809920809924,56.62152542545995,56.665867620199435,36476500
2012-06-20,57.01171875,57.260018818879935,56.58606003927665,57.09152658685307,51389700
2012-06-21,55.59285354614258,57.029452131850746,55.530778528310634,56.9673771140188,42492700
2012-06-22,56.17814636230469,56.2490911876006,55.62833749760324,55.77909355993932,29504200
2012-06-25,55.09627151489258,55.73475810573983,54.936649021471794,55.71702528010274,33136400
2012-06-26,55.442108154296875,55.601730616137765,55.03418558863023,55.28248569245598,30611100
2012-06-27,55.77909851074219,56.0273986556454,55.59287001922902,55.654945055454824,35705800
2012-06-28,55.15834045410156,55.39777416775781,54.573059170553684,55.362301754734176,49793400
2012-06-29,56.89642333984375,56.89642333984375,56.05396916997391,56.22246135708141,44761300
2012-07-02,57.0649299621582,57.09153257723386,56.63927120677222,56.97625232334928,33425600
2012-07-03,57.5438117980957,57.5438117980957,57.0117390657992,57.100416726903305,15895100
2012-07-05,57.579288482666016,57.863061078631645,57.18023559528923,57.490610814990326,37016200
2012-07-06,56.86097717285156,57.36644720166656,56.44418479080449,57.31323520106919,40684100
2012-07-09,56.75456237792969,56.985129681977924,56.47078983666688,56.79890458605587,35628300
2012-07-10,56.19589614868164,57.20683985643578,55.97419859031066,57.06495017155552,47365700
2012-07-11,55.88551712036133,56.27570357874386,55.424385824362304,56.1249508730629,43432000
2012-07-12,55.362308502197266,55.59287244928059,54.85683839492897,55.44211974980993,57680400
2012-07-13,56.20473861694336,56.32888864801176,55.477571249684445,55.51304027082211,32357200
2012-07-16,56.04512405395508,56.32889655992264,55.82342657224073,56.0805964629098,27621400
2012-07-17,56.3377799987793,56.52400851066141,55.539670853081034,56.39985504179462,42467800
2012-07-18,57.10039138793945,57.26888360523718,56.213601639077936,56.2313378399953,44489700
2012-07-19,57.730037689208984,57.916262809723,57.39305986623199,57.49947035471317,53017800
2012-07-20,56.96737289428711,57.730012637257005,56.940770283711025,57.712279818762624,40573100
2012-07-23,56.27569580078125,56.470790694426135,55.433244576120394,55.8589067773157,48657800
2012-07-24,55.83230209350586,56.45305582016464,55.46871829947989,56.37324457841086,57269700
2012-07-25,55.459842681884766,55.82342641556243,55.11399515263467,55.39776765780578,46264400
2012-07-26,56.19589614868164,56.515141173989655,55.84118208498984,56.25797119439861,41928200
2012-07-27,57.526065826416016,57.63247628915551,56.43531122364389,56.60380347720852,42621000
2012-07-30,57.48172378540039,57.916248962710526,57.28662891560023,57.66794886139045,37821300
2012-07-31,57.4640007019043,57.80097850142215,57.410788695696176,57.57041118297757,34588300
2012-08-01,57.29549026489258,57.88963781486415,57.064923019504604,57.87190499552785,30920200
2012-08-02,57.091529846191406,57.65907482622351,56.67474090432497,56.86096934945137,40534900
2012-08-03,58.17340850830078,58.42170856544619,57.809828214814765,58.01378607646886,42117400
2012-08-06,58.61681365966797,58.8739835540554,58.35078073716637,58.47493078746784,23523600
2012-08-07,59.104576110839844,59.34400652005887,58.77646125718772,58.86513893594761,28223300
2012-08-08,59.07794952392578,59.20209957697355,58.856252034101836,58.95379947087801,20723500
2012-08-09,59.25531768798828,59.335132319820346,58.96267531405726,59.069092567942704,20726200
2012-08-10,59.290794372558594,59.3085271999796,58.891741481697935,59.04249419462997,20312000
2012-08-13,59.432674407958984,59.44154420407573,58.97154649496923,59.273051906217894,19890300
2012-08-14,59.459266662597656,59.77851157408659,59.29077441329234,59.65435476124521,24218700
2012-08-15,59.610015869140625,59.69869350259792,59.406051223086074,59.41492101613273,29100400
2012-08-16,60.31946563720703,60.452485518599566,59.760790254165045,59.831735092997356,35699900
2012-08-17,60.58549118041992,60.59436097461025,60.310588451555354,60.45247133024749,22584800
2012-08-20,60.674163818359375,60.683033611817756,60.3017136811484,60.541143979164005,26924000
2012-08-21,60.43473434448242,61.08208719670029,60.19529727753157,60.83378710184028,41391000
2012-08-22,60.68305206298828,60.798332350318795,60.133239717785244,60.30173201637549,44555700
2012-08-23,60.186431884765625,60.60321744723557,60.02680943496036,60.408129355846825,28800400
2012-08-24,60.55890655517578,60.700789476020404,59.94701912199721,60.04456659005967,38384800
2012-08-27,60.656436920166016,60.89586724156182,60.52341706798136,60.81605938965346,20671400
2012-08-28,60.656436920166016,60.82492241830723,60.399267010121214,60.60322491988972,27337900
2012-08-29,60.656436920166016,60.80718959532895,60.399267010121214,60.656436920166016,26672400
2012-08-30,60.04454040527344,60.41699052145075,59.94699297975038,60.390387908248044,24425400
2012-08-31,60.4436149597168,60.70077812852776,59.831727640925344,60.47908060904348,42128000
2012-09-04,60.381534576416016,60.61210189647924,59.78738683401418,60.328329335505856,32017200
2012-09-05,60.31946563720703,60.612108023136166,60.15984313267043,60.35493805662319,26129300
2012-09-06,61.65849304199219,61.67623262657435,60.67415583342678,60.69189541800894,43100000
2012-09-07,61.56983947753906,61.67625672961228,61.392484156422185,61.51663423433836,32958600
2012-09-10,60.78057098388672,61.54321071901134,60.73622878960338,61.41019090183026,25490000
2012-09-11,60.68305206298828,61.028899690651954,60.585504602296254,60.78946931983561,29810100
2012-09-12,60.860389709472656,61.02001216553033,60.48793956722814,60.90473191169374,42203400
2012-09-13,61.685096740722656,61.951136388792,60.851518923732684,60.913593939526294,45417800
2012-09-14,62.234928131103516,62.45662565126765,61.889080540901176,61.906813365618895,38880300
2012-09-17,62.26150894165039,62.28811155224413,62.03981149914387,62.27037873373798,31798400
2012-09-18,62.31473159790039,62.341340981608205,62.09303409336504,62.10190388793431,27169800
2012-09-19,62.42999267578125,62.58961508331247,62.12848067681423,62.30584266610897,36484600
2012-09-20,62.36793518066406,62.43001020292768,61.96001263926456,62.12849811931153,42520200
2012-09-21,62.3857307434082,62.73256461915267,62.3234786832737,62.679207649027575,23678500
2012-09-24,62.021095275878906,62.12781598145836,61.736513512631454,61.869912698364665,32341600
2012-09-25,61.14960479736328,62.323506152270454,61.122926300542225,62.18121178926659,41299600
2012-09-26,60.65153884887695,61.10509333220145,60.34027862893422,61.06951976635601,32770400
2012-09-27,61.48750686645508,61.629801144144665,60.69601360545944,60.80273431372663,25339500
2012-09-28,60.98063278198242,61.46976118037068,60.92727578760144,61.28300491506847,30112600
2012-10-01,60.89168930053711,61.65650438787737,60.69603798261742,61.274096844207236,37715300
2012-10-02,61.069515228271484,61.345208646845876,60.58928230249006,61.158445743794694,33254300
2012-10-03,61.46083450317383,61.576443526580384,60.99838483961706,61.238504760877575,38236000
2012-10-04,61.674278259277344,61.84325105955223,61.363017931112786,61.558669218806585,26128600
2012-10-05,61.34524154663086,62.07448302095878,61.18516381885316,61.98554567277457,25207900
2012-10-08,60.78496170043945,61.1140122239528,60.64267416660028,60.98950808748106,30911500
2012-10-09,59.815589904785156,60.776049140798946,59.67329562687815,60.624866559246215,67974000
2012-10-10,59.51322937011719,59.96678398672234,59.40651542618603,59.79781119554345,45134300
2012-10-11,59.32646942138672,60.00235375827858,59.29089584734341,59.957885094483075,30469400
2012-10-12,59.29978942871094,59.637728196078115,59.18418040473501,59.3175728227975,24891200
2012-10-15,59.73554992675781,59.8155921573359,59.166386363625335,59.52211528682435,22220100
2012-10-16,60.58039474487305,60.651535087187796,59.80668500188999,59.8244683912278,33960600
2012-10-17,60.54484558105469,60.740496867436384,60.18911658626671,60.26915204798673,33439400
2012-10-18,59.84230041503906,60.54486352206727,59.61997057553526,60.349212177709,61707600
2012-10-19,58.410457611083984,59.82447121133698,58.339310480451886,59.77111425584481,75362600
2012-10-22,58.712825775146484,58.864015131799384,58.25038297205032,58.38378215264327,38621500
2012-10-23,58.15258026123047,58.650596827619545,57.97471914036776,58.232622515095485,52591200
2012-10-24,57.948036193847656,58.579451944803864,57.85909885528978,58.48162630036327,39872400
2012-10-25,57.948036193847656,58.44605272193338,57.779063392547286,58.34822707749278,52688700
2012-10-26,58.11698913574219,58.35710903988313,57.49446861568198,57.94802315742002,54213100
2012-10-31,57.76128005981445,58.15258268397503,57.56563553270129,58.04586193603111,38524500
2012-11-01,58.57943344116211,58.69504244581676,57.95690619272797,58.12587894065446,26945000
2012-11-02,57.95692443847656,58.88181712177707,57.90356746337129,58.84624354338478,44083000
2012-11-05,58.33930206298828,58.45491782982483,57.841285790347285,57.965789858507534,28094700
2012-11-06,58.446044921875,58.84623575211169,58.21482008542259,58.43714983221306,29608400
2012-11-07,57.067588806152344,57.894655605587786,56.82747570275176,57.823508469408225,70737800
2012-11-08,56.169376373291016,57.36106372434887,56.169376373291016,57.22766454474127,58585800
2012-11-09,56.40950393676758,57.01424112275631,56.169387401817694,56.20496097569532,51542100
2012-11-12,56.400611877441406,56.80080612386018,56.2494292690626,56.73855406247091,32663700
2012-11-13,56.00931167602539,56.542905125454034,55.831447192882514,55.96484640336038,43288300
2012-11-14,55.35123062133789,56.34726721360318,55.2622966624405,56.28501513861683,82655300
2012-11-15,55.164459228515625,55.57354856715233,54.95991625543874,55.38678898957524,55124200
2012-11-16,55.404571533203125,55.564649220301675,54.524147646643776,55.20892366534697,70873100
2012-11-19,56.72077560424805,56.76524427675613,55.99153415589647,56.00932094640302,55306400
2012-11-20,56.7385368347168,56.818575659698034,56.19605184234195,56.70296326972916,52012700
2012-11-21,56.854164123535156,56.93419957700811,56.56068722420326,56.80080376207042,19611700
2012-11-23,57.7168083190918,57.734591714896936,57.13874957341811,57.174323149994365,16462900
2012-11-26,57.96581268310547,58.00138625729624,57.39664906598414,57.57451015197249,26430900
2012-11-27,57.77016067504883,58.1614632011526,57.672335043522885,57.95691684842596,25828600
2012-11-28,58.268184661865234,58.31265333101602,57.138752386078124,57.49448138438549,37295800
2012-11-29,58.615020751953125,58.81956033006747,58.321543842520434,58.57944717641894,41136100
2012-11-30,58.517189025878906,58.66837161744203,58.348216255917144,58.62390295641049,33497400
2012-12-03,58.40155792236328,59.02408508890282,58.374879446719056,58.97072135265108,28240000
2012-12-04,58.366004943847656,58.490509064071894,57.98359749316871,58.42825700395977,49584500
2012-12-05,57.7168083190918,58.285971974379926,57.40554800525703,58.27707688399437,54076200
2012-12-06,58.09032440185547,58.232618717238864,57.38776148582437,57.538944107194425,47512300
2012-12-07,57.743492126464844,58.437159971209816,57.54784082974876,58.374907902706205,30089400
2012-12-10,57.91244888305664,58.2148140505635,57.58339844933031,57.58339844933031,33219600
2012-12-11,58.66839599609375,58.99743979858144,58.268198235409756,58.31266691491949,40750800
2012-12-12,58.54387664794922,58.97964109723334,58.38379894219663,58.97964109723334,45917700
2012-12-13,58.08140182495117,58.83732814400607,57.83239367583515,58.428235573357526,45467700
2012-12-14,57.53006362915039,57.876897588882066,57.33441231135974,57.6901413632548,39630300
2012-12-17,58.29488754272461,58.31267094477674,57.503393844521675,57.58342933120882,42302900
2012-12-18,59.18418884277344,59.27311939581592,58.42826217949659,58.58833988895958,55596000
2012-12-19,58.92629623413086,59.370955865389085,58.890722649434096,59.35316568055695,34832500
2012-12-20,58.92629623413086,59.05969548050183,58.63281924910822,59.033010203253625,40754300
2012-12-21,58.30654525756836,58.37808867170044,57.76998329708874,58.02037842379553,51152900
2012-12-24,58.19028854370117,58.2528873213083,58.05614635661302,58.15451683896066,11418300
2012-12-26,57.6805419921875,58.28864720393001,57.49274569745501,58.23499306907892,21751300
2012-12-27,57.59114074707031,57.80576420085692,56.87572013743949,57.73422077534252,52933200
2012-12-28,57.03668212890625,57.617960446943684,57.00985505346318,57.15293847478931,33082100
2012-12-31,58.24394226074219,58.35125737417385,56.85782453171366,56.97407745419838,57544000
2013-01-02,60.0951042175293,60.121938121389334,59.45123380278852,59.67480190898879,70695900
2013-01-03,59.782108306884766,60.220299870544295,59.60325655679102,60.095102280927286,47366500
2013-01-04,59.585357666015625,59.8089257289085,59.442277653597216,59.8089257289085,33972500
2013-01-07,59.6032600402832,59.70163055541107,59.245549696432526,59.433346091833734,26766200
2013-01-08,59.48698043823242,59.75526481243476,59.17398655016639,59.59429555246437,28734900
2013-01-09,59.71055603027344,59.871525310609336,59.51382186342371,59.576420648956784,25600300
2013-01-10,60.06825637817383,60.157682225198926,59.51381203296536,60.12191734459272,37528000
2013-01-11,60.14875030517578,60.175577379634284,59.91623762194298,60.041435184586305,21158600
2013-01-14,59.88045883178711,60.05037271359904,59.62111910477325,59.8446871291554,36768500
2013-01-15,59.585357666015625,59.67479034937743,59.31708008419768,59.585357666015625,31675300
2013-01-16,59.82680892944336,60.03248770570983,59.55852455206825,59.66583966756932,33822300
2013-01-17,60.11296844482422,60.345481088784055,59.96988164153992,60.0682521131093,32024200
2013-01-18,59.97884750366211,60.04144629656905,59.71056306391425,59.93413115611856,31992000
2013-01-22,60.07720184326172,60.12191817877209,59.6747821146879,60.0414301394044,32123100
2013-01-23,60.44384765625,60.62270616899192,60.32759474003373,60.41702058502737,31975700
2013-01-24,59.612186431884766,60.16663081355599,59.52275375622339,59.612186431884766,42596300
2013-01-25,59.91621780395508,60.08613164966523,59.683705197628534,59.799964912168406,39240100
2013-01-28,60.050392150878906,60.25607097914259,59.853651134100176,59.925194562520964,32926100
2013-01-29,60.059326171875,60.193461548014476,59.58535615941147,59.978838123435665,35554700
2013-01-30,59.93413162231445,60.34550291919614,59.79999622415388,60.166644350387415,34445000
2013-01-31,59.799983978271484,60.22923080999741,59.746323007239205,59.907292274825274,34870500
2013-02-01,60.506473541259766,60.61378186213194,59.978849280196215,60.22029982491552,53120800
2013-02-04,59.45124053955078,60.32762379441986,59.433351268283616,60.15770983117144,48483700
2013-02-05,60.32761764526367,60.51541403787937,59.56748744007905,59.710567481842666,35120300
2013-02-06,60.130836486816406,60.40806539611464,59.95198484828754,60.13083648681641,43593200
2013-02-07,60.18452453613281,60.247123320079815,59.522758165543586,60.20240697893664,46017900
2013-02-08,60.80156326293945,60.92676082160886,60.47962473414518,60.48856936626593,39837200
2013-02-11,60.819454193115234,60.864163709433114,60.613768585235604,60.837336635091305,17650400
2013-02-12,60.56906509399414,60.85523195336552,60.50646630671778,60.7389721893122,22057900
2013-02-13,60.783668518066406,61.01618114685547,60.60481002563102,60.747896819579324,23494700
2013-02-14,60.765804290771484,60.85523698520916,60.47069959649984,60.50647130972357,24478800
2013-02-15,60.58694839477539,60.90888696896665,60.41703447429773,60.75686231525306,25333600
2013-02-19,61.025115966796875,61.04300522654154,60.68529508193709,60.70317751892823,23436500
2013-02-20,60.08613967895508,61.034065844318114,60.0771950483137,61.00723877514808,38200300
2013-02-21,59.4422721862793,59.92517997644222,59.22764877601418,59.86258119750009,45855600
2013-02-22,60.04145050048828,60.05039513517461,59.549597934098095,59.78211067664229,21968000
2013-02-25,59.29918670654297,60.64059499088526,59.245532558450996,60.42597157576199,40927600
2013-02-26,59.522762298583984,59.63007743112574,58.98620028138764,59.37968227795119,42088800
2013-02-27,60.130836486816406,60.49749121537908,59.4422501734523,59.522731363964496,36339500
2013-02-28,60.005645751953125,60.57797924718445,59.99670112219073,60.13978790737528,28557300
2013-03-01,60.25605392456055,60.36336903681777,59.50486860702473,59.799980048665915,31617200
2013-03-04,60.52433395385742,60.53327858492621,59.97882744548716,60.05931547959732,19380500
2013-03-05,61.41862487792969,61.49910611399158,60.88206283591414,60.88206283591414,35581900
2013-03-06,61.266597747802734,61.624308035649456,61.186109692228,61.60641876874118,29071100
2013-03-07,61.427555084228516,61.52592556481532,61.212924859627364,61.33812241260057,21775900
2013-03-08,61.499080657958984,61.72264865148803,61.25763022695924,61.633222818627154,26159900
2013-03-11,61.67794418334961,61.69582662228067,61.23080815977625,61.418604470946555,23187900
2013-03-12,61.454376220703125,61.64217253202359,61.159264807447705,61.49908572944365,27575400
2013-03-13,61.3738899230957,61.606402572482175,61.15926653591444,61.53485916917027,34297300
2013-03-14,61.57958984375,61.71373205051279,61.445447636987204,61.5885344769358,31530800
2013-03-15,61.408382415771484,61.65935704106519,61.25599910308975,61.623502546231,30752600
2013-03-18,61.273929595947266,61.52490422052897,60.709236690638434,60.843682497703185,36163000
2013-03-19,61.15741729736328,61.578692290424314,60.61064813360176,61.46217029300914,33125100
2013-03-20,61.58762741088867,61.722080011819976,61.300798386888786,61.58762741088867,28035400
2013-03-21,60.88849639892578,61.17532549032028,60.74507843395605,61.02294903144867,30050800
2013-03-22,61.480079650878906,61.524899475474214,61.06776325107342,61.13947223500788,28837200
2013-03-25,61.255985260009766,61.81171954653236,60.9601977119268,61.677266930925136,24909800
2013-03-26,61.58762741088867,61.6055580715693,61.35457669184397,61.48902929277527,19725200
2013-03-27,61.66830825805664,61.713121237432105,61.076719486530166,61.166352283825184,22539500
2013-03-28,61.82069778442383,61.901365267502996,61.52490333604249,61.66832131291061,23662800
2013-04-01,61.3994026184082,61.928240905905035,61.229095517701886,61.86549726436229,28112800
2013-04-02,61.883445739746094,62.089600547637126,61.64142959660062,61.69521476093628,29431900
2013-04-03,61.318756103515625,62.00893639629737,61.166372774666925,61.919303568975195,35131200
2013-04-04,61.33668899536133,61.489065508175564,61.005039962870896,61.291869155805436,32287400
2013-04-05,60.82574462890625,60.91537742577425,60.2251973674922,60.36860847477219,55610800
2013-04-08,61.148433685302734,61.166357510875805,60.67337366435258,60.852639274261996,17891600
2013-04-09,61.5607795715332,61.81175428114301,61.03193414324286,61.30980486192339,30931400
2013-04-10,62.76186752319336,62.89632019881229,61.74003813016494,61.775892632899804,55271300
2013-04-11,62.73497772216797,62.87839573165891,62.53778137839147,62.609490383136944,37233600
2013-04-12,62.690147399902344,62.73496038657475,62.21508734219467,62.582583922507226,32783700
2013-04-15,61.453189849853516,62.55569324106203,61.38148770521286,62.45709509881797,48795800
2013-04-16,62.26886749267578,62.34057647971451,61.67727860742438,61.80276591546945,27682600
2013-04-17,61.049869537353516,61.74901537920705,60.69133127937649,61.73109154365502,60204800
2013-04-18,60.207279205322266,61.247039012790964,59.94733925345509,61.21118451889079,56798200
2013-04-19,61.03192138671875,61.15741555384157,60.23417758139233,60.323817249129554,43062800
2013-04-22,61.659366607666016,61.883452106237904,61.022964612347465,61.24705011091935,34412100
2013-04-23,62.250911712646484,62.474997077830295,61.68621905425862,62.00890252720672,53078300
2013-04-24,62.22401428222656,62.44809961758913,61.955115982916524,62.09852704150687,44500700
2013-04-25,62.555694580078125,62.78874536114757,62.37642211827656,62.38538745100293,26437100
2013-04-26,62.3585205078125,62.5377861949358,62.08961513857994,62.403340348867125,24079800
2013-04-29,62.932151794433594,63.17416789016397,62.52880075294252,62.555689910569306,31664000
2013-04-30,63.389286041259766,63.39825137304134,62.77977341245748,63.012824168967185,30135800
2013-05-01,63.093505859375,63.505822313177255,62.968018540328494,63.40722415699128,28537200
2013-05-02,63.89125442504883,64.02570708804268,63.14728894988984,63.20107411821529,31744200
2013-05-03,64.64417266845703,64.84136211883015,64.45594171227461,64.50972003159953,34061700
2013-05-06,64.89513397216797,64.99373209641294,64.70690305457586,64.76068136287539,19244300
2013-05-07,64.85929870605469,65.0475296794229,64.61728256990571,65.00270985019654,25838100
2013-05-08,65.17302703857422,65.22680537109676,64.71589069649197,64.82345420008393,24252100
2013-05-09,65.0833740234375,65.52257955945635,64.95788672743211,65.04751953335814,29337200
2013-05-10,65.47779083251953,65.50468000040416,65.10132196649285,65.21785081205596,20663700
2013-05-13,65.55844116210938,65.71978296569843,65.30746654286985,65.37021019767973,29730100
2013-05-14,65.89903259277344,66.09622884244074,65.54945990965189,65.57635590250601,36009800
2013-05-15,66.03350830078125,66.09625196230037,65.61222649977586,65.77356832061736,27214400
2013-05-16,65.9617919921875,66.41892824031481,65.92594433690479,66.08728613985882,27253400
2013-05-17,66.59822845458984,66.62511762652676,66.08731367214352,66.30243388618716,31114500
2013-05-20,66.49962615966797,66.71474636043084,66.23072077980348,66.4727369893911,25132400
2013-05-21,66.57132720947266,66.8133434149713,66.23071966080717,66.46377053018237,25900000
2013-05-22,65.98869323730469,67.18082276876984,65.64807893813236,66.65198432949111,59843200
2013-05-23,65.83631896972656,66.0604044758707,65.28059129115915,65.40607862751612,48222100
2013-05-24,65.80046081542969,65.81838464410278,65.21783722463915,65.39710286555353,26430300
2013-05-28,66.23068237304688,66.81330579919502,66.02452762810677,66.571289729951,27057100
2013-05-29,65.91698455810547,66.15003536835314,65.54052259900648,65.97076288410646,32090300
2013-05-30,66.26657104492188,66.58028940898546,65.92596351230249,65.94388734515721,32390500
2013-05-31,65.65704345703125,66.51753085099618,65.58533446456435,66.01558158081978,38347600
2013-06-03,65.7735366821289,65.7914673416786,64.92201499417726,65.66598007900242,47613100
2013-06-04,65.4329833984375,66.16798376033006,65.16407799151764,65.90804369058715,35251900
2013-06-05,64.58145141601562,65.46882818538319,64.52766623949051,65.21785349009116,48654200
2013-06-06,64.89513397216797,64.90409930306582,64.0615360008065,64.67104856952827,62524100
2013-06-07,65.78252410888672,65.8542330940874,65.00270428155609,65.16404607898501,31969800
2013-06-10,65.80941009521484,66.11416984834888,65.66599897027434,65.90800823547484,25390000
2013-06-11,65.15512084960938,65.7377378458199,64.93103528535957,65.15512084960938,40278900
2013-06-12,64.40214538574219,65.55842692052128,64.30354725838198,65.53153776552196,42081900
2013-06-13,65.21786499023438,65.36127619631203,64.13329167230494,64.3125573895392,28221500
2013-06-14,64.78759765625,65.28954698009319,64.68899949070271,65.21784481850605,27690700
2013-06-17,65.41503143310547,65.79149337006966,65.07441715233685,65.29850261556015,32441900
2013-06-18,65.95281219482422,66.07829946341758,65.48671076415468,65.50464142454987,24853100
2013-06-19,65.21786499023438,66.04249823119,65.14615596792116,65.9707892088768,43145100
2013-06-20,63.66718673706055,64.68005782145065,63.4520665192412,64.46493076508287,60908400
2013-06-21,63.32907485961914,63.81463155783743,62.79855654001425,63.64378562878463,51558900
2013-06-24,62.699649810791016,63.18519962164355,62.17812521669919,62.807546719789414,41492300
2013-06-25,63.15821838378906,63.40998695707867,62.77157182904313,63.3020900600569,28897400
2013-06-26,63.724693298339844,63.841583869563735,63.47291790926255,63.697712218662424,23742300
2013-06-27,63.99444580078125,64.39907969560468,63.958477886118395,64.05738793639668,23545000
2013-06-28,64.08435821533203,64.46201786597193,63.65275698628336,63.796621775906964,28301100
2013-07-01,64.48003387451172,65.01055229986868,64.4170917081319,64.5160018067547,24942800
2013-07-02,64.5069808959961,64.9026211235841,64.1563022797899,64.4530324504809,23067900
2013-07-03,64.76775360107422,65.07347751541145,64.21925478256375,64.27321009696433,18847500
2013-07-05,65.2623291015625,65.28930333906217,64.61491996084037,65.13644475310903,28795900
2013-07-08,65.32525634765625,65.63097344970005,65.08247454527474,65.60399921836454,20558500
2013-07-09,65.72087097167969,65.86474264440318,65.32523759204796,65.63095460631698,26108600
2013-07-10,66.09854125976562,66.19745133554616,65.62197827292123,65.65793933667776,25598900
2013-07-11,67.41131591796875,67.46526435482103,66.76390723503094,66.80886883919293,47768900
2013-07-12,67.70807647705078,67.75303124124314,67.27646820768375,67.4563009848146,31412600
2013-07-15,67.86093139648438,67.90588615827392,67.59117538502576,67.78000184897466,19783600
2013-07-16,67.77102661132812,67.96883994538128,67.60018065081974,67.91489147792873,31747100
2013-07-17,67.94181823730469,68.10367038674963,67.75299187298172,67.97778614386765,24631500
2013-07-18,67.77102661132812,68.10371797419414,67.66312281624153,67.93287887386727,36278800
2013-07-19,67.06964111328125,67.20451909962098,66.87182784151958,67.18653856952605,37732400
2013-07-22,67.26748657226562,67.42035200643538,67.06067952750139,67.32144190322398,21135900
2013-07-23,66.77289581298828,67.40231706197558,66.71894052009145,67.39332336979659,24739500
2013-07-24,66.9887466430664,67.45631608437675,66.83588806227093,67.42934184778723,24426900
2013-07-25,67.41131591796875,67.49223857324716,66.95273362419152,67.30341218408657,23162200
2013-07-26,67.77102661132812,67.78001344911587,67.03370116202352,67.1415980969286,20885600
2013-07-29,67.64512634277344,67.92386917251295,67.46528672666737,67.63613264692316,20958400
2013-07-30,68.00479125976562,68.2925277828385,67.75302265959934,67.88790065545409,24104600
2013-07-31,68.13069152832031,68.52633191284316,68.00480719873241,68.13968522619987,25007600
2013-08-01,68.82306671142578,68.92197681403837,68.52633640358799,68.59827227097567,16880000
2013-08-02,69.20973205566406,69.22771259726066,68.67921346608398,68.83207894048189,18105300
2013-08-05,69.2546615600586,69.30861688552082,69.03886083875342,69.17373886213713,15462800
2013-08-06,68.84103393554688,69.22768057275773,68.56229107855089,69.16473841601088,23675400
2013-08-07,68.7151107788086,68.84998871278829,68.22056750111864,68.64317496599587,20281200
2013-08-08,69.05684661865234,69.21869887089063,68.60725779134388,69.09280768787767,19994000
2013-08-09,68.778076171875,69.1827101107269,68.58025604979349,68.93992837537995,18558500
2013-08-12,68.93994140625,69.06582571497277,68.50834002210915,68.51732685831769,20515900
2013-08-13,69.32662200927734,69.47948062191008,68.53534784372225,69.02989162462531,23917000
2013-08-14,69.06583404541016,69.3985322501235,68.96692395374352,69.29962215845686,29921000
2013-08-15,67.89689636230469,68.32849772960793,67.69907621054901,68.292529805636,39406600
2013-08-16,67.86991882324219,68.22059748963525,67.75302136099135,67.90587988527967,23825000
2013-08-19,67.75300598144531,68.45436315502735,67.73502545450805,67.87889025054065,29586900
2013-08-20,68.04975128173828,68.36446202456183,67.82495691398151,67.87890536698563,18842800
2013-08-21,67.81596374511719,68.41841100894116,67.56419514890297,67.83395113637805,30705100
2013-08-22,68.48139190673828,68.52634668546429,68.07675773710656,68.11272567619713,17269500
2013-08-23,68.93994140625,69.02985778959764,68.6971664851933,68.96691563523626,20697300
2013-08-26,68.97589874267578,69.48842959527371,68.83203392344124,68.99388613269214,27525500
2013-08-27,67.56420135498047,68.49934684123042,67.4023491196645,68.15766183786577,40068900
2013-08-28,67.82493591308594,68.11267234031449,67.48325104955752,67.48325104955752,20490400
2013-08-29,68.301513671875,68.64319861016389,67.7080601621965,67.80697022383943,27287900
2013-08-30,67.86093139648438,68.37346233011145,67.61814961413556,68.37346233011145,26228500
2013-09-03,68.2475814819336,68.7331382110755,67.923876995839,68.41842056168636,27241500
2013-09-04,68.97589874267578,69.09278933706504,68.27454145598169,68.4813552800942,27142900
2013-09-05,69.09280395507812,69.29062412603541,68.9939007297802,69.02087496033242,17809700
2013-09-06,69.17374420166016,69.5424035098391,68.38247025567523,69.32660277187627,27715100
2013-09-09,69.98297882080078,70.09986941335737,69.44347375181626,69.4704479762386,25161900
2013-09-10,70.32469177246094,70.4236018748559,70.0639293988907,70.3876339412412,27619400
2013-09-11,70.18978881835938,70.23475043446139,69.76717432364637,69.85709755585042,28132900
2013-09-12,70.14482879638672,70.36062944508063,70.00095712380482,70.20777093809657,18332700
2013-09-13,70.18978881835938,70.26172466005083,69.81213593974839,70.2167630439488,16932500
2013-09-16,70.00093078613281,70.783217276061,69.8390786454641,70.783217276061,25704300
2013-09-17,70.46852111816406,70.55843746802273,70.11784255159083,70.15380360339209,27174300
2013-09-18,71.31375885009766,71.45763052991167,70.43256882186428,70.57643364149901,31714700
2013-09-19,71.4845962524414,71.6554421368553,71.35871197766649,71.5385446958654,26435700
2013-09-20,71.23930358886719,71.73533897864596,71.20322766226697,71.65416642360059,26328900
2013-09-23,71.09503173828125,71.61812253657233,70.76133446058897,71.53694995301178,30319400
2013-09-24,71.09503173828125,71.47381877947885,70.86054157339527,71.24834931960667,21871300
2013-09-25,70.85147857666016,71.24830679101596,70.70718178648025,71.14909973742701,22746400
2013-09-26,71.40167236328125,71.57303136774355,71.1130717077977,71.14012694412703,22421700
2013-09-27,71.31145477294922,71.43771707447556,70.87855053858794,70.98677831737311,25151600
2013-09-30,71.14008331298828,71.32947673191856,70.34643371735974,70.57190305619744,28031900
2013-10-01,71.861572265625,71.89764817765875,71.11301257267199,71.14908848470576,33129700
2013-10-02,71.83454895019531,71.93375603214726,71.30243761238216,71.37458946848898,25503800
2013-10-03,70.99580383300781,71.89768140836456,70.61701690274515,71.74436387194108,42998200
2013-10-04,71.60906982421875,71.70827689268215,70.93266174693855,70.99579289225356,22852700
2013-10-07,71.01382446289062,71.56397022668286,70.95069332019865,70.97774854124114,20227100
2013-10-08,69.64299774169922,71.07697999524183,69.61594251137288,71.01384883088676,43660700
2013-10-09,69.426513671875,69.8413763808192,68.85832660117399,69.80530046515743,64526700
2013-10-10,70.8966064453125,71.05894470630983,70.15706700760929,70.17510153403975,48062700
2013-10-11,71.45574951171875,71.50985995393187,70.70718961747104,70.7162103180994,25214100
2013-10-14,71.9607925415039,71.9607925415039,70.95970816093076,71.01381859854727,31471900
2013-10-15,71.68121337890625,72.24939362101792,71.59102014107883,71.90668271191885,38684000
2013-10-16,72.49291229248047,72.52898821883066,71.96080786056882,72.01491830970441,46735900
2013-10-17,72.90774536132812,72.93480745562779,72.10507524985248,72.16820637499853,32193500
2013-10-18,74.0892105102539,74.11626572429036,73.36770602565741,73.57514080123134,39628200
2013-10-21,74.25157928466797,74.44097274177521,74.01708919839157,74.26059310587816,31176900
2013-10-22,74.35979461669922,74.76564360648932,73.8908213600469,74.54017423908783,43944800
2013-10-23,73.9088363647461,74.13430567260777,73.54809097678918,73.99902959251254,38021300
2013-10-24,74.2335205078125,74.38684488263738,73.8457129823669,73.95394073857658,23155100
2013-10-25,74.7656478881836,75.10835886917985,74.40489550352576,74.92798611724065,35824500
2013-10-28,74.78365325927734,74.90090169503412,74.4499631101893,74.77463944173971,28618400
2013-10-29,74.90992736816406,75.09030695911575,74.58525098522887,75.03618964144133,36878100
2013-10-30,74.8377685546875,75.29772094469376,74.47701632036325,75.17145869479677,33535500
2013-10-31,74.66641235351562,75.12637164067412,74.38683263032948,74.64837095672998,31309900
2013-11-01,74.68445587158203,75.0091322450902,74.31468976222851,74.91894589262185,30867800
2013-11-04,74.79268646240234,74.91894873680691,74.53114121377061,74.90992803698433,16834000
2013-11-05,74.87384796142578,75.05422754397316,74.28763324028498,74.50408185856432,27975600
2013-11-06,74.85585021972656,75.21660268127901,74.61234626462767,75.18954745079924,25576800
2013-11-07,73.44889831542969,74.97306645614603,73.38576717209561,74.86484557087537,52173200
2013-11-08,74.44094848632812,74.45898300365178,73.51201602667031,73.71944393939026,31470500
2013-11-11,74.32372283935547,74.53115079649933,74.08021207828199,74.3327366595591,24822900
2013-11-12,74.44094848632812,74.549176232602,74.06216169553554,74.09823761096015,20108500
2013-11-13,75.34284210205078,75.35186280306152,73.95395001988629,73.95395001988629,31345900
2013-11-14,75.57733154296875,75.63144198703172,74.98208913516113,75.14442734812879,31101200
2013-11-15,75.72161865234375,75.72161865234375,75.40596296778811,75.59535637852149,20511300
2013-11-18,74.98210144042969,75.8569237938342,74.83780460565505,75.70360625664244,31679600
2013-11-19,74.7656478881836,75.29775232294983,74.63938558567027,74.936999938292,25545300
2013-11-20,74.58523559570312,75.24360892547026,74.3687870119998,74.96402921815445,32177400
2013-11-21,75.34284210205078,75.40597324756831,74.83779293791054,74.90092408342807,28125000
2013-11-22,75.7486801147461,75.77573533554128,75.41498988390084,75.46910032549123,25361300
2013-11-25,75.9290771484375,76.10042921306157,75.73968367862352,76.01926353204702,21695100
2013-11-26,76.32589721679688,76.51529068314765,75.78477204425468,75.94711028409533,26621000
2013-11-27,76.85801696777344,76.87605149382462,76.41609883132283,76.47922999367292,21638100
2013-11-29,77.31797790527344,77.41717812151468,77.08348777769588,77.16465346756075,16708900
2013-12-02,77.09249877929688,77.52539616565818,76.97525028987326,77.40815455701447,26354600
2013-12-03,77.02934265136719,77.2367705748578,76.73172149424309,77.0383564701084,37147000
2013-12-04,77.10150909423828,77.35403370492708,76.46117686548327,76.70468765491859,37193200
2013-12-05,77.00227355957031,77.25480495772078,76.81288017154024,77.16461173227852,39829300
2013-12-06,77.56143951416016,77.72377768604878,77.19166655788945,77.65162585837005,36842900
2013-12-09,77.87712097167969,78.03945919737536,77.74183797013674,77.87712097167969,22590000
2013-12-10,77.822998046875,77.96729484614916,77.66968054740302,77.75084620684883,26965900
2013-12-11,76.82191467285156,77.92220616547715,76.71368691134177,77.81397840396737,36830600
2013-12-12,76.62350463867188,77.03836742542674,76.5693941954191,76.84897399326334,33662600
2013-12-13,76.52429962158203,77.02033496727901,76.39803733009167,76.98425904388479,34072000
2013-12-16,76.94818115234375,77.39009916125681,76.84897408574183,76.90308452905974,24902500
2013-12-17,76.79486846923828,77.13757943308994,76.65056477028237,76.94818598879462,24454900
2013-12-18,77.6877212524414,77.75987309821224,75.80280072693485,76.88505089038242,68387200
2013-12-19,77.47127532958984,77.57048240083071,77.12855749047448,77.56146169959636,44964100
2013-12-20,78.26021575927734,78.4230696635524,77.56356716482306,77.61784949870255,40475400
2013-12-23,79.08353424072266,79.08353424072266,78.66734667427771,78.90258162430386,28181800
2013-12-24,79.11969757080078,79.17398679312198,78.95684370910666,79.10160576511689,13852500
2013-12-26,79.382080078125,79.44541175712284,79.11066155497791,79.26446607502479,15241100
2013-12-27,79.18303680419922,79.52684326872908,79.08352150948498,79.48160339624818,15827400
2013-12-30,79.0654296875,79.17400124933151,78.83924411066137,79.0654296875,18983700
2013-12-31,79.58112335205078,79.58112335205078,79.18303457386507,79.21018263817018,24890500
2014-01-02,78.95684814453125,79.23732291814811,78.73066259628531,79.21018175678022,29177500
2014-01-03,78.38684844970703,79.02921445877972,78.3687566463761,78.9568334401883,35723700
2014-01-06,78.09735870361328,78.49544754303005,77.80784143021097,78.40497468933614,32073100
2014-01-07,78.82115936279297,78.93877338833643,78.31449893149326,78.45926102690365,25860600
2014-01-08,78.99304962158203,79.21019274792604,78.66734183470211,78.83924508406542,27197400
2014-01-09,78.73068237304688,79.29162515855153,78.45926378855381,79.28257580161069,23674700
2014-01-10,78.98401641845703,79.07448928037799,78.33260076840706,78.92068472484867,38008900
2014-01-13,77.8169174194336,79.14689022209367,77.51835068768568,78.87546466547946,48842300
2014-01-14,79.30066680908203,79.36399849623955,78.07926604096639,78.07926604096639,37178900
2014-01-15,79.95207977294922,80.10588430777251,79.56304030669057,79.64446380066667,39835600
2014-01-16,79.96112823486328,80.07874916073773,79.76209071153055,79.88875409121341,31630100
2014-01-17,79.50874328613281,79.95207194091678,79.31874824949767,79.71683703252481,36895800
2014-01-21,80.11494445800781,80.1511280806707,79.44543009391674,80.01542223909257,26412700
2014-01-22,80.3230209350586,80.52206534707989,80.08778600243016,80.3230209350586,29376900
2014-01-23,80.05158996582031,80.08777357817817,79.49064733738427,80.07873112640618,35011900
2014-01-24,78.47733306884766,79.78016398880776,78.4501919084543,79.6625499928916,63974600
2014-01-27,77.71737670898438,78.61306978876257,77.12929274448146,78.47735704270237,63519300
2014-01-28,77.6721420288086,77.75357244295398,77.18358025184862,77.35548353521531,44378800
2014-01-29,76.83977508544922,77.57261424709365,76.68597052852283,77.00262899944099,51939300
2014-01-30,78.26021575927734,78.53164123394797,77.69927299952181,77.78070340297761,65833600
2014-01-31,78.05210876464844,78.42305639040607,77.31022041576854,77.39165080544221,45187000
2014-02-03,76.2607421875,78.26022218020378,76.061697743429,77.90737317576412,65596900
2014-02-04,76.8216781616211,77.12928725500309,76.41453995241747,76.6497749020038,37675500
2014-02-05,76.62261199951172,76.89403049268361,75.76310284788097,76.5683227787697,41721800
2014-02-06,77.5997543334961,77.69927655191636,76.83072465695156,76.84882337082989,32308600
2014-02-07,78.98401641845703,79.03829875508222,77.80784850557383,78.03403411169468,38359400
2014-02-10,79.43639373779297,79.47257736323364,78.90259207693772,78.95687441773616,30205400
2014-02-11,80.34114837646484,80.49495296706831,79.51782926916658,79.60830215171931,38635500
2014-02-12,80.49492645263672,80.67587215813998,80.25064215730748,80.50397580870275,32507200
2014-02-13,81.092041015625,81.15537269360908,79.88873913392763,79.9068309407937,40454500
2014-02-14,81.2549057006836,81.43585830660004,80.82063325175639,81.06491064144842,33212400
2014-02-18,81.65301513671875,81.80681971358419,81.19159450348457,81.39063896890472,29546600
2014-02-19,81.092041015625,81.68917418173358,80.9291871432895,81.49917914778136,41749900
2014-02-20,81.47205352783203,81.62585807475676,80.80253920127171,81.14634572102878,41814800
2014-02-21,81.36347961425781,81.85204131038917,81.2639574037883,81.73442038748719,31192200
2014-02-24,81.79776000976562,82.16870078767226,81.46300285190749,81.55347570730157,31500400
2014-02-25,81.70728302001953,82.07823071313048,81.44490689864179,81.915376806849,26771700
2014-02-26,81.63489532470703,82.18678174049542,81.30918756620652,81.92441256530354,42953700
2014-02-27,82.1645278930664,82.24628935276648,81.51949540738066,81.64668452110536,28742400
2014-02-28,82.07369232177734,82.63696348321625,81.34689820161492,82.14637381318013,48609800
2014-03-03,81.46500396728516,81.68304845097013,80.73820981553503,81.30147407016584,38885700
2014-03-04,82.50069427490234,82.65514418978916,82.27356979386249,82.35533821130717,33189000
2014-03-05,82.72781372070312,82.87317670673986,82.46434850697806,82.63696532007451,27203300
2014-03-06,82.65516662597656,82.9822195906643,82.35536056611424,82.91862499596238,24063900
2014-03-07,82.24630737304688,83.00036223483404,81.82839920334622,82.91859382593155,31167800
2014-03-10,82.31900024414062,82.36442791439923,81.79206976681384,82.2008980052733,18131700
2014-03-11,81.96467590332031,82.72781075882486,81.71937760598783,82.51886013798888,27484300
2014-03-12,82.2735595703125,82.31898723339113,81.29238720192338,81.59218621186237,27977200
2014-03-13,81.11067199707031,82.60969455968333,80.73819155145739,82.58244073821011,48542000
2014-03-14,80.55651092529297,81.20154363293207,80.52017017582592,80.84722998974001,38732300
2014-03-17,81.26512145996094,81.68303652703965,81.02891703404944,81.07433776305344,28467200
2014-03-18,82.24630737304688,82.3462426887675,81.33780954379633,81.3650633696677,31250200
2014-03-19,81.8011474609375,82.3644186246831,81.26513012375744,82.27356329441326,40869400
2014-03-20,82.0282974243164,82.2735888709489,81.38326458035174,81.5467945218703,31634500
2014-03-21,81.04122161865234,82.54367262235871,80.88642544691906,82.49814106731249,62754000
2014-03-24,80.3309555053711,81.39632695799418,79.59339172234561,81.33258696374678,77735300
2014-03-25,80.59503936767578,81.26886329178672,79.92120849642512,80.74983553520374,41723300
2014-03-26,79.55699157714844,81.17781501128064,79.54788387607454,80.99569572550486,40930400
2014-03-27,79.11080932617188,79.8028487597303,78.67373690813349,79.44772481489629,64784500
2014-03-28,79.26560974121094,80.13976149438761,79.04706659256134,79.36577361422353,39895100
2014-03-31,79.83016204833984,80.36740527066515,79.78463743613163,79.88480130898651,33924300
2014-04-01,81.2323989868164,81.28703126647048,79.86653641837442,80.22166013039843,38683800
2014-04-02,81.44188690185547,81.66042310874577,81.07765525894445,81.57846768919894,34631600
2014-04-03,80.79537963867188,81.66042371829445,80.33098411681534,81.52383598279067,30319100
2014-04-04,78.64642333984375,81.41457421807836,78.43698787841323,81.33261879503475,131213200
2014-04-07,77.8997573852539,78.8831739052499,77.3534063831942,78.15471748107292,83995800
2014-04-08,78.61909484863281,78.72836642282546,77.71762693975032,77.99080240166165,51495700
2014-04-09,79.96672058105469,80.01225212377858,78.70102150127657,78.91045687181322,45685200
2014-04-10,77.48995971679688,80.02135803974713,77.27142358132005,80.02135803974713,73659600
2014-04-11,76.5885009765625,77.79956798164376,76.40638866703208,76.79792943780856,93657400
2014-04-14,77.18948364257812,77.5992467941662,76.47923584972662,77.26233135136799,46500700
2014-04-15,77.4444351196289,77.89061508915064,75.83271288422056,77.47175126817169,84631500
2014-04-16,78.4734115600586,78.4734115600586,77.48088046671944,78.11828760434175,46970900
2014-04-17,78.49158477783203,78.8831324182393,77.9725571565608,78.17288482567214,53719500
2014-04-21,79.07435607910156,79.07435607910156,78.30947615822895,78.67370766932278,25947900
2014-04-22,79.70264434814453,79.9029719991716,79.21093291757008,79.34752058391919,38593400
2014-04-23,79.00150299072266,79.72995895195187,78.95597145377332,79.70264280863714,34376700
2014-04-24,79.7573013305664,80.32186061761287,78.9013651208927,80.30365216512597,48926300
2014-04-25,78.48249816894531,79.3748581957877,78.29127816319337,79.28380204263999,44334000
2014-04-28,78.73749542236328,79.32026341474645,77.49911170176344,78.8558677827359,58623800
2014-04-29,79.36577606201172,79.51146455179752,78.5917812108356,78.9742282591975,36742700
2014-04-30,79.57518005371094,79.65713544851911,78.80119238812026,79.00152007860838,38689400
2014-05-01,79.81194305419922,80.26723079900681,79.50234377521743,79.70267149447511,37127200
2014-05-02,79.6662368774414,80.23079610569488,79.47501688411491,80.08510071241447,40074200
2014-05-05,80.08511352539062,80.10332892603435,79.00153338984306,79.19275341376321,27924400
2014-05-06,79.04705047607422,80.00315745184403,79.01062662539222,79.95762590170673,33698500
2014-05-07,78.81941223144531,79.2929153768846,77.88152058781014,79.21095997023025,67489100
2014-05-08,78.74658966064453,79.70268997818421,78.35504183142125,78.53715419272177,46556900
2014-05-09,79.03797149658203,79.09260381408518,78.17292043564946,78.70105599531679,35081500
2014-05-12,80.34009552001953,80.36741167895069,79.43862059244441,79.51146831435493,38951100
2014-05-13,80.39472198486328,80.68610590415045,80.23992579742898,80.4129304404447,30311900
2014-05-14,79.97582244873047,80.44931850170573,79.78460248807868,80.1488270147654,26483600
2014-05-15,79.3475570678711,80.09422878047648,78.83763695598658,79.95764105132443,59680300
2014-05-16,79.8665771484375,79.91210870279342,78.89226163062317,79.43860554719515,66804100
2014-05-19,80.4220199584961,80.54949996016488,79.49323609674646,79.62981685057798,32017000
2014-05-20,80.1306381225586,80.67698199305728,79.80283041083153,80.38559813231537,33716000
2014-05-21,80.8955307006836,80.94106225826287,80.23081442172402,80.2763459793033,36837700
2014-05-22,81.2506332397461,81.47827705399861,80.85908560134627,80.98656558155665,30617100
2014-05-23,81.8425064086914,81.86072180529928,81.15047417463474,81.33258645788369,22687300
2014-05-27,82.86237335205078,82.88058180593602,82.13391014812181,82.2067578579427,29725200
2014-05-28,82.607421875,82.95343811179517,82.54368185908667,82.83506578142487,30468100
2014-05-29,83.13555145263672,83.14465220630079,82.73489598293122,82.89879986170709,33036100
2014-05-30,83.14466857910156,83.27214862690384,82.70759611439134,83.15377628169932,29906400
2014-06-02,83.06269073486328,83.26301843834953,82.53455532515211,83.24480303959308,30409900
2014-06-03,83.02628326416016,83.16287099322349,82.6802670380548,82.78953166359307,21774500
2014-06-04,83.33585357666016,83.47244126957358,82.6893459071512,82.81682590130009,20118300
2014-06-05,84.03704833984375,84.19184457128401,83.12647246481734,83.4087487629899,35583100
2014-06-06,84.5196533203125,84.5196533203125,84.18273774208049,84.34664167917408,22680600
2014-06-09,84.45586395263672,84.6652993404732,84.22822011448946,84.5378123997432,23399500
2014-06-10,84.6015853881836,84.64711000154459,84.28287835895291,84.38304223434415,20626000
2014-06-11,84.58334350585938,84.70171580010977,84.22821967596961,84.31016812264944,22878200
2014-06-12,83.8184814453125,84.49230540139712,83.52709754966995,84.4012492365976,35275900
2014-06-13,84.0643310546875,84.2737664793503,83.70009946017906,84.1827033703683,39447100
2014-06-16,84.13715362548828,84.38300588372317,83.73649829651819,83.91861751293085,25212300
2014-06-17,84.1827163696289,84.41036028295633,83.93686399997728,84.07345173740191,19977900
2014-06-18,84.65619659423828,84.77456889602988,83.75472888763696,84.26464889183342,34514000
2014-06-19,84.6015853881836,84.83833005079855,84.21913834253493,84.78369773590906,38422200
2014-06-20,84.70103454589844,84.79234230417366,84.48191125080663,84.63712329458816,25897500
2014-06-23,84.71932983398438,84.74671938515145,84.46368473534967,84.6919402828173,20837900
2014-06-24,84.63714599609375,85.43147773183888,84.39063309372088,84.71018943598416,31945800
2014-06-25,85.17584991455078,85.32192985812141,84.4363040917953,84.44542929927599,32818600
2014-06-26,85.22151947021484,85.23978382163871,84.56414910094661,85.23065164592677,22563900
2014-06-27,85.59584045410156,85.61409783510989,85.08455019618074,85.11193975059689,22877800
2014-06-30,85.7419204711914,85.95191168203537,85.52279012186713,85.57757619210159,19751900
2014-07-01,86.68235778808594,86.91061341152977,86.00671612730987,86.04323786295794,31862500
2014-07-02,86.82840728759766,86.95622983459505,86.65493781141913,86.73710646342901,18777300
2014-07-03,87.3762435913086,87.3762435913086,86.87408543528996,87.11147321704527,15291700
2014-07-07,87.11146545410156,87.38536797866425,86.94712115304087,87.27580278935456,23266400
2014-07-08,86.06148529052734,87.01102933323206,85.70540714523901,86.94711804986768,40612400
2014-07-09,86.70059967041016,86.80103268403211,86.04322247790557,86.28974240799857,29919000
2014-07-10,86.42671966552734,86.78279790992703,85.48630056882598,85.58673360861147,44245300
2014-07-11,86.98365020751953,86.98365020751953,86.38105898183592,86.6458363418121,19566300
2014-07-14,87.5040283203125,87.70489428214997,87.2301258898294,87.37620579292599,19579000
2014-07-15,87.20279693603516,87.768866531849,86.58194124341246,87.64104391564521,39467500
2014-07-16,87.54972076416016,87.92406330622335,87.4584199137913,87.83275549004611,22052600
2014-07-17,86.39018249511719,87.62276134908117,86.11627298721046,87.31233010906634,43111500
2014-07-18,87.75971221923828,87.8053591579972,86.73712466289022,86.83755768029084,36682200
2014-07-21,87.65013885498047,87.79622576332622,87.23928161542062,87.5770954008076,29750700
2014-07-22,88.20710754394531,88.34406231717134,87.96971973474082,88.06102059495512,25770400
2014-07-23,88.77314758300781,88.87357361195433,88.35315125996547,88.51749552721492,28947500
2014-07-24,88.6727294921875,89.02880763677581,88.54490692571002,88.92837462514244,24707200
2014-07-25,88.32577514648438,88.44447250332546,87.86013878994686,88.21621692885546,29898900
2014-07-28,88.3531723022461,88.58142789635377,87.66840551992306,88.41708358996394,25603400
2014-07-29,88.19796752929688,88.74577960770324,88.12492406129375,88.54492051940743,27022200
2014-07-30,88.5448989868164,88.85532320162709,88.19794608107881,88.69097892149001,35348500
2014-07-31,86.7553482055664,87.96053697847164,86.62752568160715,87.81445707929183,50047900
2014-08-01,86.43582916259766,87.04755250040593,85.86062755678202,86.57278391611798,60708000
2014-08-04,87.02928161621094,87.36710236037956,86.29886102128684,86.61842438519552,33230500
2014-08-05,86.36279296875,86.92886941357666,85.96106781462956,86.68235640913477,50331100
2014-08-06,86.29887390136719,86.83756073782915,85.75106185631685,85.82410531987239,34431900
2014-08-07,86.02499389648438,86.86497304998609,85.72369475474683,86.70062869683925,33274700
2014-08-08,86.64582061767578,86.74625363136501,85.79670957108986,86.16191989670455,40236900
2014-08-11,87.15711975097656,87.4310292644742,86.91973197033248,86.98364326137417,28277500
2014-08-12,87.12059020996094,87.3488457954822,86.67321121276541,87.0658110984943,28152300
2014-08-13,88.04273223876953,88.07925396316996,87.43100902812725,87.47665595927279,27996500
2014-08-14,88.4992446899414,88.51750206951574,88.04273357670861,88.1614239584587,25006600
2014-08-15,88.9283676147461,89.13835882920189,88.08838882530918,89.01053627280092,55205500
2014-08-18,89.6131362915039,89.69530495138928,89.26618337428022,89.39401289933586,38938300
2014-08-19,90.11532592773438,90.1701120193262,89.76837985476377,89.8231589805461,21363400
2014-08-20,90.11532592773438,90.29793462335797,89.96011376081142,90.04228941529442,23435600
2014-08-21,90.29790496826172,90.34355190281941,90.02399549768677,90.16095023297424,19339500
2014-08-22,90.4348373413086,90.61743896600102,90.13353839134118,90.33440435798612,24692000
2014-08-25,90.75442504882812,91.01007019811765,90.53530163026682,90.86398327520484,24124700
2014-08-26,90.84574890136719,90.94618194485457,90.63575063794546,90.89140281779224,20100400
2014-08-27,90.8639907836914,90.97355598492986,90.67225690588047,90.87312295858005,15589100
2014-08-28,90.76353454589844,90.87309274490228,90.46223556702556,90.55353638813082,23563900
2014-08-29,91.10140228271484,91.22009968973742,90.63575876351071,90.96444748697124,17906300
2014-09-02,91.36617279052734,91.39356235444362,90.99183714065532,91.32051887346039,18326800
2014-09-03,90.82744598388672,91.61263861947735,90.66310171927329,91.61263861947735,25950700
2014-09-04,90.74529266357422,91.50310290135359,90.51703707140993,91.03745954291222,24663500
2014-09-05,91.20179748535156,91.2565765945909,90.41659774581997,90.88224107177648,30798200
2014-09-08,91.37528991699219,91.60354553311228,90.95530041922824,91.22920297908719,25571300
2014-09-09,90.61750793457031,91.7222646261373,90.44403138301647,91.38444370095634,36449200
2014-09-10,91.36617279052734,91.40269453101897,90.48053973958243,90.73618495721401,31080100
2014-09-11,91.29309844970703,91.33875235134158,90.60833172003306,90.97354203568733,28691900
2014-09-12,90.82744598388672,91.2383031625172,90.54440438239317,91.21091361271598,30444400
2014-09-15,89.95094299316406,90.93700862905393,89.67704051595453,90.92787645673833,32972200
2014-09-16,90.73616790771484,90.90964440100103,89.52185335213689,89.61315420330546,38166900
2014-09-17,90.87312316894531,91.30224483419539,90.32531109310183,90.71791102452121,37196500
2014-09-18,91.5578842163086,91.56701639064099,91.05572608095535,91.15615213537957,30196700
2014-09-19,91.50115203857422,92.03195955853533,91.1350728306706,91.94044150215446,46918000
2014-09-22,90.64998626708984,91.29061939975115,90.25645249063291,91.281465502891,48658000
2014-09-23,90.40291595458984,90.80560378838035,90.21987983871067,90.2839431775064,33989600
2014-09-24,91.37300872802734,91.41877124257343,90.18326015600225,90.49442291130163,35959000
2014-09-25,89.4510726928711,91.19909684017188,89.41446408962962,91.08011713404278,68642500
2014-09-26,90.40291595458984,90.56765125183321,89.58839336888106,89.74397476561639,56106200
2014-09-29,90.28392791748047,90.53102733039,89.46025157048358,89.50601408290859,33342700
2014-09-30,90.41205596923828,90.87880707013895,89.981913482367,90.53102872804939,41834300
2014-10-01,88.9660415649414,90.24731504622281,88.68233355195278,90.15579700806957,58164900
2014-10-02,88.9660415649414,89.24060266177982,87.83120253060815,88.92943295320437,54501300
2014-10-03,89.84465789794922,90.21073715761673,89.17656970775856,89.4877325399282,41627800
2014-10-06,89.65245819091797,90.34800801105074,89.37790401255688,90.12836327188579,36038700
2014-10-07,88.38034057617188,89.48772518340493,88.3711866752779,89.23147181741786,45154000
2014-10-08,90.10087585449219,90.3845908349189,87.91356204063563,88.42607559558607,64931600
2014-10-09,88.64573669433594,90.21071839611716,88.5084561277138,89.98191977920682,62497100
2014-10-10,86.43096923828125,88.61828349480488,86.41266143848235,88.12407763593122,77579400
2014-10-13,85.07646179199219,86.9343051147713,85.00324457178945,86.27536409770359,80835900
2014-10-14,85.08560943603516,86.1838397288388,84.8476569790558,85.60726987247358,71814500
2014-10-15,84.53650665283203,84.89343189931131,82.58713817180634,83.80434836230181,108847800
2014-10-16,84.00572204589844,84.7287266941593,82.72444807407389,82.75190279779318,93165800
2014-10-17,85.11310577392578,85.92762848564489,84.6188998057398,85.11310577392578,69546700
2014-10-20,86.38517761230469,86.45839482206904,84.93002222571975,85.1039043709383,41479300
2014-10-21,88.65489196777344,88.65489196777344,87.23633772799711,87.45598244856811,53609800
2014-10-22,88.19728088378906,89.04841189758896,88.14236447548093,88.92943216490359,39178000
2014-10-23,89.52433776855469,90.01854370300386,88.92945986695581,89.08504127713958,48123800
2014-10-24,90.25647735595703,90.32054068687238,89.35958374076289,89.71650901048827,43157600
2014-10-27,90.3205337524414,90.48526901677309,89.70734822375309,90.08258126343368,29545700
2014-10-28,91.68417358398438,91.70247439940074,90.67746115898724,90.74152448651309,34495100
2014-10-29,91.34557342529297,91.62928850749184,90.69578607844413,91.38218204823414,40552800
2014-10-30,91.53773498535156,91.75738665467406,90.73236647830517,90.93371035066144,35935800
2014-10-31,92.80072021484375,93.12103688135035,92.49870436540338,93.05697354804903,54254100
2014-11-03,93.07524871826172,93.32235506603364,92.82814935286754,92.96542988136552,33481000
2014-11-04,92.76408386230469,93.00203630729706,92.1325976354462,92.78238467389907,22773300
2014-11-05,92.77326202392578,93.37728671780762,92.45293838703486,93.37728671780762,25818600
2014-11-06,93.06612396240234,93.09357867816334,92.36142034009964,92.76410812427261,24671900
2014-11-07,92.98375701904297,93.26747205356521,92.49870506574906,93.23086343677589,20931700
2014-11-10,93.31321716308594,93.43218991757513,92.7824027525115,93.02950914263843,20360000
2014-11-11,93.6060791015625,93.6060791015625,93.07526469087885,93.33152497982812,15454000
2014-11-12,93.77084350585938,93.87151547649175,93.2308820109958,93.2308820109958,22050300
2014-11-13,94.17351531982422,94.52128671569974,93.73421888816786,93.94471669513192,28027800
2014-11-14,94.46636962890625,94.46636962890625,93.8348832415407,94.14605297675682,19251300
2014-11-17,94.18266296386719,94.45721710583295,93.73421266194472,94.24672629523047,23361600
2014-11-18,94.88735961914062,95.01548628188108,94.25587322250593,94.26502712195294,26336800
2014-11-19,94.45722961425781,94.78670021415017,94.01794013598825,94.78670021415017,23760200
2014-11-20,94.87820434570312,94.96057547477452,93.98131771950833,94.05452796688591,22874000
2014-11-21,95.0612564086914,95.81171562871197,94.75924054417118,95.7201905916719,34049100
2014-11-24,95.80257415771484,95.84833668217199,95.23515097339838,95.31752212094506,17928300
2014-11-25,95.94898223876953,96.23269726466813,95.70188281092699,95.94898223876953,17526000
2014-11-26,96.5713119506836,96.62622836380173,95.9398325500489,96.04050449465633,18973800
2014-11-28,97.019775390625,97.23942012572488,96.7635220359451,96.82758537461507,17360400
2014-12-01,95.92152404785156,96.9373904033435,95.56459878590891,96.75435431397058,35969500
2014-12-02,96.3058853149414,96.47976745874378,95.82082654098618,96.0221703750096,26031300
2014-12-03,96.47977447509766,96.6170550066769,95.87574991147795,96.45231976525737,32974300
2014-12-04,96.43404388427734,96.80926998639951,96.03135608283723,96.38828136779381,31008800
2014-12-05,96.44319152832031,96.73605348183432,96.23270070862137,96.58962599626719,25622200
2014-12-08,95.75679016113281,96.61707515487777,95.25343741687855,96.19608655732027,32685800
2014-12-09,96.05879211425781,96.13200933343725,94.30162074822111,94.64024515014229,46035100
2014-12-10,94.54875183105469,96.12288765922693,94.37486960518495,95.88493510831282,39330100
2014-12-11,94.9971923828125,96.13203161359802,94.8049953923271,94.82330319255426,47576000
2014-12-12,93.96300506591797,95.17106136497121,93.95385814945547,94.09113172018279,46889400
2014-12-15,92.99290466308594,94.79583876999062,92.72749744600247,94.4480604250775,52968400
2014-12-16,91.50115203857422,93.77998445964455,91.48284423786997,92.40719266679108,65348600
2014-12-17,93.16678619384766,93.43218640678332,91.44621637351742,91.56519610591477,79715300
2014-12-18,95.40902709960938,95.41818099972129,94.24673315107474,94.50298649516867,49840900
2014-12-19,95.8288345336914,96.21464679552092,95.26848514981646,95.50732431550016,51419900
2014-12-22,96.06766510009766,96.09522211513347,95.62673183433512,95.67266486499247,33869200
2014-12-23,95.72776794433594,96.42590928176458,95.61753288840646,96.41672127500486,30156900
2014-12-24,95.81046295166016,96.17789918635508,95.78289892650079,95.8472009684121,14291300
2014-12-26,96.49021911621094,96.6923132308954,96.05847387272982,96.08603088684201,13924300
2014-12-29,96.47183227539062,96.68311437386839,96.34322821836781,96.39834924880293,17073800
2014-12-30,95.8288345336914,96.41674093506889,95.7002304464149,96.19627778665162,18604000
2014-12-31,94.8459243774414,96.3708113682666,94.70813228659384,95.9941801205097,24367100
2015-01-02,94.56117248535156,95.71860939098333,94.10187012357449,95.31442807833005,31314600
2015-01-05,93.17406463623047,94.25801834198245,92.90766846185787,94.14778326722234,36521300
2015-01-06,91.92477416992188,93.46803038187,91.51140484874203,93.31186926128186,66205500
2015-01-07,93.10972595214844,93.33018900651034,92.31053774354461,92.53100780630065,37577400
2015-01-08,94.891845703125,95.07556379599073,93.79870412790466,93.89975118149961,40212600
2015-01-09,94.26718139648438,95.21334276042343,93.71601317698256,95.18578575112736,41410100
2015-01-12,93.28427124023438,94.55194267529095,93.04543215534729,94.45089563970005,34129800
2015-01-13,93.2567138671875,95.1857886779704,92.50345855355441,94.19369426243553,56162300
2015-01-14,92.7423095703125,93.2199878354847,91.92475212517918,92.31975234090396,51354200
2015-01-15,91.53893280029297,93.32102062779329,91.42869774573182,93.17404756344071,51005400
2015-01-16,92.61370086669922,92.73311692281891,91.27253920349455,91.4195122719191,35362200
2015-01-20,93.3486099243164,93.58744209460887,92.12686402026085,93.17407279276632,30964100
2015-01-21,93.82626342773438,94.26719667311299,92.74230983325793,93.07300801519287,40128800
2015-01-22,95.56242370605469,95.66347076034374,93.36695954176741,94.1937049821341,40887200
2015-01-23,95.77371978759766,96.06767298610389,95.27767245104394,95.55324963242018,34783000
2015-01-26,95.6634521484375,95.8379892097788,95.1765929861641,95.6634521484375,19960900
2015-01-27,93.18323516845703,94.21206763967753,92.8709060194111,94.15695361683231,45253200
2015-01-28,92.70555877685547,94.7816067819832,92.68718977167545,94.68055973250381,43591700
2015-01-29,93.59662628173828,93.77116340616116,91.82371904482324,92.63208860562908,46539700
2015-01-30,92.87091064453125,94.23044834571697,92.742306579224,93.51393797946345,42927600
2015-02-02,93.67931365966797,93.76198472152281,91.63082202346828,93.08221918214623,43624700
2015-02-03,94.57951354980469,94.64381558111762,93.40370097242774,94.01916427333664,30750400
2015-02-04,94.49684143066406,95.12149273128955,93.98241817765764,94.1937002829203,34073200
2015-02-05,95.31442260742188,95.3787246540439,94.49686501105712,94.73569717942613,23605500
2015-02-06,94.73571014404297,95.69105997345133,94.39583085469853,95.46140877431658,34169300
2015-02-09,94.43254089355469,94.88265511470772,94.20288977952211,94.3682388619614,22604700
2015-02-10,95.9023208618164,96.03092494409887,94.80917915401865,94.95615925285395,23686500
2015-02-11,96.25139617919922,96.47185933759741,95.82883887210374,96.01255700270266,20303600
2015-02-12,97.37205505371094,97.40880006643667,96.72903485199708,96.87600789450543,22520300
2015-02-13,98.20802307128906,98.22639207995378,97.46394856502272,97.64767369365511,29030200
2015-02-17,98.29988098144531,98.36418302361514,97.95999475374934,98.20802192240225,17675300
2015-02-18,98.43766021728516,98.49277424383317,98.05184100626094,98.18044507380367,15149600
2015-02-19,98.92451477050781,98.98881680122173,98.34578948568681,98.37334649765053,19828100
2015-02-20,99.58592987060547,99.64104390492602,98.5479021682548,98.86023138233102,28336700
2015-02-23,99.68695831298828,99.71452233533323,99.31033410836206,99.53079722834805,17868000
2015-02-24,99.76049041748047,99.87991353947187,99.25526192914485,99.55839621878654,19745000
2015-02-25,99.512451171875,99.99931055297412,99.29198099264693,99.61349825192175,19472300
2015-02-26,100.0176773071289,100.0727983548912,99.33791179084035,99.61349600445884,22255500
2015-02-27,99.57672882080078,100.04521907635974,99.42056773841317,99.98091003354541,27757600
2015-03-02,100.47694396972656,100.51368898571762,99.75124567279236,99.76962168498548,22988600
2015-03-03,100.00847625732422,100.2748724081779,99.37463689810697,100.17382535066801,20788900
2015-03-04,99.62265014648438,99.82474424753231,99.08067688312471,99.67777117938567,21007400
2015-03-05,99.79720306396484,100.10034426361753,99.38383379781803,99.87988112223236,15381000
2015-03-06,98.66731262207031,99.86149426598013,98.41928548258706,99.66858816215769,30990400
2015-03-09,98.95207214355469,99.20009226052893,98.46521290803047,98.86939409896611,26237100
2015-03-10,97.11486053466797,98.27230406777912,97.11486053466797,98.24474004808971,34234500
2015-03-11,96.55451202392578,97.38125741111465,96.51776700578455,97.26183435005672,25459700
2015-03-12,97.18833923339844,97.29856726571583,96.41670796520299,96.48100998685305,21473200
2015-03-13,96.76580810546875,97.48232560203637,96.15953269563106,97.09650633207008,42021100
2015-03-16,98.01512145996094,98.05186649000835,97.02303368227223,97.12408076280315,25674100
2015-03-17,98.1712417602539,98.3274028055746,97.51903356356652,97.74868463317735,19603800
2015-03-18,99.13578033447266,99.58590151458009,97.3996186637584,97.90485386249325,40622200
2015-03-19,99.28277587890625,99.55835302341582,99.08986977523071,99.23684285062325,31314000
2015-03-20,99.92539978027344,100.42258772805471,99.90698853384251,100.10033823167208,31761400
2015-03-23,99.73208618164062,100.14640610917021,99.6952566509357,99.8701951656554,17268500
2015-03-24,99.37303161621094,100.18326041857192,99.35462035856212,99.72290170767027,22445300
2015-03-25,97.09883117675781,99.62159423676627,97.06200164729238,99.52952392535995,41581400
2015-03-26,96.76737976074219,97.31980869550985,95.97556237858636,96.29781200515791,47846300
2015-03-27,97.15408325195312,97.38426256948236,96.60165429478603,96.74897242977208,33878400
2015-03-30,98.26815032958984,98.35101150622985,97.74334180399198,97.74334180399198,30570200
2015-03-31,97.22775268554688,98.1945087320481,97.20013228842102,97.99194978710378,30488100
2015-04-01,96.72132873535156,97.24613717191086,96.09524086151646,97.22771889721693,32970500
2015-04-02,96.78580474853516,97.09884525761532,96.47275721493948,96.813425143511,19164200
2015-04-06,97.57762145996094,97.84462329241886,96.06763864219398,96.21495678032362,24451100
2015-04-07,97.41188049316406,98.24052033588717,97.41188049316406,97.52236205911935,19379400
2015-04-08,98.18525695800781,98.32336590818419,97.43947846137358,97.44868057340915,25866900
2015-04-09,98.80215454101562,98.83898406974203,97.80778536346007,98.13923707296902,23114700
2015-04-10,99.207275390625,99.21648452921907,98.5443579021435,98.76532805679915,17164300
2015-04-13,98.95870208740234,99.78734206787303,98.84821347856555,99.28095174919825,17783500
2015-04-14,98.67325592041016,99.1428236368236,98.11161789330168,98.85740356631467,23755700
2015-04-15,99.29014587402344,99.50191393445527,98.81137598996025,98.93106670484724,21128600
2015-04-16,99.15203094482422,99.32696242456109,98.8850221315777,99.02313110732787,16195300
2015-04-17,97.6052474975586,98.47071702330129,97.1817183627237,98.20371517540725,46514000
2015-04-20,99.06916046142578,99.2440989616365,98.05637303684011,98.0932025644905,28945900
2015-04-21,99.49267578125,99.81493234765105,99.37298510126683,99.63999387154914,22759800
2015-04-22,100.03590393066406,100.20163327243279,99.10597778937772,99.7504768826376,21429200
2015-04-23,100.41341400146484,100.86457048000446,99.67684446778333,99.69525572070663,29473200
2015-04-24,101.77606964111328,101.91417861178167,101.30650195064642,101.47223131054567,32508100
2015-04-27,101.5182876586914,102.34693460252647,101.2973104573252,102.15357779520222,31121300
2015-04-28,101.31571197509766,101.78527966967334,100.45944477887804,101.59192289433727,36849200
2015-04-29,100.68041229248047,101.343329720583,100.12798344389967,100.75407134549495,34043900
2015-04-30,99.0967788696289,100.51468404550396,98.57197040400425,100.10957329847822,44080500
2015-05-01,100.40422821044922,100.46867814293071,99.46509259484365,99.48351087527597,32874300
2015-05-04,100.56996154785156,101.19604964125374,100.51471372890815,100.72648181507309,23507300
2015-05-05,98.93104553222656,100.35815978856672,98.88501389382077,100.17401918591612,47843300
2015-05-06,98.24974822998047,99.39143578472057,97.59603975006816,99.10601565216453,42687200
2015-05-07,98.8389663696289,99.11518427335459,98.1484286348278,98.22208767908973,29335800
2015-05-08,100.0727767944336,100.28453786342517,99.71369756917281,99.8610087009257,33023300
2015-05-11,99.68606567382812,100.3397811822968,99.61241362351443,100.13722223877309,19679300
2015-05-12,99.23487854003906,99.7412757070088,98.33257980100088,99.09676958318246,33665000
2015-05-13,99.43743896484375,100.18321750923577,99.29012086868492,99.66761822170682,20738400
2015-05-14,100.89216613769531,100.97502729230858,99.87937888684873,100.24766005114716,23904200
2015-05-15,100.89216613769531,101.28807471137777,100.64356862482963,101.1499657625094,23937400
2015-05-18,101.3341293334961,101.53668823452087,100.65280059556103,100.72645965493632,17631100
2015-05-19,101.22366333007812,101.6011537745077,101.05793393326339,101.44463351765923,14212900
2015-05-20,101.2880859375,101.89575554555297,100.75406835576207,101.29728805046831,21131900
2015-05-21,101.81292724609375,101.95103625484964,100.96586896168102,101.11318008637559,16771800
2015-05-22,101.71160888671875,102.07989709441962,101.62874070334223,101.6931906128514,13543800
2015-05-26,100.54231262207031,101.62875916870671,100.13720184205502,101.49065721217568,25488400
2015-05-27,102.16278839111328,102.27327699337145,100.62519222172595,100.84616240172694,30572700
2015-05-28,101.9326171875,102.20883520288069,101.61957665961675,101.96944672451849,17302400
2015-05-29,101.3249282836914,102.00625702878257,101.08553985046467,101.86814804713197,30383000
2015-06-01,101.66558074951172,101.94179869000578,100.83693395254357,101.86813963593883,24570200
2015-06-02,101.34335327148438,101.84054145810146,100.79092429452614,101.28811248114322,19449600
2015-06-03,101.64717864990234,102.02466904308271,101.39858107617277,101.80369888550116,20507200
2015-06-04,100.8737564086914,101.72082142205711,100.55150685037954,101.07631528091986,31374600
2015-06-05,100.6343994140625,100.99347858380906,100.01751351070217,100.75409012913961,22641700
2015-06-08,99.61239624023438,100.66201328758389,99.40983733205907,100.58835422560837,24549200
2015-06-09,99.44667053222656,99.80574969196233,98.70088479510875,99.37301146753332,27554600
2015-06-10,100.80931854248047,101.10394774878633,99.67684038445134,99.78732194649456,30297900
2015-06-11,100.9566421508789,101.41700074981176,100.7817036354397,101.14999191948894,17593500
2015-06-12,100.12799835205078,100.63439563628094,99.98988936321393,100.42262758346243,27201800
2015-06-15,99.63082122802734,99.78734148791627,98.80217422785691,99.38223064023408,31238800
2015-06-16,100.17403411865234,100.3397634955483,99.48349621900496,99.5295278642726,16456900
2015-06-17,100.45025634765625,100.77250599878793,99.83337744055909,100.33977476699141,23296700
2015-06-18,101.9142074584961,102.08913898131046,100.7633107513562,100.81855154545379,43032400
2015-06-19,101.41033172607422,102.04709009229002,101.33650324057953,101.96403128594054,27877600
2015-06-22,102.1578140258789,102.46235121300138,101.92710531575662,102.1578140258789,19120900
2015-06-23,102.24089813232422,102.33318023108328,101.8163948454943,102.26858205788466,18127900
2015-06-24,101.7148666381836,102.55464275942973,101.68718271691979,102.12091625851063,15815900
2015-06-25,101.51181030273438,102.21316659984983,101.34569978606675,102.11165422629352,18326700
2015-06-26,100.83814239501953,101.72406988369083,100.4597838373329,101.49336121366953,32311700
2015-06-29,98.45724487304688,100.27523051508012,98.41110031780589,99.72152401487075,50874900
2015-06-30,98.80793762207031,99.40778174653423,98.50340039940329,99.19552661055275,34809900
2015-07-01,99.59231567382812,99.98913486266714,99.13089833986042,99.78611010921419,21293000
2015-07-02,99.6199951171875,99.96144646364304,99.31546504134279,99.87839472677706,20499400
2015-07-06,99.38929748535156,99.96145755190561,98.78023022543167,98.99247827030139,24311000
2015-07-07,99.63848114013672,99.73076321816866,97.66361509943408,99.5000545027532,44230800
2015-07-08,97.9035415649414,99.04786179805829,97.71897741930107,98.9278887667883,39691500
2015-07-09,97.84815216064453,99.29700221062983,97.8389218431959,99.20472015815146,28381000
2015-07-10,99.34319305419922,99.71232847681053,98.78949344061856,99.14939854147961,26415800
2015-07-13,101.08733367919922,101.17038543894196,100.19218271839118,100.2014130385864,25780700
2015-07-14,101.75177764892578,102.02862389344416,101.1703871581613,101.22576203960219,21977200
2015-07-15,101.86251831054688,102.25933761702818,101.57644173169008,101.94557711643321,28631500
2015-07-16,103.30213165283203,103.32058525127412,102.49926282751835,102.7022876137359,29838900
2015-07-17,104.82479858398438,104.82479858398438,103.95733868420578,104.13267250358443,35926800
2015-07-20,105.18470764160156,105.56306622701305,104.72329026774779,105.04628102131134,26539000
2015-07-21,105.1201400756836,105.38775603459194,104.81560283057385,105.22164545004776,35468900
2015-07-22,103.9296646118164,104.43721956111678,103.51438469983837,103.51438469983837,35575000
2015-07-23,103.54207611083984,104.37262895421837,103.27446017749675,104.03118453687013,25698300
2015-07-24,102.5269775390625,104.28036562586205,102.37009726283821,104.09580142332442,30844700
2015-07-27,101.6779556274414,102.38853544492311,101.45647720962103,101.94557860928235,35994800
2015-07-28,102.55463409423828,102.75765888724754,101.31803877779446,102.13013090916034,33553500
2015-07-29,102.94222259521484,103.16370097117756,102.3792928157787,102.77611205307515,26714100
2015-07-30,103.43132781982422,103.60666164712796,102.08398983395979,102.70228747063652,25438100
2015-07-31,103.31137084960938,103.80970257237813,103.09912275180372,103.75433472785004,22081700
2015-08-03,102.98834228515625,103.61587010900021,102.30544663707205,103.32979362953306,25001800
2015-08-04,102.7945785522461,103.1267996782216,102.37007534475994,102.94223551520032,22132300
2015-08-05,103.58820343017578,104.28032951100101,103.24675202899392,103.36672505569948,28989900
2015-08-06,101.9271011352539,103.818915296933,101.4656837339342,103.68048866840293,42125400
2015-08-07,101.79789733886719,102.03783634129366,100.95812139137996,101.6779313579891,30006800
2015-08-10,102.96066284179688,103.18214118904,102.43464736667586,102.443877684673,21500800
2015-08-11,101.64102935791016,102.81303355490678,101.07809953869214,102.41621428956738,36123300
2015-08-12,101.99169158935547,102.19471635711493,99.86917592793898,100.93966055702941,41889000
2015-08-13,101.82559967041016,102.58233104882176,101.60412126539812,102.09322263677416,22510500
2015-08-14,101.98247528076172,102.13012518697788,101.3826312552075,101.58565603684161,17924900
2015-08-17,102.83147430419922,102.85915821960778,101.47490612381797,101.73329872185816,21224900
2015-08-18,102.30547332763672,102.77612107847474,102.16704669025245,102.69306227977567,13984400
2015-08-19,101.63180541992188,102.53618672353309,101.041191644749,101.99171046914685,42511400
2015-08-20,98.81716918945312,101.01351385923095,98.80793886846656,100.69052303142126,57747300
2015-08-21,94.498291015625,98.25422861195213,94.498291015625,97.42367583031455,97763400
2015-08-24,90.8623046875,94.61824167498541,78.20101134177423,86.95871780758614,150829900
2015-08-25,90.5208740234375,94.81205781431997,90.44705258066631,94.19376010699703,75088300
2015-08-26,95.0796890258789,95.26426025048104,91.29606692993897,93.16942085544873,104103800
2015-08-27,97.48823547363281,97.5528336066462,95.31034550251252,96.4546583047503,69377700
2015-08-28,97.4698257446289,97.82050047584391,96.7592389210377,96.9714940482676,49919600
2015-08-31,96.2608871459961,97.46057509522085,96.02095518868725,96.9253292692178,39549400
2015-09-01,93.2524642944336,95.31961238451117,92.86486830699873,93.86153163353782,73155500
2015-09-02,95.88255310058594,95.90100670176486,93.85231197797879,94.94125750500598,43963600
2015-09-03,95.41191864013672,96.91613729034334,95.14429562126445,96.26092522648624,45131800
2015-09-04,94.27680969238281,94.91356093796726,93.75078707979195,94.10146882151919,49379600
2015-09-08,96.93455505371094,97.054521026754,95.68872965127825,96.08554884293738,37343500
2015-09-09,95.84563446044922,98.1065771770915,95.59646509159721,98.07889325625719,47146700
2015-09-10,96.88841247558594,97.52517066696028,95.62413345182755,95.73486910899182,47686700
2015-09-11,97.42366790771484,97.42366790771484,96.16861203767418,96.44546528926311,29106100
2015-09-14,97.12835693359375,97.80202939549368,96.75922162737476,97.78356875781404,19718800
2015-09-15,98.27267456054688,98.57721173021712,96.999165088295,97.35907009220685,30020200
2015-09-16,98.82637786865234,98.9186669835387,97.94968760259964,98.29113902193465,31329100
2015-09-17,98.8633041381836,100.33984566800957,98.41111699102709,98.72488453035025,56139800
2015-09-18,97.45719146728516,98.6135416438258,97.29067675955126,97.34618636733013,48384000
2015-09-21,97.76246643066406,98.5672886681896,96.88364314817386,97.99373645845634,35772600
2015-09-22,96.30083465576172,96.59685999824838,95.40350585134257,96.26383060572579,47359700
2015-09-23,96.37481689453125,96.8188583180072,95.87527293979542,96.55983003726348,21775100
2015-09-24,96.02330780029297,96.3840884393404,94.60792945733725,95.44050287736992,38284300
2015-09-25,95.20922088623047,97.14264153250475,94.6171703193808,97.0501349547719,44700000
2015-09-28,92.49877166748047,94.86698189260635,92.22125182882343,94.80222655780615,44077500
2015-09-29,92.0177230834961,93.67361738874234,91.35166425034662,92.73003168918011,49315500
2015-09-30,94.13616180419922,94.23792118939215,92.97055879240843,93.33133950071004,41411400
2015-10-01,94.56168365478516,94.5709364314512,93.05379865925013,94.30266237054128,39339100
2015-10-02,96.21756744384766,96.21756744384766,92.95203635407005,93.24806165535243,59370900
2015-10-05,97.59593963623047,97.85496090601697,96.71711646262624,96.92988090946503,32853500
2015-10-06,97.13341522216797,97.68846189759151,96.37484978560214,97.36468525841123,33051500
2015-10-07,97.71621704101562,97.92898858821509,96.47661298542384,97.74397537501687,37389300
2015-10-08,98.1047592163086,98.2712739366289,96.40260795772294,97.34619372547202,50188900
2015-10-09,98.54875946044922,98.73377967295616,97.88270081102311,98.1509748258086,23916200
2015-10-12,98.7892837524414,98.9742969100417,98.3822463363613,98.73378121672124,16162000
2015-10-13,98.15099334716797,99.22408960880607,98.05848675235798,98.22500144613628,26999600
2015-10-14,97.99371337890625,98.64126648109199,97.58667596736122,98.15097526689429,30902600
2015-10-15,99.60336303710938,99.61261581339852,98.2249957976423,98.35450643448885,38393800
2015-10-16,100.01963806152344,100.07514059521452,99.33507387627004,99.81611936092375,27091100
2015-10-19,100.59323120117188,100.65798654073225,99.66815088870767,99.89017524531701,23776300
2015-10-20,100.07514953613281,100.63019609603052,99.73286741292593,100.4174316593397,23404700
2015-10-21,99.4646224975586,100.68572810992609,99.42762549949467,100.5839757785473,30195200
2015-10-22,101.49052429199219,101.57378516068563,100.06590026837264,100.3526798629832,42778700
2015-10-23,104.33050537109375,104.75604125930731,103.67369951812503,104.21950030500278,53170900
2015-10-26,104.39527130126953,104.59879002021025,103.85872323457131,104.25650789673725,25918000
2015-10-27,104.6080551147461,104.75606425462372,104.09000548067247,104.11776381108776,31390500
2015-10-28,105.47761535644531,105.47761535644531,103.92348072037122,104.76530688306973,42221900
2015-10-29,105.31111145019531,105.48687892143936,104.88557546626834,104.99658761512786,24913300
2015-10-30,104.83931732177734,105.53312731666774,104.81156605122978,105.3573598594661,27199200
2015-11-02,106.0234146118164,106.1529252413867,104.89481593316107,105.11683314702442,22176900
2015-11-03,106.39347076416016,106.77274995822884,105.65340381591669,105.81066574863294,20418400
2015-11-04,106.40270233154297,106.81899258123494,105.95866786789885,106.74498448469407,28633000
2015-11-05,106.11591339111328,106.75422077404686,105.56086686837949,106.49519953395772,25004100
2015-11-06,106.18994903564453,106.31020691181082,105.23711763040045,105.9124221733515,29924900
2015-11-09,105.06133270263672,105.9309101394884,104.41377954187489,105.79214673138227,33479800
2015-11-10,104.79305267333984,104.89481202961534,104.1917493111118,104.50628015536327,35452100
2015-11-11,104.66352081298828,105.58860054939991,104.48775340457462,105.0798038712542,22748800
2015-11-12,103.64598083496094,104.74682847176648,103.57197272910142,104.23803156623414,31196900
2015-11-13,101.61077880859375,103.32218237055862,101.55527626982298,103.21117023521714,52836000
2015-11-16,103.07239532470703,103.09090087409818,101.27774521271947,101.50901517551469,33980600
2015-11-17,103.13715362548828,103.8772203510328,102.87813238888751,103.24816575165977,30579500
2015-11-18,105.1168212890625,105.21858063764566,103.45168178622757,103.55344113481073,32966500
2015-11-19,105.19081115722656,105.67185655047078,104.98729249530001,105.17231266877778,26188100
2015-11-20,105.9031753540039,105.98642917714656,105.58864444281768,105.69040382074841,22727600
2015-11-23,105.59786224365234,106.32867614409109,105.14457511070134,105.9401372580485,20696200
2015-11-24,105.50537109375,105.75513957475442,104.38601814367115,104.91332049052477,26374400
2015-11-25,105.59786224365234,105.79212815777421,105.37584506434149,105.66261754835963,14159900
2015-11-27,105.74591827392578,105.95868983113417,105.38513755075671,105.8291791642428,8828000
2015-11-30,105.47761535644531,106.06042025609815,105.13534028362072,106.06042025609815,25041600
2015-12-01,106.53221893310547,106.53221893310547,105.77364653806859,105.90316423458256,28639400
2015-12-02,105.87541961669922,107.07802662655429,105.71815768615242,106.61548655473332,22395500
2015-12-03,104.08074951171875,106.34719261751225,103.46094056723068,106.16217944643525,42754300
2015-12-04,106.51368713378906,106.68945455350317,104.18248915358562,104.39525355427232,40037300
2015-12-07,106.03267669677734,106.65247862953667,105.52387985179546,106.5877233090663,25892100
2015-12-08,106.04190826416016,106.38419037399741,104.88555836879061,104.9225624123784,30792600
2015-12-09,104.43225860595703,106.16216038185173,103.79395128210841,105.57935558779906,48509200
2015-12-10,104.90409088134766,105.60715377461352,104.35828992039869,104.67282084283401,30154600
2015-12-11,102.48961639404297,103.96974301637917,102.42486107487203,103.69221618690344,56022200
2015-12-14,103.26667022705078,103.3129270467522,101.18524038088324,102.62836987352992,53098500
2015-12-15,103.8957290649414,104.79305776416301,103.76621843389913,104.21951270034718,48428000
2015-12-16,105.44062042236328,105.6163808212537,103.50719957216691,104.59879424326624,44944100
2015-12-17,103.90499114990234,105.90316744980466,103.88649265429615,105.90316744980466,45668800
2015-12-18,101.9118423461914,103.81404399247444,101.9118423461914,103.58206766395048,53746100
2015-12-21,103.04387664794922,103.06243163727729,102.11597143573664,102.87685342657676,26432800
2015-12-22,103.72126007080078,103.86972832658144,103.04389312203072,103.59135388667073,26540300
2015-12-23,104.49142456054688,104.5656586893902,104.07386997467644,104.2594482174286,25656900
2015-12-24,104.47286224365234,104.7605177224066,104.42647122275119,104.49142431549772,11468600
2015-12-28,104.41718292236328,104.43574499291728,103.47072262542372,104.2223236576803,19183600
2015-12-29,106.05956268310547,106.29153897324406,104.9739082649474,105.03886134301202,27725700
2015-12-30,105.10384368896484,106.00391307803838,105.08528869550281,105.96679601175781,19520100
2015-12-31,103.79549407958984,104.92753975087214,103.77693200796051,104.73268047490068,29886800
2016-01-04,101.60562133789062,101.69841044378938,100.32511468603569,101.55922324526374,50807600
2016-01-05,101.4293212890625,102.2366014105183,100.95609470553988,102.10669524099971,38795200
2016-01-06,100.45504760742188,101.03962550171205,99.66632937816651,99.66632937816651,41891100
2016-01-07,97.30944061279297,99.55496995327663,97.25376147553658,98.3115730517762,61386300
2016-01-08,96.51142120361328,98.627043913093,96.40935106593182,98.01462308700424,69344000
2016-01-11,96.8083724975586,97.48573947803335,95.32372526704225,97.1980910681898,50024100
2016-01-12,97.93109130859375,98.43216084153377,96.5763509029499,97.73623211456481,46734200
2016-01-13,94.5535659790039,98.57139824290097,94.40509771015604,98.33014084570156,69870700
2016-01-14,96.56709289550781,97.41149001698237,93.4122138318275,94.92470382318199,78445700
2016-01-15,93.56997680664062,94.59067840651213,92.33586800932063,93.36584356602269,91443900
2016-01-19,93.77410125732422,94.98966193527504,92.67917279131994,94.84119369883473,56563800
2016-01-20,93.48645782470703,94.48859723542168,90.23878931466759,92.29874018801806,86675000
2016-01-21,93.5792465209961,94.97110444767235,92.6235052107086,93.88545696391019,61660100
2016-01-22,96.28871154785156,96.32582860231298,95.13811117696454,95.46287655430915,42229800
2016-01-25,94.8597640991211,96.49287236726127,94.7762489389499,95.945411625856,38881500
2016-01-26,95.71345520019531,96.12172881245732,94.42366710187875,95.25878348048303,36143900
2016-01-27,93.32872009277344,95.56496826405247,92.92972051640669,95.1566947314919,54524700
2016-01-28,94.64633178710938,94.91542514857571,93.03177869766631,94.87830809050915,47641500
2016-01-29,96.6227798461914,96.65989690906079,94.59067197942235,94.61850800673544,54245100
2016-02-01,96.88259887695312,97.2444813892059,95.78767030467768,96.15882677309172,32750300
2016-02-02,94.7855224609375,96.47430972844387,94.49786702021167,96.43719266901617,44928100
2016-02-03,94.33086395263672,95.41651154386093,92.67918643616547,95.41651154386093,61572900
2016-02-04,94.32157897949219,95.07318003752705,93.1988143705596,94.08032160950528,49321600
2016-02-05,91.04606628417969,94.02464130696967,90.67490276583978,93.98752424720016,70749900
2016-02-08,89.65422821044922,90.05322784194277,88.0025505428399,89.34801770920507,91673100
2016-02-09,89.37583923339844,90.7305801373454,88.31802774566785,88.45721495812835,73778400
2016-02-10,89.71916198730469,91.57497251004563,89.65420890218297,90.40580989849934,59421700
2016-02-11,89.58924865722656,90.30373253646503,88.32729703626752,88.57782832189913,76839200
2016-02-12,90.95325469970703,91.04605087310115,89.75626335168856,90.60065331061324,49186500
2016-02-16,93.00394439697266,93.00394439697266,91.72343064769555,92.29873443935303,40565900
2016-02-17,95.11027526855469,95.24018141964632,93.4400432125847,93.68130052719243,41766500
2016-02-18,94.02464294433594,95.42577480841972,93.90401072814547,95.40721981788947,38991500
2016-02-19,94.30300903320312,94.59066447778906,93.36582981765974,93.56996302821852,28257900
2016-02-22,95.83403778076172,95.92682687507046,95.09171794693764,95.18450704124639,23979100
2016-02-23,94.25662994384766,95.53713681620704,94.19167685059804,95.27732444320857,29869700
2016-02-24,95.15667724609375,95.27730236865108,92.57709494768653,93.15239869700405,40739100
2016-02-25,96.09386444091797,96.09386444091797,94.49786629455896,95.35154449613006,29389300
2016-02-26,95.97325134277344,96.84548464361185,95.74127500355948,96.82692257203536,30925000
2016-02-29,95.11027526855469,96.59492205199786,95.11027526855469,95.88043822099387,27553900
2016-03-01,98.16309356689453,98.16309356689453,95.72270539945241,96.01963478514634,37699800
2016-03-02,98.20021057128906,98.21876556066698,97.43932857840505,98.04246838383439,29209800
2016-03-03,98.01461029052734,98.12596144782987,97.30940753233968,98.0981254283427,25474600
2016-03-04,98.05172729492188,98.68270302728594,97.40219657602677,98.12596139975386,31655400
2016-03-07,97.44860076904297,98.11669364423118,96.75267187061439,97.55067090716088,25861200
2016-03-08,96.641357421875,97.62493496796768,96.47433415184445,96.78054466012662,28898500
2016-03-09,97.2630386352539,97.28159362736234,96.46503946682712,97.00322626959979,31047400
2016-03-10,97.11456298828125,98.22804641211187,95.8618852872781,97.67130470019656,44236100
2016-03-11,98.8126449584961,98.8126449584961,97.85690352053919,98.16311400435737,31454000
2016-03-14,98.97965240478516,99.21162871983115,98.41362962972447,98.44146565483314,25374900
2016-03-15,98.94254302978516,99.05389421822387,98.31156712067751,98.62705861490927,26524600
2016-03-16,99.82406616210938,100.08387854539725,98.67345835132518,98.7013014604116,31693100
2016-03-17,99.76838684082031,100.000363193954,99.16525398615791,99.53641048768662,29623700
2016-03-18,99.92472076416016,100.17599522141568,99.39424615408309,100.00847654979371,37682300
2016-03-21,100.31558227539062,100.40864661413175,99.69204339543583,99.74788057860972,17288600
2016-03-22,100.62273406982422,100.85539854335755,99.72930334349897,99.74791337722488,18840300
2016-03-23,99.79442596435547,100.50172068758044,99.57106300931692,100.42727346958887,20912900
2016-03-24,99.82232666015625,99.85024524944151,99.14294355268359,99.31046218874853,19017300
2016-03-28,99.68275451660156,100.12016480545302,99.50592726782622,100.10154767381597,13892300
2016-03-29,101.28347778320312,101.3486235372808,99.32909806051794,99.49661672819694,29963900
2016-03-30,101.7767105102539,102.40955792997319,101.56265614902158,101.88839197268213,23807200
2016-03-31,101.62782287597656,102.08385028311226,101.46961276347076,101.70227719963404,21447200
2016-04-01,102.70741271972656,102.7446398900556,100.87401540807285,101.01361552171754,26389000
2016-04-04,102.31653594970703,102.78186491858821,102.07456289778898,102.70741057948163,17163000
2016-04-05,101.33001708984375,101.90702747275809,101.19972556795267,101.52545437268036,20107900
2016-04-06,102.99588012695312,103.03310728488921,101.43237499540895,101.43237499540895,25056000
2016-04-07,101.51615142822266,102.58640928561273,101.07874113952238,102.40027347108318,28567200
2016-04-08,101.44171142578125,102.39097936267306,101.08806397877377,102.14901342015251,22898000
2016-04-11,101.06944274902344,102.39097521363149,101.06013418227099,101.87911764794269,25772100
2016-04-12,101.91636657714844,102.11180391854631,100.52968094952544,101.14391867993953,28564100
2016-04-13,103.21923065185547,103.37744072877707,102.56776611691087,102.69805760382908,25356700
2016-04-14,103.22856903076172,103.61014216487283,102.37236549615207,103.23787759754288,17199700
2016-04-15,102.96795654296875,103.35883103182141,102.70737355040032,103.1447837595062,21353300
2016-04-18,103.51708221435547,103.55430228235589,102.6050343405053,102.67018011004056,17126100
2016-04-19,102.88421630859375,103.71250113167274,102.2606702246363,103.71250113167274,42481400
2016-04-20,102.96795654296875,103.44259390820642,102.53054633386286,102.88420076693777,18078300
2016-04-21,102.97730255126953,103.34956714759463,102.51197358095233,102.91215677943939,20216000
2016-04-22,101.42311096191406,102.11179588700864,100.62274452179457,101.63715832359894,39074000
2016-04-25,101.42311096191406,101.43241242956508,100.92985626248839,101.11599212086327,14351900
2016-04-26,100.9298324584961,101.80465303564179,100.62272079023363,101.63713435279166,19118300
2016-04-27,100.12016296386719,100.35282740256346,99.29187813013687,99.89679999046304,33059800
2016-04-28,98.91030883789062,100.81816014855023,98.71487155392906,100.23184119631007,29818200
2016-04-29,98.38914489746094,99.11505685385481,97.60738864417519,98.91031099941436,67502800
2016-05-02,99.3198013305664,99.45940142032619,98.23093341107999,98.64041801392504,24813800
2016-05-03,98.39845275878906,99.05921894770533,98.13786260932348,98.61250007754848,38569400
2016-05-04,97.76558685302734,98.16576991786532,97.52361388117423,97.80280690990853,27474500
2016-05-05,97.73767852783203,98.33330604908761,97.54224124288253,98.119251632035,20788100
2016-05-06,98.25883483886719,98.27744486741727,97.16065854520116,97.25372288866012,30758500
2016-05-09,98.53805541992188,98.99408290097574,98.22163514362124,98.26816377818274,19289600
2016-05-10,99.88751220703125,99.93404084093055,98.71488128728416,98.8917085570275,21178900
2016-05-11,98.9847412109375,100.0363817248222,98.95682261947168,99.73857158193029,20966300
2016-05-12,98.54737091064453,99.33842875732994,97.84937743997682,99.21744577854263,29196300
2016-05-13,98.18441009521484,99.06853227488702,97.98897278498278,98.46361031003575,21059300
2016-05-16,99.41284942626953,99.7758053400518,98.2402188046283,98.33329024947861,18311900
2016-05-17,98.16580963134766,99.61763384910081,97.90521942527661,99.32913213925426,29932700
2016-05-18,98.5194320678711,99.04990671258265,97.75629298073595,97.9424216945327,27524400
2016-05-19,98.007568359375,98.3798328907612,97.29096499424975,98.13785988030686,27334600
2016-05-20,99.08712768554688,99.48731078553064,98.34259867615921,98.39844296709394,29549600
2016-05-23,98.95685577392578,99.55247625926603,98.86379140440818,99.19882171460033,15729800
2016-05-24,100.93914031982422,101.06012327312231,99.47800791307841,99.50592650996603,29931300
2016-05-25,101.66503143310547,101.9721501367235,101.14386546358674,101.32069267482508,37951700
2016-05-26,101.9628677368164,102.09315926262923,101.52545742857808,101.76743044809716,21885900
2016-05-27,102.49334716796875,102.50265573463231,102.0094082068032,102.02801823977435,19870000
2016-05-31,102.68877410888672,102.84699132478602,102.16760803398614,102.63293691524886,24366100
2016-06-01,102.69807434082031,102.93073876257132,102.28858978677974,102.37234557043985,19571500
2016-06-02,102.91213989257812,102.92144135820143,101.93494637511711,102.49333962779964,15696600
2016-06-03,102.42818450927734,102.76322185035043,101.75810982713115,102.71669322541821,20269900
2016-06-06,102.80046844482422,103.07036008173108,102.4375124401044,102.6143397091983,12502400
2016-06-07,102.53987884521484,102.95867202388307,102.49334311409362,102.85629909570093,12184300
2016-06-08,102.71670532226562,102.93075264294255,102.33513221096803,102.71670532226562,14568700
2016-06-09,102.54920959472656,102.66088401300556,102.10249062053896,102.29792795288441,17571600
2016-06-10,101.38587188720703,101.81397366067323,101.03221734799347,101.61853635759232,32965000
2016-06-13,100.53897094726562,101.37656447022488,100.40867941040044,100.80886258801674,25154700
2016-06-14,100.53897094726562,100.90192695715527,99.80375036046564,100.26907930651453,24588500
2016-06-15,100.25044250488281,100.92051714433308,100.08292384502025,100.78091707772188,24605700
2016-06-16,100.54827880859375,100.64134317707911,99.11506481277937,99.75722102593387,32079900
2016-06-17,99.36970520019531,100.48013992798381,99.13642107212323,100.34016802728723,29208800
2016-06-20,99.99492645263672,101.00270862017753,99.92027381229514,100.52681405635212,20562800
2016-06-21,100.31220245361328,100.51749368143852,99.93894632295543,100.12557794791863,22804100
2016-06-22,100.069580078125,100.95606423562347,99.98560119039017,100.36818354440692,22724200
2016-06-23,101.49726104736328,101.51592776545368,100.42415969297623,100.84406829953925,18714200
2016-06-24,97.31680297851562,99.37903371586626,97.10217845867088,97.88601679281447,68012700
2016-06-27,95.38524627685547,96.67297251738302,94.94667083514328,96.67297251738302,48222600
2016-06-28,97.47544860839844,97.52210828621388,96.39301385189987,96.43966641044801,28260600
2016-06-29,99.20173645019531,99.40702761392508,98.1939544671153,98.24060701933895,31356700
2016-06-30,100.3494873046875,100.41480656661138,99.03376158973656,99.3696912565638,36300800
2016-07-01,100.85340118408203,101.22665723219693,100.2655205945393,100.30284691127748,19902800
2016-07-05,100.23755645751953,100.46151442234196,99.69633538810216,100.3215424741452,21167900
2016-07-06,101.05870056152344,101.10535312177907,99.44437104820636,99.76164120657542,24579300
2016-07-07,101.35729217529297,101.58124294848791,100.88139055289533,101.1520010001698,19161700
2016-07-08,102.92494201660156,102.98092791930821,101.7305215111586,101.8984863385439,29457900
2016-07-11,103.51286315917969,103.89544553647585,103.26091936137671,103.27024560329149,20218500
2016-07-12,104.03539276123047,104.31533657607679,103.89542085380731,104.14737171102239,21906100
2016-07-13,103.78345489501953,104.34333543712148,103.77412153552541,104.27801615919738,21107800
2016-07-14,104.49263763427734,104.688595462278,104.23135341100932,104.47397091583892,20871000
2016-07-15,104.32467651367188,104.79124482165919,104.09139235967821,104.73525178359888,17999300
2016-07-18,105.01520538330078,105.20182987614623,104.37133878022829,104.39000550107366,20713900
2016-07-19,104.63262176513672,104.95922532477003,104.44599726186208,104.65128848702525,18936700
2016-07-20,105.85501861572266,106.05097644821318,105.07118016649325,105.20181872148694,24997900
2016-07-21,105.61241149902344,106.13496577042457,105.32314140153609,105.92967455829755,18885400
2016-07-22,106.05098724365234,106.1722924515612,105.36046807992771,105.68706450065774,20003400
2016-07-25,106.060302734375,106.08829569154001,105.70570629224001,105.96698338480253,12968100
2016-07-26,106.1816177368164,106.56420005221385,105.64973014371535,106.02298621870692,21223800
2016-07-27,106.91877746582031,107.19871413270671,106.47086883182935,107.07740895564923,27646100
2016-07-28,107.29205322265625,107.41335842204141,106.75083226675162,107.08676202426018,16939700
2016-07-29,107.52534484863281,107.81461494686215,107.18941506779382,107.53467108974031,22385300
2016-08-01,108.09455871582031,108.3651692301687,107.46935879608532,107.5999973727682,13990100
2016-08-02,107.27338409423828,108.02922247202545,106.58286499454053,107.9359102346502,21278400
2016-08-03,107.62796020507812,107.6372935634478,107.12407276137947,107.18939203143422,15011300
2016-08-04,107.93589782714844,108.03854341224206,107.33869103347635,107.59064187662128,12835300
2016-08-05,108.97169494628906,109.21431246445016,108.36515471052006,108.48646702923438,23196600
2016-08-08,108.85040283203125,109.0556940552102,108.505139673115,109.02769397264804,12358200
2016-08-09,109.10233306884766,109.44759618487721,108.8690489113522,108.93436819068023,13276500
2016-08-10,108.82239532470703,109.19564427776426,108.53311813104003,109.16765131821171,14688400
2016-08-11,109.28898620605469,109.52227040952788,108.97171598731133,109.19566682925029,12969800
2016-08-12,109.36359405517578,109.37292741349384,108.98101179533272,109.1023169764017,19379000
2016-08-15,109.83014678955078,110.08209759368913,109.46622417847578,109.50355048720981,11777800
2016-08-16,109.2236328125,109.63420804132184,109.20496609525959,109.62488180196833,14161400
2016-08-17,109.41961669921875,109.45694302332656,108.64511149233549,109.25165180036778,15980300
2016-08-18,109.44760131835938,109.60623284427245,109.13033114726535,109.31696275357591,10036300
2016-08-19,109.41961669921875,109.66222712701698,108.95304832677365,109.25165180036778,18743000
2016-08-22,109.50354766845703,109.69017920732306,109.05564621370907,109.26093022756382,14500600
2016-08-23,109.69953155517578,110.11944727812251,109.65287899880411,109.93281569483497,11997900
2016-08-24,108.9903335571289,109.77416471005188,108.6264109333767,109.62486658918041,17728700
2016-08-25,108.81305694580078,109.14898668347055,108.57977280126717,108.71041135266462,24266300
2016-08-26,108.97169494628906,109.68088078130825,108.31850215039476,108.85038974684227,23896000
2016-08-29,109.12100219726562,109.4102722807805,108.98103027582475,108.99968987635862,11184900
2016-08-30,108.76643371582031,109.26099512887183,108.39318465490787,108.94373200324236,19843300
2016-08-31,108.65443420410156,108.76640604618241,108.19719211804583,108.59844116379347,16169800
2016-09-01,108.93437194824219,109.06501051140445,108.1598739292852,108.69176154195095,20944700
2016-09-02,109.28898620605469,109.69956156306465,108.87840372977584,109.47561072112568,18088200
2016-09-06,109.97016143798828,109.97016143798828,109.23298257212875,109.47560011362803,18525200
2016-09-07,110.03546142578125,110.22209300930616,109.61555282156739,110.07278774248624,17546900
2016-09-08,109.3916244506836,109.736880492217,109.1023472167751,109.70888752877033,20125300
2016-09-09,106.63883972167969,108.71973728117398,106.62018012386986,108.4771197940464,50813300
2016-09-12,108.55178833007812,108.70108649223354,106.03231510057094,106.04164846047681,39646000
2016-09-13,107.58131408691406,108.32781905801227,107.05875989521863,108.01055604713059,45863900
2016-09-14,108.09455871582031,108.68243943016175,107.66531666110964,107.69331674405753,28221800
2016-09-15,109.77417755126953,109.94214240643926,108.11319571640587,108.12252907482267,38521400
2016-09-16,109.7218017578125,109.83406126389222,109.17922485074962,109.65631883020863,27596500
2016-09-19,109.24471282958984,110.33921630033518,109.02955768770187,110.00244490362829,16222900
2016-09-20,109.45049285888672,109.89952366222262,109.26340085413987,109.63758486363355,18078600
2016-09-21,110.52629852294922,110.6853274533474,109.27275915267967,109.91823875348803,31546800
2016-09-22,111.4056396484375,111.52725588466656,111.05951869819312,111.17177105520078,22614400
2016-09-23,110.69471740722656,111.32148371185866,110.53568842911487,111.32148371185866,22213400
2016-09-26,109.76856994628906,110.19889447946436,109.60954100065248,110.06792862575143,16403900
2016-09-27,110.8537368774414,110.90986306793626,109.59084763157502,109.69375040555198,20238400
2016-09-28,111.04082489013672,111.10630782236231,110.47018485055476,110.99405544546379,14794300
2016-09-29,110.23631286621094,111.05953500300863,109.75922600468039,110.8537294688092,27207500
2016-09-30,111.05952453613281,111.38693915645445,110.41404490099627,110.52630440100802,25543200
2016-10-03,110.9005126953125,111.04082817058097,110.47018811414075,110.91921904631346,19216400
2016-10-04,110.73211669921875,111.47114239441913,110.31114890121394,111.22791703137884,21239700
2016-10-05,111.12499237060547,111.4804700333841,111.01273288583737,111.05950945543303,14481300
2016-10-06,111.06890106201172,111.30276970919796,110.52632408763453,110.98470463773023,11987100
2016-10-07,110.8256607055664,111.330817771729,110.28308380445432,111.1717816889177,19984200
2016-10-10,111.52726745605469,111.77049281664532,111.34952502288033,111.39630160122215,19687300
2016-10-11,109.93695068359375,111.45242181315136,109.45050712558333,111.43371546507933,27774400
2016-10-12,109.84341430664062,110.2176055348434,109.50664291496854,110.03986309559868,14267800
2016-10-13,109.45049285888672,109.74984434874315,108.45889238694396,109.09501519502672,22821000
2016-10-14,109.58149719238281,110.43278252842583,109.51601425400297,109.99310831197329,21313300
2016-10-17,109.28213500976562,109.73116592737041,109.14181240194512,109.48794054962181,14182700
2016-10-18,110.2550277709961,110.76954161311095,110.19890158353054,110.58244242638546,19276700
2016-10-19,110.24566650390625,110.40469545326967,110.0492177187331,110.17082683228679,13702900
2016-10-20,110.11471557617188,110.35794097335899,109.47859255537051,110.13342906516583,18132200
2016-10-21,110.52629852294922,110.591781443531,109.83404948578419,110.19888392004029,15707800
2016-10-24,111.85466766357422,111.92950732442509,111.21854482054758,111.23725830431174,19143000
2016-10-25,111.49922180175781,111.93889601335988,111.33083608533798,111.92018252425494,20341800
2016-10-26,110.74147033691406,111.34953019809969,110.41405568461539,110.77889017390594,20463700
2016-10-27,110.23631286621094,111.31210998045987,110.07728391236742,111.21856395685215,19099800
2016-10-28,109.54405212402344,110.48888327772373,109.2072807650234,109.91824331592385,35369300
2016-10-31,109.44116973876953,109.94632687129753,109.38504354752354,109.94632687129753,18749400
2016-11-01,108.61796569824219,109.64698641912875,107.6731342727702,109.62828006584954,23498700
2016-11-02,107.7479248046875,108.79565853797472,107.47663641471755,108.54307649274999,26960100
2016-11-03,106.69085693359375,107.9256828417436,106.56924069526255,107.57019800613323,36205200
2016-11-04,106.3166732788086,107.14924497310854,106.12957410547486,106.42892564570514,26997500
2016-11-07,108.84245300292969,108.95471250852806,107.86020909308309,108.03794438890077,26591200
2016-11-08,109.55339813232422,110.04919837974411,108.47760123743242,108.73018330048578,20777900
2016-11-09,110.05857849121094,110.23631379643416,108.14085287410178,108.27181873567855,70234400
2016-11-10,108.28118896484375,110.74148468470874,106.83120042623925,110.59181245445369,72825400
2016-11-11,108.32794189453125,108.56181050212989,107.42988016070139,107.81342810297284,41115200
2016-11-14,107.23341369628906,108.4588898511674,106.67213055806889,108.35598710983176,35906000
2016-11-15,108.72085571289062,109.09504696846832,107.88828391621014,108.04731288027168,31796600
2016-11-16,109.3663101196289,109.44114264372857,108.20631678229762,108.20631678229762,16538100
2016-11-17,110.16148376464844,110.18019011511164,109.08568661685395,109.31019850793402,20598600
2016-11-18,109.74987030029297,110.47953928328731,109.64696753221898,110.29244723430051,16428700
2016-11-21,110.89114379882812,110.9940465608177,109.9837324269767,110.02115226198234,20268500
2016-11-22,111.2279052734375,111.49919370024601,110.95661684662899,111.33080802626498,18850600
2016-11-23,110.77891540527344,110.9847209870516,110.29247168779342,110.86311184195804,22926000
2016-11-25,111.13436889648438,111.18113833730364,110.77888403331859,110.90984988697849,7162800
2016-11-28,110.88180541992188,111.39631931508295,110.7695530334176,110.99406494353109,13479000
2016-11-29,111.26531982421875,111.79853991033373,110.66661682005815,110.984674668536,18553000
2016-11-30,109.91826629638672,111.44308733607672,109.88084645566302,111.40566749535303,30405300
2016-12-01,108.01925659179688,109.89020585047636,107.85087087303152,109.88084910579356,39796600
2016-12-02,108.23438262939453,108.66470712372502,107.78535892494122,108.08471044027779,32876800
2016-12-05,109.0763168334961,109.50663421375056,108.29987134566365,108.79567878747109,21419700
2016-12-06,109.3382568359375,109.52535601793518,108.87987632997519,109.38503341571293,27293300
2016-12-07,110.7227554321289,110.86307802573054,108.78632362431631,109.11373825131774,26622400
2016-12-08,110.91920471191406,111.1998499003915,110.55437024915557,110.76953251193541,18578400
2016-12-09,111.78921508789062,111.82663492847304,111.32147778626765,111.33083453068946,21863100
2016-12-12,111.2840347290039,111.51790333102444,110.82565426743257,111.29339147147365,23259300
2016-12-13,112.68726348876953,113.29532337397221,111.62082307224367,111.62082307224367,54477900
2016-12-14,112.45338439941406,113.19241008202187,112.12596976461408,112.82757561222992,28746000
2016-12-15,112.63113403320312,113.29532008829634,112.33178247123006,112.60307093944068,22762300
2016-12-16,112.2136001586914,113.13307930795675,111.98842436715658,112.90789635821258,26283900
2016-12-19,112.6733627319336,113.36766625343841,112.16671887102397,112.32621812939223,21138700
2016-12-20,113.10492706298828,113.31133401835434,112.89851294941326,113.0298660838321,11461800
2016-12-21,113.02049255371094,113.2269066871599,112.7671706724297,113.1518457007767,7079300
2016-12-22,112.70150756835938,113.05803655897546,112.26053316841733,113.02989047527032,16645000
2016-12-23,112.77653503417969,112.82344993485817,112.41062171515577,112.51382877008137,9007500
2016-12-27,113.3582534790039,114.0150191775124,112.973578472223,113.02048621742547,16110600
2016-12-28,112.47631072998047,113.70541111334617,112.40125690208035,113.6022040469977,17975200
2016-12-29,112.31678771972656,112.71084707604497,111.96025884851582,112.44814083849937,13267500
2016-12-30,111.16281127929688,112.54201971567856,110.8438055755608,112.53264245837138,41749000
2017-01-03,112.15730285644531,112.57950834098551,111.54744492239135,111.90397383915398,22307600
2017-01-04,112.76717376708984,112.97358790620342,112.26990724552161,112.2792845004196,19749100
2017-01-05,113.40516662597656,113.4802204487799,112.68271721059739,112.68271721059739,20644300
2017-01-06,114.39972686767578,114.69996370515635,113.23631001721495,113.52716244027745,24074300
2017-01-09,114.77500915527344,114.98142329524252,114.41847303779599,114.49353402655018,18909200
2017-01-10,115.0283203125,115.3754719844417,114.55919991386972,114.8219061917892,16176600
2017-01-11,115.3379898071289,115.3379898071289,114.48418688803461,115.07528341916519,20686000
2017-01-12,115.15967559814453,115.2347365812948,114.09008164198602,114.92511539445698,19622500
2017-01-13,115.55377960205078,115.75080937797024,115.2160122266998,115.2160122266998,16930800
2017-01-17,115.20661163330078,115.43178746584385,114.86884430538085,115.25351938771648,14538500
2017-01-18,115.441162109375,115.55375359522242,115.08463314150659,115.37548553218319,12499700
2017-01-19,115.38487243652344,116.01349214010308,115.14092779102604,115.6100482548694,12710700
2017-01-20,115.63818359375,116.18236499922028,115.32856239840902,115.89150547107745,22091000
2017-01-23,115.73201751708984,115.90090117115861,115.00019073552865,115.5631338630211,17434200
2017-01-24,116.51074981689453,116.68901787021132,115.76015426860138,115.95718398943116,17640900
2017-01-25,117.68357849121094,117.71172457818722,117.13939694896507,117.24260404001899,15036200
2017-01-26,117.80550384521484,118.04944843947281,117.59908973916646,117.84303433342443,16052200
2017-01-27,118.03070068359375,118.14328500328111,117.6460185027698,118.05884676351559,15053000
2017-01-30,117.11124420166016,117.63665688389978,116.46385560517854,117.63665688389978,25006700
2017-01-31,116.87667083740234,116.90481691962113,116.20113623131095,116.6984027724032,19091100
2017-02-01,117.68357849121094,117.91813876029505,117.14878136402761,117.70234016312469,22861900
2017-02-02,117.58036041259766,117.93688941133279,117.14877041679914,117.47715333118815,15101400
2017-02-03,117.91813659667969,118.0401053574094,117.5897536576295,117.70233800346888,16957200
2017-02-06,118.05886840820312,118.07763007885424,117.6085095722571,117.72110107079632,11630100
2017-02-07,118.4904556274414,118.73440028943142,118.19021879661166,118.30280313429114,17541100
2017-02-08,118.68749237060547,118.85637604528735,118.10578034487654,118.33096334992645,12569100
2017-02-09,119.11906433105469,119.38177063890122,118.74376653775535,118.80944311471697,17542700
2017-02-10,119.51312255859375,119.68200620592387,119.17535526393353,119.38176940602699,13915700
2017-02-13,120.18868255615234,120.33879024157893,119.83214638086729,119.87905413778672,19120200
2017-02-14,120.59210205078125,120.60147930589487,119.85089087883476,120.23556592658343,16333500
2017-02-15,121.30516815185547,121.36147463558912,120.44198818141238,120.50767192089114,17891400
2017-02-16,121.26762390136719,121.62415998809516,120.95800271811689,121.38020821657875,15098300
2017-02-17,121.79305267333984,121.80244424513664,121.07060314958726,121.08937197676042,15563700
2017-02-21,122.39354705810547,122.46860806311118,121.96196417485122,122.02763360646692,18479600
2017-02-22,122.4404525756836,122.52489083117388,122.07453915213726,122.28095332095025,12110900
2017-02-23,121.98069763183594,122.62808616138456,121.49282265815266,122.62808616138456,17489000
2017-02-24,122.21526336669922,122.21526336669922,121.38962104983007,121.4271443893337,18624500
2017-02-27,122.3653793334961,122.3747565888051,121.7836745430905,121.99008869125126,12008700
2017-02-28,121.99008178710938,122.3935184888687,121.65231450163715,122.3372263273599,16598600
2017-03-01,123.3223876953125,123.54755635155836,122.53426876561171,122.76882899348125,25813800
2017-03-02,122.70315551757812,123.31300643446332,122.55303352324839,123.29425192248812,19951400
2017-03-03,122.9283218383789,122.965845173662,122.2903106072109,122.61870063572053,13722700
2017-03-06,122.65621948242188,122.86263360997377,122.1683445594982,122.52486633910875,12026200
2017-03-07,122.44978332519531,122.98458737302403,122.2339919820932,122.4122599980361,15500900
2017-03-08,122.66561889648438,123.05028678022786,122.40291259306062,122.52487417338035,15776000
2017-03-09,122.75943756103516,122.92832836983118,122.1026717855399,122.63747597757043,20855300
2017-03-10,123.27547454833984,123.47251144179123,122.74068466569244,123.32238945786831,21922600
2017-03-13,123.48194122314453,123.51008731755014,123.16294260892985,123.22861205706748,10731600
2017-03-14,123.181640625,123.2473243594354,122.68437409669153,123.2004094514701,14019700
2017-03-15,123.94161987304688,124.23247224090136,123.04090237336362,123.43496180559411,22709100
2017-03-16,123.85717010498047,124.17618287613425,123.57570930163784,124.17618287613425,18457300
2017-03-17,123.81395721435547,124.14301599384537,123.74813685073775,124.0113896128095,21234500
2017-03-20,123.92672729492188,124.20878781439278,123.59766864403413,123.77629310504487,10105200
2017-03-21,122.04635620117188,124.50965535633334,121.97113909807287,124.3968368747826,35841900
2017-03-22,122.87373352050781,122.99596310983107,121.92413011951196,122.08397543456356,29177900
2017-03-23,122.5634765625,123.05238060639202,122.35663309570711,122.71391078311245,20311700
2017-03-24,122.81732177734375,123.43783777726753,122.3472256386828,122.95834488046378,22967600
2017-03-27,123.01477813720703,123.23103273247011,121.66089869816177,121.94295930566261,18472400
2017-03-28,123.76689910888672,124.13357348852016,122.74209306660278,123.01474248891716,23721900
2017-03-29,124.34044647216797,124.3874589620019,123.71991603723454,123.85154240105093,13710000
2017-03-30,124.54728698730469,124.67891334798948,124.1806125292401,124.29343102519924,16092400
2017-03-31,124.46271514892578,124.80118509730877,124.22766697216542,124.36869013974076,19841400
2017-04-03,124.387451171875,124.86694410727698,123.69170366602003,124.56609001433753,23700300
2017-04-04,124.58487701416016,124.60368487717139,123.98315451356513,124.03016699799518,13400000
2017-04-05,124.07718658447266,125.49687187986704,123.8421384950645,124.76352298860934,32011200
2017-04-06,124.14303588867188,124.4721090670977,123.8233738186708,124.19945950061488,18832200
2017-04-07,124.07718658447266,124.45325778904696,123.63529502868957,124.10539120750589,16743100
2017-04-10,124.12422180175781,124.64133056239031,123.78575191718012,124.19943892568612,15619300
2017-04-11,123.58830261230469,124.1994363517321,122.69512259674066,124.01138637270878,33778400
2017-04-12,123.08998107910156,123.67289574692232,122.9583547235873,123.56947401428992,15955200
2017-04-13,122.60105895996094,123.64467289128777,122.58226544494221,122.92073521581023,23683000
2017-04-17,123.61649322509766,123.63530109010752,122.90195216289622,122.94896465232209,13325500
2017-04-18,123.428466796875,123.78574452765656,123.11820155901711,123.20281543856055,12841100
2017-04-19,123.62593078613281,124.37807339311178,123.4566886572221,123.9644006977536,17764800
2017-04-20,124.66014099121094,124.93280489570706,123.93620297433817,124.12423863656224,21977900
2017-04-21,124.63191986083984,124.8199554981724,124.31225784275453,124.77295734848892,22454900
2017-04-24,126.13617706298828,126.25839228201485,125.79770732915871,126.0139474977686,22469900
2017-04-25,127.0482406616211,127.27387772187102,126.4371068156403,126.54993969196696,19384400
2017-04-26,126.86956024169922,127.40546243062738,126.79434313082918,127.09519722811234,25398500
2017-04-27,127.631103515625,127.631103515625,127.10459812800528,127.17981523283608,16136500
2017-04-28,127.85677337646484,128.18583211836108,127.6499298947253,128.13881962774792,22771900
2017-05-01,128.99432373046875,129.16356572975812,128.22337384492062,128.2797830626205,24815500
2017-05-02,129.2106475830078,129.26707118346312,128.82517956352305,129.15423832875146,18345100
2017-05-03,128.7969207763672,128.96614846797482,128.44903994440776,128.91913599379728,23827600
2017-05-04,128.84396362304688,129.21063809498702,128.39267527593546,128.77815761331294,14630100
2017-05-05,129.31405639648438,129.31405639648438,128.693540315533,129.1730332749494,19330700
2017-05-08,129.59609985351562,129.59609985351562,129.11660695748682,129.37985964701585,13279900
2017-05-09,130.0474090576172,130.33886638247697,129.68072027914621,129.79355311336664,28426100
2017-05-10,130.1226348876953,130.16964738143875,129.66194974912656,130.1226348876953,20499400
2017-05-11,130.0192108154297,130.0568265482315,129.16364656786988,129.76536917691126,27232100
2017-05-12,130.31065368652344,130.33885830678193,129.9627727930097,130.0756056202391,19738600
2017-05-15,130.72434997558594,130.79956709200192,130.24485699790685,130.3670866053576,20481300
2017-05-16,131.26963806152344,131.28844592355944,130.6773266962447,131.0627946177133,21786000
2017-05-17,127.93194580078125,130.47046159891565,127.91313794186668,130.22600247160517,55642200
2017-05-18,129.05081176757812,129.4833066110785,127.74394482331611,127.88498229989595,41319900
2017-05-19,129.59609985351562,130.1414130950245,129.4268721300451,129.51148599178038,36730100
2017-05-22,130.68673706054688,130.75255741142809,129.84056968136738,129.8875678220576,19509700
2017-05-23,130.818359375,131.08161207799913,130.47988956454452,131.0722153193907,19687500
2017-05-24,131.42010498046875,131.4859253408821,130.8465869882621,131.21326148516806,15891900
2017-05-25,132.53895568847656,132.87742560782138,131.6363644548234,131.91842511197757,23928600
2017-05-26,132.77398681640625,132.83039607136223,132.38850444594152,132.5671433174349,13851600
2017-05-30,132.88681030273438,133.04664131316147,132.6235575389486,132.70817142455124,20306400
2017-05-31,132.83981323242188,133.35692205926432,132.16288772279333,133.35692205926432,33229400
2017-06-01,133.35684204101562,133.41325127078727,132.54827627317238,133.11239726327426,20120700
2017-06-02,134.88006591796875,134.90827055438072,133.61079989461615,133.82704022250903,37222900
2017-06-05,134.85179138183594,135.08683948590763,134.66375576781815,134.87059924709703,15727500
2017-06-06,134.31593322753906,135.13389630726184,134.1184864430185,134.6920045789466,22393000
2017-06-07,134.84243774414062,134.95525627939045,134.07148717626274,134.69200346633926,18842400
2017-06-08,134.98342895507812,135.19966918886269,134.2500656889179,135.14325994058822,25417400
2017-06-09,131.6081085205078,135.2936604576783,129.84995358532223,135.14324059920662,109783700
2017-06-12,130.9029998779297,131.13804800673608,129.2482662157643,130.49872398255832,104454000
2017-06-13,131.96542358398438,132.1534592200311,130.9500139338928,131.63635046125304,51193000
2017-06-14,131.391845703125,132.50126549265678,130.3294240415416,132.50126549265678,60093800
2017-06-15,130.80902099609375,130.95004416913997,129.26710547057647,130.06626069484298,55145200
2017-06-16,130.2413787841797,130.83531804008547,129.7605797202837,130.74103694428993,48087400
2017-06-19,132.41921997070312,132.5417681964948,131.30676288123885,131.50474753102998,39626500
2017-06-20,131.3821563720703,132.4568950160061,131.33501580995528,132.28720625472772,40935100
2017-06-21,132.68319702148438,132.74918231809428,131.5990213402985,131.68386574391857,35743400
2017-06-22,132.64544677734375,133.13568274424347,132.30605485953322,132.89057195343375,24099100
2017-06-23,133.15455627441406,133.3242450590655,132.12694366576918,132.49461708446245,21654300
2017-06-26,132.53233337402344,134.1444343459917,132.24008199227958,133.91818263639988,34411100
2017-06-27,130.1282958984375,132.19292886398063,130.11887353986032,132.032662456487,65957800
2017-06-28,132.00437927246094,132.11750511503155,129.8549019519389,130.6090934161164,57427200
2017-06-29,129.71348571777344,131.45758591890183,128.45019913834807,131.45758591890183,88769400
2017-06-30,129.76063537597656,130.73167066100066,129.33639903348828,130.08116822272046,68898300
2017-07-03,128.39366149902344,130.5054211198311,128.30881709681958,130.3545914221188,32797000
2017-07-05,129.65692138671875,130.00573566904586,128.36535335948113,128.79901202638285,42116600
2017-07-06,128.48788452148438,129.2138088366562,128.02594445433024,128.66701001090274,48430500
2017-07-07,129.87368774414062,130.2225162426006,128.9120897480148,128.92151210219401,36970400
2017-07-10,130.72222900390625,131.03333944521245,129.62863128027465,129.9586008230999,24853500
2017-07-11,131.08993530273438,131.25020174271663,130.04347787732303,130.53371394304017,31517700
2017-07-12,132.64544677734375,132.79629082643294,131.94781822454675,132.2117881178127,36045800
2017-07-13,132.9376983642578,133.25824556545328,132.55118026755088,132.80571341739392,31073600
2017-07-14,133.98416137695312,134.15386453613712,133.10740727455877,133.53164359459737,34544800
2017-07-17,134.0501708984375,134.5215478187441,133.79562333359297,134.12559293192038,25343200
2017-07-18,134.94580078125,134.97408224912718,133.53166984625634,133.95590624969768,25748500
2017-07-19,135.7377166748047,135.93570134401287,135.2851987834088,135.34176172167273,33752300
2017-07-20,135.9167938232422,136.17134134004567,135.30400969660784,136.08649696287094,36139400
2017-07-21,135.86029052734375,135.86029052734375,135.1438026079724,135.41719496060662,39697100
2017-07-24,136.48245239257812,136.57671912810576,135.68110602155684,135.84137241870522,26712700
2017-07-25,136.13360595703125,136.45415309470215,135.76593265039702,136.0299024918125,28120900
2017-07-26,136.5767059326172,136.65212794491993,136.25617316928899,136.47300246386067,18610600
2017-07-27,135.71881103515625,137.60431818583191,134.15383664762874,137.47233326069573,80665900
2017-07-28,135.60568237304688,135.83194842909808,134.6912101762655,134.90805387446093,38013200
2017-07-31,135.03060913085938,136.1619106997329,134.73835778397236,135.99222193777783,33848600
2017-08-01,135.3417205810547,135.53026844638194,134.92690664616674,135.4925646274285,20149400
2017-08-02,135.70936584472656,136.2467422541501,134.44607958488191,136.21846079947275,41769700
2017-08-03,135.1814727783203,135.91681962398224,134.9363619581937,135.84139759041665,27112800
2017-08-04,135.42657470703125,135.72826282148628,134.87035342944597,135.48315201745237,29472900
2017-08-07,136.2845001220703,136.2845001220703,135.48316794623832,135.6717158472998,17933900
2017-08-08,136.0487823486328,137.14238007865742,135.66224988427038,136.02050088882868,30810400
2017-08-09,135.86965942382812,135.93565908814287,134.6157952693676,134.92690571839432,36169500
2017-08-10,132.95655822753906,135.19087997840603,132.82457327991995,135.09661323598115,63331700
2017-08-11,133.96531677246094,134.2575681401734,132.83400073769138,133.13568884970485,45862500
2017-08-14,135.69056701660156,135.89797403321134,134.99293831098996,135.0306421388811,34161000
2017-08-15,135.7848358154297,136.03938338271638,135.41716238947433,136.02994663763923,25509200
2017-08-16,136.0204620361328,136.6615418408948,135.56794442324383,136.12416548755274,31913000
2017-08-17,133.23936462402344,135.69995203282613,133.23936462402344,135.49254509528123,70191000
2017-08-18,133.14512634277344,134.05959875649722,132.59832736655738,133.3148295213907,60751900
2017-08-21,132.97544860839844,133.42796648020735,132.1552428832203,133.13571505497066,37111500
2017-08-22,135.00238037109375,135.14380211320938,133.64481220438287,133.69195278508806,36294200
2017-08-23,134.52151489257812,134.82318856738854,134.22926357516607,134.32353030498498,25702300
2017-08-24,134.12557983398438,134.9740524535665,133.37137395808884,134.82320840133127,38160800
2017-08-25,133.8427276611328,134.983451443635,133.66360217827426,134.6440739627806,26380400
2017-08-28,134.25758361816406,134.5686941250642,133.82391050346857,134.24814687277512,15362100
2017-08-29,134.7855224609375,135.01178856930576,132.98485910987336,133.10742171673314,24498300
2017-08-30,136.36935424804688,136.59562037663164,134.8138159717175,134.89866037545536,33642700
2017-08-31,137.83058166503906,137.84001840818013,136.68042105360556,136.75584307233814,38480700
2017-09-01,137.6420135498047,138.1982346726422,137.27434025340466,138.00968684620474,22293600
2017-09-05,136.40704345703125,137.52892272995896,135.37944531395385,137.23667136681593,44794300
2017-09-06,136.8218536376953,137.1329640952826,135.83195934269585,136.75585397156453,30722700
2017-09-07,137.1423797607422,137.49119402103744,136.64272145832157,137.0763800978325,22721100
2017-09-08,135.95448303222656,137.02922140308195,135.81306138181526,136.96322175583478,27890100
2017-09-11,137.5194854736328,137.75517391210013,136.98212331427322,137.0198271349045,27126300
2017-09-12,137.8494873046875,138.02861286149115,137.19898476062536,137.90605024151307,30256700
2017-09-13,138.03802490234375,138.05688400830365,137.3875224069154,137.61378852258528,28450900
2017-09-14,137.2272186279297,137.91542476272392,137.14237425212198,137.50062524145991,35296400
2017-09-15,137.69859313964844,138.19825141360968,136.97266881538673,137.1989348656872,46422400
2017-09-18,137.51812744140625,138.29286994219893,137.10240562386483,137.85826216332518,24858200
2017-09-19,137.75433349609375,137.9527370100079,137.29136793568645,137.7637764768824,20871200
2017-09-20,137.3291778564453,137.85827315120937,136.27097285015168,137.7070989479152,34236200
2017-09-21,136.48826599121094,137.24410803469576,136.00640010921208,137.2346650550192,28841800
2017-09-22,136.3560333251953,136.55443687559364,135.91196806147133,136.05368488318442,21702400
2017-09-25,134.91993713378906,135.89309797118938,134.25856779042533,135.81751084383774,54947700
2017-09-26,135.26947021484375,135.86470963525812,134.79706163782043,135.60960496697115,29628800
2017-09-27,136.48826599121094,136.99846081223947,135.64737946358565,135.9874997330961,33249400
2017-09-28,136.44107055664062,136.58278738576817,135.84583104076904,136.15762248161758,24149400
2017-09-29,137.4236602783203,137.52759074806613,136.35602663467657,136.71504737098957,43102400
2017-10-02,137.5464630126953,138.10390159249062,136.93232330182013,137.63149308416982,27351300
2017-10-03,137.83941650390625,138.00003373957824,137.423694521334,137.7260430238484,19715200
2017-10-04,137.97164916992188,138.26454018379135,137.44255386528462,137.57482769144394,26381100
2017-10-05,139.32276916503906,139.39834186432483,138.33070808988597,138.47242492200715,31562400
2017-10-06,139.51170349121094,139.51170349121094,138.85033437116547,138.85033437116547,23561100
2017-10-09,139.35108947753906,139.84238402545935,139.1715719087057,139.69122423512707,13704800
2017-10-10,139.45504760742188,139.96524263663161,138.84090767554176,139.82352579984246,19223100
2017-10-11,139.8707733154297,139.89913110324235,139.20940396316394,139.38892159094405,12439100
2017-10-12,139.6156768798828,140.16367272405267,139.47394561409044,139.66292063514695,14513500
2017-10-13,140.15420532226562,140.31482254528686,139.6251099013089,140.18254869004767,18409900
2017-10-16,140.6360321044922,140.67381844538508,140.20140989201664,140.5037582862196,21809400
2017-10-17,140.81556701660156,140.83446739969494,140.37151613966873,140.58882008655385,13138200
2017-10-18,140.64553833007812,140.97623023284535,140.43767731978525,140.95732984551745,17218200
2017-10-19,140.12582397460938,140.1447243535976,139.14322051869706,139.82348999462292,27680300
2017-10-20,140.50379943847656,140.8155764882632,140.33372481273287,140.69276003181574,30173300
2017-10-23,139.5872802734375,140.8060879605037,139.38886234371,140.79664497976032,29297100
2017-10-24,139.82350158691406,140.11639261007153,139.30384924739295,139.8612879312582,20289500
2017-10-25,139.29441833496094,140.003031364475,138.25512787506838,139.5495230622813,36179100
2017-10-26,138.85037231445312,139.55898536887818,138.8125715448262,139.2093931252919,28230200
2017-10-27,142.89422607421875,143.15877386194785,140.96679000159455,141.1840940236349,60165100
2017-10-30,143.21543884277344,143.79177809630656,142.65799997599726,142.79027384975382,31733400
2017-10-31,143.7539520263672,143.96181299380316,143.26265739130804,143.67837932617996,26319300
2017-11-01,143.7066650390625,144.39637738151967,143.13976909771304,144.33023327443172,29481600
2017-11-02,143.43267822265625,143.60275279331674,142.4500748054733,143.54605165858692,31017400
2017-11-03,144.8121337890625,144.83101975266578,143.4610377195909,143.95234669183205,26199200
2017-11-06,145.303466796875,145.36016795298823,144.65155487765702,144.6987842159298,28693900
2017-11-07,145.3884735107422,145.57743406499927,144.87826415580528,145.19005555787425,21333100
2017-11-08,145.97427368164062,146.01206003047804,145.14282983953802,145.31290445122627,17373500
2017-11-09,145.20899963378906,145.2845867615904,143.7161862974468,144.77437725312416,40594500
2017-11-10,145.19949340820312,145.31288127016307,144.61371138567853,144.8688160541313,20150800
2017-11-13,145.37904357910156,145.56801858582853,144.65154458692456,144.65154458692456,12522400
2017-11-14,144.84994506835938,145.02946267085645,144.15078945876272,144.86884545198237,25173800
2017-11-15,144.16969299316406,144.55707161241173,143.4043931560169,144.22637973417196,24808000
2017-11-16,146.01206970214844,146.34276154764424,144.8688487602997,144.89719212799716,34790600
2017-11-17,145.45458984375,146.15375968866067,145.3128730452785,146.04982923085996,28725800
2017-11-20,145.34129333496094,145.69087123406746,145.13343230933748,145.5585973465591,21143900
2017-11-21,146.91908264160156,146.98522676926981,145.9648224074061,146.0309521183072,20147800
2017-11-22,147.0985870361328,147.24030384447573,146.76789526097824,147.0513432944299,17299000
2017-11-24,147.63714599609375,147.68438974441153,147.16473734645172,147.24978186013087,8280600
2017-11-27,147.57102966308594,147.92060748215383,147.23089482783072,147.58993004748044,22653400
2017-11-28,147.94894409179688,148.04343159268387,147.10805723426927,147.90170034135338,25227300
2017-11-29,145.3695526123047,147.81662532394574,144.67038280179403,147.7788389851341,71986300
2017-11-30,146.58843994140625,146.87188809522428,145.6436223731941,145.98375727442135,56595500
2017-12-01,145.96487426757812,146.67348745812868,143.85792066759845,145.69086909383944,59015800
2017-12-04,144.2830352783203,147.04189966375623,144.14130405383716,146.88128247608793,51319100
2017-12-05,144.3775634765625,146.02155115768616,143.70675110818945,144.25473258512605,40604200
2017-12-06,145.02943420410156,145.25619551276256,143.66889518566722,143.83896977135439,28647800
2017-12-07,145.520751953125,145.93647383572787,144.868825766022,145.0199999809261,32666200
2017-12-08,146.16319274902344,146.94739261979058,145.93644588685916,146.58835753234533,28081700
2017-12-11,147.29698181152344,147.3442255504179,146.21989088184907,146.22934827968695,20821500
2017-12-12,147.0985870361328,147.53319485956163,146.78679564101256,147.2308608628415,20310300
2017-12-13,147.38204956054688,147.85445819049275,147.16473121069933,147.6938409863232,24418500
2017-12-14,147.27809143066406,148.0150476016589,147.11747425665388,147.63711211860735,24594700
2017-12-15,148.95042419433594,149.1110558033444,147.6087855149303,147.85444721099066,49816200
2017-12-18,150.19927978515625,150.32236753000066,149.6596151479892,149.93417883235168,26844500
2017-12-19,149.30923461914062,150.06667181421005,148.89264343950677,149.9151814858136,31415000
2017-12-20,149.1483154296875,149.85841025250906,148.5613083325015,149.8300076153495,38972600
2017-12-21,149.16726684570312,149.83001917542106,148.99683656268007,149.35662259034862,18638700
2017-12-22,148.99684143066406,149.05364671122192,148.59919001984136,148.9400361501062,23330400
2017-12-26,148.1920623779297,148.3814181115119,147.65238336795815,148.16365974023816,21918700
2017-12-27,148.2110137939453,148.60867968510067,148.06900058061765,148.2015510620298,22388200
2017-12-28,148.3909149169922,148.71283562961312,148.21102187235923,148.68441853847972,25393800
2017-12-29,147.47244262695312,148.55178585059014,147.4156373699583,148.52338322209272,33186000
2018-01-02,150.05726623535156,150.09513160841522,147.86069897778228,148.22994776455593,32573300
2018-01-03,151.51528930664062,151.64783975460128,150.17084492106406,150.1992475565617,29383600
2018-01-04,151.78038024902344,152.23483683409796,151.56262190885022,152.03601839865289,24776100
2018-01-05,153.30471801757812,153.40886582354656,152.21591186629269,152.49995265047153,26992300
2018-01-08,153.90126037597656,153.9770055768412,153.24797065957398,153.30477594849248,23159100
2018-01-09,153.91070556640625,154.36516227287717,153.44678612850072,154.20420915697952,24782400
2018-01-10,153.55087280273438,153.57928988222977,152.54727459308208,153.22896666886737,34004000
2018-01-11,154.60183715820312,154.6113143351201,153.5793133352896,153.81601160755804,20473500
2018-01-12,155.7379913330078,155.8989444151264,154.27045924121256,154.46927768804107,37762700
2018-01-16,155.29299926757812,157.5652967965419,154.82906547469375,156.7699941060961,41231800
2018-01-17,156.96885681152344,157.20555513948074,155.27410313999366,156.03154067884094,33849900
2018-01-18,156.99722290039062,157.3569944181062,156.3533961451003,156.72264483888387,26432200
2018-01-19,157.48953247070312,157.74517060687685,156.7320952375043,157.4611298385631,38937600
2018-01-22,159.17486572265625,159.17486572265625,157.25287671185177,157.43276972860292,26081400
2018-01-23,160.49090576171875,160.63293340600265,159.59145513559,159.66720032315794,37989700
2018-01-24,159.449462890625,161.18209636076,158.5310722351941,160.83177301635945,54287400
2018-01-25,159.39263916015625,160.6045332864235,158.88136274777995,160.5477280065856,28925000
2018-01-26,161.83535766601562,161.85429757549485,159.97018831947435,160.28261736783267,32038200
2018-01-29,161.04953002929688,161.81643021422113,160.70868389745078,161.49452399162143,37277800
2018-01-30,159.7239532470703,160.40564526481648,158.890785350757,159.58194009625345,44987700
2018-01-31,160.38673400878906,160.94535287790538,159.38313570533205,160.62343226703516,42449200
2018-02-01,159.02334594726562,160.69915902176442,158.51206967779103,159.1558963788121,38037900
2018-02-02,155.8516082763672,158.7771954037756,155.71905782406466,158.39848395345868,68478100
2018-02-05,149.7069091796875,156.93094461673147,149.5932986391769,154.39354623256088,105372200
2018-02-06,153.6739501953125,153.8633058821197,146.84758161394203,147.51979646914455,118537900
2018-02-07,151.6857147216797,154.8479999126763,151.67623754553964,153.18163496649186,91028300
2018-02-08,145.28541564941406,152.24435154392032,145.28541564941406,152.07392125317836,94184800
2018-02-09,147.79440307617188,148.87374659130643,142.1420473280707,147.33993200365109,113836600
2018-02-12,150.41705322265625,151.43959176294192,148.13529225413086,149.30930674907674,63050600
2018-02-13,151.1934051513672,151.49637145642114,149.32822143193087,149.55545699590942,31785600
2018-02-14,154.0243377685547,154.26103610993513,149.59335175243467,150.30344677657598,52107400
2018-02-15,156.88365173339844,156.88365173339844,153.7971106816023,155.40665645159513,51633900
2018-02-16,156.18301391601562,157.88723013252883,155.91789852666605,156.3723696681929,62256300
2018-02-20,156.4954376220703,157.81147955814131,155.56758435521527,155.63386681202076,36785600
2018-02-21,156.05044555664062,158.79613976576488,155.9557604679469,157.26233956795636,41161800
2018-02-22,156.03152465820312,157.5653250428683,155.6338732416943,156.73214239099192,37074400
2018-02-23,159.22219848632812,159.22219848632812,156.6469200242878,157.29074686325617,50096900
2018-02-26,161.33352661132812,161.33352661132812,159.83760633648933,159.9701567828769,39266700
2018-02-27,159.3358154296875,161.64599306449716,159.26008468975158,161.38089213396987,42209900
2018-02-28,158.31329345703125,160.76548431780174,158.2091456297015,160.24474518115306,42936300
2018-03-01,155.72853088378906,159.12752921993194,154.32728108836878,158.39849446045145,76809900
2018-03-02,157.15817260742188,157.43273621612622,153.34259803784022,153.85385989253305,57445100
2018-03-05,158.90029907226562,159.30741319986544,155.832684007959,156.4197055958498,38540200
2018-03-06,159.57254028320312,160.11221941177172,158.56894167244707,159.67668812659778,29480900
2018-03-07,159.9417724609375,160.07433738139287,158.07660310006253,158.35116677849038,34609400
2018-03-08,160.82228088378906,160.93589143584174,159.96069567227863,160.6045225100492,25828400
2018-03-09,163.9466552734375,163.9466552734375,161.73116344601843,161.96786166126182,38310500
2018-03-12,164.81776428222656,165.1964757887273,164.06032682230716,164.42957559756664,37635000
2018-03-13,162.5738067626953,165.8875817403972,162.15721559684965,165.19641255755673,55638900
2018-03-14,162.54544067382812,163.54905354586955,161.83534581300415,163.42596581364666,40536400
2018-03-15,162.4033966064453,163.35018957421886,161.80691241373543,162.65903475288013,28810400
2018-03-16,161.9206085205078,163.03781777871743,161.84486331618368,162.6780461168285,31176700
2018-03-19,158.4658203125,160.47627365201393,157.08125326807155,160.36247877479033,71395100
2018-03-20,158.9873809814453,159.35722878223228,158.0011250027983,158.53218702748168,34075700
2018-03-21,158.2951202392578,160.0400426256779,157.6028439228635,158.57014383135225,43863500
2018-03-22,154.38796997070312,157.2045083655402,154.18881450616752,156.1044432107827,66607300
2018-03-23,150.31961059570312,154.86211418648898,150.24374254631925,154.20776492210996,80110400
2018-03-26,155.90536499023438,156.09504246771252,150.93612764008037,153.36384886005789,57481500
2018-03-27,150.86016845703125,157.06223331432022,149.53249926810176,157.06223331432022,78889100
2018-03-28,149.124755859375,151.52402740333153,147.9772712438351,149.99721692350883,89369700
2018-03-29,151.85594177246094,153.35430347071113,148.53678995832982,149.93083487789318,68692600
2018-04-02,147.47463989257812,151.48608204411758,145.9288734381852,150.77483528296762,85549400
2018-04-03,149.1342010498047,149.7601016111477,146.4599210146088,148.7643533490749,64090000
2018-04-04,151.48609924316406,151.95077125217992,146.0806116684279,146.2513184350684,65768700
2018-04-05,152.34906005859375,153.23101362262636,151.23951677766496,152.9939313539573,43054900
2018-04-06,148.53677368164062,152.16887543382583,147.82552694226538,150.6705138997664,59870900
2018-04-09,149.57992553710938,152.56717049780107,149.32388713189292,149.81700778143323,41810400
2018-04-10,152.88014221191406,153.3732629305298,150.85071849503805,151.9318131017785,48296800
2018-04-11,151.99815368652344,153.62928053876055,151.82746143169308,151.9222856387042,41622100
2018-04-12,153.8284912109375,154.35955326601922,152.83274262248142,152.91808878054334,30467900
2018-04-13,153.0319061279297,154.82424806218137,152.36807846160644,154.59665827393218,44604900
2018-04-16,154.19830322265625,154.757813867154,153.13616488880277,154.10346453326406,28180800
2018-04-17,157.51748657226562,157.85888566451925,155.44064330025242,155.75359367401452,35536100
2018-04-18,157.83993530273438,158.37099740992969,156.7683185340571,157.5175068048454,29573900
2018-04-19,156.38893127441406,157.41312828115915,155.84837682487438,157.04328056791937,34705700
2018-04-20,153.91378784179688,156.10442534927176,153.37323340730254,155.9906305084734,49197100
2018-04-23,153.5249786376953,155.2699004953339,152.6999370521454,154.66297052440083,33040600
2018-04-24,150.2722625732422,154.49232493297612,149.25754330801686,154.25524261534662,70256800
2018-04-25,150.45236206054688,151.07826255694246,148.38501217107898,150.5377226521277,52089300
2018-04-26,153.61985778808594,154.1319492073664,151.90336971985946,152.39650497312059,43005500
2018-04-27,153.71463012695312,155.91476015219357,152.84216926291492,155.87681889225448,51043400
2018-04-30,152.62411499023438,155.0328649684649,152.2447746001171,154.0750576153368,35615300
2018-05-01,154.36898803710938,154.38795866814127,151.86540014391147,152.22576978175906,36513500
2018-05-02,153.45864868164062,155.11822489618623,153.27846380594724,154.63456770977638,38646800
2018-05-03,153.4396514892578,154.00864026784356,150.99296067138408,152.68098531412312,60337100
2018-05-04,156.35098266601562,156.71135228210852,152.6619837871752,152.77579309614447,41543200
2018-05-07,157.65025329589844,158.16234470304425,156.95796255299328,157.08124998097605,32500200
2018-05-08,157.4890594482422,157.83044411695025,156.34157458710789,157.3183526435309,26040200
2018-05-09,159.2054901123047,159.31928497105665,157.21399326202513,157.77350394469346,29122700
2018-05-10,160.8555908203125,160.96940016171084,159.59431127494645,159.71759869881342,27067600
2018-05-11,160.70384216308594,161.08316798310292,160.00207347866677,160.66590089887276,24688800
2018-05-14,160.97886657714844,161.9935856715931,160.71333558372166,161.07370527638108,21821700
2018-05-15,159.19601440429688,159.793466416665,158.35200201509426,159.70812026357098,49361600
2018-05-16,160.2486572265625,160.61850501973626,159.328776784759,159.40464485391703,22941200
2018-05-17,159.63223266601562,160.84609270716274,158.85459588978068,159.68913009445174,27480200
2018-05-18,158.80718994140625,159.56584160923921,158.5701076776202,159.0158090208132,26217900
2018-05-21,159.69859313964844,160.74176079726993,159.0157951219965,160.0399921484744,22954600
2018-05-22,159.49000549316406,160.69438768612574,159.20551829592233,160.42885665512952,19477700
2018-05-23,160.8366241455078,160.8555803092064,158.25716778780853,158.27612395150712,26557800
2018-05-24,160.7891845703125,161.07368616389854,159.16753561611853,160.7891845703125,27696500
2018-05-25,160.95045471191406,161.52893618083036,160.46681196394422,160.77026982433006,27460500
2018-05-29,160.2392120361328,161.1401220279853,159.28140459832127,160.2202413973606,41220500
2018-05-30,161.38661193847656,161.67111351432655,160.47622426017816,160.81762325712788,22665800
2018-05-31,161.28231811523438,162.353920033033,160.86505104479156,161.38662041249307,35670900
2018-06-01,163.81443786621094,163.9092621310006,162.04105191736826,162.08847128494276,45543300
2018-06-04,165.29376220703125,165.33168900342926,164.1273214856095,164.23162379329236,20459600
2018-06-05,165.80584716796875,166.08087069510148,165.07564422015375,165.68257423165159,24779300
2018-06-06,166.7731475830078,166.80159629692582,165.14202045672715,165.97655465259714,25036600
2018-06-07,165.41708374023438,166.83957778385653,164.58256374115263,166.80165097631732,39600300
2018-06-08,165.42652893066406,165.84379604591365,164.23162501511237,164.63941404878028,31780300
2018-06-11,165.8722686767578,166.28004329886582,165.27481663284033,165.30326535204063,22319700
2018-06-12,166.74476623535156,166.90598050280326,165.9197242576991,166.09989469518598,22511800
2018-06-13,166.7352752685547,167.98706250102745,166.3654129260621,167.00080633212036,37858600
2018-06-14,168.42323303222656,168.69824207011848,167.38006536363258,167.50335276183512,35916000
2018-06-15,167.83522033691406,168.16714119193117,167.0101789440439,167.78780100471897,49615700
2018-06-18,167.73838806152344,167.8809361318654,166.2558301246485,166.77853055145175,31633200
2018-06-19,167.26319885253906,167.30120683532996,165.08688292987196,165.61908169691742,38236000
2018-06-20,168.4511260986328,169.14488408086777,167.88090492061724,168.03296583493164,33038000
2018-06-21,166.9875946044922,169.04987199725568,166.66446150735655,168.8787998280276,43469400
2018-06-22,166.61691284179688,167.61477798711653,166.01818215354544,167.54826041138,30073200
2018-06-25,162.86300659179688,165.3529568706742,161.38044896848186,165.105854265904,77799700
2018-06-26,163.52825927734375,164.4691052867466,162.862996460954,163.46172719517452,39008100
2018-06-27,161.3043975830078,164.96328482068498,161.1903591656505,164.22200610521307,52843500
2018-06-28,162.6919708251953,163.24318082362268,160.7722414515453,161.10487292516945,46407700
2018-06-29,163.12911987304688,164.33607988800907,162.89153011820625,163.4712497000705,36408500
2018-07-02,164.2220001220703,164.26952096134607,161.2473724995618,161.59900060781902,31770000
2018-07-03,162.32131958007812,164.83976512147632,162.15976029075517,164.83976512147632,25512700
2018-07-05,164.3360595703125,164.46910923652052,162.53988182584095,163.37620229990637,31626200
2018-07-06,166.89254760742188,167.01609892009526,164.41210999222594,164.71623183839802,37005600
2018-07-09,168.39410400390625,168.43211198117197,167.0921168879864,167.75736525008682,27362100
2018-07-10,168.51766967773438,168.89780748811478,167.93795009104113,168.70773858292458,23902500
2018-07-11,167.6622772216797,168.28001906681746,167.073059478267,167.1965962462364,30280600
2018-07-12,170.5513916015625,170.5513916015625,168.28953308380719,168.40357149602207,27930100
2018-07-13,170.69400024414062,170.96959800532173,170.06675975152666,170.54193930629557,28049800
2018-07-16,170.28530883789062,171.01708928605575,170.000212755396,170.73197870223444,21405300
2018-07-17,171.3212127685547,171.68233931032128,168.479634274446,168.479634274446,31034100
2018-07-18,170.99806213378906,171.48275443157806,170.47537636363865,171.34019190227087,23220800
2018-07-19,170.1427764892578,170.9505874677031,169.94320921310506,170.38036624746783,31094100
2018-07-20,170.10476684570312,171.22618353285483,169.91468343993083,170.6559768195215,35897300
2018-07-23,170.6464080810547,170.72243851820667,168.91676276514713,169.60102219819188,22184700
2018-07-24,171.34976196289062,173.0128905172977,170.64649095369109,172.4046612260249,36900300
2018-07-25,173.74462890625,173.8491544686982,171.34020743942833,171.42575076529988,35026600
2018-07-26,171.1121368408203,171.93894451102202,170.88404546568697,171.38773456377848,40873500
2018-07-27,168.8027801513672,172.30960758069884,167.8334243019986,172.19556912814468,59456100
2018-07-30,166.41732788085938,168.90726326401,165.61902997957318,168.8122360860422,60193000
2018-07-31,167.6907958984375,168.33704737895636,166.141721021214,167.0730685211876,47285100
2018-08-01,168.32754516601562,168.8312341673675,167.35818963586163,168.0804570997395,37101900
2018-08-02,170.617919921875,170.8175016571464,167.06357267028005,167.13960311698702,47178200
2018-08-03,171.14060974121094,171.15010810847312,170.19025096732682,170.9410280181127,28934400
2018-08-06,172.14801025390625,172.19553109908531,170.81751359684836,171.02659371457545,24808800
2018-08-07,172.77529907226562,173.09841770799966,172.26209700249507,172.63273649673823,29895700
2018-08-08,172.98435974121094,173.29797997040825,172.0720086652435,172.5376898239901,22680700
2018-08-09,172.87979125976562,173.56405082898172,172.62319029597808,172.87979125976562,18852900
2018-08-10,171.55877685546875,172.2240251238088,170.91252532242083,171.71082324442887,33818500
2018-08-13,171.3687286376953,172.97482304284017,171.29269818339372,171.87241770878288,26089200
2018-08-14,172.44265747070312,172.64223926422764,171.1026476463606,172.02449714242638,20913000
2018-08-15,170.3328094482422,171.61579967234317,169.27791056436416,171.07408817731056,58528000
2018-08-16,170.89356994628906,172.0054882856159,170.56093848095423,171.64434720911845,27711800
2018-08-17,170.93153381347656,171.3591923718742,169.42046680652018,170.44685604746917,36092600
2018-08-20,170.7794647216797,171.37819537546903,170.1142164959825,171.31166330223746,24939000
2018-08-21,171.40675354003906,172.43314302247376,171.18817502566702,171.29271509798892,26258700
2018-08-22,172.0719757080078,172.2715574524811,170.8270079010965,171.04558638212865,18042400
2018-08-23,171.8249053955078,173.01285411298045,171.53979480304895,171.76788617728147,25776200
2018-08-24,173.4215087890625,173.56407134193836,172.35711133396256,172.39511931393284,23136100
2018-08-27,175.18917846679688,175.18917846679688,174.02024093123205,174.29583866676296,29343600
2018-08-28,175.44573974609375,175.83539033685028,175.07510039182705,175.65481984350825,20277000
2018-08-29,177.4700164794922,177.56504366348824,175.6833372049943,175.749854783659,29175600
2018-08-30,177.1564178466797,178.2113168761006,176.56718542847278,177.12790823788401,29315500
2018-08-31,177.384521484375,177.8882106508746,176.74778262297605,176.93785154407095,28653200
2018-09-04,176.62416076660156,177.1468464226401,175.6738021173356,176.8427391955625,29063500
2018-09-05,174.3433380126953,176.33909751132992,173.74462176416577,176.31058790432024,42623300
2018-09-06,172.78475952148438,174.62845821688447,171.6158220656286,174.4193780863962,46091400
2018-09-07,172.11947631835938,173.6020336699037,171.48273768667426,171.5397568922992,46629500
2018-09-10,172.69923400878906,173.2029231051753,171.75837340354244,173.10788140719305,26132000
2018-09-11,174.02967834472656,174.31478885145435,171.55875445617232,172.00542419973718,30116500
2018-09-12,173.51654052734375,173.89667831052904,172.0244700006214,173.7731415067236,36204000
2018-09-13,175.36972045898438,175.70235186275892,174.5239016479303,174.59993209740236,31133200
2018-09-14,174.85655212402344,175.7688886145494,174.1627796349154,175.49329089381243,31224100
2018-09-17,172.33807373046875,174.68546129572889,172.1765144629856,174.56191000240187,33071200
2018-09-18,173.76361083984375,174.60942964693217,172.39509175841403,172.48063507699746,31877300
2018-09-19,173.63059997558594,174.20082122070147,172.49967035694826,173.79215927805865,31843400
2018-09-20,175.55029296875,175.7878826880666,174.4098652162955,174.82802544250478,33295800
2018-09-21,174.5904083251953,176.27253283303114,174.37181537677276,176.02544478419395,38605400
2018-09-24,175.0760040283203,175.14265584526314,172.6101482950509,173.32420019269114,34945600
2018-09-25,175.31399536132812,175.44728444804895,174.40000267565628,174.99981082961034,25277500
2018-09-26,175.437744140625,177.0753038469411,175.0949987479677,175.46630504606154,36210600
2018-09-27,176.9229736328125,177.55134262252545,176.05658740706454,176.1518001124462,33113300
2018-09-28,176.88490295410156,177.35142201991485,176.10421388494765,176.42791387636706,28076800
2018-10-01,177.24671936035156,178.54153403985828,176.79924567885433,177.91316488787203,27371300
2018-10-02,176.84683227539062,178.2082840917509,176.4374495426125,177.0943650072503,25618600
2018-10-03,177.0372314453125,178.00834591383887,176.7611378214499,177.58943322045806,29128700
2018-10-04,173.6383514404297,176.4374366662725,172.38161336865528,176.32317850593466,80557300
2018-10-05,171.5152587890625,174.20010087836258,169.87769861986308,173.61933809129275,83325600
2018-10-08,170.468017578125,171.9818043363321,168.44962070642367,170.91549132840134,66864500
2018-10-09,171.02020263671875,172.34357830236922,170.18237705475053,170.5917598557608,49097900
2018-10-10,163.49880981445312,170.05856482438804,163.2798380060877,169.95383665040103,114471100
2018-10-11,161.47093200683594,165.0887831180603,159.7667201103321,162.82286844277954,143084500
2018-10-12,165.96473693847656,166.47884799811465,162.7372078786648,165.8219178187698,102078400
2018-10-15,163.955810546875,165.69808405043642,163.33695697413913,165.38391406137598,64885300
2018-10-16,168.72567749023438,169.13506020684252,165.37439038071759,165.6790594485922,71979700
2018-10-17,168.79234313964844,169.71585143166217,167.05958473898878,169.54448594774533,66987600
2018-10-18,164.8793182373047,168.21156005643297,164.1747964073816,168.15443823534963,82486200
2018-10-19,164.7269744873047,167.63078770246295,164.1271663975158,166.2121997311445,82923700
2018-10-22,165.57432556152344,166.85009455254837,164.3175874910187,165.71713010252614,52909300
2018-10-23,164.9650115966797,165.78379157683545,160.72830714656826,162.46106529729448,77567000
2018-10-24,157.41513061523438,165.05073027682008,157.12950692693505,164.77463657883274,102997400
2018-10-25,162.8609619140625,163.8320766068038,159.14789768802768,159.86194961822082,83481100
2018-10-26,158.6718292236328,161.81365995182347,156.35829390901748,157.2818020372794,130970900
2018-10-29,155.4062042236328,161.71842575025636,152.41670842517487,161.0995867692778,111871900
2018-10-30,157.96726989746094,158.0815135165082,154.24467701770706,154.949213232475,92584000
2018-10-31,161.68038940429688,163.04184131039764,160.46172753175563,160.53789480675334,73828600
2018-11-01,163.81300354003906,163.98438352865588,160.69021812060242,161.91839536885564,52706800
2018-11-02,161.261474609375,164.27953202168183,160.15707092705455,163.30841743706063,75966800
2018-11-05,160.86163330078125,161.52807889693048,159.0717383904738,161.47095706403547,39573500
2018-11-06,162.0802459716797,162.98470869533497,160.63309689737844,160.87111416820463,34410400
2018-11-07,167.164306640625,167.164306640625,163.6321236272519,164.02247547360042,51169600
2018-11-08,166.09799194335938,166.89772655068538,165.3077727977554,166.38360106924546,40296500
2018-11-09,163.2988739013672,164.94594915279117,162.00405952028314,164.54608192843838,50602700
2018-11-12,158.35763549804688,162.4610504855277,158.21481643431423,162.15639596558697,62578400
2018-11-13,158.49095153808594,161.35667443118766,158.04347787828496,159.1002752090499,64128100
2018-11-14,157.2818145751953,160.61405647097243,156.37735182325446,160.06185464209588,75270700
2018-11-15,160.03329467773438,160.46172287567043,155.62522453674424,156.9961918646553,73254300
2018-11-16,159.47154235839844,160.24271585078938,157.83398267168886,158.47186709783222,65390700
2018-11-19,154.29232788085938,158.90033919246005,153.7972478431284,158.70992826330897,67280500
2018-11-20,151.53131103515625,153.64490545418477,149.598612057091,150.7791683624586,102652800
2018-11-21,152.68331909179688,154.20663548445114,151.59796088344277,153.61635728282297,42965800
2018-11-23,151.57894897460938,153.13081194571666,151.46469078800388,151.46469078800388,23503700
2018-11-26,155.08255004882812,155.15871732745188,153.0546380218114,153.70205262640192,42012600
2018-11-27,155.60617065429688,155.99652245839667,153.45448526505874,154.23518887325832,36608100
2018-11-28,160.61404418945312,160.61404418945312,155.63472717647576,156.72960076182747,70141000
2018-11-29,160.0904083251953,161.14720557409555,158.824169246102,159.93808831482045,44885700
2018-11-30,161.251953125,161.3471658544162,159.50966477412817,160.3094139299248,36722800
2018-12-03,164.07003784179688,165.0030613106863,161.3851965287195,164.81265043319726,50771700
2018-12-04,157.77688598632812,163.6701957996208,157.58647507956982,163.21319219049573,70594700
2018-12-06,158.89083862304688,158.90988407597388,154.01624864826684,154.59701147943588,71715500
2018-12-07,153.64491271972656,159.1097799392625,153.14983273064016,158.19580175817202,80432200
2018-12-10,155.2538604736328,155.92982116139441,151.76928530733414,153.35923840151145,73960800
2018-12-11,155.7680206298828,157.82449330114315,154.4541606686741,157.7864024031081,59058300
2018-12-12,157.13905334472656,159.56683315793705,157.0533705875067,158.04351634604106,53780000
2018-12-13,157.18663024902344,158.8241904301964,156.16790923498382,158.1672603598229,46378500
2018-12-14,153.3592987060547,155.9584433887387,152.9975077843354,155.3872106215959,56547400
2018-12-17,149.88421630859375,153.92099411494115,148.68461459356877,152.70234695216084,74834100
2018-12-18,150.8267822265625,152.28344675982314,149.5129222446328,151.04575404774369,63642100
2018-12-19,147.12322998046875,153.0165397582508,145.99026548006532,150.59827622198677,81856500
2018-12-20,144.9906005859375,148.39900979512382,143.18167506025776,146.76144973870086,99002100
2018-12-21,140.49685668945312,146.7043373197013,139.68759207073956,145.71419175876238,141129400
2018-12-24,137.01284790039062,141.2903180969879,136.97466257614008,139.47621653078104,56163300
2018-12-26,145.5677490234375,145.64411964369242,137.57612160589193,138.5213719326297,98982100
2018-12-27,146.13107299804688,146.25518618235523,140.4309575665825,143.57222015706,85824300
2018-12-28,146.05467224121094,148.55622499705024,144.86118110670995,147.18132087906773,77856600
2018-12-31,147.28634643554688,147.9737984840545,145.80642910652125,147.486859353438,53015300
2019-01-02,147.8783416748047,148.7090069068481,144.05916974782303,144.16419755857441,58576700
2019-01-03,143.04710388183594,146.33157978497172,142.73202042234897,145.70142743498377,74820200
2019-01-04,149.16734313964844,149.9025380104816,144.8803308353485,145.45319803539667,74709300
2019-01-07,150.9432373046875,151.6784320691638,149.0527510507349,149.53969028568113,52059300
2019-01-08,152.3085479736328,152.871872215904,150.09342173632143,152.3276333395195,49388700
2019-01-09,153.54983520507812,154.21818746942017,152.26085867678609,152.9005683132982,46491700
2019-01-10,153.98902893066406,154.0749568125092,151.52566100153157,152.3849835269423,38943400
2019-01-11,153.42572021484375,153.5880333090585,152.5663976014277,153.0819940832749,30176600
2019-01-14,152.06991577148438,152.72872540501254,151.42064882504073,152.1272010319672,30710200
2019-01-15,155.03929138183594,155.2493470065144,152.68095151575173,152.76687938885158,40874200
2019-01-16,155.01060485839844,156.37595146315678,154.9533050569076,155.29703102094857,33812200
2019-01-17,156.2328338623047,156.9298288987742,154.26596197619173,154.51420299177258,39329000
2019-01-18,157.779541015625,158.51473569452943,156.41419403807296,157.33078714646118,57183200
2019-01-22,154.61915588378906,156.71969723216404,153.49249274911702,156.6433120561708,56711700
2019-01-23,154.81968688964844,156.11820601755403,153.07242843269594,155.4116684862577,38106100
2019-01-24,155.8222198486328,156.0513754210594,154.73375637533113,155.32572339286796,32417800
2019-01-25,157.68405151367188,158.1614479936636,156.53830287548863,157.07298460204183,36515900
2019-01-28,155.73626708984375,155.74580977380063,154.43774819153273,155.6503392272823,33491200
2019-01-29,154.2659454345703,155.86044834184185,153.71216362628033,155.82224845493184,30784200
2019-01-30,158.1901397705078,158.76302155210007,155.52627299477825,156.01321231083946,41346500
2019-01-31,160.55801391601562,161.35049395073642,158.94441121860712,159.16400955601583,37258400
2019-02-01,159.88009643554688,160.97811720591278,159.44089978258933,159.7655259293816,32143700
2019-02-04,161.8660430908203,161.8660430908203,159.76550157375559,159.9087146846299,26718800
2019-02-05,163.29823303222656,163.48918870370457,162.01881400744153,162.0856419364161,28156400
2019-02-06,162.81130981445312,163.62287513988616,162.07611510989648,163.33644888913645,27970000
2019-02-07,160.62484741210938,161.78969621966328,159.40271334664087,161.38868484527399,42036200
2019-02-08,160.93994140625,160.96858403707716,159.0399122394366,159.22131071167922,29020700
2019-02-11,160.78712463378906,161.9137878744139,160.38611334884993,161.52231927400283,21434100
2019-02-12,163.16455078125,163.40324899554577,161.6750762550817,161.9615170260332,29722100
2019-02-13,163.2791748046875,164.37719569190165,163.09777634028393,163.89024185090696,26094100
2019-02-14,163.47964477539062,164.06206903880658,162.15248320058822,162.69670758860892,30326800
2019-02-15,164.1671142578125,164.75908126838232,163.40327692769915,164.72089595792002,32521700
2019-02-19,164.49171447753906,164.98821084925265,163.6324067221351,163.66104934271635,19487700
2019-02-20,164.46307373046875,165.25555356987178,163.57512334436828,164.60628683500653,32593000
2019-02-21,163.861572265625,164.47263921132222,162.99272169602946,164.02388532959307,25207400
2019-02-22,165.07415771484375,165.18872821035853,164.12890741989287,164.21484986051362,27735400
2019-02-25,165.67567443847656,166.76413780344336,165.5610893791752,166.33448389576932,32608800
2019-02-26,165.84756469726562,166.37270383550796,164.99779938955967,165.27469755744522,21939700
2019-02-27,165.74252319335938,165.94303614559277,163.9952501515587,165.0837136532886,25162000
2019-02-28,165.360595703125,165.9525626785042,164.89274190610905,165.22692527097536,25085500
2019-03-01,166.50636291503906,166.75460386843463,165.35105688984297,166.55410548234215,31431200
2019-03-04,166.53494262695312,167.84300397677055,164.67309975740042,167.60430579941814,38063500
2019-03-05,166.6591339111328,167.17471576052435,165.83801128507514,166.6591339111328,22319900
2019-03-06,165.71388244628906,166.85008852752858,165.44654155293694,166.82144590102558,27194600
2019-03-07,163.68019104003906,165.35107913756002,163.06912397570522,165.2937938766831,39407400
2019-03-08,163.43186950683594,163.51779735580232,161.68459706628238,161.84691008176802,39303200
2019-03-11,166.83096313476562,166.94554819228236,164.08116942708895,164.10981204922217,30518400
2019-03-12,167.74757385253906,168.17722776146795,166.86916609657797,167.27017738284385,33953500
2019-03-13,169.0079345703125,169.88634254255788,168.37778214758467,168.61648044120528,42426100
2019-03-14,168.72149658203125,169.32300633336354,168.6737540128178,169.12250793924832,23751500
2019-03-15,170.28738403320312,170.79342329632976,169.26574825018093,169.38031877949595,38192000
2019-03-18,170.69288635253906,171.20942106121984,169.87026943487987,170.2146210421674,32935100
2019-03-19,171.26683044433594,172.17553172042693,170.5398577470626,171.3911695145269,36893300
2019-03-20,171.94589233398438,172.9980815686399,170.4919766949086,171.27632400079224,50105000
2019-03-21,174.63381958007812,174.8825123115078,171.41030114675652,171.42943584778968,42428500
2019-03-22,170.79808044433594,174.3468149527814,170.61633731756828,173.87810976245936,70794500
2019-03-25,170.4728546142578,171.06589881103665,169.23892218454537,170.1763325158684,46336500
2019-03-26,171.26683044433594,172.83554026063536,170.39638397549584,171.79292526591516,33248100
2019-03-27,170.166748046875,171.9076403369782,168.9232702345101,171.52503402478828,37096700
2019-03-28,170.5589599609375,171.19983367769865,169.53547986254216,170.60678940751626,30368200
2019-03-29,171.85032653808594,172.0129350221594,170.82683157918032,171.87902129436353,35205500
2019-04-01,174.1268310546875,174.33726896285083,172.91204765224384,173.61987098379385,30969500
2019-04-02,174.78683471679688,174.95901781668795,173.87813355411828,174.31814405784098,22645200
2019-04-03,175.7912139892578,176.8816584227349,175.24599907026948,175.77207928817913,31633500
2019-04-04,175.7242431640625,176.4798959169721,174.71030846659704,175.83902216564402,28530800
2019-04-05,176.63294982910156,176.73816878233495,176.0207708090617,176.23120871552845,25674700
2019-04-08,177.08248901367188,177.2259627447028,175.64769332137635,176.34595647155447,22697500
2019-04-09,176.4607696533203,177.06338863142693,176.0877232848494,176.47990435299815,25631900
2019-04-10,177.40773010253906,177.46511960279116,176.499028959051,176.69033215839082,24563000
2019-04-11,176.98687744140625,177.70427547932866,176.6616605004682,177.70427547932866,20654100
2019-04-12,177.75213623046875,177.86691526618492,177.01560336178292,177.77127093492246,24989100
2019-04-15,177.78079223632812,177.98167010054664,176.59468894229946,177.76165753604545,21073000
2019-04-16,178.39297485351562,178.78515594190452,177.84774535080425,178.4312296593462,27195700
2019-04-17,179.0147247314453,179.76081755175247,178.48864449326794,179.58864902191283,29651600
2019-04-18,179.24427795410156,179.62688437597527,178.19208840069973,179.31124210545414,28580900
2019-04-22,179.75125122070312,179.81821537696936,178.3260151929698,178.45994350550225,17936000
2019-04-23,182.037353515625,182.2573514878714,179.95212361455012,180.21037639242633,33665600
2019-04-24,181.46343994140625,182.41997061200553,181.40603584095052,182.19039799668178,24977100
2019-04-25,182.19996643066406,182.90780441384973,181.21474096226393,182.82172015245564,29517500
2019-04-26,182.36251831054688,182.40078770073555,180.39206798521036,181.9129478465531,26359500
2019-04-29,182.71652221679688,183.0034843833008,182.06607366635453,182.36259588672448,21716200
2019-04-30,181.30084228515625,181.59737909480913,180.0286691590567,181.2434527721595,31495300
2019-05-01,180.71730041503906,183.00342232242318,180.59296137493868,182.48688767878508,34797100
2019-05-02,179.93296813964844,181.5973366046341,178.7468649650669,180.65992612668325,44110100
2019-05-03,182.80250549316406,182.93641915081417,181.09988273354372,181.4250995313377,30386200
2019-05-06,181.68341064453125,181.93210332718704,178.64163597883052,178.91903800515576,38371800
2019-05-07,178.14431762695312,180.4686806762306,176.48950868388818,179.70345304762583,58818100
2019-05-08,177.6947021484375,179.03383921429318,176.91991466065676,177.5607884418519,37165300
2019-05-09,176.73817443847656,177.35035347810796,174.1746646756141,175.71467962467898,55351700
2019-05-10,176.9582061767578,177.80951804427454,173.1607775576488,176.10689430924106,58526400
2019-05-13,170.81723022460938,173.38072513560329,170.319830243559,172.45288931896044,67185800
2019-05-14,172.69210815429688,173.73473808419234,171.08514300721927,171.7164569987878,43360600
2019-05-15,175.13116455078125,175.57117499980689,171.51548045301607,171.55374984623415,40944500
2019-05-16,176.8912353515625,177.98169448457364,174.99730843809937,175.20774638353993,39281200
2019-05-17,175.08335876464844,177.51295471989218,174.930324957589,175.1407628622321,44702300
2019-05-20,172.12770080566406,173.3042295090404,171.54421648040417,172.64423556992722,38608300
2019-05-21,173.92599487304688,174.40426026688064,173.05554835334905,173.6103379616564,31613800
2019-05-22,173.1511688232422,174.15552884638188,172.8929014811781,172.9598656272866,24332600
2019-05-23,170.50157165527344,171.2381042703414,169.4398221539929,171.16158007437997,45351300
2019-05-24,170.41554260253906,172.03208210148335,170.2051046443627,171.41990293101657,25903300
2019-05-28,169.77462768554688,171.85029741234283,169.7554929861043,170.89376677720188,24763800
2019-05-29,168.37811279296875,169.3059488213814,167.47897152044501,168.72246445913737,42178800
2019-05-30,169.08595275878906,169.56421815640192,168.12942196356335,168.82768535733766,30354800
2019-05-31,166.38848876953125,167.67023622299436,166.3119645729143,167.09632664161444,45446200
2019-06-03,162.72500610351562,166.3885206181118,161.91196372539434,165.93894999912084,75842300
2019-06-04,167.30679321289062,167.36418272131644,163.92066626076243,164.55198004444745,47797800
2019-06-05,168.55029296875,168.93289943756213,166.79983991270717,168.90420468217627,34412700
2019-06-06,169.88938903808594,170.30069016261885,168.09110696031976,168.83719961056366,29913200
2019-06-07,173.17031860351562,173.86859655189528,170.57812847375257,170.79812645702933,45888300
2019-06-10,175.18861389160156,176.8147279624376,174.28948718078303,174.32774199157237,41385300
2019-06-11,175.4276580810547,177.34071875629192,174.83461394228945,177.0155019444203,41260300
2019-06-12,174.4137725830078,175.31291361259898,174.08855570713368,174.9494273422117,27758100
2019-06-13,175.4468536376953,175.87728951984454,174.79641978831424,175.14077141313354,23715800
2019-06-14,174.70077514648438,175.15034576546722,174.0312065423081,174.5477267239581,22844100
2019-06-17,175.75294494628906,176.24077031802707,174.89205861348762,175.08336182227706,20379500
2019-06-18,178.306884765625,179.55993760149545,177.36947420516495,177.82861943312486,48177300
2019-06-19,178.97645568847656,179.37819682165104,177.50340486683677,178.54601980261103,31672900
2019-06-20,180.64085388183594,181.51128584840015,179.02431443671315,181.4730310370521,40922000
2019-06-21,180.3730010986328,181.5208350194933,179.99038006134586,180.43039060535082,39980400
2019-06-24,180.3787841796875,180.91562344837783,180.28291375551868,180.73347841912081,19375200
2019-06-25,177.28231811523438,180.3595768290091,177.01389852604305,180.25412523127173,33921100
2019-06-26,178.10671997070312,179.58304205786993,177.81913805688808,178.46142871068795,22595700
2019-06-27,178.78741455078125,179.20922097917295,178.29851053302093,178.74907516082374,19709200
2019-06-28,179.0174560546875,179.41048957088825,178.37516536047264,179.21876340702494,21179200
2019-07-01,181.4332733154297,182.68911142407103,180.58967507700524,182.44945000778995,31025600
2019-07-02,182.15219116210938,182.1713681641972,180.85802876263156,181.37569079686935,18035800
2019-07-03,183.5231170654297,183.5231170654297,182.4206658423936,182.61240666571888,15792100
2019-07-05,183.14926147460938,183.48477868848337,181.55790612310952,182.26730919767232,21415600
2019-07-08,181.86460876464844,182.01798089762514,181.11685196296642,181.96046451928802,17598800
2019-07-09,182.775390625,183.00545622864811,180.84850342781286,181.00189024875985,19193500
2019-07-10,184.59677124023438,185.1048521742804,183.55185117797137,183.88738294699158,28374500
2019-07-11,184.46255493164062,185.34450698647373,183.8777806245724,184.87478007978802,23736100
2019-07-12,185.52671813964844,185.5362993315277,184.49137893350868,184.66394278175224,20211900
2019-07-15,186.12100219726562,186.15935620556544,185.44037214151044,185.958034231412,15606100
2019-07-16,185.16236877441406,186.06349786685294,184.59677145137917,185.89094870162975,20190900
2019-07-17,184.25164794921875,185.48830874029272,184.23247094492385,185.1623581783531,16765100
2019-07-18,184.46255493164062,184.81724906571245,182.80410240612667,183.37928089696462,28877000
2019-07-19,183.1108856201172,185.81427315712082,182.91915943108452,185.72799856622171,29387900
2019-07-22,184.56802368164062,184.96107186165185,183.52310355916498,183.52310355916498,18954900
2019-07-23,185.77597045898438,185.79514747151603,184.33800170237768,185.57466302461322,23786700
2019-07-24,187.0796661376953,187.0892619546044,185.04734232964356,185.06651933569205,20422900
2019-07-25,185.3061981201172,186.47574692684879,184.9514892998651,186.44698872895958,23434700
2019-07-26,187.2138671875,187.46312437118914,186.3894314991254,186.48530189712415,20431200
2019-07-29,186.57159423828125,187.10843341152997,185.39246429505494,187.0413358287591,20451700
2019-07-30,185.76632690429688,186.49489223039717,185.00900338294062,185.14321317005832,18705000
2019-07-31,183.19712829589844,186.38940437030377,181.49074077982084,186.26479042436566,41627500
2019-08-01,182.2864532470703,186.91671320615882,181.40450105883025,183.51351843312352,63251600
2019-08-02,179.60226440429688,181.1744426503962,178.5094089725909,180.9156042348478,55214000
2019-08-05,173.25596618652344,175.92099903049336,171.78924000361076,175.8443056488537,75040000
2019-08-06,175.681396484375,176.19907332672497,173.58197479902339,174.85696064058618,41897200
2019-08-07,176.6304473876953,176.87968997147158,172.45075209099508,173.7736876668343,49990600
2019-08-08,180.47459411621094,180.532125132757,176.93720455651518,177.42610848888714,38418100
2019-08-09,178.77777099609375,180.22532016332443,177.37814239265057,179.61178774362378,33608900
2019-08-12,176.726318359375,178.2122073047734,175.9114637660263,177.6753681209171,24642900
2019-08-13,180.59925842285156,181.83590490939986,176.40998149715233,176.5729495068356,40241900
2019-08-14,175.20205688476562,178.26013855471717,174.87612090576505,177.69454118625669,51000500
2019-08-15,175.00076293945312,175.9977479599001,173.66824609690406,175.43215054803335,36685000
2019-08-16,177.80953979492188,178.26010429072355,176.48661912627026,176.59207070247422,32781400
2019-08-19,180.63754272460938,181.0210096549524,179.74600953862628,180.3787190028665,22494100
2019-08-20,179.23797607421875,180.83891253405264,179.19004086677322,180.1870405216625,19902900
2019-08-21,180.82933044433594,181.40450904750693,180.18703962552067,180.8101534358988,20418500
2019-08-22,180.2445068359375,181.62495851126934,178.82570115419784,181.16479820098039,24243700
2019-08-23,174.5406036376953,180.65675234634185,174.05168504170277,179.01747663492193,55372400
2019-08-26,177.1768798828125,177.22480045872123,175.50883133806298,176.52499329387103,27598900
2019-08-27,176.802978515625,178.71068828315927,176.11276722889778,178.41351052537289,28012800
2019-08-28,177.43569946289062,177.73287723980545,175.34585920731524,176.22781134865835,21792400
2019-08-29,180.14866638183594,180.66634315998814,178.9599406577178,179.6405854207639,25358900
2019-08-30,179.71725463867188,181.1552227413159,178.7010928532463,181.11686873369533,26319800
2019-09-03,177.97251892089844,179.43924526428412,177.37816343287164,178.5189538394535,27964200
2019-09-04,180.5417022705078,180.6950890556503,179.17083164842148,179.6885083913351,21592100
2019-09-05,183.8490447998047,184.37630278471593,182.46859284940817,182.53570506011067,33932600
2019-09-06,183.66688537597656,184.2229015138667,183.26425602669806,184.1558039362049,19487800
2019-09-09,183.28346252441406,184.31880157248523,182.35357508201045,184.24210816583866,24407600
2019-09-10,182.7561798095703,182.85205021187136,181.09772716970377,182.29603405961853,23744700
2019-09-11,184.47213745117188,184.56800784755427,182.67947513541714,183.10128147506973,25063600
2019-09-12,185.23907470703125,186.65788064671688,184.98983213113684,185.60336469529784,28689900
2019-09-13,184.57763671875,185.40207260620468,184.33797529365006,184.9706849665793,27669800
2019-09-16,183.75315856933594,184.1366255379646,183.2067382522227,183.38888323385015,20319000
2019-09-17,184.63514709472656,184.63514709472656,183.3793090803526,183.77235728421536,20953400
2019-09-18,184.55845642089844,184.63514982481817,182.24811699654364,184.25168280521945,29781300
2019-09-19,184.86520385742188,186.01557558879432,184.510509685756,184.8843808641463,26039400
2019-09-20,182.90957641601562,185.31577151406995,182.29604384057143,185.12404532695058,29086100
2019-09-23,182.99024963378906,183.53778655007187,182.24099939054713,182.85576919672687,22485900
2019-09-24,180.55999755859375,184.22940093960443,179.77231590994003,183.82595960392908,40820700
2019-09-25,182.5867919921875,183.06708131834836,178.86935729802784,180.3774581603941,34704900
2019-09-26,181.91441345214844,182.50996760347581,180.5695943701825,182.34667097028182,26826000
2019-09-27,179.65704345703125,182.34666690371202,178.4275038226518,182.25060316526077,40773500
2019-09-30,181.36685180664062,181.65502833189487,180.0124323980325,180.38705748368295,26307700
2019-10-01,179.88760375976562,183.07671789190752,179.58982666405052,182.0296904723706,32367600
2019-10-02,176.79452514648438,178.69646700270863,175.8051301882238,178.66765081225589,48544300
2019-10-03,178.73487854003906,178.8693589663277,174.65241922959493,176.77528986295624,39392500
2019-10-04,181.36685180664062,181.62621214509613,179.5129420553432,179.7050548530904,31887600
2019-10-07,180.81936645507812,182.26023471776242,180.50237367841518,180.8481826477502,21216000
2019-10-08,178.11050415039062,180.45431856770648,177.9664232055835,179.6858526617765,32379300
2019-10-09,179.84915161132812,180.6656493951779,179.08068569545804,179.61862209665486,20147400
2019-10-10,181.2420196533203,181.96245382767165,179.7435189158329,179.8972150574395,25177700
2019-10-11,183.57614135742188,185.03622465130502,183.2015163621063,183.30718057397806,40976700
2019-10-14,183.55697631835938,184.14292989905076,183.13431935428463,183.31683164852305,14975000
2019-10-15,185.8911895751953,186.32344704815495,184.00844892010952,184.12371367096077,23234200
2019-10-16,185.4301300048828,185.90081890594303,184.84417633510162,185.25723285180132,20457100
2019-10-17,185.92002868652344,186.83257561023527,185.2091951016722,186.54439904030806,19045200
2019-10-18,184.1333465576172,186.0352884160247,183.19198346812016,185.58381522205525,27700800
2019-10-21,185.76632690429688,185.8912068341584,184.56560344722445,185.11314037913849,15801200
2019-10-22,184.28701782226562,186.75569730361718,184.22937079180045,186.4963369669579,22392300
2019-10-23,184.6424560546875,184.68087275706168,183.6146297146314,183.91242145142508,14828400
2019-10-24,186.43873596191406,186.5540153849732,185.14196337497037,185.95844656143063,18998500
2019-10-25,187.9276580810547,188.02372183532853,185.43976221243486,185.47817891978178,21507100
2019-10-28,189.78155517578125,190.03130038009007,188.80176072349929,188.80176072349929,18818700
2019-10-29,188.31187438964844,189.75274268825214,188.28305819625797,189.46458075434762,18569700
2019-10-30,189.22439575195312,189.5413884690305,187.5914003020515,188.67685887956483,21764300
2019-10-31,189.3108673095703,189.85838959119974,188.21580808904255,189.7719410189323,26801800
2019-11-01,191.03033447265625,191.03994964298,189.83922593425706,190.1273878985331,22131900
2019-11-04,192.21180725097656,192.624849064048,191.03028487511827,192.29825581781458,19015900
2019-11-05,192.3174591064453,192.64405233163845,191.6834736759407,192.45193953195232,15048900
2019-11-06,191.88519287109375,192.11573703214864,190.95343037390643,192.0965213544105,19725500
2019-11-07,192.52877807617188,193.76793278323902,191.97165533935913,192.84577079990376,17832400
2019-11-08,193.29725646972656,193.31647214863364,191.6738760478869,192.18299626667957,15258800
2019-11-11,193.03790283203125,193.11473622996633,192.05810844977927,192.31746880393052,10147600
2019-11-12,193.59506225585938,194.23866300794606,192.90345894255466,193.2012360520831,14778300
2019-11-13,193.64306640625,193.82557871364105,192.797767074452,192.92263234482337,15774600
2019-11-14,193.4893798828125,193.61425981664448,192.32708774748286,192.9130413994548,16945400
2019-11-15,194.91104125976562,194.91104125976562,194.03691106346787,194.66128139952696,18427900
2019-11-18,195.06472778320312,195.37210535194558,193.81597251525457,194.60363944418737,18365900
2019-11-19,195.35289001464844,195.80436318659724,194.6036397840245,195.80436318659724,16923300
2019-11-20,194.18096923828125,195.42972442118923,192.71128506876605,194.84377085536985,36629000
2019-11-21,193.74871826171875,194.10414234289703,193.14356365577174,193.96964725572263,17883600
2019-11-22,193.87359619140625,194.3442850198827,192.82656895093083,194.22900561166898,17189600
2019-11-25,196.1693878173828,196.2078045170723,194.68048786654109,194.7093040556252,17752800
2019-11-26,196.54397583007812,196.7937209740842,196.00605419236328,196.29423068607204,14780600
2019-11-27,197.9176483154297,197.92726348402437,196.81298856496463,197.05313326352393,16963100
2019-11-29,197.01466369628906,197.71588192388995,196.9185999797343,197.41810492274158,9854600
2019-12-02,194.99746704101562,197.09152147424373,193.8255599088774,197.02428859014643,28007000
2019-12-03,193.4701690673828,193.54701712606126,191.37609977588366,192.31747750174318,31104100
2019-12-04,194.449951171875,194.91103952948296,194.17138978093027,194.45956634011807,15300100
2019-12-05,194.83421325683594,195.14159087234447,193.88323490235547,195.14159087234447,14962300
2019-12-06,196.9186248779297,197.062705813714,196.10212715577288,196.25582325878756,16555300
2019-12-09,196.0253143310547,197.48538349110228,195.93885110324413,196.5632360907847,13984100
2019-12-10,195.86203002929688,196.80340789579492,195.4201719474694,196.12139043392557,21799800
2019-12-11,196.8994140625,197.10114203484613,195.9964677565774,196.30385997019678,18780800
2019-12-12,198.3690948486328,199.14717587945043,196.42873649840774,196.69769735204818,32612000
2019-12-13,199.02232360839844,199.713941515907,197.84081579026684,198.26345814950494,32519400
2019-12-16,201.020263671875,201.27000880137456,200.261398460612,200.32864599005293,21296600
2019-12-17,201.13560485839844,201.44299712595407,200.79939639791823,201.27968582302137,15996100
2019-12-18,201.28927612304688,201.846413546205,201.07794762952935,201.30849180171253,15443300
2019-12-19,202.5476531982422,202.6148860947339,201.35653016937798,201.37574585006266,17865900
2019-12-20,203.3641357421875,204.14220219267574,202.94147874259667,203.5082166932895,27672600
2019-12-23,203.9013214111328,204.2286227820309,203.72804939914496,204.08422943870767,23774700
2019-12-24,204.00718688964844,204.170837552741,203.54511356509022,204.0842015585825,7089000
2019-12-26,205.807373046875,205.82663038769633,204.3056236218492,204.33450228855762,17067500
2019-12-27,205.63404846191406,206.54857361492807,205.08532455667964,206.52931627903124,18134100
2019-12-30,204.286376953125,205.6533543436165,203.27557957106492,205.52820366430953,21815500
2019-12-31,204.6714630126953,204.81585636271788,203.31410676628772,203.63178682538623,18170900
2020-01-02,208.08888244628906,208.08888244628906,205.99027304980757,206.39458905704603,30969400
2020-01-03,206.1827392578125,207.42458025395356,205.31635017742178,205.3356075115982,27518900
2020-01-06,207.5112762451172,207.54015491021366,204.31524823238857,204.56553489290675,21655300
2020-01-07,207.4823760986328,208.06960004320752,206.82777350549108,207.58826942270514,22139300
2020-01-08,209.0419158935547,209.99495596195464,207.12622911991602,207.45353046860188,26397300
2020-01-09,210.81324768066406,211.21756374895173,209.58104213282098,210.7651116677384,23547000
2020-01-10,210.2741241455078,211.6603589222655,209.89868678422323,211.64111627023362,21898500
2020-01-13,212.6999969482422,212.72887561017035,210.80355314005448,211.14049044794262,22756900
2020-01-14,211.86248779296875,212.95029969636303,211.53518649622802,212.59410504845593,24418100
2020-01-15,211.94912719726562,212.94066711688131,211.25600991708154,211.97800585985289,25742100
2020-01-16,213.9803466796875,214.0188613564895,212.55561210796517,213.0080640815941,18805000
2020-01-17,215.039306640625,215.21257864059965,213.82634388461395,214.94303462571878,24325200
2020-01-21,214.94300842285156,215.4820963868952,214.34616313252403,214.44242044664878,21146300
2020-01-22,215.5110321044922,216.7432376882479,215.24148805111122,216.0308775567621,20736400
2020-01-23,216.2041015625,216.30037356977513,214.38467226174947,215.3858482568453,26496100
2020-01-24,214.38465881347656,217.44592924643237,213.39311889473478,217.21488525689296,37436500
2020-01-27,209.95645141601562,211.0923847858952,209.07079002611857,209.54249938714563,42264400
2020-01-28,213.1813507080078,213.67231739217365,210.8805906940185,211.43893603364953,26731900
2020-01-29,213.52789306640625,214.606068983858,212.58448913863594,214.36540366735215,28924500
2020-01-30,214.28842163085938,214.38467895209246,211.48707358685505,212.15131226626292,39568100
2020-01-31,210.89022827148438,215.21256831716073,210.1393389071386,215.18368965188355,52015800
2020-02-03,214.07659912109375,214.56755103761793,211.77583947542755,211.9202327776276,25408600
2020-02-04,218.97653198242188,219.35196924167442,216.26182050087004,217.003073695974,30691200
2020-02-05,219.69854736328125,221.65274848752654,218.37970617700938,221.61424850145755,38534800
2020-02-06,221.59500122070312,221.6527585469502,219.46751333998242,220.2472666224085,22467100
2020-02-07,220.6419219970703,221.8356270535343,220.00656214335356,220.6034220161069,25884900
2020-02-10,223.30856323242188,223.3181845582399,219.85261237668485,219.91036970968705,21478900
2020-02-11,223.3470458984375,225.2820045381875,222.75982191005775,224.54075121438615,30198000
2020-02-12,225.5226593017578,225.62855262876883,224.1075460630854,224.66589136104858,24471300
2020-02-13,225.23387145996094,226.15801810640116,223.68398613863585,223.9535301346014,22773200
2020-02-14,225.87884521484375,226.09063187443948,224.82954793078483,225.59004388911814,23438500
2020-02-18,225.96551513671875,226.38908851951376,224.54078032199274,224.78144568139467,24394500
2020-02-19,228.1314697265625,228.6031790494799,227.0436724510464,227.31321643870044,22230500
2020-02-20,226.01361083984375,228.1025840242257,223.2218990442658,227.63088940490908,42604000
2020-02-21,221.6720428466797,225.27238705173554,220.75751746209775,224.887328370558,66017200
2020-02-24,213.1236114501953,215.87682370236712,212.0357993437528,213.40277679916014,84522600
2020-02-25,207.328369140625,215.6265199218146,206.7219024819188,214.91414523856622,97743000
2020-02-26,208.3969268798828,212.0550429818306,206.8759201700028,208.61834956856265,79537700
2020-02-27,197.96168518066406,208.33917366018667,197.82691317530848,203.0252787407927,121822600
2020-02-28,198.1156768798828,199.4345180166124,190.77056726112812,191.22301919792693,148173700
2020-03-02,208.33917236328125,208.48358038250777,198.25048529776444,201.08071208166103,112933900
2020-03-03,201.65829467773438,211.41005881468837,199.86774398634094,209.00340544932334,131953500
2020-03-04,210.07196044921875,210.17785378501702,203.47772434251434,205.35492572157884,73086200
2020-03-05,203.6894989013672,208.2813973693051,202.2551429797237,204.74843219637864,78705500
2020-03-06,200.25279235839844,201.34058955529844,195.33359290565863,197.0278713754721,89828400
2020-03-09,186.34234619140625,193.6489415918899,184.93685429584863,186.25569551477724,116424000
2020-03-10,196.4888153076172,196.67172332048196,186.44824945300695,193.60083116102874,100599200
2020-03-11,187.93072509765625,193.2542404848296,185.53369336473233,191.9065206484735,89168800
2020-03-12,170.69912719726562,183.65654146842257,170.33331116327355,175.2910115179422,137820700
2020-03-13,185.15826416015625,187.21835867942104,171.478855812187,180.08504987039206,134882000
2020-03-16,162.9785919189453,177.78431553068688,162.8438198989623,167.64749129546604,92054400
2020-03-17,175.33917236328125,177.50516082896368,163.44067513757048,168.91822165214415,121257100
2020-03-18,170.0059814453125,172.5281492023074,160.5718983230018,165.202296553107,114156300
2020-03-19,171.0263671875,176.63868292153603,165.2215221795622,169.1299237270316,120896500
2020-03-20,164.3262939453125,176.04188112854132,163.7487059331409,174.9540837622137,118983900
2020-03-23,164.44493103027344,168.0626036049241,159.1100563308023,164.8886906227027,124639800
2020-03-24,177.17919921875,177.34319866795943,171.67068132196312,173.56152534407946,94881800
2020-03-25,175.8671417236328,182.82271258391634,173.6290010211754,177.91232809492413,88754900
2020-03-26,185.12835693359375,185.91942839495096,177.1308953136619,177.38171531049974,79887600
2020-03-27,178.76126098632812,183.7874057618229,178.14384546533603,180.33373263115413,58845000
2020-03-30,185.26344299316406,185.69757553731253,179.76458287756057,180.45917728377884,49356900
2020-03-31,183.68130493164062,188.36016773929651,182.5236525554176,184.95473284972996,62659300
2020-04-01,175.8767547607422,181.03797314721095,174.47792441087148,178.24995427430997,53715400
2020-04-02,179.4462432861328,183.391930279817,174.58409669136677,174.84457329905,56465300
2020-04-03,176.8993682861328,180.46881715728819,174.8927640447332,179.00244968850615,47487600
2020-04-06,189.54673767089844,190.6754497068659,182.513988917456,183.75846176110826,64763500
2020-04-07,189.46957397460938,195.50868507557513,189.08369477137842,195.22891014093685,69904500
2020-04-08,193.49244689941406,194.0712657278729,189.2477018889726,191.1578290474795,45940400
2020-04-09,193.77223205566406,196.04895506935992,192.00680569704667,195.2096595639199,68252600
2020-04-13,195.86569213867188,196.24192964468787,191.7367214038056,192.9426127333893,42853900
2020-04-14,204.38406372070312,205.00147935205533,199.13602349403456,199.91743854242642,63959600
2020-04-15,202.039794921875,204.35511447733495,199.8113107060023,201.1233207046582,47036000
2020-04-16,205.72499084472656,206.80546439797175,202.29061586161308,204.220041332607,64657400
2020-04-17,207.69296264648438,208.86991315910478,204.5962435412494,208.54191441830122,62863200
2020-04-20,205.23300170898438,208.26219924335518,205.06900230315188,205.83111892088505,38249100
2020-04-21,197.6600341796875,203.70878845023893,196.44450117158894,203.16855155775067,72932800
2020-04-22,203.52549743652344,204.8568060520333,200.97865577229925,201.72148888446725,40089100
2020-04-23,203.09133911132812,206.8730114526164,202.6861615090846,204.3165137465589,43278500
2020-04-24,206.29417419433594,206.73794854331757,202.1073243259096,203.5254532684973,34231900
2020-04-27,207.9534912109375,208.98574098460935,206.93089798640045,208.5612649924583,36451700
2020-04-28,204.03675842285156,209.6513940182693,203.7569981861285,209.6513940182693,46862800
2020-04-29,211.27207946777344,212.2078519562859,207.54828788925357,208.56123915953842,48716400
2020-04-30,211.18527221679688,212.27538761746118,209.68032267790934,212.18856700260577,43359500
2020-05-01,205.23300170898438,209.02431586108833,204.210393799122,206.93089089908722,48795000
2020-05-04,207.62548828125,207.8473681017223,203.67015994573165,203.99817348249172,32841000
2020-05-05,209.97938537597656,212.37186892758075,209.1979703863233,209.7671473886203,37783100
2020-05-06,211.27207946777344,213.24008688175323,210.41348576103337,211.65795865628792,36455200
2020-05-07,213.99261474609375,214.8704922656383,212.6420079030981,213.99261474609375,38624800
2020-05-08,216.92532348632812,217.0603826911887,214.62930228334957,215.66155205791532,31852300
2020-05-11,218.86434936523438,219.88694239641296,215.37209435981015,215.60363069002562,35714100
2020-05-12,214.2820281982422,220.05102203475883,214.25308798838932,219.46254656716602,41054100
2020-05-13,211.60009765625,216.68413812912272,209.0629130544002,214.8029511519797,65521200
2020-05-14,214.00222778320312,214.04080981565204,208.36830894337834,210.2784360370854,51549300
2020-05-15,215.3914337158203,215.44931412930026,210.6257500679816,211.05986788943042,55747200
2020-05-18,219.4046173095703,220.6105082670921,217.51378853157144,218.29520351678974,42398100
2020-05-19,218.85470581054688,221.73920184694722,218.7100048055211,219.665060879384,36237300
2020-05-20,223.22491455078125,223.58185360880555,221.38230940193867,221.40160778139554,37417000
2020-05-21,220.7937774658203,223.9483919240255,220.28248094364704,223.27309601930102,43642900
2020-05-22,221.55593872070312,221.7585201594007,219.4721556005788,220.3886297897862,28762400
2020-05-26,220.9578094482422,225.32797190006696,220.71663125237555,225.12537573858546,33055300
2020-05-27,222.1636962890625,222.27947183075904,216.03777906037365,220.62016469647847,55665600
2020-05-28,221.8743133544922,225.23150994600775,220.9674809215291,221.0253613371906,42784300
2020-05-29,225.12535095214844,225.35688729401372,220.68766674865412,222.25051129563715,50691800
2020-06-01,225.80067443847656,226.17691183970598,223.81336843606732,224.25714279871312,25776000
2020-06-02,227.31527709960938,227.37315751116316,223.823006825593,226.22514694751698,33383400
2020-06-03,228.33786010742188,229.0903348647583,227.04514857254634,227.92302597587337,37228700
2020-06-04,226.73648071289062,229.39908312329413,225.43411235803438,227.99061047676122,38716100
2020-06-05,231.23199462890625,231.82046997798105,227.31526333390107,227.88444030684366,47365600
2020-06-08,233.02635192871094,233.15175456788324,229.5147983452868,231.08727001148026,32937300
2020-06-09,234.71463012695312,235.5635673917598,231.98449110228037,232.16778889183445,35046300
2020-06-10,237.53158569335938,239.07513205434915,235.88192033604716,236.40287348902956,58084400
2020-06-11,225.76210021972656,234.9943943327635,225.70421980527954,233.6148620539446,72919400
2020-06-12,227.55645751953125,231.91694872983695,223.56254715943328,230.65317733072695,72034800
2020-06-15,230.3251190185547,231.00041485275995,223.3020129021296,224.2377852439373,45307400
2020-06-16,234.28048706054688,235.76613815413336,230.66281440501248,235.1776628133525,48890100
2020-06-17,235.02330017089844,236.83696473354428,234.16470646801028,235.77577488936907,34749300
2020-06-18,235.6600799560547,235.90125819530235,233.93325023999603,234.70500882930736,30578600
2020-06-19,235.62144470214844,238.28404656279602,233.89460065572752,238.02357000153597,49422100
2020-06-22,238.4471893310547,238.57281006462253,235.20011676944222,235.49002211302061,24068700
2020-06-23,240.47657775878906,242.70893716924127,239.49087019180166,240.04170503853615,32767400
2020-06-24,235.51904296875,240.95015303819852,234.02113469542562,239.7228329340741,46032400
2020-06-25,237.76101684570312,238.06059549512244,233.03536861977014,235.60597049212052,36940800
2020-06-26,232.14630126953125,237.693387431106,231.62444219984297,237.51942949256085,52824600
2020-06-29,234.67825317382812,234.68792651572807,229.37277904446836,231.90471730298324,34377800
2020-06-30,239.27828979492188,239.8194661067416,234.42700543519746,234.61062198655384,38909200
2020-07-01,242.07113647460938,243.06651740639933,238.77574167335084,239.3169179377088,34689200
2020-07-02,243.71405029296875,245.724144531264,243.25018692903924,244.5161562687753,31956500
2020-07-06,249.70565795898438,250.22748760005902,246.84512081608884,246.86445275514865,34589000
2020-07-07,247.98544311523438,252.11194927639178,247.68586443037847,249.45437549713066,36578200
2020-07-08,251.2518310546875,251.28082158705743,247.87913799077677,249.3094064021136,30426300
2020-07-09,253.36827087402344,254.03508272222632,248.97120560662137,253.16533711340938,40312900
2020-07-10,255.09811401367188,255.34938499343983,250.54642279249265,253.22331399209335,32885300
2020-07-13,249.85061645507812,260.72250994243075,249.02917860432066,257.93930049096474,64108100
2020-07-14,251.6190643310547,252.024961276459,244.26483277962885,247.32828858544156,72230500
2020-07-15,252.13131713867188,253.86116467672778,248.83592145109492,253.03005337385585,54523900
2020-07-16,250.41107177734375,251.0488929703051,247.0287054307238,249.34803645574152,47594100
2020-07-17,250.70098876953125,251.56106081504362,248.5266105583892,250.86525860780247,35137900
2020-07-20,257.8135986328125,258.44174641866147,250.09214970564088,251.3387719370994,40610100
2020-07-21,255.12709045410156,259.3888760723057,254.28633544289957,259.3792027299571,43243800
2020-07-22,256.02581787109375,256.953573948241,253.72580385416447,255.61995039275118,29865500
2020-07-23,249.33839416503906,256.3253778156358,247.92744296032234,255.61993170517167,51363500
2020-07-24,246.97071838378906,248.29466846011707,242.87323268912843,245.50180090569262,54054500
2020-07-27,251.37742614746094,251.76397634760082,247.8307904590179,248.61356419916538,36445700
2020-07-28,248.17874145507812,251.11657682700226,247.8888361024102,250.5947177003025,31302400
2020-07-29,251.0392608642578,251.89936260407177,249.24178860948544,249.71531053838592,27556900
2020-07-30,252.35348510742188,252.91397846356614,247.92740134507406,249.0774080764337,41774500
2020-07-31,256.8569030761719,257.01152907342157,252.0829323192016,256.9728652011358,53686300
2020-08-03,260.3262023925781,261.0703122454991,258.86694372179494,258.9925791691987,32081600
2020-08-04,261.2926940917969,261.3893390497868,259.07965136899935,259.8237615109109,24911300
2020-08-05,261.9401550292969,262.39435978177585,260.88679283565415,261.7758851460875,21612100
2020-08-06,265.40948486328125,265.7380540741825,261.10903560421986,261.74685683428555,28048200
2020-08-07,262.3459777832031,265.6413722686258,260.20059012229626,264.86824232800205,44969400
2020-08-10,261.2249755859375,262.83886046192526,257.70733001490817,262.635897252369,35088400
2020-08-11,256.2771301269531,261.35068086710135,255.7359537406894,260.0653648307991,43104300
2020-08-12,262.722900390625,263.6699736732556,258.3838165950634,258.4321538139539,38773400
2020-08-13,263.3221130371094,265.5931072822826,262.3847130048665,263.49605626159166,31895700
2020-08-14,263.0127868652344,264.2111013965405,261.62118247770206,263.94051329295877,30799500
2020-08-17,266.0666198730469,266.569132278823,263.0514864545993,264.72332302121924,24803000
2020-08-18,268.62750244140625,269.1010242326168,265.6703505975668,267.12960933131745,23529500
2020-08-19,266.82049560546875,269.64234011841415,266.30830968067283,268.5889777256039,31999400
2020-08-20,270.5216369628906,271.00483212604024,265.62203093049936,266.02792784397764,27723400
2020-08-21,272.39642333984375,272.85062795084417,270.06741922742805,270.7149136910677,34748900
2020-08-24,274.0972595214844,276.3875995966425,271.81656329392575,275.66280694035754,36418500
2020-08-25,276.2523498535156,276.445639733258,272.87965674284396,273.32418807597753,34866600
2020-08-26,282.1473693847656,282.3986403586406,276.2233907485783,277.4990333194689,42216700
2020-08-27,281.2679748535156,283.9738862529021,279.0066243682811,283.1234577985778,49482700
2020-08-28,282.6982421875,283.32639018167333,281.1520113228344,282.504952269954,28021000
2020-08-31,284.96917724609375,286.77632239386634,282.7851257240713,283.2200131571455,36321000
2020-09-01,289.83984375,289.9558058881011,285.8486463762724,287.6171279661076,36216200
2020-09-02,292.58447265625,293.29959237322646,286.91176367732436,293.0869852287328,50836800
2020-09-03,277.7502746582031,288.58350302844633,274.8511033929113,288.0809906262113,110083300
2020-09-04,274.04901123046875,279.21920642113605,262.66493206189256,275.9624750809595,123959000
2020-09-08,260.87713623046875,268.86917532283803,260.59687471811304,263.07083212371873,99568600
2020-09-09,268.5406799316406,270.6377314498999,263.8246881140471,266.37597397939703,64837900
2020-09-10,263.18682861328125,272.7154558497159,261.4666544194128,271.49779418159585,69667500
2020-09-11,261.3603210449219,265.9699930867914,257.9296170941688,264.935948179579,71809000
2020-09-14,265.9119567871094,267.90271843303157,263.7858863439443,265.1388268569169,38525200
2020-09-15,269.68084716796875,271.0241437036458,265.88294075558133,269.6518566416104,41849900
2020-09-16,265.3804931640625,270.93723879273955,265.0326067242916,270.4733902063783,42321000
2020-09-17,261.23468017578125,265.1775403357728,257.71700469207485,258.5577596862858,81570800
2020-09-18,257.90057373046875,262.94513225830894,253.80308831036103,262.65522696609054,86251100
2020-09-21,258.5191345214844,258.65441385696874,251.36782116077168,253.64851809798813,57168600
2020-09-22,263.3221130371094,263.9019237853836,257.5817506939973,260.9157804641727,41128900
2020-09-23,255.28170776367188,263.18677465804853,254.4022889049728,263.0031581110731,48837300
2020-09-24,256.4703674316406,259.6691173588937,252.4405064083363,252.60480575598547,70631700
2020-09-25,262.43292236328125,263.24468659847395,255.41692002012377,256.9728235898263,55242400
2020-09-28,267.8835144042969,267.8835144042969,262.53937500165097,267.2843273958283,58438300
2020-09-29,266.67547607421875,268.3763033367359,266.11495305655995,267.322941207844,27050000
2020-09-30,268.50189208984375,271.64266073652465,266.598101915103,266.8686900342182,49380800
2020-10-01,272.763671875,273.3725025043538,270.43466763014914,272.31914057892124,50020200
2020-10-02,265.09051513671875,272.753982972973,264.2497603124896,266.74303425647565,75497400
2020-10-05,270.743896484375,271.06279229103865,266.94598987283973,267.05227864443094,28184600
2020-10-06,265.9119567871094,271.7392890791808,265.03253808070434,270.0577794053356,49704200
2020-10-07,270.51202392578125,271.3044416697659,267.96073901764834,268.5502525196212,27539700
2020-10-08,271.95196533203125,272.9763369448217,270.88892983991883,272.90868252898304,25443300
2020-10-09,276.1074523925781,276.1847801566935,273.20828056817254,273.5948309130464,30201100
2020-10-12,284.63092041015625,287.4624367771106,279.7409880829066,280.7846765810854,79370700
2020-10-13,284.62139892578125,287.0663663938826,283.2587844012322,286.42857443864386,64240000
2020-10-14,282.24395751953125,286.38978029441654,280.50446672167755,285.4233899640773,36949100
2020-10-15,280.3498229980469,280.9393069061614,276.90947599898783,277.5472971156975,42514200
2020-10-16,278.8133850097656,283.4133846000825,278.4654690285701,281.9927891183324,40570700
2020-10-19,274.2615051269531,281.68340368586786,273.28547115714764,280.7266574095584,36756800
2020-10-20,274.8511047363281,277.95320974762217,273.4401829713871,274.99605740192214,32195400
2020-10-21,274.6384582519531,277.66326457149967,274.15526310804836,275.10233620718253,29306100
2020-10-22,274.6288146972656,276.36833509912185,271.38175713416496,275.4695696201437,32196200
2020-10-23,275.1700439453125,275.33434332012973,272.3095360900542,275.1990344829979,24658500
2020-10-26,271.0435791015625,275.7112328323057,267.45827814943215,272.8893887297653,38421100
2020-10-27,273.159912109375,273.9813498420594,270.78259999958595,272.03889571411895,30559100
2020-10-28,262.51031494140625,269.27504806427874,262.25904398800714,268.66621736451685,53413500
2020-10-29,267.1006774902344,270.0964643686435,263.3607215795069,263.824599624501,43246300
2020-10-30,260.3262023925781,265.98923493024563,258.09384334192606,265.1194896299209,65838300
2020-11-02,260.9060974121094,264.3270982805242,257.9972527970859,262.7132427871416,39987400
2020-11-03,265.41912841796875,267.5162086489686,261.73718320133173,262.8195357753075,43604100
2020-11-04,277.26702880859375,279.06450050868335,272.39641371471873,274.0586061162536,75728200
2020-11-05,284.4957580566406,285.4621487081591,282.1860702433984,283.66464676054557,52054200
2020-11-06,284.7082824707031,285.4330753238653,280.0889371995587,283.83853694528784,40959800
2020-11-09,278.890625,289.0860622560611,278.4364202948612,287.64612038680576,86537100
2020-11-10,273.8943786621094,277.0254741037576,271.18846786161714,275.58556185295663,69024900
2020-11-11,280.0213317871094,280.49485371342126,273.8557554346704,276.4166844625286,36102900
2020-11-12,278.7070617675781,282.2537284830377,277.59571840168735,280.9877590717852,34414600
2020-11-13,281.15203857421875,281.7705427767954,278.19488539892023,280.4176016985385,24806900
2020-11-16,283.34564208984375,283.6452207175008,280.24350805472454,280.8523386502506,30168400
2020-11-17,282.44696044921875,283.86755576263226,281.80913913585965,283.538986508823,21843500
2020-11-18,280.35955810546875,283.5100008460127,280.2725864919562,281.89614508655745,28069600
2020-11-19,282.5533142089844,282.8625663073466,279.1419562584167,279.80876819280246,22718400
2020-11-20,280.6204528808594,283.2200454515072,280.53348128270585,282.47590595859106,25907300
2020-11-23,280.63018798828125,282.9108557091062,278.3881546583201,281.6158958095342,26875600
2020-11-24,284.57305908203125,285.06592775647675,279.8957318225151,281.69320429559457,24516800
2020-11-25,286.32208251953125,286.95990357996146,284.6888807493133,285.63595374665897,23326800
2020-11-27,288.9604187011719,290.0814351653389,287.8877099628817,288.28393358751885,17163100
2020-11-30,289.54998779296875,289.88823044917325,284.87266016666626,289.27939956638613,27836200
2020-12-01,293.2608642578125,294.8844227746876,290.7192524254335,291.82095179431667,27521300
2020-12-02,293.63775634765625,293.975998917608,290.2553896319331,292.09152566494623,23620000
2020-12-03,294.0532531738281,295.59948362513694,293.3284604146421,293.94696439192273,22828700
2020-12-04,295.2516174316406,295.3965996013808,293.4251547070318,294.1016103675952,19332100
2020-12-07,296.9234924316406,297.2907255543282,295.251626185894,295.4352427472378,20851000
2020-12-08,297.92852783203125,298.2281065199663,294.7007871841629,296.44995158477576,18341500
2020-12-09,291.18310546875,297.9961463758119,290.1200700704839,297.7159143781888,48839300
2020-12-10,292.35235595703125,293.473372140597,288.0712544011982,289.1536067186027,27519500
2020-12-11,291.7049560546875,291.83059152880014,288.43855169534044,290.6999017536818,26760400
2020-12-14,293.8213806152344,295.76380549706323,292.825999563861,292.8936244861092,28804800
2020-12-15,296.96209716796875,296.96209716796875,293.8889534591497,296.0730050747491,25709000
2020-12-16,298.5953063964844,299.3780802348846,296.31460979317626,297.35832790563893,25461900
2020-12-17,300.5474853515625,300.77940966490763,298.9916105963697,300.18992553785495,23730500
2020-12-18,299.6390686035156,301.49455154140685,297.2713998246905,301.18529946977486,41173400
2020-12-21,299.07843017578125,299.610896440792,293.9279078078829,296.69677965849587,37095500
2020-12-22,299.8917236328125,300.8114409536031,297.0744264140137,299.9788528813914,26176300
2020-12-23,298.3813781738281,300.2982804373687,298.2264719073709,299.9400726222767,21201300
2020-12-24,299.69805908203125,300.14339616488587,298.56534939699964,298.6427877632281,16785000
2020-12-28,302.7186279296875,303.19303759184373,300.4725314399049,302.30233396818903,22497700
2020-12-29,302.98974609375,304.664642578281,302.08938102346127,304.0450174468872,25871900
2020-12-30,302.99945068359375,304.4710161192308,302.37982552415474,304.1515422088258,18138100
2020-12-31,303.744873046875,304.22894406507703,301.82797072381925,302.90259420245957,21611400
2021-01-04,299.4560241699219,305.2455244401776,295.4575926553533,305.071236411445,45305900
2021-01-05,301.9248962402344,302.1960044951389,298.4686500799265,298.4686500799265,29323400
2021-01-06,297.74249267578125,301.944226732957,296.23219304399856,297.21968755851543,52809600
2021-01-07,304.9454650878906,305.77805326445394,300.36614148071965,300.39518456721936,30394800
2021-01-08,308.8663024902344,309.21484893027053,305.04213024986444,307.230140351019,33955800
2021-01-11,304.40325927734375,307.08500232140716,303.7545910550558,305.9135586254156,32746400
2021-01-12,303.91912841796875,305.52621802584207,301.2857811800355,304.44190378881314,29266800
2021-01-13,305.97161865234375,306.7654726708281,303.5803066312761,304.1805499689339,22898400
2021-01-14,304.33544921875,307.4141337446142,303.861039539168,306.41694864804754,23500100
2021-01-15,301.9248962402344,305.08105014410535,300.6856750615661,304.1225985541857,35118700
2021-01-19,306.3299255371094,306.83334892446953,303.14472892221784,304.2387345086473,24537000
2021-01-20,313.4554443359375,314.3945436161647,306.4267508242294,309.94111235276364,30728100
2021-01-21,315.9627685546875,316.7082567084293,313.41658023821185,314.7913251571087,25130600
2021-01-22,315.0528259277344,316.0596724734222,314.365423740635,314.9269627231851,21609400
2021-01-25,317.6571044921875,319.7967199017761,311.1705698585587,318.43163593412686,39080600
2021-01-26,318.121826171875,319.25456548964087,316.79547615092645,318.3735525859016,25498100
2021-01-27,309.2536315917969,315.8757201748006,307.2495703041456,315.8660588444002,55264000
2021-01-28,311.08343505859375,316.02096581092127,309.83452344318874,310.4541485856806,42836300
2021-01-29,304.5386962890625,310.5024535975397,302.7960527868326,309.3987577128749,55259000
2021-02-01,312.1484375,313.2327520936289,305.952303458652,307.97571721736244,35646000
2021-02-02,317.2408752441406,318.39296699369066,314.9463826229667,315.11097982091366,33930800
2021-02-03,315.9822692871094,319.6805797379393,315.92418311628853,319.3126809591695,24824500
2021-02-04,319.71923828125,319.8063675249799,316.0596623178328,317.3763509400177,22350900
2021-02-05,320.80352783203125,321.81040381264313,319.0318409228675,320.66800331185556,22732000
2021-02-08,322.9527587890625,323.1076650369629,320.85190743235717,322.4880695907071,20462800
2021-02-09,322.8851013183594,324.1436743085384,322.01374973785425,322.02344061396997,17597500
2021-02-10,322.14935302734375,324.77301040965193,319.00289052594974,324.3179823430206,28068700
2021-02-11,323.9209899902344,324.32762269625704,321.53936855596993,323.6789544509088,22046100
2021-02-12,325.73138427734375,325.89595187020984,322.0330747855263,323.0786551345279,20346800
2021-02-16,324.8503723144531,327.41594268454725,323.6885901057488,326.5252390518274,27080800
2021-02-17,323.2916564941406,324.96655281909017,319.6514626027675,321.87817742268214,31360300
2021-02-18,321.87823486328125,323.2336280192509,317.8991551016132,319.7096058137298,32236200
2021-02-19,320.4743957519531,323.34977904654954,319.4578583383026,323.223915842976,39157700
2021-02-22,312.167724609375,317.35695180968463,311.96442305180517,316.0983789642612,47256900
2021-02-23,311.2383117675781,312.90351724809113,301.0921726135977,306.90102481836163,97241900
2021-02-24,313.8039245605469,314.1137371441251,305.8941900752673,308.5856241112255,58206300
2021-02-25,302.8638916015625,313.70709534994387,301.32454914976546,311.15121547282814,110182600
2021-02-26,304.1321716308594,308.9438094751332,300.97601894949236,305.7876863391182,104739800
2021-03-01,313.281005859375,313.61986140314093,307.8110105226165,309.09862613451503,49164500
2021-03-02,308.2564392089844,313.9975147800033,308.0047423534335,313.9200764118382,48370000
2021-03-03,299.31085205078125,308.10157040167365,299.25276588125433,307.16247126718065,86301100
2021-03-04,294.41204833984375,302.0990997560875,290.54914087873334,298.94294673589053,139131600
2021-03-05,298.8460998535156,299.7464649262253,287.9738828516121,297.02598795684276,121523700
2021-03-08,290.3845520019531,300.18214560216165,289.9682579781333,298.30394751172685,88409800
2021-03-09,301.837646484375,303.7352262391033,297.14218101960296,297.6746473469426,80391100
2021-03-10,300.97601318359375,306.38792384064425,300.2886405826303,306.08780216084256,76798100
2021-03-11,307.9078674316406,309.66986328829904,304.81949231390325,305.7101663433619,53484800
2021-03-12,305.4100646972656,308.09183692565364,301.46974924205045,303.8610316001151,69315600
2021-03-15,308.6727294921875,308.837326647409,304.0934363164408,305.7295988118373,42955700
2021-03-16,310.3669738769531,313.8716730118941,308.9341425127925,310.8607357904687,54925900
2021-03-17,311.6449279785156,313.53281684257354,305.6230830912627,307.3367134727356,78258700
2021-03-18,302.0989990234375,307.7529440294136,301.6439711602596,306.77511128090794,82718100
2021-03-19,303.1640625,304.7034050515938,299.7949170097811,301.9345029977423,78446200
2021-03-22,308.84930419921875,310.9140559529081,305.5534698013982,305.5534698013982,56194800
2021-03-23,307.5019836425781,311.25342166868893,306.6877205470612,309.9350993948063,53455400
2021-03-24,302.3157958984375,308.9074942979724,302.17039709475154,308.8687114227675,64803700
2021-03-25,301.7923583984375,303.3045948439506,297.97308794522104,300.4740363467963,78729000
2021-03-26,306.31927490234375,306.63915226798906,300.1832087727299,301.5790668600298,63519600
2021-03-29,306.2320861816406,307.2789873156319,302.8974683731191,305.78618658592865,54608000
2021-03-30,304.6907653808594,305.2626870898659,301.9959322932917,304.2739455970751,44635700
2021-03-31,309.35345458984375,310.91411802707773,306.1351557169822,306.4744393806723,55032500
2021-04-01,314.62677001953125,314.76246572139036,312.9206783435734,313.17272268188594,55685600
2021-04-05,320.9082336425781,321.6740401855826,316.86599863468905,317.1083398561629,42172500
2021-04-06,320.6852722167969,322.6336753606198,319.90976262240673,320.5980329341779,33537200
2021-04-07,321.4608459472656,322.29451530644985,319.27977449792263,320.2103566998267,32046400
2021-04-08,324.8147888183594,324.99897052229124,323.51584335771946,324.31072970282855,29940800
2021-04-09,326.7825927734375,326.98618070540704,322.72098098970895,323.4576782099701,36664900
2021-04-12,326.35614013671875,326.7729600029322,324.4755695976706,325.74543542996855,25833000
2021-04-13,330.1656188964844,330.6308950141686,327.66464143328113,327.8779028481073,30374000
2021-04-14,326.20098876953125,330.53405101338524,325.3867258114292,330.40802884439285,42564300
2021-04-15,331.1447448730469,331.5325145174306,325.9198831991519,329.070319272412,36342800
2021-04-16,331.532470703125,331.7457321462839,329.6615741225037,331.66816639458983,40860100
2021-04-19,328.49835205078125,331.115619292203,326.5789990742722,329.9621023825836,34533100
2021-04-20,326.10400390625,329.1187141235269,324.13619461803864,327.8391751174834,38081800
2021-04-21,328.89581298828125,329.0799946790539,323.7387848119833,324.82446872643175,36598100
2021-04-22,324.9310607910156,329.48705715270165,323.7775144260137,328.5080189173388,45936100
2021-04-23,329.02178955078125,330.33040826966413,325.5611503661271,325.5611503661271,36381900
2021-04-26,331.1640930175781,331.4452170856451,328.5177165304616,329.2641463405706,30812000
2021-04-27,329.72943115234375,331.6681607543951,328.7794725802449,331.4548993148628,33187200
2021-04-28,328.6147155761719,330.4080466367057,327.9652280481862,329.39989881314733,33615700
2021-04-29,329.79742431640625,332.2983734765121,326.5791248034136,331.8815535469407,37708900
2021-04-30,327.6356506347656,329.8361280085452,326.7244452133422,327.35455609823015,38263400
2021-05-03,325.8907775878906,329.58405537117176,325.4448780314179,328.8376550720035,29729700
2021-05-04,320.0261535644531,323.66127206756664,316.21652689036085,323.34136507299735,65147000
2021-05-05,318.9500732421875,322.934177631916,318.1745932977846,322.07142882980395,46219300
2021-05-06,321.3541564941406,321.5092584227656,316.4491726342146,318.6884031101518,46814300
2021-05-07,323.96173095703125,326.33665698916013,321.52861582031727,324.12650640824586,53324500
2021-05-10,315.7802734375,322.7596819544518,315.5766855385403,322.5852033976276,60700500
2021-05-11,315.3441467285156,316.1390331811532,309.24683219038434,309.90602291699855,71963600
2021-05-12,307.1819763183594,312.73641679705025,306.319227585293,310.4196506802592,91164900
2021-05-13,309.55694580078125,312.5231996658119,307.1916933671056,310.119193940392,69877800
2021-05-14,316.3909912109375,317.30216690670983,312.2130017076869,312.7170903364963,44370000
2021-05-17,314.47161865234375,316.37156525838355,311.6023073069235,314.68488007831405,39395000
2021-05-18,312.3487548828125,316.64303422977486,312.07733389792406,315.4216545891111,36528500
2021-05-19,312.7073669433594,313.0078676452013,306.61005446478663,306.9590411530746,66319100
2021-05-20,318.7562561035156,319.6093019729697,313.9676205775707,314.190555577994,46466100
2021-05-21,316.9919738769531,320.7240044690414,316.63331365549334,320.3071847296511,50330400
2021-05-24,322.32354736328125,323.4480142495234,316.8853946382542,319.2797272359701,32475800
2021-05-25,322.7694396972656,324.5530676062325,321.5965164232101,323.83574702943866,31280300
2021-05-26,323.8939514160156,324.35922771073353,322.75010774793566,323.4383486556551,25444900
2021-05-27,322.68212890625,324.2912778723172,322.4785706006059,323.4479353091286,27931700
2021-05-28,323.7000732421875,325.28984616903244,323.38019578297695,323.88425497353353,29927400
2021-06-01,322.62396240234375,325.50297670760335,321.27653128700416,325.0279678945049,31145400
2021-06-02,323.2540588378906,324.09740142274245,321.53829390949085,323.040797413231,22047900
2021-06-03,319.8903503417969,321.6933544804088,318.223041877921,320.4234890926347,37057800
2021-06-04,325.31878662109375,325.7646860826567,321.61580651085137,321.68366913705887,38736500
2021-06-07,326.2882080078125,326.346367531055,324.09743402345566,324.78567477026974,32611900
2021-06-08,326.4433288574219,328.8958208385621,324.76631695292076,328.0330718893326,27282800
2021-06-09,326.52081298828125,328.5855646020038,326.3366313224689,327.81008464896746,21485300
2021-06-10,329.92333984375,330.0299557799059,326.4142437430809,326.8601433007051,33702100
2021-06-11,330.7860412597656,330.79574437440573,329.28353762387894,329.93299548610094,21222800
2021-06-14,333.95587158203125,333.9655451136697,330.02992645276777,331.21255267389915,27827700
2021-06-15,331.7748718261719,333.91716017662094,331.05752161544734,333.60695627915476,35963800
2021-06-16,330.5631103515625,333.3063998058053,327.1121739212168,332.2400925756048,55399500
2021-06-17,334.7604675292969,335.7686152979436,329.5065263923153,329.554982803743,59722700
2021-06-18,332.13348388671875,334.2466921636833,331.3870540179676,333.10284873846405,55414900
2021-06-21,334.1976623535156,334.51794039002993,330.1119109228464,332.32462521783617,32992600
2021-06-22,337.3130187988281,337.75943564454093,333.6930825573863,333.9939319117783,28941600
2021-06-23,337.4779052734375,338.6231050395058,336.6432987767399,337.25471171207795,27188500
2021-06-24,339.564453125,341.0880985376921,338.8656997724556,339.4091713114371,32581600
2021-06-25,339.1471862792969,340.37001228841126,338.54548764528295,340.12738996069703,28682800
2021-06-28,343.271728515625,343.40761122051816,340.36997526919714,340.428202252157,39130300
2021-06-29,344.5140380859375,344.5431515845643,342.2625250858279,343.09713179112106,29426000
2021-06-30,343.9704895019531,344.7468986534807,343.3881900425526,344.3586792692265,32724000
2021-07-01,344.1063537597656,344.6109974684653,342.2721150035482,343.6211091724462,29290000
2021-07-02,348.0563049316406,348.3765533766794,345.76593472908996,345.99884268911813,32727200
2021-07-06,349.560546875,349.84199706760444,345.9697245818565,348.65799892493936,38842400
2021-07-07,350.2980651855469,352.054648150842,348.347372546427,351.7537988882983,35265200
2021-07-08,348.1824645996094,349.03649999370606,343.96085948535847,345.24188295951797,50890000
2021-07-09,350.35638427734375,350.83191460116575,347.0178984052795,347.60019796286946,35184500
2021-07-12,351.72479248046875,352.1809236975444,350.1816882228182,351.7539059787082,25717700
2021-07-13,351.72479248046875,354.684773397096,350.87075704279624,351.3462873863692,39723000
2021-07-14,352.3555603027344,354.7041278435109,351.5306384672121,354.06360134594,35336400
2021-07-15,349.8807373046875,352.4719563637608,347.8815320272811,352.2681619352426,53391600
2021-07-16,347.0470275878906,351.7150793969607,346.69763599075077,350.7348755909981,47262000
2021-07-19,344.2033996582031,344.69832898486476,341.65100845649755,343.60167150729745,64404600
2021-07-20,348.2018737792969,349.6478933984783,343.3591119000733,345.13512395324045,42183700
2021-07-21,350.89007568359375,350.89007568359375,347.5515904386347,347.774813618593,30259900
2021-07-22,353.2096252441406,353.21930999848774,351.0939358655894,351.0939358655894,30252200
2021-07-23,357.3341979980469,357.6156185912099,353.18050467776334,354.5294695016737,31960800
2021-07-26,357.6156921386719,358.0039116602288,355.78148225237754,356.64520256876193,28438100
2021-07-27,353.6754150390625,357.35357784691723,349.5314363134525,357.35357784691723,57933100
2021-07-28,355.0340881347656,356.6063056814547,352.52052439792925,354.81089455029075,42066200
2021-07-29,355.6648864746094,356.829455724109,354.47117411731733,354.47117411731733,25672500
2021-07-30,353.81134033203125,354.39363991627397,351.71507959894967,351.74419309731246,36484600
2021-08-02,353.8404235839844,356.0531381213734,353.13195569506735,355.47083858690587,27334100
2021-08-03,355.98516845703125,356.1016224312695,351.31711741542796,354.50032105152934,35558500
2021-08-04,356.4994812011719,357.4505712313358,354.8399530455908,355.9462952769854,29602200
2021-08-05,358.7607727050781,358.9936806467521,356.6062853936496,357.3147235885684,21443900
2021-08-06,357.1885681152344,358.46962107455283,356.0822257354465,357.4991317933084,33332100
2021-08-09,357.8485412597656,358.3725841736592,356.5480891117972,357.64471717626753,25960200
2021-08-10,356.0143127441406,358.6540449841331,354.83031454200466,358.3629100233557,35130800
2021-08-11,355.4029541015625,357.7709508682405,354.0733882155567,357.27602135917334,34249800
2021-08-12,356.6838684082031,357.04294464722824,353.5491778593199,354.89817196482284,25969200
2021-08-13,357.9358825683594,358.26584538723085,356.53837556079554,357.0333345975948,19336200
2021-08-16,358.09112548828125,358.1299237331186,352.96694355657974,356.8197869708104,34856900
2021-08-17,354.9371032714844,356.31518165085123,352.5108797417673,355.3446922389644,44793900
2021-08-18,351.5209655761719,355.8008274852032,351.19100272642396,354.40332034686696,38541900
2021-08-19,353.2192687988281,354.8885115391661,349.3373116926452,349.5896483819814,48499400
2021-08-20,356.8780212402344,357.2759253852955,353.9762382539555,354.28680192087853,39486000
2021-08-23,362.2156982421875,362.9047372880228,357.9067237836199,357.91640853616616,34034700
2021-08-24,363.32208251953125,363.9237811600913,362.341878827467,362.8077243638605,21732900
2021-08-25,363.7394104003906,364.3120252016674,362.8271480072528,363.57444379011275,20441900
2021-08-26,361.42962646484375,363.56468508570066,360.9928944471551,362.8853603678298,29133300
2021-08-27,364.9427490234375,365.44739272038265,361.57515048120206,362.0603950572188,27104700
2021-08-30,369.038330078125,369.5235748062067,365.70952873457384,365.7289574785693,27295700
2021-08-31,368.7374572753906,369.34884071563806,367.1943530752369,369.28092896693454,29628200
2021-09-01,369.34881591796875,371.4159629281201,369.1450214515688,369.79526233368057,28138300
2021-09-02,369.1741027832031,371.0277407947319,367.96099122725343,370.6977780055514,25453400
2021-09-03,370.3096008300781,370.70750498800527,368.0095459804599,368.02894510390183,24605400
2021-09-07,370.8336486816406,371.4838895379319,369.26146076930337,370.4163453946835,23970200
2021-09-08,369.5429382324219,370.65899507579223,367.28171104948837,370.65899507579223,32949200
2021-09-09,368.2715759277344,370.87248014416735,368.0289536026869,369.76613774278206,29399000
2021-09-10,365.47662353515625,370.697861587929,365.14666067157793,369.9797088623168,40249400
2021-09-13,365.2242126464844,368.2327352961627,363.17649451023095,367.8057176495254,48741800
2021-09-14,364.1859130859375,367.43702934088356,363.23482267768145,366.7091621882257,41826600
2021-09-15,366.8934326171875,367.2428241323064,362.3515502395031,364.64192016733983,34097900
2021-09-16,367.14593505859375,367.7185203948363,363.6424816579419,365.56403219926585,35193100
2021-09-17,362.7979736328125,366.71875839113625,361.7595726718765,366.67024577672095,60912300
2021-09-20,355.30145263671875,358.7504976943666,350.6670670420057,357.01138745369525,76203200
2021-09-21,355.7386779785156,358.3230455927462,354.61165851630665,357.1280094341518,41927500
2021-09-22,359.06146240234375,360.51881062576444,355.55409559340205,356.65196933235103,46972900
2021-09-23,362.3743591308594,363.40421575765265,359.5762469185103,360.21748343799146,44652000
2021-09-24,362.7144470214844,363.13224261893384,359.74145968515217,360.1106592295025,36056800
2021-09-27,359.8191833496094,360.6935861132538,357.2736872299661,359.6734544973048,43338100
2021-09-28,349.6371765136719,359.77059480277074,349.1319732652067,355.2722726687899,97701600
2021-09-29,349.0639953613281,353.0376940575205,348.4422089595116,350.9002680921135,58076600
2021-09-30,347.7814636230469,352.3672524598552,346.94593179993717,350.7058843035633,61384600
2021-10-01,349.9383544921875,350.9779363955298,344.3032880653489,348.40329448757456,56375500
2021-10-04,342.5932922363281,348.65584917444676,340.35870429177703,348.32552058741487,76766000
2021-10-05,347.2180480957031,349.46236180224014,343.42894895803175,343.6523900245953,47232900
2021-10-06,349.44293212890625,349.7149692484246,343.10830689611487,344.01185558060564,56806500
2021-10-07,352.6490173339844,355.29167583028516,351.9494892129102,352.48383820617084,39411200
2021-10-08,350.89044189453125,353.9605910531941,350.3560633197142,353.7273952760795,41822300
2021-10-11,348.1993103027344,352.8725371338533,348.11184333183206,349.3554457591394,34847200
2021-10-12,346.98480224609375,350.08406788914886,346.34356567000145,349.6468813485061,43905100
2021-10-13,349.7635192871094,350.4339017377287,347.266589269575,349.2874617626891,40120800
2021-10-14,356.2049865722656,356.4187321217917,352.68792497082467,353.3485822512437,43433900
2021-10-15,358.4493103027344,358.56589339676304,356.3895965753738,357.41945343905405,40419900
2021-10-18,362.0538024902344,362.2675480418583,356.5547393437458,357.15710508473506,34513500
2021-10-19,364.7935791015625,364.8421455006068,362.10235422851224,363.1224858069732,29091000
2021-10-20,364.3175354003906,365.86232053598303,362.84073729606274,365.25022970588054,31390300
2021-10-21,366.54241943359375,366.7367443478896,363.21968280779555,363.52086567008075,25469300
2021-10-22,363.4625244140625,366.2509116189009,361.80115632839295,365.2890716192735,36275800
2021-10-25,367.1837158203125,368.09698969643966,362.93797963545757,364.8811104953325,32597800
2021-10-26,368.33978271484375,371.82769811913937,367.1641971604271,369.41823547205826,47191300
2021-10-27,369.19482421875,372.2552490684939,368.52444177120924,368.78675373553443,45760500
2021-10-28,373.2948303222656,373.54744679468445,370.32184280003185,371.0893877086592,38007000
2021-10-29,375.1310729980469,375.29625214903933,369.8749306873248,370.22467997203256,37310100
2021-11-01,376.41351318359375,376.53982140855203,373.48912197799297,375.5682561701875,30765300
2021-11-02,377.98736572265625,378.46345275257994,375.75277799784914,375.80134438976637,25135300
2021-11-03,382.0000305175781,382.41779647294356,377.4336914813911,378.47324379942285,33748900
2021-11-04,386.8966979980469,387.84884257503916,382.7189794670043,383.26305361105216,40265300
2021-11-05,387.2658996582031,389.58792509832745,385.86684338012475,388.6649559362815,43383800
2021-11-08,386.7413024902344,388.25694207068057,386.10006579853456,387.23681030878004,29256300
2021-11-09,384.0792236328125,388.20837639562905,382.71903806443726,387.81003104170816,50490700
2021-11-10,378.4344177246094,384.1180511334133,376.51070771481966,381.3102427732296,54937400
2021-11-11,379.48370361328125,381.5822883113041,379.1436498134024,381.40741366559087,32243000
2021-11-12,383.4768371582031,384.0111862152096,379.0367766051723,380.63012828503423,34730600
2021-11-15,383.3893127441406,384.97296869555885,380.95070435957723,384.6523652393564,33716900
2021-11-16,386.1194763183594,386.6149544360584,382.4663814751148,382.66067673603766,27872900
2021-11-17,386.3235168457031,388.35408477451546,385.3616766820078,386.44009993829405,28703300
2021-11-18,390.3263244628906,390.8315276998978,386.1486059054176,388.36377340586023,45721500
2021-11-19,392.5026550292969,393.77540319697215,391.1327444019126,391.9585808347099,45191700
2021-11-22,387.9459533691406,397.0883850082743,387.83909543432225,394.03768584861945,61715400
2021-11-23,386.1777648925781,388.8495693207287,381.74742974006676,386.78982609208884,70098700
2021-11-24,387.4213562011719,387.70308876680224,381.37821935323643,383.70024480865015,46954400
2021-11-26,380.0763244628906,386.23604437603416,378.6869636697701,384.84668358291367,51533300
2021-11-29,388.32489013671875,389.33532622839266,383.9042804165969,384.63295430341805,54447100
2021-11-30,382.6218566894531,389.78228826501027,380.6107093860575,387.440812314893,81332700
2021-12-01,376.1123352050781,389.09246237572006,375.6460028605043,386.9550069636954,77766500
2021-12-02,378.8230285644531,380.6009800122921,373.41140274344633,374.829879775316,84416600
2021-12-03,372.2358093261719,381.1839172255173,368.1260775304697,380.1832061761861,105349100
2021-12-06,375.21844482421875,376.57863000287864,368.5146220690145,372.72151545886373,67588800
2021-12-07,386.5178527832031,387.1299437335252,381.8154797717604,381.8543506899871,56005300
2021-12-08,388.24713134765625,388.45118137491477,384.9535409410944,386.8481048239432,39204000
2021-12-09,382.53436279296875,388.8203905916405,382.340037900193,387.0229891078201,49973700
2021-12-10,386.69268798828125,386.95499992733414,382.17488593364493,385.3421980821005,52545800
2021-12-13,381.106201171875,387.0035798094843,380.73700162639506,386.6829763172521,50166400
2021-12-14,377.16168212890625,378.9979252293101,372.72162134697993,376.28724959080563,75199200
2021-12-15,385.76007080078125,386.1195749424606,372.96456974030514,376.90912330737586,73858000
2021-12-16,375.8403625488281,387.1493982404767,374.2567061743267,386.72190708478956,82591400
2021-12-17,373.9651794433594,378.1234774774166,370.91445036309227,372.43008976290076,80492500
2021-12-20,370.33758544921875,371.1255560766206,367.20514837555993,369.24804728232675,65336800
2021-12-21,378.6259460449219,378.93725119775377,369.86098113771806,373.60626178435757,48899500
2021-12-22,383.2370300292969,383.44131102709355,377.6725771503509,378.3340782683433,37042200
2021-12-23,386.12628173828125,387.59519903351975,383.42188146726215,383.58724190976255,29595500
2021-12-27,392.5079040527344,392.5079040527344,387.3909333176653,387.42011631971087,32820700
2021-12-28,390.6886901855469,393.5779258347806,389.8131705286223,393.40282784093364,33113700
2021-12-29,390.63031005859375,392.08951932991863,388.2566606022235,390.82488316984586,32248500
2021-12-30,389.4629821777344,392.59541944240806,388.8792924991095,390.4163132880544,23850100
2021-12-31,387.0309143066406,390.15361358706275,386.5347736936786,388.79169097937756,34752900
2022-01-03,390.7567443847656,391.00968346905273,386.08728701256086,388.19825960966415,40575900
2022-01-04,385.6884460449219,391.3404472631714,382.5949296886275,391.3015267055708,58027200
2022-01-05,373.8396911621094,385.12424866501397,373.5867520579978,384.00549782002093,75739800
2022-01-06,373.5770263671875,376.8164876394273,369.79282568546137,372.02056019679407,70814300
2022-01-07,369.5301513671875,375.26973173594047,367.7596666339239,373.58676631105357,72652300
2022-01-10,369.7734375,370.2890534075903,359.2671399412277,364.62731286541253,91770500
2022-01-11,375.3280944824219,375.4934549109958,366.96195524108066,369.043745067452,68295700
2022-01-12,376.81646728515625,379.5889707439038,374.54010446184316,377.89626785911645,54576400
2022-01-13,367.3900146484375,378.8788541706966,366.4561289540999,378.1978779155955,77994000
2022-01-14,369.6761169433594,370.006867509756,364.6661409463367,364.8704516363952,80121200
2022-01-18,360.473388671875,365.9892138545556,359.7146008904808,363.8685030921583,75450900
2022-01-19,356.51397705078125,364.50070652430776,356.2513004133618,362.0297708089985,81791500
2022-01-20,351.88348388671875,363.70307408651166,351.3484523152494,359.734037581992,88610700
2022-01-21,342.12628173828125,352.33101127123274,341.84415957257374,349.6947142663929,143388900
2022-01-24,343.6924133300781,344.35394409860754,325.06318082244553,336.5033910595923,198685800
2022-01-25,335.72509765625,341.48412280913794,332.38837987086396,337.2427024792045,124398400
2022-01-26,335.1998596191406,347.1751022863586,331.51291558684187,343.31306025257425,146559500
2022-01-27,331.8241882324219,341.7176102878764,330.80272394836476,339.8984675125725,95255700
2022-01-28,342.2332763671875,342.44729496064554,328.7599316063845,333.70177500846813,108167900
2022-01-31,353.1773376464844,353.76102740088845,341.96088148656446,343.5952187364348,94326400
2022-02-01,355.58001708984375,356.2318101333025,349.37354012002214,354.51966217601023,74433000
2022-02-02,358.4693603515625,360.0355938288942,354.3835919735696,359.704843271225,78777100
2022-02-03,343.9355773925781,352.0876970855096,342.8752223288757,348.78016235408893,95384800
2022-02-04,348.27435302734375,351.5721505685939,342.3985953365478,344.4512021440884,86318300
2022-02-07,345.47271728515625,351.2317141430203,344.2177888048599,348.8678018823196,58198100
2022-02-08,349.35418701171875,350.4437252968105,343.206044188482,344.3345030373818,64720900
2022-02-09,356.7572326660156,356.8350441003599,352.27258059296145,353.86799703006915,55766400
2022-02-10,348.682861328125,356.5236756250756,346.84427335256765,349.74321634779176,112468500
2022-02-11,337.62213134765625,350.2783500326764,336.39638598494747,348.68293354866245,101569100
2022-02-14,338.0404052734375,341.43551898191356,334.53832682443243,337.0675991070054,80254400
2022-02-15,346.4455261230469,346.678990144254,342.25273317860683,343.31308852518026,55128800
2022-02-16,346.3579406738281,347.37937534683465,341.17286680940686,344.19830964180295,58947100
2022-02-17,336.05584716796875,343.8480031004659,335.6375180221019,343.1475815875544,61801400
2022-02-18,332.2230224609375,337.37888294301985,329.9174767418236,336.98976643850756,80001500
2022-02-22,328.8863220214844,334.6842686128457,325.2577737302446,329.2851761441837,85967100
2022-02-23,320.4618225097656,332.8748090871975,320.1505174094211,332.038210028671,86215400
2022-02-24,331.23077392578125,331.76583514902126,309.6053110745808,310.1695256086582,130614100
2022-02-25,336.3671569824219,336.571467640058,328.2150667421436,332.0284500570756,78842100
2022-02-28,337.369140625,339.0618434116752,332.0381822442066,333.19582386799624,77515500
2022-03-01,332.2035827636719,338.61437211753906,329.6840182452462,336.34774671347776,67407000
2022-03-02,337.77777099609375,339.11051074418504,330.98757301152676,333.750339065548,70609000
2022-03-03,332.95263671875,340.5210672491219,331.0945734414268,340.41404313685024,71089400
2022-03-04,328.1274719238281,332.0284337216448,325.81221844037054,330.5984076269794,76936300
2022-03-07,316.0257873535156,329.2754318745046,315.82150637733827,328.1177901966875,89933800
2022-03-08,314.5569152832031,324.14877091450364,311.2396423195089,315.2378618637905,116153900
2022-03-09,325.8804016113281,327.23261673740257,320.1408498738404,322.7285184220538,64723400
2022-03-10,322.261474609375,323.46777439300604,317.8254810506982,321.82372966537287,69362700
2022-03-11,315.5782775878906,325.53983175609693,315.0918745614951,325.2285266941595,66228400
2022-03-14,309.51776123046875,317.70877279649835,308.81733958006123,314.3428716623377,79802600
2022-03-15,319.2263488769531,320.00461165026024,310.54893419032584,312.15405848421847,76471000
2022-03-16,331.0654296875,331.1821616873152,319.4695661402415,323.1370646980165,105243000
2022-03-17,335.0733337402344,335.1316997309201,327.8745745746981,329.16839361847946,67810000
2022-03-18,341.9316711425781,342.2235308402903,332.2619743080111,333.41961616057836,85446300
2022-03-21,340.9809875488281,343.3186324478158,336.5979479498107,341.09789357328924,73799100
2022-03-22,347.68218994140625,348.5490720835401,341.0979103437439,341.4777583376518,63345900
2022-03-23,342.6855773925781,348.3640665745437,342.62713922984744,344.80893962791197,70615500
2022-03-24,350.30230712890625,350.351025410237,342.4517974996988,344.604348920767,53555300
2022-03-25,350.0101318359375,351.29583081945475,345.7147486803651,350.24388447861514,57584200
2022-03-28,355.4255676269531,355.5229744553533,348.7633507609772,350.00033128092554,56833900
2022-03-29,361.54229736328125,362.16564748431114,356.54562789853816,359.31180908270505,68073000
2022-03-30,357.5489196777344,361.33782852557766,356.06843686648347,359.68200152367945,68757700
2022-03-31,353.1172180175781,358.04570099587806,352.2795548521229,357.69504231226585,67011400
2022-04-01,352.44512939453125,354.1593648604611,349.269850841836,353.3801696236196,54527800
2022-04-04,359.7014465332031,359.7111961332405,353.01976027347615,353.28273195497076,45950200
2022-04-05,351.7145690917969,358.9611966423126,350.5749657641546,358.2501595469128,62738700
2022-04-06,344.078369140625,347.50686952486234,341.448533407247,346.4062347899626,90077100
2022-04-07,344.8965148925781,347.0880346472585,339.62712382661994,343.08484310536005,63777400
2022-04-08,340.0751953125,343.9127926867397,339.4420954838791,343.16281654814475,61956100
2022-04-11,332.02996826171875,336.76363810445645,331.68905914016074,335.848067194854,66107400
2022-04-12,330.6273193359375,338.65314282857037,329.2539632767462,336.77331286308385,72790200
2022-04-13,337.3480224609375,338.3999391002266,330.24748854144997,330.9682456882889,61367800
2022-04-14,329.63372802734375,337.95176991184314,329.41944494333706,337.4355465355157,73519400
2022-04-18,329.8870849609375,332.1760118780032,327.062465025245,328.58191656925595,58560600
2022-04-19,337.26031494140625,337.83497659773195,328.2215139748147,329.2442113806773,56515700
2022-04-20,332.341552734375,338.526514901853,331.1240416669341,338.06872955151954,65500000
2022-04-21,325.465087890625,338.8284920047036,324.5397972136839,336.2181551269493,75801000
2022-04-22,316.9425048828125,326.838439334833,316.51393856889234,325.62092815310405,82562100
2022-04-25,321.0138244628906,321.32551442948113,314.0496671138111,315.31589645643817,101755900
2022-04-26,308.8972473144531,319.14381191685385,308.6244962424448,318.95874781764684,105819600
2022-04-27,308.52703857421875,314.48796770473507,306.8127735656662,308.99454377699504,111204200
2022-04-28,319.4846496582031,321.3157910363892,309.26727669681173,313.48475162677266,99450000
2022-04-29,305.1082458496094,318.72489909461126,304.47514609679433,315.2866493407325,91977900
2022-05-02,310.202392578125,310.4361452229706,301.60187658563825,304.69921802742374,115511800
2022-05-03,310.53350830078125,312.8224350402843,307.7673267371829,310.22181833531886,78185500
2022-05-04,321.0333557128906,321.705424266024,305.7316834384654,311.0107952993053,116083400
2022-05-05,304.8647766113281,316.79638528062134,301.57262187157147,316.71847764967674,154607400
2022-05-06,301.2122802734375,306.90048921029944,297.1798687855756,302.868107446833,139572800
2022-05-09,289.42669677734375,301.3096155262985,288.0338713858974,295.5921888671596,113387300
2022-05-10,292.94293212890625,297.81297672621145,288.86183237841306,296.59546557688515,124124600
2022-05-11,284.2547607421875,296.18637005820534,283.38790825672874,290.6832255838595,140326100
2022-05-12,283.5827331542969,288.06318079540245,277.5341451872231,279.97891745066676,120910900
2022-05-13,294.09222412109375,295.12467108754123,286.4364993748133,288.03388809989207,83684900
2022-05-16,290.68316650390625,294.4038869702922,289.40721745106714,292.3487131021855,59190400
2022-05-17,298.21234130859375,298.5921893526094,292.73838589410195,296.53704468062864,62715300
2022-05-18,283.57293701171875,294.3941605391823,282.3164573337348,293.70262261227504,79477100
2022-05-19,282.0534362792969,286.73844563903594,280.10541881014825,281.77099514782947,79920700
2022-05-20,281.1768493652344,286.1637695964297,272.9269937542438,285.51120035510417,91764200
2022-05-23,285.8521728515625,286.2320209059807,279.82305474608825,282.2191085702212,63648400
2022-05-24,279.7742919921875,281.3521815700702,274.913997352395,280.6411741346291,73491100
2022-05-25,283.6898498535156,285.76449362585697,278.07954891697494,278.28408246900483,67144500
2022-05-26,291.550048828125,293.0987490190363,282.60865493867686,282.8911258210658,59462200
2022-05-27,301.066162109375,301.21225750200745,294.5597896794027,294.6766659935086,66985600
2022-05-31,300.2674865722656,303.23820206563914,296.42013921910774,301.03696198777624,60968300
2022-06-01,298.0467529296875,304.52390681154833,295.83576320840984,302.4005743330284,65341700
2022-06-02,306.20892333984375,306.38423780833415,295.514294896039,296.92661969357243,59291300
2022-06-03,298.2415771484375,302.40058500955723,296.99484677787353,300.99800962712317,60914700
2022-06-06,299.2350158691406,304.23168628909286,297.67659568206346,302.67326610201565,51785000
2022-06-07,301.8161926269531,302.595417735308,294.8228144792103,295.91369990650855,44900300
2022-06-08,299.6441345214844,303.6180780499389,298.7967217470481,301.01746101503045,38342100
2022-06-09,291.6182556152344,301.01743545544304,291.4526907496542,297.9590629986376,55900500
2022-06-10,281.33270263671875,287.20597460384334,280.8846669045221,286.01768266023385,85963500
2022-06-13,268.2518005371094,275.00167522673036,267.3946679306064,272.4789956879142,94442000
2022-06-14,268.7388000488281,271.417324532628,266.23559003375,270.44331562942807,64697500
2022-06-15,275.4496765136719,279.37493078532503,269.4205596688989,272.15755174098666,86051400
2022-06-16,264.3363342285156,268.8849399131413,262.2811596461525,268.4271544639436,81910300
2022-06-17,267.5505065917969,269.98552883699915,263.4791565316729,265.10573474580815,82703400
2022-06-21,274.3006896972656,276.6135532851158,271.9195668371507,272.0268994799265,51633700
2022-06-22,273.90057373046875,278.30177743750676,271.20713224352835,271.8024054461043,67472900
2022-06-23,277.97967529296875,278.82868689556767,273.5491677482855,276.37921635078885,57457800
2022-06-24,287.5043640136719,287.92401558987484,280.56586254296246,280.80006451551657,58422300
2022-06-27,285.396484375,289.42684893372103,284.2644585476467,288.8608509108106,54151500
2022-06-28,276.7012939453125,288.51919799924866,276.5158741815914,285.93311942830076,61609800
2022-06-29,276.9550476074219,278.45791285837396,274.06644785541357,276.5647011190199,57302700
2022-06-30,273.52001953125,277.09174879307614,269.1285535213624,273.9786849502108,79313600
2022-07-01,275.3253173828125,275.71566383513857,270.34831821646026,272.2220228817609,56675100
2022-07-05,280.0388488769531,280.15594985091695,270.0751105884705,271.5974828130593,61829300
2022-07-06,281.8344421386719,283.93261027210065,278.70187223129227,280.4194324508901,63194700
2022-07-07,287.8653869628906,288.56802247137284,282.6444176772337,282.6444176772337,56620100
2022-07-08,288.2264709472656,289.5926984461402,284.0984834291946,285.0353208882049,59895500
2022-07-11,282.0687255859375,286.040539649993,281.19043841491765,285.8161060220792,55273900
2022-07-12,279.3362121582031,285.2305426707223,277.74552111118555,283.3178239465647,55797100
2022-07-13,278.7604064941406,281.1025149781684,273.2661916044825,273.83221927188373,73939400
2022-07-14,279.75592041015625,280.6244393274366,273.05159050234846,276.16465439918056,63741800
2022-07-15,284.8304748535156,284.93783728464246,281.1318763281155,282.7421043242773,63818100
2022-07-18,282.4200134277344,289.01697987225447,281.2489738562214,287.6117085612143,59519600
2022-07-19,291.1053771972656,291.39815945349034,284.4401210835056,286.0405509143733,55172600
2022-07-20,295.72125244140625,296.90206024914977,290.7442528094692,291.52497556868116,67769400
2022-07-21,299.9664001464844,300.02495064223245,293.52557758038677,296.17997591992554,55049400
2022-07-22,294.70635986328125,301.10813827886636,292.88146674837793,299.0392748591571,57127700
2022-07-25,293.02783203125,295.2040577901947,291.0272875191682,294.73562410111066,40582400
2022-07-26,287.2701416015625,291.5835495722376,286.4601733164211,291.32981093233593,50074100
2022-07-27,299.4101257324219,301.09841102643696,291.2615112895609,291.82753909562643,69304400
2022-07-28,302.3377380371094,302.9135043443742,295.44801947013815,299.19539952894036,55139900
2022-07-29,307.8514404296875,308.7590324776936,302.45481919119555,303.87962702583735,57501000
2022-08-01,307.6660461425781,311.1206738276758,304.9921412634084,306.08512341017763,46358800
2022-08-02,306.74871826171875,310.86693803333435,304.3187836531633,305.3727520054132,48676500
2022-08-03,315.102294921875,315.922031555984,308.3686908175321,308.42724130700196,53735700
2022-08-04,316.5758056640625,316.8880947466427,313.0333526987041,315.1803029145353,38973700
2022-08-05,313.9897766113281,316.0195964067601,310.7108300691232,311.4915231177822,53894000
2022-08-08,312.974853515625,318.59593879727134,311.5110317053239,314.90710902657366,43878500
2022-08-09,309.4324035644531,311.3353838525647,307.812466949981,311.0816452057415,39764200
2022-08-10,318.0689392089844,318.3617214257896,314.29228388628064,316.76126202887053,51459600
2022-08-11,316.2635803222656,322.3921133408172,315.56094463561175,320.39156870404844,45897700
2022-08-12,322.42138671875,322.6165450793937,317.25896710802823,318.3129056437859,40928400
2022-08-15,325.0269775390625,325.5246864619341,321.4552489111956,321.4747855946209,38266600
2022-08-16,324.2657775878906,326.35417748127685,321.2210332564173,324.05108255008014,41186900
2022-08-17,320.5671691894531,323.436261971791,318.48853770617495,321.1331968983646,47842200
2022-08-18,321.338134765625,322.5189425848019,318.90820030114213,320.5183981966612,41937200
2022-08-19,315.0729675292969,318.9569851504218,314.31178143869266,318.3031614705781,51770600
2022-08-22,306.7779846191406,311.052348829549,305.9680163669286,310.8181468831801,51098900
2022-08-23,306.52423095703125,309.3542799275079,305.7727835197443,306.543737855867,39497100
2022-08-24,307.41229248046875,309.22741689930655,305.44099374167973,306.0460352146257,38057100
2022-08-25,312.84796142578125,312.8674981086766,308.1442369849633,309.1884071663571,38098300
2022-08-26,300.02490234375,313.7555572354442,299.9370766142662,312.5552127027734,69047700
2022-08-29,297.0679931640625,299.8102168935229,295.9652426671527,297.2729198727488,48321900
2022-08-30,293.7597351074219,299.33203795561866,291.24197482667506,298.7172280617715,51184500
2022-08-31,292.05194091796875,297.555924896819,291.9446082866473,296.6581011353187,50044000
2022-09-01,292.1788024902344,292.5496420822986,285.8843871110546,289.5634482261889,57990700
2022-09-02,288.05078125,296.4238263522278,286.44055392360985,295.047830695625,64666800
2022-09-06,285.9819030761719,289.4462983489766,283.8544897334609,288.5289678651428,57005400
2022-09-07,291.7591857910156,292.7545738330587,286.19665137708756,286.46015834522314,49260400
2022-09-08,293.271728515625,294.58917373710295,288.32403479815326,289.6902621538804,55649800
2022-09-09,299.6833801269531,300.1810891122113,293.27183293928664,295.5261163242872,56125200
2022-09-12,303.24530029296875,303.57709631157707,300.74704692101136,301.0593360378884,45905700
2022-09-13,286.6163024902344,295.7114920734445,285.7282470797957,294.5209158923819,79562200
2022-09-14,288.89013671875,289.76842392232237,285.9917680998876,287.75811085001067,54907200
2022-09-15,284.0789794921875,289.37800644389927,282.47852027572605,286.9773474007332,65299400
2022-09-16,282.3419189453125,282.7322654178717,278.7311470657045,280.78050327354885,79920400
2022-09-19,284.5405578613281,284.69698298823397,279.64262846808947,279.7012841612989,52613800
2022-09-20,282.27252197265625,284.5601839494864,279.9750741000764,282.0378693199994,51271100
2022-09-21,277.2181091308594,287.3757485704161,277.0812557791903,283.1132455183981,82931000
2022-09-22,273.80621337890625,276.70000432671964,272.58416975490826,275.6930415739473,62757100
2022-09-23,269.3482666015625,271.63592924583816,265.9362996797736,271.3426208032038,74815200
2022-09-26,268.233642578125,273.2391277430711,267.4417608144934,268.878885095722,71176700
2022-09-27,268.3411865234375,273.94301432945974,266.0241671942753,271.5966969873794,69780100
2022-09-28,273.6790466308594,274.9597456370678,266.84538996650616,268.3215980019203,79652100
2022-09-29,265.78955078125,270.0715956965803,262.8273187259255,269.6903038288932,81216000
2022-09-30,261.28265380859375,269.0352896512245,261.12622867977745,264.968325807129,78482400
2022-10-03,267.41253662109375,269.0060866608075,261.5467258256162,263.0522922836046,61267400
2022-10-04,275.8201904296875,276.52408888205673,272.7504019516992,272.7504019516992,66696900
2022-10-05,275.6734619140625,277.462520407493,269.2601802392383,272.0562013477238,55766300
2022-10-06,273.5031433105469,277.82427276832533,273.1805070928327,274.6762872643789,53489400
2022-10-07,263.0815734863281,268.9962530554361,261.75197442759656,268.8691557371326,71354700
2022-10-10,260.45172119140625,263.66814841441,257.74368321845105,263.2770705805112,60393000
2022-10-11,256.87359619140625,261.6444597639264,255.19206279838772,258.7799963749924,66522500
2022-10-12,256.78558349609375,259.4251797950677,256.0914710787955,257.50902376665675,50580200
2022-10-13,262.8078308105469,264.12764394193346,248.5734536032913,249.45333399672413,112894100
2022-10-14,254.90850830078125,265.7309335503903,254.3219512425765,265.13459059619925,77244300
2022-10-17,263.3259582519531,264.1960377721946,260.7743157265391,260.8720851805675,64576500
2022-10-18,265.4083557128906,271.01018506656084,262.72961557378073,270.3454004390657,69781000
2022-10-19,264.4404296875,267.5590871120454,262.07457015959795,263.89295658178486,53115400
2022-10-20,263.0912780761719,268.6931360370133,261.92792015057984,263.5507676104997,60605500
2022-10-21,269.26019287109375,269.7978800833209,260.85252752642265,261.9865874878013,77897700
2022-10-24,272.2225341796875,273.151269721401,265.8874473243172,269.52425147248294,63963600
2022-10-25,277.8535461425781,278.23483799147164,271.6846736520999,273.16091157723685,59014500
2022-10-26,271.71405029296875,277.6287591147078,271.2252328615051,272.2321955769183,63492400
2022-10-27,266.7672424316406,272.05625105959984,266.2490971046528,270.59958454005965,57760300
2022-10-28,274.9305114746094,275.39978700768586,265.97537143833364,266.1415825130853,62651300
2022-10-31,271.733642578125,273.503159426672,269.81745662103884,272.68194966008537,47742000
2022-11-01,268.95709228515625,275.7614518928756,268.595372187097,275.2041929031402,45895900
2022-11-02,259.738037109375,271.9878014034031,259.6695955048992,268.9277993452256,79803100
2022-11-03,254.6641082763672,258.58443381449473,254.28284617551688,257.1277673451375,70038900
2022-11-04,258.76043701171875,260.64726549152124,253.28567478294306,259.59143276846174,78313200
2022-11-07,261.60528564453125,262.14300267136156,257.67520459291535,259.8064412402324,47333800
2022-11-08,263.51171875,266.7476878754442,259.5816073657685,263.1206707578258,63213800
2022-11-09,257.4307556152344,262.55355148311804,257.14723322127446,261.7714557201731,64862100
2022-11-10,276.4263000488281,276.71957861883755,267.7253543962646,269.8370496054912,99256700
2022-11-11,281.5196838378906,282.1844981179217,274.9011075659427,276.2404623502696,66961800
2022-11-14,279.05615234375,282.74182575860164,278.07851728924834,279.46674235901037,55290700
2022-11-15,282.91778564453125,286.70122803572764,279.57426106914244,285.6746934620761,73985400
2022-11-16,279.05615234375,283.00580631775176,278.2349424781751,280.9625526340498,48859800
2022-11-17,278.4401550292969,279.9163930716426,274.4416324207033,274.5980575633067,55462100
2022-11-18,278.4499816894531,281.5490676405468,276.00589441916804,281.45132801777515,53588600
2022-11-21,275.5854797363281,278.2152898203425,274.7544842145169,277.061687951734,40083500
2022-11-22,279.5546875,279.71108281568,274.1874520736571,276.318718646645,41873400
2022-11-23,282.3605041503906,282.9861749393081,279.39827175235274,279.5742388647001,46390000
2022-11-25,280.5030212402344,281.47087025300624,280.0142037856951,280.7669719250677,15498800
2022-11-28,276.38714599609375,280.5420941973852,275.45841076977536,278.52816875015134,38714200
2022-11-29,274.2950134277344,277.0128370816902,272.92633062269323,276.6120032182411,35618900
2022-11-30,286.7989501953125,286.9065055448826,273.70843484346506,274.5589724039487,74718100
2022-12-01,287.15087890625,289.13547624804187,284.37439980667705,287.12155105725975,51547300
2022-12-02,286.007080078125,286.88697536237026,281.9107874314308,282.0867843893096,53583200
2022-12-05,281.2069396972656,285.1565635314254,279.7502432906329,283.8856499926698,41482100
2022-12-06,275.38018798828125,281.18734160763,273.9919631554687,281.0504882375868,53937600
2022-12-07,274.2558898925781,276.25027324305955,272.54502898857334,274.19723419124455,45614300
2022-12-08,277.501708984375,278.46955811599247,273.53251315292846,275.6050946410666,42594900
2022-12-09,275.732177734375,279.2516696245524,275.2922300599584,276.4849459273226,47860500
2022-12-12,279.1929931640625,279.25167871293957,274.871863125392,275.9081538496914,35732500
2022-12-13,282.19427490234375,290.24021992861685,279.51556513695834,290.0153531873076,80667700
2022-12-14,280.1022033691406,284.8926087306265,276.8564481249309,281.6077397340024,64984400
2022-12-15,270.69732666015625,276.68044714031987,269.5046109553816,276.01563277082005,60554100
2022-12-16,268.11639404296875,271.5576584419353,266.5130583502916,270.0227941935211,68300400
2022-12-19,264.3483581542969,268.47404612090867,263.11357960823074,268.3858519256861,44167900
2022-12-20,264.1426086425781,265.8869638627262,261.6044756479317,263.18222187170676,51064200
2022-12-21,267.9742431640625,269.27759708328415,264.3385134662635,265.1813077297633,46394700
2022-12-22,261.41827392578125,265.0931820504398,257.2043613322855,264.96578045041497,60278400
2022-12-23,262.0062561035156,262.67266222528946,258.25296279970826,260.1541178129993,39373600
2022-12-27,258.30194091796875,261.50648008934456,257.76296633096587,261.39866722805584,38009000
2022-12-28,254.8916473388672,260.1541112739001,254.5290611692624,257.90017946439536,47139000
2022-12-29,261.10467529296875,262.04544340160635,256.99857554474977,257.69434977774887,45893600
2022-12-30,260.9478454589844,261.07524704462577,257.03775322586284,258.34110733474483,37858300
2023-01-03,259.1839294433594,264.7403737472238,256.8809810509512,263.27041050608824,42335300
2023-01-04,260.4186706542969,262.09445023311,257.27295778358507,261.300672498505,47754900
2023-01-05,256.34197998046875,258.919320349099,256.02841054713053,258.7527412605254,45396700
2023-01-06,263.41741943359375,264.5346059307866,255.12683454248378,258.0765705578795,54659700
2023-01-09,265.12261962890625,269.77750394716486,264.51503951345506,265.4067910335635,45568700
2023-01-10,267.3666687011719,267.4744815439094,263.5839781045529,264.0935545337913,35247800
2023-01-11,271.9921875,272.1000003561461,267.65090322153156,268.4349015637978,44077000
2023-01-12,273.46221923828125,274.49121171276227,268.258550433249,272.5508489744589,60600000
2023-01-13,275.3436584472656,275.58865226978315,270.6299796945461,270.9631677043932,44802900
2023-01-17,275.9022521972656,277.1860174377972,273.9814790914933,275.147652081972,36269700
2023-01-18,272.3155822753906,278.9892126837552,272.1097958051242,277.4408347282873,47754500
2023-01-19,269.6402587890625,271.8256149685803,268.4055099682429,270.6888397747378,44150400
2023-01-20,277.01947021484375,277.3526582997376,270.189039708322,271.2474300076123,60613600
2023-01-23,283.1737365722656,284.3987060531024,277.0685078199232,277.8622856509869,52799900
2023-01-24,282.5954895019531,283.751853248069,281.03733226985304,281.5567180138864,44875100
2023-01-25,281.96826171875,282.5856209441002,275.54940651862756,278.0875385777392,50872000
2023-01-26,287.4659423828125,287.6423307540248,282.7424543994262,285.3883995934982,51596300
2023-01-27,290.32745361328125,292.2874039544897,286.0351575809997,286.15274981643717,56441900
2023-01-30,284.4574890136719,288.485204031386,284.08512343019765,287.06422753687195,49405800
2023-01-31,288.7203674316406,288.81837095968,284.3888926131909,284.4966755594997,46705100
2023-02-01,294.8941955566406,297.35391334937026,286.4467829160311,288.5145464564292,67562200
2023-02-02,305.47796630859375,307.39870992894157,300.5878980976118,301.4110739349037,83070600
2023-02-03,300.0488586425781,306.134527365596,298.44171454947156,298.8336987253652,76170800
2023-02-06,297.5107116699219,299.7842616499401,296.16815023108865,297.4323268010993,40802300
2023-02-07,303.67474365234375,304.8017092397127,296.26613294999623,297.38328921452313,67584000
2023-02-08,298.275146484375,303.30242572488396,297.58918155909504,302.36165759241106,56720900
2023-02-09,295.638916015625,302.80253245280153,294.1885718359373,302.65554215168055,49137800
2023-02-10,293.69873046875,295.5312802503007,291.2977780312141,293.48313461759784,50050100
2023-02-13,298.4024963378906,298.99048753364445,293.92400177687483,295.09998416838243,39636700
2023-02-14,300.60748291015625,301.55806033599276,294.8844296115814,296.82479185684485,64079100
2023-02-15,302.9104309082031,303.07700999440743,298.10855697315515,298.7945218744599,43100600
2023-02-16,297.2265625,302.2538416898936,297.0795721536685,298.2849528065457,59498600
2023-02-17,295.12939453125,295.8839648215853,292.1306722050672,295.041200334183,58230700
2023-02-21,288.1422119140625,292.74810899592325,288.00503088741164,291.30754373044596,46526700
2023-02-22,288.3577575683594,290.4254912794168,286.70159677213525,288.72034367644244,51389200
2023-02-23,290.8763732910156,292.16013897210604,286.69185821627843,292.00333928273466,69294400
2023-02-24,286.005859375,287.1034271642342,284.2418855081771,285.91766516763073,74332000
2023-02-27,288.053955078125,290.55288024334476,287.4659638902868,289.1613320021509,48995000
2023-02-28,287.6815490722656,290.19028346864906,287.0935579060723,287.42674592207146,48243100
2023-03-01,285.36883544921875,288.0441490292622,284.38886009383884,287.3875822887834,58287000
2023-03-02,287.7305908203125,288.5341779040145,282.59552879500677,282.8797300624582,53565900
2023-03-03,293.6790771484375,293.9142916260564,288.9653969608438,289.4750034069501,60511500
2023-03-06,294.0122375488281,297.91255078931,293.8162603935119,294.9138281640149,56736300
2023-03-07,290.4058837890625,294.9823817088426,289.79830387350347,294.0612025121971,65955800
2023-03-08,291.8562927246094,292.4540633879132,288.97516253842946,290.8273005687011,50876300
2023-03-09,286.7995910644531,294.9529931979204,285.98619477194666,292.356034581254,71456700
2023-03-10,282.77191162109375,288.4557873254567,281.62535706186685,286.9662054618756,98593600
2023-03-13,284.8691101074219,288.5734166863263,279.4792442969985,280.988415097732,97123600
2023-03-14,291.4153137207031,291.9640976158507,287.5738264546701,288.4165910413327,73602500
2023-03-15,292.94403076171875,293.2772187994073,287.36796850276227,288.8085334957989,83631500
2023-03-16,300.66632080078125,301.0289069990285,291.2389600204212,292.0327378886065,98198100
2023-03-17,299.2452697753906,302.95938486538984,297.29512832561835,300.5780518528827,89923700
2023-03-20,300.3072509765625,300.6311303110754,296.42054919854286,298.62890724672246,56359500
2023-03-21,304.59637451171875,305.04785266850337,300.7292917206466,302.2407985358672,49757000
2023-03-22,300.4544677734375,309.4154987468772,300.28763082839566,304.5276555015175,75791900
2023-03-23,304.0173034667969,308.33586449885354,301.32802358760387,304.1841703718912,74576000
2023-03-24,305.13623046875,305.23435576063616,301.2691474607354,303.5952799906133,57195200
2023-03-27,303.045654296875,306.9127374035687,302.19176055680384,305.833089590293,50287400
2023-03-28,301.43597412109375,302.49600280278304,299.1294607378363,302.466559225668,48585900
2023-03-29,306.932373046875,307.5507181893601,304.31177457462326,305.1264302220419,53274300
2023-03-30,309.8376159667969,310.46578568757917,307.0207366409696,309.40575677195426,58354800
2023-03-31,314.9903869628906,315.22596553535897,309.7590450153617,310.0633053000576,62138100
2023-04-03,314.224853515625,314.48987569045227,311.54539785656647,312.8703889195931,47126800
2023-04-04,313.164794921875,315.6774131311537,311.947723948201,314.66647713252024,45875400
2023-04-05,310.0731506347656,313.15502177624506,308.25738336194655,312.2127972814154,62795700
2023-04-06,312.1636657714844,312.65441200282,307.03047936148835,308.4241818849287,46916500
2023-04-10,311.987060546875,312.03615315052036,307.4525693445177,309.23889313719735,45134700
2023-04-11,309.9847717285156,312.0066738913755,309.47440639730115,311.9477567831826,40113600
2023-04-12,307.2464294433594,312.5268640380153,306.78512675695106,311.937962530485,62813300
2023-04-13,313.2629699707031,313.73406719426043,307.8254932108814,309.0032662225483,54613800
2023-04-14,312.674072265625,314.43092227098646,309.768832905649,311.71219883461987,56278300
2023-04-17,312.93902587890625,313.29237871005614,310.1908592044973,312.2617937425751,43007000
2023-04-18,312.9587097167969,315.4713582784349,311.76131752372714,315.04929370487713,46746900
2023-04-19,312.81146240234375,313.8714910627291,310.42644284563727,310.55404166149606,38960100
2023-04-20,310.4264221191406,313.36107487685706,309.14066944218166,309.8473451843308,62462100
2023-04-21,310.75030517578125,311.5256925854782,308.286779534133,310.06327844359055,59002300
2023-04-24,310.1026306152344,311.8594809826243,307.93351018174917,310.5246652876612,44043100
2023-04-25,304.2528381347656,309.1406813692748,304.15471285096964,308.4732736850432,57121600
2023-04-26,306.0981140136719,309.1113036974002,305.5779240970005,307.6390646932986,55400500
2023-04-27,314.4211730957031,314.92171397402467,309.21924413400245,309.85723831198396,65430400
2023-04-28,316.5902404785156,316.6785712153417,313.0568612415905,314.1855717047368,59712600
2023-05-01,316.22705078125,317.64040228723445,315.14740310962685,316.12889554696204,41013400
2023-05-02,313.468994140625,316.48218248433585,311.73173371859644,316.1582732739252,56519400
2023-05-03,311.41778564453125,316.5019099639338,311.3098058864839,313.83224897780207,59882100
2023-05-04,310.31854248046875,312.3404149311977,309.2879572324431,311.19205535831844,50224500
2023-05-05,316.91412353515625,317.7680172064844,310.3577309572595,312.5759135629798,51806100
2023-05-08,317.6993103027344,318.04283866891797,315.3731778659205,316.45282560845146,36465800
2023-05-09,315.6872863769531,316.9043275857456,315.37320156411107,316.0406093268182,31768800
2023-05-10,319.12249755859375,319.9763912725399,315.6480055940912,318.1213560020154,60446600
2023-05-11,320.1628723144531,320.7026812198648,318.1213510973268,319.67212605397896,44278500
2023-05-12,319.0144958496094,321.11490410960397,316.9631801847053,320.6928395840267,48432800
2023-05-15,320.74200439453125,320.9775530551261,317.9643633096372,319.48569495005876,33375600
2023-05-16,321.1051025390625,322.8128899714254,319.9861866676694,320.0254547559925,40019200
2023-05-17,324.9918212890625,325.5708983222604,320.9873447050186,322.16511784019536,47486100
2023-05-18,331.0279846191406,331.24391418025004,325.36478333622733,325.3844024044097,64213500
2023-05-19,330.2820739746094,331.9505933702211,329.2220452265491,331.24391752243963,61554900
2023-05-22,331.39111328125,332.40204927029424,330.01699993843374,330.02682444746773,43015900
2023-05-23,327.19036865234375,330.82190336326596,326.8370456829929,329.6735737600976,48216700
2023-05-24,325.51202392578125,326.7487142213428,323.460707928602,325.2372071881873,62891200
2023-05-25,333.4326171875,334.6987508381004,330.4390771882498,332.8633647442254,66862800
2023-05-26,341.9520568847656,342.78633168543666,334.35531283402116,334.45346809635555,63007000
2023-05-30,343.5028076171875,347.37968560384667,342.07963129694366,346.18226337556894,72652200
2023-05-31,341.5495300292969,344.111240763774,340.096940449885,341.92250193301754,65105400
2023-06-01,345.4951477050781,346.82013847671067,340.24415739889935,341.2943614506893,50488600
2023-06-02,348.0863952636719,349.2445495115756,345.4952699979758,347.25212044168717,53372100
2023-06-05,348.3316955566406,350.883582144611,347.30114037340985,347.8703928659199,47266200
2023-06-06,348.2728271484375,349.23470066993315,346.3981727066274,347.7231936940905,41390400
2023-06-07,342.3642272949219,350.5106032126766,341.73605770611135,348.55744268687283,69225900
2023-06-08,346.6140441894531,347.07534682770165,342.4329068233246,342.6586309114903,47153900
2023-06-09,347.93914794921875,351.04066834896696,346.49635254099377,348.06674678745577,53196900
2023-06-12,353.8182067871094,353.91636202351594,348.6261332475332,349.59780119658103,44606500
2023-06-13,356.5369567871094,357.371201406959,353.36672539225424,356.5664003624832,57097800
2023-06-14,359.1281433105469,359.41278455684176,353.7495829280698,356.54681293006774,69525600
2023-06-15,363.40740966796875,364.8894429222012,357.2436381860123,357.86195327861964,71138800
2023-06-16,361.12054443359375,365.94950092806926,360.6788907605711,365.8219021049376,80932000
2023-06-20,360.6036071777344,361.9992516934067,357.6452823141966,359.66992816528324,49204700
2023-06-21,355.6893310546875,359.89587962721504,354.7654602472478,359.4634281856961,53378300
2023-06-22,359.8861389160156,360.043366747909,354.03823537075647,354.4412029254088,47603000
2023-06-23,356.31842041015625,358.6182598188581,354.6279363156579,355.99406677913646,48922900
2023-06-26,351.5417785644531,358.57890804736354,351.4533266707655,355.78764942462146,52685500
2023-06-27,357.5862731933594,358.31359439431293,352.35759290319345,353.0848841102833,49428100
2023-06-28,358.2840881347656,360.23008989079324,355.689379134913,355.76802304065137,46498000
2023-06-29,357.566650390625,358.62813329590955,355.9253260746323,357.98926395760606,46151000
2023-06-30,363.0804443359375,364.132059408926,360.9280242433046,361.24250996933307,58712500
2023-07-03,363.9354248046875,364.56442610409556,362.63807025771337,363.7191990468585,19432900
2023-07-05,363.9256286621094,365.62595095299037,362.33343425950704,362.37275621832345,34460900
2023-07-06,361.1539306640625,361.5962201137862,358.26438224364455,360.220251816887,49374700
2023-07-07,359.9549255371094,364.1221830587918,359.7288917758838,360.9279564882664,47133700
2023-07-10,360.0728454589844,360.7510067003448,357.1734886966623,359.67971589726346,48498800
2023-07-11,361.851806640625,362.3039041308839,358.3627105914411,360.4954841759857,38214100
2023-07-12,366.4219970703125,367.7684815318609,363.9452239058997,365.95022361188575,61975400
2023-07-13,372.6433410644531,373.46892209273324,369.0166633368068,369.5965346545085,46960000
2023-07-14,372.56475830078125,376.28969622897483,371.6900172609404,373.0758237437194,55148500
2023-07-17,376.0439453125,376.9186862565369,372.80058921448597,373.2821706367002,40868900
2023-07-18,379.1202697753906,380.48643025096686,373.4787840563649,375.4051399126897,55262000
2023-07-19,379.0317687988281,381.32179994850327,377.7049304495396,380.18170336657397,54093000
2023-07-20,370.2943420410156,377.5083749640253,369.2721813289526,376.0439248109553,71941700
2023-07-21,369.18377685546875,373.4001640896318,368.7513253445873,372.6728429155879,60499600
2023-07-24,369.7734680175781,371.1002764580917,367.9158882106813,370.15675956883325,40380100
2023-07-25,372.27972412109375,373.94072429184797,370.4614661242125,370.48114209864303,38894400
2023-07-26,371.04132080078125,372.73180486329676,368.74148143559074,371.23790057306576,47075700
2023-07-27,370.1567687988281,378.10793162303287,368.8692522842773,376.4960914801021,63940200
2023-07-28,376.8990478515625,377.9211786460314,373.69498364625855,374.206049043493,56902900
2023-07-31,377.0956726074219,378.2750914433943,375.7786719037773,377.2038004977551,44019900
2023-08-01,376.2209167480469,376.97769191496076,374.1569490273522,375.7491432709596,41060600
2023-08-02,367.96514892578125,372.75157059422895,366.72676204868594,372.75157059422895,72687100
2023-08-03,367.3753662109375,369.4983018652998,365.39001240778197,365.5571082205294,47666400
2023-08-04,365.65533447265625,371.61133485782324,365.1540771155153,369.3016578121889,61702800
2023-08-07,368.7513122558594,368.8496021400914,365.13447246946816,367.46379575584587,37230400
2023-08-08,365.61602783203125,366.26470502906085,362.4906076958643,366.24505905116035,44726500
2023-08-09,361.5962219238281,366.0583184175493,360.8394468552102,365.9010606122795,51150900
2023-08-10,362.26458740234375,367.9355570708687,360.74119910131196,364.6037487888542,72035300
2023-08-11,359.9549255371094,361.68473167795355,358.4315371702507,359.7092158009151,48707200
2023-08-14,363.9944152832031,364.1123511595301,358.4413811511349,359.15883439674536,42130800
2023-08-15,360.1318054199219,363.8174509109836,359.4634522422092,363.0213238905632,45539900
2023-08-16,356.31842041015625,361.12448699666004,356.2201305221544,359.59126072419207,53190500
2023-08-17,352.4263610839844,358.0580388030528,352.0135855407682,357.71403918779725,62604300
2023-08-18,351.98406982421875,353.2421023084122,348.6227478776219,349.1633272225095,61191400
2023-08-21,357.6551208496094,358.3332821870835,352.98663540709816,353.44857095590135,50696500
2023-08-22,357.14398193359375,360.269402241501,356.4559827490985,360.2595642550805,44530200
2023-08-23,362.77569580078125,363.8666627083653,358.1072104618857,358.32343624575765,51770600
2023-08-24,355.0210876464844,366.34338158228024,354.81469986472706,366.24512168211504,66842500
2023-08-25,357.7729797363281,359.46346372196984,352.42633410703627,355.8564620160863,69960500
2023-08-28,360.46600341796875,361.39968237368765,357.9990681887623,360.69203716817907,40910000
2023-08-29,368.3385009765625,368.6923385554893,359.94507888520656,360.2694025048502,58492400
2023-08-30,370.3926086425781,370.97250991801434,367.44409229932364,368.4466070521001,41731500
2023-08-31,371.5032958984375,373.2036181290947,370.4025210414967,370.4713269685218,35730700
2023-09-01,371.1101379394531,374.2945263884665,369.6260415972673,373.8719128585272,39801200
2023-09-05,371.5819091796875,372.80061981456237,369.38032965344104,370.30420061660834,32344200
2023-09-06,368.3090515136719,371.1494704221554,366.30408168942176,370.80547079743104,42998700
2023-09-07,365.67498779296875,366.4514388140844,362.8149233931356,363.8567300824944,52060700
2023-09-08,366.1860656738281,368.4171289383869,365.22290284914124,365.6258703550477,35800100
2023-09-11,370.5007629394531,371.0118283442909,367.24756874146516,369.21324644388017,39936600
2023-09-12,366.39251708984375,370.4811304591035,366.10748541432696,368.8299383335772,41391000
2023-09-13,367.7881164550781,369.39014857434654,365.49811513938084,366.62837381440505,46300700
2023-09-14,370.79559326171875,371.77843208818126,367.47362322311847,369.53756076360116,48039400
2023-09-15,364.4464416503906,369.8618928673542,363.5127328219973,369.45892537267173,69811200
2023-09-18,364.8263854980469,365.9386058426175,363.2220343841815,363.5074786408104,36903500
2023-09-19,364.048828125,364.84607760693416,361.0271378460605,363.5074962674378,37621700
2023-09-20,358.8027038574219,365.46614355197374,358.7239461147386,365.11182382173274,45514200
2023-09-21,352.22784423828125,355.9090030735523,352.0605365859801,355.1215757656396,69734800
2023-09-22,352.2770690917969,356.10583105545084,351.9620981742192,353.970000227177,51589700
2023-09-25,353.9502868652344,354.0388968388634,350.32821151607146,351.31247308077525,39168000
2023-09-26,348.6352844238281,351.91289229277817,347.6510228478301,351.37153040361153,53657700
2023-09-27,349.4522705078125,351.3617405439319,345.8301647465173,349.7869158699708,56066000
2023-09-28,352.37554931640625,354.50155824408824,347.6806016704603,348.5369045641203,56453300
2023-09-29,352.6313781738281,357.23774510147166,351.4010512242257,355.84993269784667,64829600
2023-10-02,355.5743713378906,356.9720060523361,352.2869410494211,352.8971784631042,51625100
2023-10-03,349.3341369628906,355.3282864453552,347.7199335363626,353.13337228482897,60478500
2023-10-04,354.088134765625,354.9345853814986,349.7081583317905,350.1707625168533,54786700
2023-10-05,353.0447998046875,354.48181334692805,349.55068309904425,354.07826248177054,45897400
2023-10-06,358.9602355957031,360.15118378118626,349.2652523404519,350.05264964515703,75049100
2023-10-09,360.7909240722656,361.3322559289201,355.1018933143861,356.597960109658,45304800
2023-10-10,362.78900146484375,365.43666773183907,360.6236438363475,361.1255968573327,46968800
2023-10-11,365.37762451171875,365.5646366351608,362.39531280272575,364.1177707543256,38215100
2023-10-12,364.10791015625,367.8579446931247,361.7161615216667,365.8795991738275,49587900
2023-10-13,359.5310363769531,365.31849875234707,358.13337184276384,364.73778807689456,52469900
2023-10-16,363.59613037109375,364.64929763429143,360.7023984732574,360.8500317257421,44201100
2023-10-17,362.40509033203125,364.0980212855741,357.9365347853642,360.05269096797355,50999100
2023-10-18,357.651123046875,362.1196789996307,356.32236391560224,359.9149426875973,54280500
2023-10-19,354.30462646484375,360.2593967452439,353.50737702332975,359.06844869661955,72274200
2023-10-20,349.0191345214844,354.37351949388653,348.7927435626663,353.80263100200693,72559700
2023-10-23,350.07232666015625,353.60582210048005,345.59391848351896,347.70025266627835,60665200
2023-10-24,353.47784423828125,354.2455670218574,350.1904143682358,351.88334538295214,47082100
2023-10-25,344.826171875,351.2632505247359,344.24546119183015,351.08609066287613,71190500
2023-10-26,338.2513427734375,344.56046319125295,336.9619624891379,343.62540266266313,78621400
2023-10-27,339.8753967285156,343.34983924117734,338.664744054355,340.97776499899555,63476700
2023-10-30,343.70416259765625,345.02306953665595,340.9974431987372,342.3556989748793,55298500
2023-10-31,345.34783935546875,345.72186354405744,341.1647278392773,343.7336660603702,47671900
2023-11-01,351.3420104980469,351.9030468160759,346.0860571858595,346.18448935280355,58992700
2023-11-02,357.7200622558594,357.95627544374383,354.6294662070536,355.84997109811536,58162400
2023-11-03,361.9228515625,363.21223195183893,358.7830544209634,359.0094454192966,53280500
2023-11-06,363.39923095703125,363.9602672996411,361.1354412045345,362.6905613761771,38848700
2023-11-07,366.8343200683594,367.7004450680254,363.241741103211,364.4425414885638,50777400
2023-11-08,367.0705261230469,367.90715449646547,364.7870319858255,367.20830712864307,35663400
2023-11-09,364.2456970214844,368.9012351592412,363.7535662221592,367.7595181376134,53859400
2023-11-10,372.43475341796875,372.5823866474113,365.43663796959595,365.96814763286875,58309800
2023-11-13,371.2733459472656,372.32651317096065,369.33434920460445,370.85997285581357,40733500
2023-11-14,379.2654724121094,380.1808584398654,377.1493161843345,377.67097358036534,67792600
2023-11-15,379.55096435546875,381.64744643002416,378.19267850224793,381.15531561580104,54141400
2023-11-16,379.87579345703125,380.11200663962404,377.52339371034566,378.78324741297644,45343500
2023-11-17,379.96435546875,380.9781437125755,378.241897673309,379.14740152203535,46571900
2023-11-20,384.59039306640625,385.2498615978395,379.9742034582197,379.9742034582197,44429600
2023-11-21,382.3561096191406,383.1041580561983,380.6139773793034,382.8876193000648,43337000
2023-11-22,383.92108154296875,386.8837186036944,382.9171455132762,384.4230645764553,44121000
2023-11-24,383.3797607421875,384.1081047433518,382.38564687454755,383.5175417523055,15718800
2023-11-27,383.04510498046875,384.9939237494987,382.16909772738626,382.8876195179838,34139700
2023-11-28,384.049072265625,384.6297830598259,381.94273782541677,382.2970876541649,35491100
2023-11-29,383.67498779296875,387.93685707414187,383.3304902471519,386.50966582887696,38811700
2023-11-30,382.7104797363281,384.4034111332229,379.74787231972573,383.9408069132201,52834400
2023-12-01,383.8030090332031,384.3935720596323,379.9939210667959,381.6474735109709,40490100
2023-12-04,380.239990234375,380.51558231111704,376.6375887787075,380.0135992281183,51186900
2023-12-05,381.19464111328125,382.38558910649584,378.1630989012916,378.34028879793397,42933000
2023-12-06,378.98992919921875,384.2262082878161,378.64546165801414,384.12777611720855,41994100
2023-12-07,384.2852478027344,385.1120239390845,380.86985886236414,381.96240485355264,49593500
2023-12-08,385.99786376953125,386.440763442931,382.36593626126034,382.5529483580109,46687500
2023-12-11,389.2951354980469,389.56090535273165,385.36794134333326,385.5746278679813,41198000
2023-12-12,392.3955993652344,392.5137059555065,388.20263518688597,389.3345300600356,39221200
2023-12-13,397.3857421875,397.9959795327111,392.5628666775999,393.3305894727491,55408100
2023-12-14,397.04132080078125,399.90549576506845,394.039304750529,398.60629321740066,55447800
2023-12-15,398.9605712890625,400.14169715869406,397.2184391667707,397.818824291693,62896600
2023-12-18,401.4735412597656,402.37101203906553,399.0277159333285,399.35315781724717,46610000
2023-12-19,403.52484130859375,403.6431837912106,401.7397719688163,401.9271575987177,35711900
2023-12-20,397.5285949707031,404.8168311468239,397.3510812317631,402.7260335176809,54042400
2023-12-21,402.154052734375,402.5189822599552,398.8995134090892,401.4538395044679,45568900
2023-12-22,402.755615234375,404.32371344102273,400.8817888923147,403.36707150520004,34314000
2023-12-26,405.22119140625,405.8918189348546,403.5150068640605,403.61363564115584,22722500
2023-12-27,406.0461120605469,406.33227692599,404.64491903161536,405.5034136279449,31980500
2023-12-28,405.8487243652344,407.4472786001535,405.493510166212,407.20059203535254,27029200
2023-12-29,404.0923156738281,406.18424303030133,402.1780255292888,405.8289987195395,42662100
2024-01-02,397.25421142578125,400.7078236681065,394.9353514690267,400.461137079369,58026900
2024-01-03,393.0506591796875,395.68528517613936,392.61651849103555,394.62945935762554,47002800
2024-01-04,391.0278015136719,394.2939291818346,390.8107161348315,391.1856845267472,39432800
2024-01-05,391.49163818359375,394.26439318675887,390.10032213186327,391.19562630582584,44922800
2024-01-08,399.5829162597656,399.86905099818864,392.5671345830091,392.7151405016946,42473800
2024-01-09,400.3723449707031,401.29988897993053,396.3858811510308,396.58324247290847,39132900
2024-01-10,403.08587646484375,404.09234688237234,399.8000244303325,400.68809010616457,33962800
2024-01-11,403.924560546875,405.75004702844257,398.8822718365916,404.35873128129447,54536200
2024-01-12,404.1318054199219,405.79940904791505,402.7404895467562,404.96066868440437,39595000
2024-01-16,404.0923156738281,405.67111570510156,401.43796583773303,402.8983611364545,43903000
2024-01-17,401.8129577636719,402.1879261807825,397.57983776151127,400.78676327938865,54386000
2024-01-18,407.516357421875,408.0985341433326,403.73713222559695,405.0790927808669,59562500
2024-01-19,415.5977783203125,415.75566133387474,409.1346024284831,409.71677910237185,70325100
2024-01-22,416.1405334472656,419.10077238644385,415.53860253748337,417.79826002605955,44880600
2024-01-23,417.86737060546875,418.0844560150282,414.9959350071137,416.8312688317537,33003800
2024-01-24,420.1861877441406,424.1529273697124,419.69281456588413,421.77486503694314,46948000
2024-01-25,420.6992492675781,423.3535989601469,418.3606655868111,422.6825886567921,44367200
2024-01-26,418.19293212890625,420.5611171421055,417.54167598048286,418.81458709390614,37137000
2024-01-29,422.4754333496094,422.6727946600037,417.995596599009,418.6468527875806,38694700
2024-01-30,419.6631774902344,422.0116384359929,418.75538778321743,421.43933884792625,36739000
2024-01-31,411.443603515625,417.2654006290457,411.2659964098067,415.2721839553905,64010600
2024-02-01,416.2885437011719,416.7819168628328,412.2724789381055,413.2395011756799,51008600
2024-02-02,423.32403564453125,424.5377143092311,417.18647251424335,418.1830657905494,59602400
2024-02-05,422.771484375,423.9160836378695,419.3671974329479,423.3832622919812,39889200
2024-02-06,421.9228210449219,424.5179684735846,419.5842372747902,423.9160376085168,35846100
2024-02-07,426.2645263671875,427.09338964924376,423.4029681072797,424.7054804561285,37712700
2024-02-08,427.0539855957031,427.8137694878013,425.7021478372285,426.3829751534842,29889900
2024-02-09,431.2574157714844,432.0468308013728,427.39926461911506,428.1886495358991,36943900
2024-02-12,429.57012939453125,433.31978339162515,428.88927204043836,431.14892949261775,33203300
2024-02-13,422.8700866699219,425.5540376317795,419.6927625909073,421.6169297930613,64491700
2024-02-14,427.478271484375,427.90256520413857,423.19579577332206,425.5442569952469,45092700
2024-02-15,428.7511291503906,429.2149010993665,425.6132531423956,428.1689524677369,38796100
2024-02-16,424.8633728027344,429.2247747002088,424.15291424350715,429.12612415809764,53716500
2024-02-20,421.6563720703125,424.3797709675652,417.88699454994287,422.8700505624992,53999500
2024-02-21,419.96905517578125,420.05788883742673,416.0418243903044,418.92310656439344,49779000
2024-02-22,432.2639465332031,433.3000180733952,427.96171712915435,428.73137801666724,53887800
2024-02-23,430.9910888671875,434.7505902201544,430.0142195730952,433.8230462005295,39853900
2024-02-26,430.7640380859375,432.7868858474637,430.57655390040327,431.80013965543253,33043200
2024-02-27,431.8002014160156,432.185016827134,429.2642561126333,431.86928088648324,33713200
2024-02-28,429.50103759765625,430.8825064645186,428.5438925123563,429.6589206142435,32938800
2024-02-29,433.1816101074219,434.2571599221341,429.2543491340669,432.4218263244893,42495200
2024-03-01,439.7039794921875,440.6611245537349,434.01046450298435,434.06966686859715,43853000
2024-03-04,438.13507080078125,440.12831755147187,437.8883842316844,439.7039937666643,34325700
2024-03-05,430.2707214355469,435.1058025012789,427.9025362866196,435.0959254018696,57917100
2024-03-06,432.974365234375,436.13193494601705,431.0995535129151,434.48408568692633,46234500
2024-03-07,439.546142578125,440.7992995133113,435.0169506522898,436.55630255352224,44526700
2024-03-08,433.2013244628906,442.69384860902386,432.5303442452579,439.9013398799173,72096000
2024-03-11,431.5930480957031,432.8462052577368,429.66888045567845,431.7114528526686,45860000
2024-03-12,437.77984619140625,438.1350603881726,430.67526112502065,433.901940644511,55300900
2024-03-13,434.41510009765625,436.80303962166965,433.3000718539814,436.7832854213928,37928700
2024-03-14,433.3197937011719,436.17147490901215,430.60624131940546,435.64850056359603,52195200
2024-03-15,428.16900634765625,433.0533829051464,427.00462272271886,430.29050506130005,73069800
2024-03-18,432.2525939941406,435.77005339953286,432.015441232783,433.4876578345993,47323800
2024-03-19,433.3295593261719,433.7346638779125,428.15215128325195,430.24684485265067,43004100
2024-03-20,438.4673767089844,438.803310427028,432.8256140023546,434.5250629102318,43653500
2024-03-21,440.5423278808594,443.97086631640985,440.34473575766197,443.51637126483735,39345700
2024-03-22,441.0462646484375,442.1429869204166,439.1788335545133,440.0285731989278,28253900
2024-03-25,439.4455871582031,440.9276637079466,437.2521126584658,438.2500236979711,27789200
2024-03-26,438.0227966308594,441.8860798362607,437.79553403539165,440.967169447926,34142000
2024-03-27,439.5146789550781,441.20426774406604,436.6493373080218,441.10545662114936,41359200
2024-03-28,438.70458984375,440.3151180026423,438.34887575907896,439.4653783552645,36839600
2024-04-01,439.6333312988281,442.18248976686664,437.7263698364116,439.65308146497904,38729000
2024-04-02,435.83917236328125,436.15535592740196,432.7959884791613,434.8214810155187,44259700
2024-04-03,436.8173828125,438.694673809478,433.70502798159896,433.71488798828096,39949800
2024-04-04,430.1381530761719,441.60944178188765,429.9108904729682,440.996824784503,57267700
2024-04-05,435.206787109375,437.8745366372013,430.75066784020805,431.5608768260422,54744600
2024-04-08,435.3353576660156,437.212648884879,433.9520920391126,436.135676712757,28144900
2024-04-09,436.9458312988281,437.94374236584986,432.21305827665964,437.66708927505294,39443600
2024-04-10,433.1319885253906,433.9915882227058,431.06696518911195,431.7783632408433,61502200
2024-04-11,440.0483093261719,440.99682993017785,432.7268471276374,434.9993827274123,45474600
2024-04-12,433.03314208984375,436.95570613893716,431.6597667487768,435.82934357135736,53665000
2024-04-15,425.9092712402344,436.86675345867155,425.06942184073426,436.77783248501964,63453600
2024-04-16,425.9488220214844,428.5770414842701,424.56555655499864,425.75119974644684,47619000
2024-04-17,420.7516174316406,427.9446272184881,419.8228471164691,427.9248770543287,56880500
2024-04-18,418.3507385253906,423.1230122839189,417.77765197619533,421.39392278181145,46549400
2024-04-19,409.6953430175781,417.6985621852426,408.1342356976317,417.1748963589334,75231000
2024-04-22,413.8155517578125,416.1473377835961,408.9938577655325,412.3235850098198,47807700
2024-04-23,419.9908752441406,421.18640859511777,413.86494655360076,415.7422375545966,44384700
2024-04-24,421.4136657714844,424.59519137964264,419.1312702431236,423.0834744692618,48440300
2024-04-25,419.3782958984375,420.23789551957753,413.1436959522945,414.23052802555014,57392200
2024-04-26,425.8500671386719,427.38153443727947,421.8188315105415,422.5104492586841,41874900
2024-04-29,427.5791015625,428.57704279451684,424.84221094712433,427.9545657944638,30022200
2024-04-30,419.5165710449219,427.39133873179975,419.4375402321003,425.9981832015452,43665900
2024-05-01,416.4832458496094,425.00027078139163,415.6335364646761,418.0937738009243,52251700
2024-05-02,421.79901123046875,422.6981413555137,415.60394164929187,420.2181234298724,36559000
2024-05-03,430.2764892578125,431.26454032422834,427.45064752834196,429.2489077059209,48515300
2024-05-06,434.989501953125,435.0784229348323,431.3040604511998,432.07473911225696,30227200
2024-05-07,435.0586242675781,436.68890238965724,434.32744602239535,435.43408847265937,30996100
2024-05-08,434.8017578125,436.20480361971187,432.3217399415846,432.44033140017706,24896700
2024-05-09,435.750244140625,436.32333061017573,433.22083597558594,435.0684865337355,24580100
2024-05-10,436.77789306640625,439.00100817482354,435.23653567013787,437.25216847792285,27116600
2024-05-13,437.7856750488281,438.78361632455744,436.3727691901708,438.6848051824084,22994200
2024-05-14,440.6015930175781,441.1351490219814,437.1730547027617,437.36078681259016,34478300
2024-05-15,447.4883117675781,447.7353245285619,441.5600055039681,443.0717223950717,41464700
2024-05-16,446.579345703125,449.25695573333155,446.41136374933757,447.300603706104,34780400
2024-05-17,446.3619689941406,447.31048959544074,444.1684943734974,446.70776275246817,35803700
2024-05-20,449.47430419921875,450.1362815132888,446.39158976534486,446.5793218760035,24474200
2024-05-21,450.3536376953125,450.54136979919565,447.42901515243744,447.62663741534305,23167700
2024-05-22,450.2647399902344,451.3614923460644,447.6661608786562,450.6105638917276,25120000
2024-05-23,448.2392883300781,455.0765854024799,446.4509181608015,455.04694507409687,40899200
2024-05-24,452.4779968261719,453.7427009819922,448.1503283413245,449.8497773775448,29669500
2024-05-28,454.1872863769531,454.2465670260158,451.2330234712752,453.6932608661482,26216800
2024-05-29,450.9859924316406,452.76447213726425,449.8991303213493,450.0374719321695,29739200
2024-05-30,446.1544189453125,450.19557408760653,444.8304342178574,450.05723247359657,30536800
2024-05-31,445.32452392578125,447.07339375346913,437.76593868344236,446.3817458895466,55941300
2024-06-03,447.7156066894531,450.1363138301229,442.54808850150624,449.13840270768463,32997500
2024-06-04,448.94073486328125,450.13626814861834,445.7394592236012,447.458658340774,23767400
2024-06-05,457.9913024902344,458.07033330703183,448.98028172906453,452.50763121803925,33817400
2024-06-06,457.83319091796875,458.98922386503307,456.6672979648091,458.6730403056571,21966800
2024-06-07,457.4281005859375,460.17488126832046,456.32148824669326,457.46763107031757,25829700
2024-06-10,459.27569580078125,459.63140981144176,456.01513982648595,456.3016830360567,20660800
2024-06-11,462.4276428222656,462.5462342770449,456.5092266656226,458.001193404112,22053300
2024-06-12,468.4844055175781,470.80633154634563,465.6585939506412,466.35021160302534,34532600
2024-06-13,471.023681640625,472.6737401049363,468.7511763645749,472.01173265680745,25859000
2024-06-14,473.46417236328125,473.5333431716281,470.361677676087,470.8260628632491,23372600
2024-06-17,479.2640380859375,481.0425179080329,472.42674173146634,473.7309461963046,37054500
2024-06-18,479.4122619628906,480.0940196286849,477.6535322250408,479.2146698362232,24438600
2024-06-20,475.7169494628906,481.0227788796813,473.8890489544044,480.6078143162827,33918700
2024-06-21,474.4423522949219,476.77416848361605,472.9504156934659,475.440293517699,37456800
2024-06-24,469.0409851074219,474.9490265120443,468.90245380557906,473.2171889334799,37751000
2024-06-25,474.4047546386719,474.7016290052878,470.1889574276186,471.129109923321,29014700
2024-06-26,475.3844909667969,475.92880093044886,473.1677483971883,473.58337252856364,22737100
2024-06-27,476.6116027832031,478.0861593754013,474.32557950230506,475.1370763918568,26222100
2024-06-28,474.1375427246094,482.1436072423702,473.49429478929665,477.4033117975724,34881600
2024-07-01,476.91839599609375,477.48245728594264,471.3171348061598,475.0579027852008,24898300
2024-07-02,481.9258728027344,481.98524767467785,475.2953968944467,475.42405251727433,26723600
2024-07-03,485.9437561035156,486.0724117323164,481.17377316359585,481.17377316359585,18064900
2024-07-05,491.0105895996094,491.44602546018973,486.4880122572662,486.7849168172166,28495900
2024-07-08,492.1783447265625,492.73253034096933,490.35744482196145,491.376753741408,22109400
2024-07-09,492.60394287109375,494.8108099558045,491.08982300066316,493.6925326931675,25614500
2024-07-10,497.74005126953125,498.2942369269607,493.2175036938141,494.52378120012463,28046900
2024-07-11,486.8245544433594,498.0567658281917,485.6370266243487,497.84895374501446,49966600
2024-07-12,489.6844787597656,494.43464949995774,486.933332417575,487.39845569345266,37109400
2024-07-15,491.000732421875,495.8103089222989,488.962114418248,491.45594988459715,31151400
2024-07-16,491.1887512207031,493.2669624935249,488.0318560940838,492.45546558304693,25950600
2024-07-17,476.7699890136719,483.7270276777726,476.70073845408103,483.212435316295,56268800
2024-07-18,474.51361083984375,480.6690578747681,471.32702835165105,480.49093325016867,49347400
2024-07-19,470.3077087402344,476.690779451391,469.0212128794801,474.1771324025522,42042900
2024-07-22,477.31427001953125,478.3335790011108,472.75209900040915,476.1663054051844,40300000
2024-07-23,475.6318664550781,479.4023218426893,475.15686747764715,476.413675873234,23282500
2024-07-24,458.57086181640625,469.2686688957843,457.70989585658754,468.9025137359399,58818600
2024-07-25,453.5138244628906,463.08347745644176,450.9012394618867,458.90727360561084,59256800
2024-07-26,458.1650695800781,461.0943407799324,454.9982686823399,457.848383450134,39992100
2024-07-29,459.08538818359375,463.05377989321454,456.8290524680878,460.87660060595,28218500
2024-07-30,452.7815246582031,461.7178056143378,449.4365991488919,461.01518280406907,41317200
2024-07-31,466.1809997558594,467.8831499165186,461.5693600159238,463.0141989264488,44552100
2024-08-01,454.8893737792969,470.6144420320547,451.2475742960661,466.8637986918458,56653900
2024-08-02,444.09271240234375,448.8626959709487,439.8571329773261,446.2105172152805,66323200
2024-08-05,430.8515319824219,437.69972643798087,419.05525994795903,420.3021625718776,87483500
2024-08-06,434.96832275390625,442.4300770811271,430.04990284842074,432.6922054571562,63164400
2024-08-07,430.25775146484375,444.3400770278095,429.8619088840542,441.85611726701137,54929200
2024-08-08,443.41973876953125,444.3301736904715,432.6130580671069,436.48248198323597,47890100
2024-08-09,445.7354431152344,447.36831262214395,440.985241585035,442.10351876153544,33574000
2024-08-12,446.6953430175781,449.6543015423584,443.8946973509151,446.7052488965294,27795000
2024-08-13,457.7790832519531,458.0463003756158,450.9507011946519,451.08926269593627,40084500
2024-08-14,457.9275817871094,460.2828556615313,453.6425036465701,458.69948537304487,34733700
2024-08-15,469.49627685546875,469.89211944188804,463.51895413772047,463.8950151651175,38280600
2024-08-16,470.0998840332031,471.46556648913753,466.75495864422777,467.71489267478665,38383600
2024-08-19,476.2751159667969,476.314709281999,468.4571123615935,470.23844913548015,23737700
2024-08-20,475.2756042480469,477.9277824691398,473.58332983459263,475.364666553884,29209300
2024-08-21,477.49237060546875,479.34295796614543,474.3453815043976,476.0574073595781,25658800
2024-08-22,469.92181396484375,480.50087108600786,468.89259906395546,479.8081238986909,37739600
2024-08-23,475.0183410644531,477.72989443042314,470.3473261692852,474.2662190268282,36061500
2024-08-26,470.4066467285156,475.3943471900069,468.3284356861568,474.4740065086699,27452600
2024-08-27,471.8119812011719,472.8807591898748,466.81437423876616,468.7738357857168,27510000
2024-08-28,466.45806884765625,472.0692054646564,463.0339871430499,471.346801146548,37372400
2024-08-29,465.77532958984375,472.96986811576556,464.4987092046197,468.3681334816906,41081500
2024-08-30,471.3270263671875,471.9504927515124,465.626826998042,470.1098112366977,33466500
2024-09-03,457.0171203613281,468.41754961460447,454.6420347086688,468.28892418329235,44985200
2024-09-04,455.8295593261719,459.6297325855357,452.9794746829276,453.9097213390106,32505100
2024-09-05,456.2550964355469,460.5302382843721,453.18726380172785,454.2065727199707,34452400
2024-09-06,444.03326416015625,456.4332200932518,443.53845342028677,455.5524424798757,50624400
2024-09-09,449.74334716796875,450.7329685991711,445.15151943163164,448.3578832044554,32981200
2024-09-10,453.8998107910156,454.404527431382,447.5365516543528,451.50491342000015,29680300
2024-09-11,463.75640869140625,464.49862479430976,446.5963760163785,455.1368141392579,57843000
2024-09-12,468.3087158203125,469.12021274769836,462.004831315396,463.7861380430132,40067800
2024-09-13,470.4066467285156,471.584298645824,467.34872013511097,467.5763439362279,29111800
2024-09-16,468.3284912109375,468.94205173790556,465.0132831893614,468.2790222139315,22585600
2024-09-17,468.575927734375,472.6432882670281,466.08209214267174,471.34688637045576,30084400
2024-09-18,466.54718017578125,473.8604676353551,465.9434953333067,469.7733560531388,39909200
2024-09-19,478.3434143066406,481.1836532649459,475.50320554918557,477.6011982117997,52782500
2024-09-20,477.4330139160156,478.6700408299841,473.335966280543,477.4824829122334,34577700
2024-09-23,478.6985168457031,479.78863625808964,477.2714569319046,478.60932938150205,24843000
2024-09-24,481.007568359375,481.9589315670274,475.85432326157445,480.10574366251944,25952600
2024-09-25,481.4534912109375,483.4057861989954,480.20480632461255,480.3831812388623,26549900
2024-09-26,485.07073974609375,489.2627322137733,481.4337116875212,488.93568125355074,32020200
2024-09-27,482.3751525878906,486.23020427686686,481.1958457378582,486.0914480623736,22851100
2024-09-30,483.683349609375,484.0202901406472,478.5796426391889,481.4139231192811,30281100
2024-10-01,476.94439697265625,483.6139194959118,473.1091848680393,483.31662795419345,42735400
2024-10-02,477.61834716796875,479.53099347672526,473.42635462803594,476.0426111384499,23744000
2024-10-03,477.2615051269531,480.1948924226941,474.6848676640925,475.4281267258818,25337200
2024-10-04,482.9400634765625,483.4950278786583,478.0543806808698,483.0688998990654,30686600
2024-10-07,477.7669677734375,482.19679333270193,476.5480119306122,481.0274062437878,24975100
2024-10-08,484.9022521972656,485.5860530274448,479.50125391077506,480.30397136476074,28272000
2024-10-09,488.71759033203125,489.2923942618866,483.56434577663606,484.60489634017404,24995000
2024-10-10,488.1627197265625,490.02582759216244,485.1302246664413,486.43836809249575,25750400
2024-10-11,488.9257507324219,489.9465223032904,485.7644497271091,486.32930368033,20644500
2024-10-14,493.028564453125,494.3465973585844,490.808706825702,491.3141024770898,26060100
2024-10-15,486.4383850097656,494.0196229237276,484.28787504926663,493.35563138727184,34784500
2024-10-16,486.4977722167969,487.2707604745814,483.18779530560226,486.76533460642946,22996800
2024-10-17,486.8347473144531,492.0276416079537,486.7752890014201,491.97810309485703,27210700
2024-10-18,490.02581787109375,491.11593737118017,488.86632025661703,489.61949922818457,25335000
2024-10-21,490.96728515625,491.7700026314171,486.8942092236496,488.8167753413639,30336500
2024-10-22,491.50238037109375,492.9790090488197,487.54825154691343,488.30143046324906,26685800
2024-10-23,483.970703125,489.80777949555636,480.6904551648371,489.1537078148346,39346600
2024-10-24,487.8951110839844,488.56899209054706,485.0409912405532,487.68697675640317,22024900
2024-10-25,490.8681335449219,495.7835452221233,489.9861182359376,490.6897586206183,38762100
2024-10-28,490.94744873046875,494.03940202418397,490.65015716118575,493.97994371032735,20477800
2024-10-29,495.6646728515625,496.8439798063239,489.41138819730327,491.2645761995589,28014100
2024-10-30,491.9186706542969,495.8529905378008,491.43308432455694,494.90162723594295,29756000
2024-10-31,479.5012512207031,488.00412245137545,479.40214395365643,487.954583939498,41245200
2024-11-01,483.049072265625,486.33924004761803,480.8391344021652,481.1364259666195,33655800
2024-11-04,481.6418151855469,484.98152122615164,479.89762415814664,482.4445325917277,23291600
2024-11-05,487.7861022949219,488.45009377025474,483.1382526974681,483.2274401655053,24353600
2024-11-06,501.03594970703125,501.85850679379894,495.10971593005127,496.06107920229374,43082200
2024-11-07,508.92431640625,509.70725465257993,503.77107179071777,503.83053009542596,32853100
2024-11-08,509.51898193359375,510.29193992816494,507.8044898484447,508.4288323181187,22924500
2024-11-11,509.2217102050781,510.94606166969805,506.3279414175583,510.7379273428509,24167500
2024-11-12,508.300048828125,510.0343202052163,505.2477445114932,509.15236530324336,25835300
2024-11-13,507.64599609375,510.3514400261562,505.36668014613633,507.7946721174008,24567400
2024-11-14,504.1180114746094,508.18113740505333,503.2062669199819,507.30907205086606,28679500
2024-11-15,492.1069641113281,498.80618640857796,490.0456416788712,498.41970735455106,51461100
2024-11-18,495.52587890625,497.62685004551037,492.2654707437731,493.652881689858,27080800
2024-11-19,498.93499755859375,499.42061410574536,492.6123348353257,492.94930559999926,24523000
2024-11-20,498.6475830078125,498.95479434633813,492.096977151282,498.6376632087343,29565500
2024-11-21,500.4413146972656,502.4034993526954,493.08799140909434,501.68996941164187,34526700
2024-11-22,501.2440490722656,501.9773883931018,498.2610927916357,499.8863672514566,23826600
2024-11-25,502.0368347167969,506.85316942781503,499.727789745264,505.31708246990956,26375200
2024-11-26,504.7324523925781,505.555009505717,502.6711601960854,503.5134964235707,26557100
2024-11-27,500.7584228515625,503.67200096615676,497.4187167746415,503.6026531011734,24957400
2024-11-29,505.15850830078125,505.7531216213566,500.7683318681806,501.38275454356886,15334000
2024-12-02,510.6585998535156,511.6199130371729,506.0305903133928,506.4170995466131,25147200
2024-12-03,512.2244262695312,512.5019386948712,508.7558838722561,509.3306878343324,18597900
2024-12-04,518.5570678710938,518.8147407281132,514.9299292457346,515.6434895026028,26086200
2024-12-05,517.1200561523438,519.3299939278061,516.733546890651,518.6065744020088,18169600
2024-12-06,521.748046875,521.9858801083601,517.6551619389516,517.7839983547849,23762600
2024-12-09,517.684814453125,521.619102763591,516.5352067471304,520.8263053205482,20674400
2024-12-10,515.9209594726562,520.6580271192222,514.4938993957188,518.9138358600111,24350000
2024-12-11,525.1571655273438,525.8409663614733,519.8751140774373,520.2814024633593,32168600
2024-12-12,521.7680053710938,524.2059175417337,521.2923387959812,522.9373926926415,23577500
2024-12-13,525.7616577148438,528.3778835858818,522.560647627192,525.6922796121901,28780400
2024-12-16,533.3330078125,534.3042408794819,528.2094917796982,528.2887896903175,31979900
2024-12-17,530.9843139648438,532.6492071689107,529.3293405604305,531.5392783661994,28579100
2024-12-18,511.8279724121094,532.0545625405334,510.3811335079535,530.3401310230003,54703200
2024-12-19,509.5487365722656,517.0705459413463,509.21182628972144,516.5056617171667,46441800
2024-12-20,513.998291015625,520.1029592084699,504.71254304884667,505.852200874932,60530000
2024-12-23,519.006103515625,519.3833002478667,512.3159202923702,515.7106302984251,29672800
2024-12-24,526.0436401367188,526.1329411134772,520.3162608023672,520.9515457699987,17558200
2024-12-26,525.6864013671875,527.3142968325767,522.4207352238725,524.4158916610216,19090500
2024-12-27,518.6983642578125,522.559632331355,514.0330843757536,522.1228814363513,33839600
2024-12-30,511.7997131347656,515.522001257147,508.0476479190875,511.70047635181544,34584000
2024-12-31,507.45208740234375,513.8345329727888,506.4892543650599,513.0802001650353,29117000
2025-01-02,506.45947265625,512.8221071633047,501.97285552495356,510.4993728244697,36389800
2025-01-03,514.7478637695312,515.8099640553276,508.7425836013159,509.55647072922574,29059500
2025-01-06,520.6637573242188,524.018784806924,518.1723564940825,520.1476411928097,36109700
2025-01-07,511.3728942871094,522.1030076792526,509.4869713360559,521.7059999662438,36690300
2025-01-08,511.4622497558594,513.1000201476976,506.7969699488272,511.27365140459267,30777800
2025-01-10,503.44195556640625,507.7994984696709,500.19613120906627,507.7002616861164,40532500
2025-01-13,501.82403564453125,502.2806278778251,496.00735411881755,497.4962694940487,31694200
2025-01-14,501.3475341796875,506.39001083545065,497.88333436019064,504.9804910575475,33737200
2025-01-15,512.8817138671875,514.0231792721111,507.680415704871,509.2388513156959,34957600
2025-01-16,509.2884521484375,515.2242416848954,509.15940797728683,515.144815906314,28229000
2025-01-17,517.8843994140625,520.1971979799845,509.3181691473964,518.9861821179226,51837900
2025-01-21,520.9218139648438,522.0831509199561,516.2168513724278,520.6041714349437,23628000
2025-01-22,527.5823364257812,529.8752639091944,525.3489631399584,525.6566699248622,33593000
2025-01-23,528.703857421875,528.8229657869698,524.5448186856646,525.1304247166951,23096600
2025-01-24,525.716064453125,529.8452955948869,524.2470209693237,529.0810270552897,19878300
2025-01-27,510.4100646972656,514.1620993962705,506.3800397959972,507.2237644449725,60771700
2025-01-28,517.9539794921875,519.1351881754546,507.9980993704096,511.4126509421013,33194200
2025-01-29,516.981201171875,518.7282048637726,513.0802502522747,518.5991606876129,26649000
2025-01-30,519.1847534179688,522.2122024136221,514.3805539731445,519.8399100776113,27431300
2025-01-31,518.4302978515625,527.5921301044531,517.338450995146,523.0260873773669,38755200
2025-02-03,514.28125,517.000992221849,507.27342449560086,509.6755241871737,40580800
2025-02-04,520.59423828125,521.2295233442737,514.4003603770645,514.7974286874838,26046800
2025-02-05,522.9567260742188,523.1155776535062,516.7727831295116,517.9639276376615,21134100
2025-02-06,525.6864013671875,525.8948713447239,521.8549400712387,523.4629639433027,19434500
2025-02-07,519.0557250976562,528.1678797493125,518.3311390158517,526.2224024701397,29605500
2025-02-10,525.3388671875,526.440649799091,522.8573420708846,523.3238397124358,20852800
2025-02-11,524.0883178710938,526.0040485358071,521.94430621765,522.0733504071393,19325500
2025-02-12,524.3959350585938,525.2793726405877,518.0928847804781,518.4402741025981,25009400
2025-02-13,531.9397583007812,532.2573402077036,525.2793229514261,526.0634630928408,28714800
2025-02-14,534.1732177734375,534.8581212532781,531.7115032138299,532.0490173479468,17862600
2025-02-18,535.3840942382812,536.0094434356852,532.0786857068766,535.7414193270516,20565000
2025-02-19,535.5330200195312,536.8134652370089,532.4956355398415,534.5900283086233,19666900
2025-02-20,533.260009765625,535.1161861718319,528.5252998523972,534.7489252091573,26550800
2025-02-21,522.1923828125,534.421347555334,521.8251218909734,534.4014759647268,47093800
2025-02-24,516.0282592773438,525.1602852244356,515.6908057368098,523.9790766643296,39268400
2025-02-25,509.5266418457031,515.4823026566079,505.6753096745888,515.4028768822437,48940000
2025-02-26,510.7574462890625,515.8197335223668,507.5910176736259,511.7203095816127,34457600
2025-02-27,496.5730895996094,515.2341793751592,496.35471414579564,514.3011233717788,52448000
2025-02-28,504.41473388671875,505.0202115627976,493.2577747457523,496.43413947250224,47654000
2025-03-03,493.37689208984375,509.2487196326077,489.93253345416554,507.7399630206097,44587200
2025-03-04,491.88800048828125,500.01748091232383,484.1357168084358,490.5281292836156,67875400
2025-03-05,498.3002624511719,499.90828614862966,487.62970266721254,492.5331995401363,46323700
2025-03-06,484.5923156738281,494.89558418778057,482.6070952577814,490.0417360224173,57574300
2025-03-07,488.15576171875,489.6347411717219,476.9789615630039,483.5599718062666,54714700
2025-03-10,469.23663330078125,480.39356231594445,465.1967024947357,479.8774159142813,76668000
2025-03-11,468.114990234375,475.2717015064333,463.55891291656457,468.85944790641054,68760800
2025-03-12,473.3956604003906,477.50505079394827,468.3035653299785,475.6190975102553,46971100
2025-03-13,464.8790588378906,472.760386273074,462.98316971511383,472.7306091786664,46563300
2025-03-14,476.11541748046875,477.00876061202655,469.62373821824536,470.2292461988736,43563000
2025-03-17,479.202392578125,482.2497130174167,474.2691189068619,476.06574086012523,41744400
2025-03-18,471.03326416015625,476.0657749736721,468.91899953639006,475.86727110411596,39072300
2025-03-19,477.3363342285156,481.74349565345614,471.3608014299573,473.28646764378425,40430300
2025-03-20,475.7183837890625,480.96927004322396,472.6611273475336,473.35596661844284,36780500
2025-03-21,477.2866516113281,478.05095050682746,469.41526054496114,470.5765974343295,42234900
2025-03-24,487.7604064941406,488.60538941404207,481.5373907904982,484.8576491349716,34567200
2025-03-25,490.54388427734375,490.7029423960745,487.52187103316214,488.4861400211188,26035200
2025-03-26,481.51751708984375,490.24562966600536,479.96673847902554,489.390696139039,34627100
2025-03-27,478.7738342285156,483.70451433059617,477.41193517577676,479.5591741727875,33469800
2025-03-28,466.16876220703125,477.6803158784236,465.2840071747282,476.9745201773356,46363800
2025-03-31,466.14892578125,467.08334293131804,454.62739030879317,459.1902923533091,53000300
2025-04-01,469.9065856933594,470.8310825660288,461.6755176682955,464.538472789733,41156200
2025-04-02,473.336181640625,476.72603385839966,463.10698198476695,463.36545522057037,49894500
2025-04-03,447.9967956542969,457.3511902166352,447.4798795534505,453.742637111202,70456300
2025-04-04,420.1722106933594,437.7675929050692,420.1722106933594,435.55079068681124,117088400
2025-04-07,421.1861877441406,440.52125924890055,400.01207316550386,406.24500940343484,161557000
2025-04-08,413.6012878417969,440.52127536489417,407.3683513758407,435.57069379132787,101248100
2025-04-09,463.2461242675781,465.06529634282225,412.97496569005153,413.11415290728195,142876900
2025-04-10,443.5433044433594,452.8976999510687,430.0733899256375,450.8796973929854,108384100
2025-04-11,451.71466064453125,453.0964608286063,438.72189215337244,442.0222794815872,52483800
2025-04-14,454.7765197753906,462.30176158755654,449.955174921676,461.7152518499013,43941200
2025-04-15,455.283447265625,459.6475186324782,453.454324591476,455.83021518157193,35404200
2025-04-16,441.5550537109375,449.9451788691767,435.17301051795084,446.37639807774553,48980600
2025-04-17,441.47552490234375,445.10394856637134,438.7516967485791,444.52738951906616,44837000
2025-04-21,430.5505065917969,436.48522787937225,425.40112526573694,435.64027525418857,44149300
2025-04-22,441.85333251953125,444.9349886334612,435.03385628214005,436.22677695266526,52304400
2025-04-23,451.8737487792969,460.641633756553,450.20368411807647,455.46243104941027,55801100
2025-04-24,464.588134765625,464.89630034955155,453.13619442842605,453.7823774307529,45956100
2025-04-25,469.7673645019531,470.29423120888106,462.63975320893314,464.2104027176438,38697100
2025-04-28,469.61822509765625,472.0040358662156,463.27592382131877,470.2345562596675,33550800
2025-04-29,472.7198181152344,473.6045731544733,466.8149185696458,467.3915080044207,30613100
2025-04-30,472.6601867675781,474.37997416490805,459.697238824554,464.36947606745446,46810600
2025-05-01,478.8334655761719,484.30096287876717,477.89901815565884,480.5532529218463,43316500
2025-05-02,485.94122314453125,488.00894827712347,481.9648613296433,483.66477784831574,39218100
2025-05-05,483.058349609375,486.14003597307794,481.2391774925475,481.73622270162116,28309500
2025-05-06,478.5650939941406,482.1835675083398,475.36412148604,476.7260205679887,32786300
2025-05-07,480.4438781738281,482.9291041737698,473.9624196873836,479.2310866723673,38006300
2025-05-08,485.4044494628906,489.7883921245775,481.3088015351198,485.6430214704163,39577600
2025-05-09,485.0863037109375,488.63521379310254,483.326774588034,487.31305654497106,27767400
2025-05-12,504.8488464355469,504.88861854839246,498.51649505607935,503.99391286415016,45090600
2025-05-13,512.5430908203125,514.3324413872226,505.4154493764172,506.1510665570221,53269600
2025-05-14,515.6148071289062,516.1615447200978,512.7021295054291,513.7161211405411,47014500
2025-05-15,516.181396484375,518.845551249811,512.1254910070218,513.46754933804,50153300
2025-05-16,518.4281616210938,518.6170412486316,514.0441884093638,517.5831482665423,48394600
2025-05-19,518.9251708984375,519.442117353632,511.2010686059385,511.2010686059385,52536200
2025-05-20,517.1953735351562,517.8514464284522,513.6066614830175,516.4000527652197,42517600
2025-05-21,510.00811767578125,519.9092799162278,508.21876708820884,513.2190709308395,71292800
2025-05-22,510.9624938964844,514.6505913275334,509.27252798800356,510.62447644500173,55607200
2025-05-23,506.2305908203125,508.8152319544728,502.59221627823973,503.1886765918508,58368100
2025-05-27,518.1397705078125,518.6269257716245,511.5490069592283,513.099785560271,47226300
2025-05-28,515.8434448242188,520.5852756508032,515.326559052752,519.0941399870436,46637200
2025-05-29,516.857421875,523.3687019543887,514.2628604553026,523.2196247969079,58513300
2025-05-30,516.042236328125,517.6029654866918,508.9046747674079,516.370303138387,67662800
2025-06-02,520.1180419921875,520.3566139720011,512.9207767791972,514.1832909592489,44762800
2025-06-03,524.183837890625,525.6153304447355,519.6010958649408,520.4659496294596,44070300
2025-06-04,525.6452026367188,526.708886650537,522.8617009643712,524.8896842213366,41359300
2025-06-05,521.688720703125,529.8999177687056,519.5713031286073,527.0468829475419,61031200
2025-06-06,526.7883911132812,528.6572860020211,525.0885352856423,526.8679353376542,42467000
2025-06-09,527.5638427734375,529.2040557008712,525.8838273941709,527.0071545180014,33688700
2025-06-10,531.0531005859375,531.7390254485366,525.7645319173196,528.0310266756026,40664800
2025-06-11,529.263671875,533.607902979141,526.9772759658763,532.4547240748923,53701000
2025-06-12,530.5062255859375,531.4804753804111,527.7029442130614,527.9514667987352,34104900
2025-06-13,523.845947265625,528.7269048823287,522.6231747023902,524.5616632957901,55814400
2025-06-16,531.1325073242188,532.2061418831144,527.3152343861935,527.3649267684334,37622100
2025-06-17,525.9534301757812,530.1783148927323,524.790300579849,528.5678931016404,42180900
2025-06-18,525.8638916015625,529.4028511373086,524.2833217813045,526.9673174269449,43983500
2025-06-20,523.7166748046875,530.4068839390565,521.7781863439574,529.1145785233912,61643500
2025-06-23,529.1017456054688,529.6192118620138,521.1400908129034,524.2849177292203,50666100
2025-06-24,537.1928100585938,538.1083833993794,533.6996241180443,534.3166475371182,45442000
2025-06-25,538.566162109375,540.7058813321303,536.7947253384327,539.4618726543914,44804200
2025-06-26,543.6018676757812,544.0497229160504,538.9244439782782,540.7456288167091,43811400
2025-06-27,545.4629516601562,547.3538082383178,541.9299187322695,544.6369129629151,57577100
2025-06-30,548.9959106445312,550.150323841353,546.3785118204822,548.6177271894713,45548700
2025-07-01,544.3681640625,548.0703649871544,542.0493151839511,547.0950210069877,56166700
2025-07-02,548.1599731445312,548.3590266820488,543.5024119311546,543.5421983416136,36538300
2025-07-03,553.553955078125,554.5292991491806,550.528547956803,550.528547956803,26443500
2025-07-07,549.3840942382812,551.6830197478901,546.9458251844275,550.8669428006658,45349300
2025-07-08,549.6925659179688,551.3545443122363,548.4584584278795,550.7275591514004,36153300
2025-07-09,553.5838623046875,554.9572527460838,550.4489361357153,551.8223265771115,43045500
2025-07-10,552.7876586914062,554.6287670725607,550.1005880395711,554.2207589895446,34710900
2025-07-11,551.543701171875,553.126046198862,549.4039819426756,550.647990624161,39618600
2025-07-14,553.5440063476562,554.2804496744797,548.9859421113066,551.3346156245823,36453300
2025-07-15,554.051513671875,558.1119745200461,553.9918036921638,557.5646229155932,43277700
2025-07-16,554.6187744140625,557.524821997974,548.9162589009651,554.6088733698717,52314700
2025-07-17,559.107177734375,559.6147429299454,554.5392124594489,555.3453275516479,40423800
2025-07-18,558.56982421875,562.0231629422733,557.2959302535468,560.4208944407413,50484700
2025-07-21,561.4658203125,563.3467757995568,559.365948479278,559.3958338406302,39595200
2025-07-22,558.5599365234375,561.6450539693269,555.9325754286451,561.5953057671576,43270600
2025-07-23,561.1076049804688,561.1473913894928,556.897899192682,559.644679980569,40215300
2025-07-24,562.3018798828125,563.5259649748344,560.590092369004,562.4212998555654,42275500
2025-07-25,563.6553955078125,564.9790378534013,561.5654850611911,562.2222949681642,30630800
2025-07-28,565.4168701171875,566.3125198933016,564.1529379000713,565.0187630549528,31498700
2025-07-29,564.5410766601562,569.3678058353573,563.8145950597007,568.0243008153843,45463300
2025-07-30,565.2974243164062,567.88493787487,562.3416283337683,565.4566306884598,43433800
2025-07-31,562.3018798828125,571.8757657350329,561.1673293990499,571.7861703841629,64613600
2025-08-01,551.2251586914062,556.3405363278684,549.0356915374143,556.1514446022372,69400800
2025-08-04,561.3961791992188,561.6151562999452,556.2709001900665,556.3703965814645,47669800
2025-08-05,557.5845336914062,563.8443626007596,557.047083143738,562.6799876518158,48666600
2025-08-06,564.600830078125,565.0387235781728,557.9428929652461,558.4205728770752,41823700
2025-08-07,566.5115356445312,570.5719965866228,562.4013265086303,568.9298809926769,44463000
2025-08-08,571.796142578125,572.0151196938974,567.4172684314073,567.7158183687225,35255500
2025-08-11,570.1041870117188,574.0352659921666,568.8303539029688,571.9353942373868,33112900
2025-08-12,577.269775390625,577.5683253251331,569.7460133279651,572.4031988590039,42143300
2025-08-13,577.558349609375,580.5240464797514,576.165035771658,579.9667330931853,41209300
2025-08-14,577.1105346679688,579.0909866487473,575.139983732242,575.508266162602,45425000
2025-08-15,574.57275390625,577.060771050305,572.811218330625,577.0209239007323,49480200
2025-08-18,574.3438110351562,575.0006815724842,572.4827790837365,573.67703945311,29831000
2025-08-19,566.5514526367188,573.7965277870278,565.5263603018907,573.6273596101793,53752600
2025-08-20,563.1876220703125,565.7253875756548,556.1614636230435,565.6059676042936,76781100
2025-08-21,560.5801391601562,563.774714247948,558.2911148293009,561.6449570276834,46436900
2025-08-22,569.2284545898438,571.238791941298,560.5702032580724,561.9634564557491,51502100
2025-08-25,567.58642578125,570.542161218221,566.4319517221652,567.6660593438861,34044700
2025-08-26,569.8653564453125,570.1738681264644,566.0736209319145,567.0987131018536,34103000
2025-08-27,570.7412109375,571.6567843025553,567.6361701841732,568.8503542214644,36927100
2025-08-28,574.31396484375,575.2295381040836,569.716114225579,571.3581690220095,46787900
2025-08-29,567.666015625,572.273828233091,565.8148847062891,571.9055458127416,56030400
2025-09-02,562.908935546875,563.257233673264,556.8580604404501,558.6195961337324,65876800
2025-09-03,567.3375854492188,568.9597775003773,564.0135677896833,566.5015849549442,54230200
2025-09-04,572.4727783203125,572.840999970597,566.3025448600863,568.0043095836706,47526300
2025-09-05,573.298828125,578.3345721151251,568.7905728965633,577.707586970244,68342500
2025-09-08,576.095458984375,578.0560483188578,575.0007556046913,575.5978554949527,46371400
2025-09-09,577.7275390625,578.1554707195171,574.274139701763,576.8915385805233,44007600
2025-09-10,577.9166259765625,580.971918274203,575.7769069667078,580.9420329124574,49308000
2025-09-11,581.2803955078125,582.0765487866307,578.8321649514098,580.4443950823623,44745800
2025-09-12,583.8480834960938,585.0423439865303,581.3003561297145,582.2358530939185,50745900
2025-09-15,588.843994140625,588.9534523182087,585.4702282697297,585.6195335974215,44360300
2025-09-16,588.3463134765625,590.0182535112544,587.6596183960106,589.7694518261646,36942100
2025-09-17,587.1720581054688,588.9136701422223,581.5690385221046,588.2667613743852,69384800
2025-09-18,592.466552734375,595.2730433570825,590.1178791327126,592.058483907603,61069300
2025-09-19,596.4771118164062,597.1737686554727,592.9938883636707,594.4668355857931,58196100
2025-09-22,600.0083618164062,600.6759063866804,595.5446250028239,595.56457167487,57154800
2025-09-23,596.02294921875,600.3770403666388,594.8073576106723,600.1777560752951,64635500
2025-09-24,593.9305419921875,597.7167610032964,591.2005236200914,597.3979183069385,49850300
2025-09-25,591.3699340820312,592.9541133753095,586.358211090951,590.0447574609248,70920200
2025-09-26,593.801025390625,594.1298414316656,588.9089213733314,592.1869260081028,54337400
2025-09-29,596.5509643554688,599.858888854889,595.2357610619866,596.929586249639,48332900
2025-09-30,598.1849975585938,598.5237869140956,593.9305184146496,596.2520555976123,46533800
2025-10-01,601.0545043945312,601.592517201177,594.1696797218984,594.9966151966095,46899600
2025-10-02,603.5255126953125,604.950301116935,600.7357150581139,604.8506893778672,43765400
2025-10-03,600.9848022460938,605.1197232184186,599.2013385970163,604.3027001978111,46482100
2025-10-06,605.498291015625,607.1422494333636,603.7645725777412,606.2355880916678,41962100
2025-10-07,602.3099975585938,607.4910851983766,600.835403229105,606.8035939044607,58209500
2025-10-08,609.2147216796875,609.523591030116,603.0572205300643,603.2066381307736,50629800
2025-10-09,608.4774169921875,609.3840783602061,605.2691043090726,609.2545466200572,45551000
2025-10-10,587.3546142578125,610.9484275974415,586.9062397942465,609.174937229752,97614800
2025-10-13,599.8190307617188,600.7556121211176,595.056398092238,597.497493628088,65872600
2025-10-14,595.8236694335938,600.4966033203683,587.9823159734815,593.1434568492728,69203200
2025-10-15,600.0282592773438,604.4919961772353,593.7611729131481,601.8117836952674,62805500
2025-10-16,597.806396484375,606.0961241101174,593.3327470469682,602.9077579751356,70982000
2025-10-17,601.7320556640625,603.306322454893,594.1995718879336,595.7738386787643,72024900
2025-10-20,609.3143310546875,610.5697551235123,604.8606284241672,604.9303809627713,45761700
2025-10-21,609.1549682617188,610.4900574537519,607.1024677916307,609.41403175621,44538200
2025-10-22,603.286376953125,609.1848147458128,597.5573034367524,608.5969960402966,61478800
2025-10-23,608.35791015625,609.1450131867009,602.319966975814,602.7085014161719,42844300
2025-10-24,614.8541259765625,616.1693293175521,612.8913247080658,613.7481802624443,47632500
2025-10-27,625.80419921875,626.2624862060553,621.7589773359792,622.2471843336021,54098600
2025-10-28,630.6165161132812,632.3701204498367,626.9598898422056,628.0658354818435,61195700
2025-10-29,633.4561767578125,634.69165413006,627.9562469711387,633.276839153424,67422800
2025-10-30,623.7715454101562,631.1944440896802,623.6619603385896,629.869267455657,61628600
2025-10-31,626.780517578125,631.8918518941646,624.4091746831857,631.8619318884121,66305100
2025-11-03,629.7796020507812,633.5059808284601,627.5576766411583,632.7985429356352,37154300
2025-11-04,616.996337890625,624.6683271251044,616.2092348629542,621.0117005353788,63830800
2025-11-05,621.0116577148438,624.3195213581258,614.9637416360841,616.2390515684897,48688500
2025-11-06,609.4439086914062,619.7761638844125,608.078899450419,619.5270737190788,72115100
2025-11-07,607.5209350585938,607.7301926884926,596.4912153281726,606.0961466218313,81835400
2025-11-10,620.9617919921875,622.0378784586748,614.644899897251,616.6674802752618,55919900
2025-11-11,619.307861328125,620.4536395227035,615.2726130875191,618.3115007347396,44868800
2025-11-12,618.8197021484375,622.5859138594624,615.5615832963299,622.566027998916,47444400
2025-11-13,606.1858520507812,615.8704485105809,603.8742880136988,615.2925422980531,71333600
2025-11-14,606.64404296875,611.1176919097272,594.9965862233795,597.3679290922347,80087300
2025-11-17,601.4630126953125,610.2509204798646,597.6868279161546,604.0934192729386,63850400
2025-11-18,594.1397705078125,600.1179339423381,589.1878876531316,597.4377215700049,83327300
2025-11-19,597.686767578125,603.953853223184,592.4260157669842,594.8969703439581,73111500
2025-11-20,583.5385131835938,611.7953468701894,582.6218784315797,609.3940836964333,117743200
2025-11-21,587.9224853515625,594.807310091711,578.6264242609341,585.3319113971087,103344200
2025-11-24,602.9575805664062,604.4720682054578,592.9939741263881,593.1135933516537,60168100
2025-11-25,606.6740112304688,608.0390203669549,595.1461119637967,601.3135864178203,57560900
2025-11-26,612.034423828125,613.9474190856081,608.1685399702174,610.2808195033393,42393600
2025-11-28,616.996337890625,617.0660904342964,613.1802595402138,613.8677508272276,23034400
2025-12-01,614.923828125,617.1855860502521,610.2907880213397,611.3967336448243,40957600
2025-12-02,619.7362670898438,621.4798980663827,615.3423437866954,617.2055331651553,54541800
2025-12-03,621.2507934570312,621.9481972408511,615.7807833814271,617.3649627124794,47841600
2025-12-04,620.6729125976562,622.665633919662,617.285262025035,622.6556605829674,47067800
2025-12-05,623.20361328125,626.6310962033638,621.440096358939,622.1076409382764,53614200
2025-12-08,622.0079956054688,626.5513972974647,619.4273950138578,624.9273247300189,43462400
2025-12-09,622.775146484375,623.5921694288306,618.7398984397635,620.7425928652799,37156000
2025-12-10,625.3258666992188,626.920080160108,618.7299643381673,621.5795410824109,55031400
2025-12-11,623.3032836914062,623.5025679748155,615.4718431258982,621.5496792982444,58272800
2025-12-12,611.3867797851562,621.2706598008424,609.1349951238292,619.8160122611713,75158700
2025-12-15,608.3179931640625,616.1693197420918,607.102462393675,616.1195138735233,49538200
2025-12-16,609.5235595703125,611.2771638485672,604.7011478051123,606.0462710202155,55152800
2025-12-17,598.2247924804688,611.4166568355257,598.0953215609716,610.8287773715621,70654300
2025-12-18,606.8931884765625,610.6992932536183,604.7111563372118,607.5806797208244,78875800
2025-12-19,614.8043212890625,615.3722541519244,609.6431804668954,609.722906345813,60369800
2025-12-22,617.7513427734375,620.1855972768566,616.3147325600856,619.8862552767364,43703100
2025-12-23,620.6444702148438,620.9437513214359,616.3247143117193,616.7437078609482,41120400
2025-12-24,622.460205078125,622.809417120355,620.255389239048,620.5247726871431,18468700
2025-12-26,622.4203491210938,624.0465142854792,621.6721158574088,623.1884938656726,28959800
2025-12-29,619.4074096679688,621.312944373981,617.2724362589381,618.6392040742111,32458300
2025-12-30,617.9707641601562,620.7142858196408,617.7612369489017,618.3798323976478,31226800
2025-12-31,612.8628540039062,618.4995685313527,612.6034567489972,618.1903012408169,40746500
2026-01-02,611.6756591796875,621.3827185880021,608.7126848809434,618.5993129536024,61859200
2026-01-05,616.5341796875,619.3475438678657,615.2671519649484,617.8610636312775,46828400
2026-01-06,621.951416015625,622.550039153126,617.0829067758982,617.7712838046286,43137500
2026-01-07,622.550048828125,626.4607976434537,621.0934661514185,621.5723159557587,44880300
2026-01-08,619.0083618164062,621.9514248328863,616.3446684463296,621.5623898130801,50435900
2026-01-09,625.173828125,626.4108973206594,617.6016810573577,619.946120817708,49688700
2026-01-12,625.6925659179688,627.368601054656,620.7941591397378,620.8440291770474,37388700
2026-01-13,624.7647705078125,627.9871421828441,622.2307758506613,625.7923733874012,44481400
2026-01-14,618.0905151367188,621.9813522711377,613.1122798122711,620.7741807448011,72598700
2026-01-15,620.3153076171875,628.5159146085045,619.2877047511574,625.1238996016858,53934900
2026-01-16,619.7965087890625,624.6051616315584,617.4221104790464,624.0265108868263,61058100
2026-01-20,606.6276245117188,613.611135001854,605.6199939698072,609.0918377338978,81988900
2026-01-21,614.8282470703125,618.958448118544,606.4280383777512,608.0342310571399,79837900
2026-01-22,619.2976684570312,620.9936758988773,616.3247080096578,620.8838887514372,42254800
2026-01-23,621.2530517578125,623.9267921630139,617.1926928942361,618.2701049354484,43645800
2026-01-26,623.9866333007812,626.1315320367429,620.654474506515,621.7419335987944,35983000
2026-01-27,629.6432495117188,630.5510790290263,625.8621995501378,627.428447510711,38997200
2026-01-28,631.728271484375,635.1003139672691,630.3216198646463,633.9630457840011,50691700
2026-01-29,627.9472045898438,632.1772064107698,616.8135217006399,631.1596506954837,79944000
2026-01-30,620.405029296875,626.7799907137291,617.8410762491409,624.2360100363766,65650700
2026-02-02,624.6650390625,627.0094788951942,617.2026180242116,617.2425627681274,49020300
2026-02-03,615.0676879882812,628.4959413976924,609.5207880738473,626.8199062679399,81234000
2026-02-04,604.322998046875,613.6509473291842,599.0554072347201,613.5711796318161,81850700
2026-02-05,595.6235961914062,603.3852370585454,593.3589241811554,598.7960977080248,89354500
2026-02-06,608.2138671875,609.9696699932801,597.3594924154261,598.7761302609774,78019300
2026-02-09,612.8728637695312,615.0078372205985,603.6446538426547,606.1088060763491,56797600
2026-02-10,610.029541015625,615.566515685603,609.5706636004911,613.8605219833995,53938900
2026-02-11,611.6657104492188,616.0653561148772,606.2584951427149,614.9280269463444,58575100
2026-02-12,599.22509765625,614.3593449076634,598.1576109292407,613.2619605146361,81378900
2026-02-13,600.5020141601562,605.0512695366964,595.0149707463246,599.0155339597561,69237500
2026-02-17,599.8834838867188,602.527265543405,591.9422745141455,596.9703796848319,69013800
2026-02-18,604.3629760742188,608.333642172117,599.3049116850376,600.6916520079001,64250700
2026-02-19,602.04833984375,604.3928403408552,599.3347767407971,601.3899214380363,60960800
2026-02-20,607.3757934570312,608.9121436812641,597.8183444916572,598.70626248816,74127300
2026-02-23,599.9932250976562,606.5777139403463,597.6387991893799,605.1809875790976,63859100
2026-02-24,606.4380493164062,607.5554060860559,598.3172099190714,600.9809641013653,55023700
2026-02-25,615.227294921875,615.3769659271486,609.5606824638733,609.6305248735758,55710700
2026-02-26,607.8048095703125,614.1398874724765,602.5571907580546,614.1398874724765,96178900
2026-02-27,605.8594360351562,606.8870389785335,600.7714740333364,601.5595911757949,68125200
2026-03-02,606.6575317382812,608.4831769130049,596.5812880631398,597.449233707877,75264600
2026-03-03,600.162841796875,602.5372399706525,590.4756942596103,594.9252095120197,97015500
2026-03-04,609.3112182617188,611.436205359631,602.0084551337541,602.7367159421393,70943900
2026-03-05,607.4755859375,611.3165531665334,600.8412876368789,605.9691941386595,89602400
2026-03-06,598.337158203125,604.5724349663923,596.9205203720956,598.8958365654587,86302300
2026-03-09,606.3283081054688,607.8347607375977,589.9370196014203,592.83015152989,93068200
2026-03-10,606.3383178710938,611.8452732023572,603.9938171455258,606.3483040570791,64078900
2026-03-11,606.2584228515625,610.9872467457833,603.6047159994632,607.5154643204306,60114800
2026-03-12,595.85302734375,602.716824803038,595.6435001258386,601.3400708370464,71836600
2026-03-13,592.3213500976562,602.1780807449821,591.1740956767717,598.3172021392496,63145500
2026-03-16,598.9656982421875,602.4374809704295,597.6986704778886,598.6264723831473,49077200
2026-03-17,601.8887939453125,604.4727195335382,600.4521836848432,601.7192114600242,47106600
2026-03-18,593.4986572265625,601.7391485345295,593.1594313501803,600.0730994941966,56128000
2026-03-19,591.623046875,594.3964663870662,585.6970372512312,588.1213056121308,75597600
2026-03-20,580.6888427734375,589.777367794347,577.177115328303,589.6676415345306,91964700
2026-03-23,587.3545532226562,594.426798587646,585.316814476339,589.8718065319924,89936100
2026-03-24,583.3389282226562,587.2846043834495,581.291190762444,584.168034177979,57750900
2026-03-25,587.1747436523438,590.7208345412774,585.0470769253521,588.4933019738706,60475500
2026-03-26,573.1600952148438,583.9882223389391,572.8005050402526,581.9604215239336,81492100
2026-03-27,561.9624633789062,570.3932010852176,560.953562318283,570.1834096572744,82702200
2026-03-30,557.6671752929688,567.4264087803426,554.990063621082,566.7571613464482,70602600
2026-03-31,576.54638671875,578.0048059355398,563.5906539497258,563.6705222317372,95878000
2026-04-01,583.6685791015625,587.0948065489223,579.7828346644924,580.8416686249938,79435100
2026-04-02,584.3378295898438,585.4066623334502,571.2921684003409,573.3399058573888,50941700
2026-04-06,587.85400390625,589.9616731281693,584.04818857967,585.5864761740653,35108500
2026-04-07,587.9439086914062,588.33343423744,577.7650922119919,584.9971348275072,49948200
2026-04-08,605.4246826171875,609.2304976949432,601.4590090396181,608.0418015962135,63086000
2026-04-09,609.5202026367188,609.8298599139192,602.3680889271087,605.2648690435934,37837500
2026-04-10,610.3992309570312,612.9963525292593,608.9108762966896,611.1684052317679,34038500
2026-04-13,616.7122802734375,626.0519920071752,607.4424380458482,608.8109292631304,32972100
2026-04-14,627.909912109375,627.909912109375,619.4192432257902,619.5391066149297,49921100
2026-04-15,636.7003173828125,637.1298380333551,627.5104045058445,628.389443361703,50102400
2026-04-16,639.7669067382812,641.4750515662109,634.5626649382287,638.508341093032,42320600
2026-04-17,648.1376953125,649.2864572780229,643.3629742993419,644.8813252169399,53488900
2026-04-20,646.0799560546875,648.0478251654257,641.8146849601577,647.3285838511964,37138500
2026-04-21,643.6226806640625,649.4862317832127,641.5050128476822,647.6981578004061,39580500
2026-04-22,654.390869140625,654.6106593494021,647.8081371457112,649.4363527672372,37368400
2026-04-23,650.7048950195312,656.1988574654163,644.8114082493845,652.8325617169355,40099800
2026-04-24,663.1512451171875,663.7805584259092,655.8093378063087,657.7871447947734,45563100
2026-04-27,663.5008544921875,663.7006471456002,659.9647623025988,662.6718094811696,32717000
2026-04-28,656.8281860351562,658.9159186391063,653.0923012400261,656.6883250827437,34147900
2026-04-29,660.84375,660.9935487523345,655.8692364466933,657.906975030037,31724900
2026-04-30,667.0069580078125,668.165718724101,656.8381407338443,664.6195670718752,40622200
2026-05-01,673.4099731445312,675.2279215792395,668.0658095505829,668.425399726581,39172600
2026-05-04,672.141357421875,675.9871067346722,668.165745937857,673.9193717407993,34542000
2026-05-05,680.8617553710938,682.0205161358222,676.7662804889583,677.2157986999623,37101100
2026-05-06,695.0062255859375,695.1660231170968,685.7263848294704,687.0250065058129,38778500
2026-05-07,694.1771240234375,700.4701959320079,691.0106209986512,695.8153383268437,43779100
2026-05-08,710.44921875,710.44921875,698.7321150158692,699.1516368844667,44320400
2026-05-11,712.5069580078125,713.805579696499,708.1317613118729,709.5801817559162,36019100
2026-05-12,706.463623046875,709.4003981235137,695.8752835015275,707.4425277497028,45873000
2026-05-13,713.9254760742188,715.8633489513101,704.0563165931343,709.1806902070881,40012500
2026-05-14,718.9998168945312,721.2374091114184,713.4359241362712,713.8355094170396,33327500
2026-05-15,708.1517944335938,714.3450008365951,704.7754998097428,709.3604881552494,51792700
2026-05-18,705.1051025390625,711.2883097073819,698.0827906816122,710.7588622671137,49834500
2026-05-19,700.7599487304688,705.714465040699,694.4868131207006,699.0418050981273,46827500
2026-05-20,712.3671875,712.3671875,703.0174157954351,704.5157692199168,36779200
2026-05-21,713.7256469726562,716.3327671783537,705.9941534147096,708.2116871156971,36415400
2026-05-22,716.7523193359375,721.3273088449104,715.1640988544713,717.2817668085307,33118600
2026-05-26,729.4783935546875,730.3673702569255,723.3650554496121,725.1631283460116,34254700
2026-05-27,728.6492919921875,732.515039000156,724.6436840304248,732.155448805963,35148700
2026-05-28,734.79248046875,735.7913827320126,725.6125662306399,728.9289290608506,32840000
2026-05-29,737.49951171875,740.815874477768,734.4428732975097,737.0300569298091,37541700
2026-06-01,741.9246826171875,744.8315224447946,735.1820921097265,736.2309273283665,33890600
2026-06-02,745.3408813476562,745.6206032443648,738.4184960219842,741.5850600741305,30085200
2026-06-03,743.39306640625,747.828194840854,740.1965670083828,746.4896389980919,40270200
2026-06-04,739.7969970703125,742.6838392688934,731.815777671541,734.6726235372454,40782600
2026-06-05,704.2860107421875,730.8867822650427,703.5468328396532,729.2585667367451,99606600
2026-06-08,715.283935546875,722.2363170978037,712.2872288217055,717.0220156925686,47401500
2026-06-09,707.052978515625,724.863361278284,685.6165148330579,722.1863106332692,91932200
2026-06-10,692.9285278320312,710.4992458337158,692.1693523412803,700.8897497708573,65334300
2026-06-11,716.332763671875,717.5813914617661,694.2370511794155,698.5223198057862,71798900
2026-06-12,720.5481567382812,723.2152086039907,710.4992028084189,716.8222099862159,51168400
2026-06-15,743.1832885742188,743.9424640540115,736.5705604269921,737.2897407963812,46710200
2026-06-16,729.0587768554688,743.4029984406948,728.8390476265988,741.4351902855873,45348700
2026-06-17,721.7168579101562,734.8723831709506,720.058646070882,734.38293083454,51669300
2026-06-18,739.8070068359375,741.005701773832,731.7059239216511,736.390778085872,50154600
2026-06-22,737.9500122070312,745.4500122070312,734.3900146484375,742.02001953125,43518600
2026-06-23,713.6500244140625,723.6099853515625,712.1099853515625,715.739990234375,53354200
2026-06-24,710.6199951171875,719.9299926757812,704.4500122070312,715.3699951171875,52480400
2026-06-25,716.3800048828125,726.8300170898438,705.2999877929688,725.9000244140625,49668000
2026-06-26,706.52001953125,715.5599975585938,702.8099975585938,707.1300048828125,47081800
2026-06-29,724.0800170898438,724.5800170898438,705.1699829101562,713.989990234375,44939100
2026-06-30,736.4000244140625,737.6199951171875,723.9099731445312,724.1799926757812,42121800
2026-07-01,725.1699829101562,731.9199829101562,724.5999755859375,729.1900024414062,40803800
2026-07-02,712.5999755859375,730.8300170898438,707.5599975585938,725.5800170898438,50959800
2026-07-06,722.8200073242188,726.0800170898438,718.4500122070312,719.9299926757812,30220400
2026-07-07,709.4299926757812,716.3499755859375,704.9000244140625,714.1699829101562,42483100
2026-07-08,711.4400024414062,712.260009765625,700.9099731445312,704.9500122070312,35603200
2026-07-09,723.280029296875,724.22998046875,715.1300048828125,718.3300170898438,33654700
2026-07-10,725.510009765625,726.3900146484375,717.0,720.7000122070312,26374600
