Date,Close,High,Low,Open,Volume
2000-01-03,91.13275146484375,92.89509517602465,90.1536716252988,92.89509517602465,8164300
2000-01-04,87.56888580322266,90.27114569607701,87.50035022622997,89.93825860782684,8089800
2000-01-05,87.72557830810547,88.68507682085037,86.00239730562483,87.68641510350363,12177900
2000-01-06,86.31565856933594,88.66544963746668,86.31565856933594,87.49055410340131,6227200
2000-01-07,91.32862091064453,91.32862091064453,87.76476820787066,87.92142107392665,8066500
2000-01-10,91.64183807373047,92.05305144970234,90.8781560897827,91.64183807373047,5741700
2000-01-11,90.54525756835938,91.54391849742215,89.91864678933958,91.36768421582283,7503700
2000-01-12,89.64454650878906,90.60404471301158,89.52705693276181,90.60404471301158,6907700
2000-01-13,90.85861206054688,91.32857039879109,89.78162420207056,90.52572490429056,5158300
2000-01-14,92.09225463867188,92.40556020410219,91.46564350781127,91.81811226892036,7437300
2000-01-18,91.36768341064453,91.87680466411148,90.97605167720843,91.07395961056746,6488500
2000-01-19,92.11178588867188,92.11178588867188,90.85856431195525,91.05438018331722,6157900
2000-01-20,90.70196533203125,92.09225884208614,90.11451737003624,92.09225884208614,5800100
2000-01-21,90.50615692138672,91.17193133404945,90.27117771691752,91.17193133404945,6244800
2000-01-24,87.9409408569336,91.38730148726545,87.35349302221795,91.26981192032231,7896900
2000-01-25,88.93964385986328,88.93964385986328,87.09897311507527,88.04868089297122,9942500
2000-01-26,88.23470306396484,88.69487073418303,87.78432619524065,88.35219268189289,5158100
2000-01-27,87.88218688964844,89.11582721363415,86.55063860344164,88.88084810430354,10922700
2000-01-28,85.14078521728516,87.76471926032016,84.92538764658826,87.37308731359853,11916200
2000-01-31,87.4513931274414,87.5199287019927,84.59248058901632,85.10160199996874,10768700
2000-02-01,88.31299591064453,88.78295420373887,86.80521305363352,87.56889527991183,8419900
2000-02-02,88.391357421875,89.13545834833296,87.96056214866249,88.52842864516988,6205900
2000-02-03,89.7228775024414,89.76204069646255,87.72555460736305,88.27383932365906,7997500
2000-02-04,89.35081481933594,90.23198656311637,89.05709090474245,89.72286511115433,4925400
2000-02-07,89.21375274658203,89.46831349849282,88.62630485755713,89.331242324387,5845800
2000-02-08,90.42784118652344,90.58449400798125,89.99704592751445,90.21244355701894,4936400
2000-02-09,88.52841186523438,90.52573502609566,88.51862106542623,90.52573502609566,8511500
2000-02-10,88.70465087890625,89.3312620992429,88.27385566492481,88.7438140801773,6690600
2000-02-11,86.9030990600586,88.93958448192566,86.4918856575662,88.88083971014105,9849800
2000-02-14,87.4122543334961,87.58848871723298,86.66815360216256,87.58848871723298,8528800
2000-02-15,88.40107727050781,88.48919441475795,86.34501057133772,87.2555543952559,11078300
2000-02-16,87.09892272949219,88.31298145458852,86.97164237928047,87.96051279246377,8845400
2000-02-17,86.64854431152344,87.99967415502516,86.60938112765382,87.99967415502516,7584200
2000-02-18,84.78833770751953,87.02064036309856,84.35754245819726,87.02064036309856,9409200
2000-02-22,84.57290649414062,85.43449665059865,83.6721531487527,84.7099776553953,16415400
2000-02-23,85.57159423828125,86.13946065313483,84.27920860447654,84.98414622291547,12119000
2000-02-24,83.8484115600586,85.86531636871952,83.39803475812461,85.64991876779456,17375000
2000-02-25,83.54488372802734,85.66948700577045,83.41760334733306,84.70998875130581,10559900
2000-02-28,85.29743957519531,85.6499083337705,83.16304542604557,83.57425897771662,13397800
2000-02-29,86.11988830566406,86.11988830566406,85.06248176439397,85.2582977905551,8242500
2000-03-01,86.74647521972656,87.0989439677977,85.98279293223914,86.23735369473495,6868000
2000-03-02,86.8051986694336,87.17724892314874,86.0610981620033,86.90310663093759,7600200
2000-03-03,88.43051147460938,88.8025618993254,87.54933941607142,87.99971624599081,12770300
2000-03-06,87.56888580322266,88.56754706797318,86.94227481357527,88.234659979723,11967100
2000-03-07,85.87507629394531,87.82344480181159,84.7295531008782,87.72553683659218,20062000
2000-03-08,85.76737976074219,86.37440916087529,84.61206574113402,85.51281904455733,11808500
2000-03-09,88.27385711669922,88.27385711669922,85.29745377114946,86.00239140562178,5500900
2000-03-10,87.80387115478516,88.97876684374303,87.43182085328182,87.84303434441708,7924600
2000-03-13,86.8443374633789,88.01923267145168,85.02324989086611,85.64986066850491,10540500
2000-03-14,85.6107406616211,87.78429789250855,85.31701671150117,87.27517637896734,8263900
2000-03-15,87.60807800292969,87.99971000115468,85.25828601357976,85.76740761127225,10300800
2000-03-16,91.70064544677734,92.01395108998649,88.27386497417729,88.74382343899101,25601400
2000-03-17,92.30664825439453,92.97411444764197,91.36434304039817,91.59991934389726,10272900
2000-03-20,91.83553314208984,92.56189370777118,90.95212164328821,92.26742320817064,12502300
2000-03-21,93.72013092041016,94.07349546933503,90.77542634603614,91.42326135239843,13612600
2000-03-22,94.28943634033203,94.76058905158916,93.40602500672493,93.95570316985824,8260000
2000-03-23,95.89920806884766,96.40962350585687,93.70049541711563,93.70049541711563,11654500
2000-03-24,96.46849060058594,97.8426856233863,95.31024050993992,96.03660073627725,11462900
2000-03-27,95.44769287109375,96.6059433604797,95.36916741418622,96.35073562553025,8798600
2000-03-28,94.89800262451172,96.10533137118269,94.6035321984944,95.01579079491863,6334400
2000-03-29,94.99613952636719,95.79120951000385,94.01457164533424,95.21208446019443,6747500
2000-03-30,93.40599060058594,95.43783591945115,92.42442281369453,94.32866432026385,9491900
2000-03-31,94.46619415283203,95.68333963027916,93.2490486753849,93.99504106478798,9249100
2000-04-03,95.01580047607422,95.01580047607422,93.40602864982668,94.30907138162408,8508200
2000-04-04,94.30909729003906,96.11518324979835,88.82212961881385,95.32992848468561,19585500
2000-04-05,93.72013092041016,94.74096183952648,92.73856272895215,92.89561363958543,8387200
2000-04-06,94.53480529785156,95.29061258763814,93.6023157844785,94.3875701115295,6378500
2000-04-07,95.13362121582031,95.56551136578896,94.54468010222672,95.2121466976328,6023600
2000-04-10,94.76056671142578,96.18384019113955,94.42683361963083,95.32987610331129,9624200
2000-04-11,94.48580169677734,95.25142527171487,93.2097624052148,94.23059383846483,9006400
2000-04-12,91.89446258544922,94.95695695915785,91.81593708868746,94.46617260439685,10779200
2000-04-13,90.61834716796875,93.07226688113948,90.32387680238827,92.64037701162144,12225800
2000-04-14,85.43569946289062,89.71533698194168,83.86519028158749,89.59754879334395,29604000
2000-04-17,88.41967010498047,88.41967010498047,84.61118520259011,84.92528705020993,23918200
2000-04-18,90.75582122802734,90.75582122802734,87.81111580206928,88.30190003972896,11069200
2000-04-19,89.91169738769531,91.16810538612599,89.5387012631612,90.7754778866164,6553700
2000-04-20,90.34353637695312,90.42206183230032,89.44049364046032,90.18648546625872,8537600
2000-04-24,89.36194610595703,90.02941231149362,88.2625900027203,88.89079349028415,12893100
2000-04-25,93.07228088378906,93.07228088378906,90.73614896538136,90.8539371293347,14102000
2000-04-26,92.02201843261719,93.44529231770834,91.71773229166666,92.95450821940103,7711100
2000-04-27,91.71772003173828,92.5618685679893,89.83310934615461,89.83310934615461,15595300
2000-04-28,91.14842987060547,92.88580571457457,91.12879850513688,92.3459431641887,8743400
2000-05-01,92.38520812988281,93.27843528030986,91.6195848580882,92.0711062747876,7328300
2000-05-02,90.53987121582031,92.4244825854471,90.5398712158203,91.40365142689924,9411900
2000-05-03,88.41967010498047,90.46133211450933,87.81109777521706,90.46133211450933,12630700
2000-05-04,89.08709716796875,89.43064591200566,88.41963103669706,89.2048853087814,5963600
2000-05-05,90.16683197021484,90.46130235548661,88.53742917171107,88.61595460778355,7862400
2000-05-08,89.48960876464844,90.06873423542987,89.10679701277597,89.67610679761195,5064100
2000-05-09,88.77304077148438,90.08834234859394,88.1153899829296,89.8723973135461,5620300
2000-05-10,86.77061462402344,88.55706845451803,86.53503829472744,88.26259804289805,10293900
2000-05-11,88.75340270996094,88.89082226735304,87.39883850138158,88.02704219231693,7091100
2000-05-12,89.71531677246094,90.12757533968669,88.96932507938577,89.08711324145027,5960800
2000-05-15,91.2662353515625,91.47236472802872,89.20494158690042,89.6760944473946,4441300
2000-05-16,92.1496353149414,92.79747041621816,91.28585517990574,92.07110984811999,8192200
2000-05-17,91.18767547607422,91.83551041487088,90.75578551687646,91.52140862636341,5907200
2000-05-18,90.06867980957031,91.91402765222499,90.06867980957031,91.48213773160367,4325600
2000-05-19,88.6552505493164,89.98036777962616,88.20372912269234,89.55829340256453,6518400
2000-05-22,87.98774719238281,88.8711583087722,86.06387409446815,88.73373880177829,10839400
2000-05-23,86.69210052490234,88.45892322581749,86.41726143809333,88.22334686569546,7979200
2000-05-24,88.10557556152344,88.3804147009756,85.7498115090763,86.69211713005515,11081500
2000-05-25,86.59395599365234,89.087139491996,86.51543052913757,88.38041031136315,8278900
2000-05-26,86.69210052490234,87.75219414545143,86.27002621301708,87.20251597183339,4814000
2000-05-30,89.51901245117188,89.79385152448688,87.6147703003465,87.94850346080044,5362700
2000-05-31,89.71531677246094,90.4613084655361,89.26379548454702,89.55826588970827,6056500
2000-06-01,91.28585815429688,91.36438362367691,89.83313697076612,90.26502705235634,8961600
2000-06-02,92.87600708007812,93.66126184296189,92.65024633574905,93.56310499760143,8962200
2000-06-05,92.4244155883789,93.11151298548879,92.2673647547538,92.64036048461344,6998100
2000-06-06,92.01220703125,92.83672435476451,91.65884246402949,92.11036385547791,4858900
2000-06-07,92.65022277832031,92.97414028564997,91.71773298449253,92.11036026610422,4919500
2000-06-08,92.28701782226562,92.81706451045989,91.75697113407138,92.66001363988381,5723100
2000-06-09,92.09068298339844,92.95446257224293,91.48211100034891,92.65999225786413,3085300
2000-06-12,91.01104736328125,92.32634938514057,91.01104736328125,92.32634938514057,3678900
2000-06-13,92.71894836425781,92.81710520139973,90.85396845856133,90.97175666313163,6558700
2000-06-14,92.87600708007812,93.52384225945724,92.46374832956414,93.13121487801536,6420500
2000-06-15,93.07228088378906,93.44527673630793,92.24776373611576,93.05264952313017,5881200
2000-06-16,92.30755615234375,93.38982338499754,91.85497167323399,93.38982338499754,5567900
2000-06-19,93.48820495605469,93.92111181966933,92.09109644166195,92.22883953463025,5106900
2000-06-20,93.1536865234375,93.74401406794597,92.56335897892902,93.31110720197309,6480000
2000-06-21,93.11434936523438,93.46854596045294,92.4945053236019,92.52402170653679,3115000
2000-06-22,91.69751739501953,92.99623759846831,91.30396581821688,92.91752728310777,7490500
2000-06-23,90.91043090820312,92.01237552527225,90.59558958904051,91.81559970079562,4863300
2000-06-26,92.08122253417969,92.09106132278255,91.22524792573074,91.54008916102231,5201300
2000-06-27,91.40238952636719,92.38626885388459,91.31384038689062,91.92384556995141,4159500
2000-06-28,91.65818786621094,92.55351795378343,91.50076719147293,91.69754303489545,5347700
2000-06-29,90.79237365722656,91.77625286894336,90.36930559618834,91.14657017344462,6345700
2000-06-30,91.48114776611328,91.67792373463578,90.60549470618813,90.6350111014665,7420200
2000-07-03,92.74044036865234,92.83882827483593,91.42204242579223,91.57946307568596,1436600
2000-07-05,91.06788635253906,92.34692970018708,90.91046563282853,92.16983139051274,2748200
2000-07-06,91.77627563476562,92.22886018442249,90.81207376810535,91.26465831776221,5963200
2000-07-07,93.25206756591797,93.68497439994417,92.09109014739313,92.36657631450072,3034800
2000-07-10,93.09466552734375,93.76370349562312,92.89788965432041,93.11434311464609,2816100
2000-07-11,93.29147338867188,93.90147880420632,92.66179037908792,92.8585663195829,5431600
2000-07-12,93.90141296386719,94.53109553194007,93.62592684033531,93.99980086512858,5883000
2000-07-13,94.31462860107422,94.6885025721613,93.94075462998713,94.44253285434085,5356000
2000-07-14,95.2395248413086,95.2395248413086,94.24580665856354,94.72790755910322,5341900
2000-07-17,95.08203887939453,95.70188246894357,94.88526313668056,95.07220009225884,4208300
2000-07-18,94.30486297607422,94.8459967751023,94.03921547473317,94.8459967751023,4262100
2000-07-19,93.5472183227539,94.39335428991386,93.35044251643764,94.11786816107109,8506800
2000-07-20,94.84596252441406,94.84596252441406,93.70466256042734,93.8227280739432,4538900
2000-07-21,92.99627685546875,94.29499760715325,92.99627685546875,94.29499760715325,5656900
2000-07-24,92.4649887084961,93.73419317150908,92.2878904113315,93.27176984002374,5628500
2000-07-25,92.76010131835938,93.09462013940563,92.4255824973131,93.03558740627983,4757100
2000-07-26,91.85496520996094,92.66174618117097,91.7073833249835,92.54368067318902,12062500
2000-07-27,91.54007720947266,92.32718019493673,91.1071705674674,91.89427355293148,7652600
2000-07-28,89.47396087646484,91.87462576032864,89.10992562768222,91.75656027423697,6229500
2000-07-31,90.0446548461914,90.75304810984152,89.45432712648298,90.00529966487751,5265500
2000-08-01,90.59559631347656,91.12689107899868,90.12333429967912,90.43817564221075,3946600
2000-08-02,91.04817962646484,91.55979680180265,90.43817453279283,90.59559520212754,7439800
2000-08-03,91.67784881591797,91.81559188132071,89.80847864259489,89.96589928876946,4607100
2000-08-04,92.16984558105469,92.38629910398201,91.5598401982595,92.1304903950679,3686600
2000-08-07,93.27173614501953,93.46851195967147,92.16979158296867,92.3862449790858,4159800
2000-08-08,93.62594604492188,93.70465638207608,92.87819784195698,92.87819784195698,3658700
2000-08-09,92.83881378173828,93.96043573713445,92.79945862540859,93.91124179172233,5383800
2000-08-10,92.38623809814453,93.1044697681301,92.11075197815006,92.89785517813425,4193400
2000-08-11,92.81917572021484,93.1930498645193,91.65819811421683,92.32723605665636,5089400
2000-08-14,93.99976348876953,94.17686164062194,92.60265584637837,93.0552400122234,2966700
2000-08-15,93.92107391357422,94.33430302570183,93.54719995498259,94.03913937418211,5564600
2000-08-16,93.58661651611328,94.41307528265591,93.09467677412361,94.01952348906418,5191600
2000-08-17,94.57049560546875,94.72791632224855,93.40951781921767,93.62597130478991,5652200
2000-08-18,94.255615234375,94.68852202668319,93.96045151234668,94.68852202668319,4626400
2000-08-21,94.76724243164062,94.90498551657032,94.07852700699206,94.47207867821982,2380600
2000-08-22,94.60983276367188,95.27887068254975,94.51144483442512,94.80660862216536,3075300
2000-08-23,94.98368835449219,95.25917450260962,93.99980925407274,94.33432814821535,5483200
2000-08-24,95.27886962890625,95.39693514269672,94.7672524024809,95.18048170074754,4529000
2000-08-25,95.2395248413086,95.47565589463414,95.04274896353729,95.1804920779772,2822200
2000-08-28,95.5641860961914,96.28241790768344,95.23950596222927,95.23950596222927,5518700
2000-08-29,95.58386993408203,95.633063896992,95.02305875690831,95.35757770469614,3561900
2000-08-30,94.66881561279297,95.39688590538772,94.66881561279297,95.27882045253452,3964800
2000-08-31,95.92823028564453,96.4004923424354,95.02306134346205,95.12144927196013,4863100
2000-09-01,96.02664184570312,96.71535751467846,95.71180039702868,96.49890401871478,3191200
2000-09-05,95.25918579101562,95.83967452905219,94.9640220259123,95.63305989347985,3470800
2000-09-06,94.17696380615234,95.6822997299239,94.15728621237756,95.20019868244151,4322200
2000-09-07,94.98368835449219,95.13127021955509,94.34416693921955,94.6098142963328,4265500
2000-09-08,94.3343505859375,94.76725749309033,94.02934799226165,94.62951438626897,3518200
2000-09-11,94.19660949707031,95.2001664396963,93.62595947087122,94.29499743262188,3937500
2000-09-12,93.50789642333984,94.6098413306856,93.4685412480775,94.29499992858682,4769100
2000-09-13,93.7537841796875,94.03910895051455,92.97652014881382,93.19297342323433,7691600
2000-09-14,94.22612762451172,94.41306470552516,93.29144221944452,94.37370953057496,3397100
2000-09-15,92.16463470458984,93.58498010243456,92.16463470458984,93.54552606360554,4085700
2000-09-18,91.31639099121094,92.77619071757724,91.03034915293645,92.40137727432102,5109300
2000-09-19,92.14488983154297,92.36188700305806,91.34594570005561,91.6122604105514,6588200
2000-09-20,91.46434020996094,92.184376534271,90.36949045655798,91.96737928584879,6508100
2000-09-21,90.07359313964844,91.88847937899308,90.03413909096703,91.19803352706849,5972300
2000-09-22,91.71097564697266,91.73070267980702,89.90595214262807,90.03417785605146,7791300
2000-09-25,91.05990600585938,92.20407293574236,90.72454673330748,92.1251648716125,9726300
2000-09-26,89.8960189819336,91.53336143870351,89.89601898193361,91.13882108767461,5302400
2000-09-27,90.36949920654297,90.88240184338429,89.71850739824436,90.62595052496363,7186200
2000-09-28,91.53340148925781,92.37180010203657,90.2018272219033,90.3892339706421,7036400
2000-09-29,90.6654281616211,92.14495538357967,90.6654281616211,91.82932290956184,9333600
2000-10-02,90.80345916748047,91.47417774486355,90.35960128538872,91.07963740522644,5517800
2000-10-03,89.95523834228516,92.00684904131973,89.81714916061937,91.23749502918176,9347200
2000-10-04,90.70481872558594,91.0599050102881,89.48174374494515,90.19191631434948,6148900
2000-10-05,91.02045440673828,91.43472175449327,90.46809794306498,90.52727899274426,4566900
2000-10-06,89.04778289794922,91.30652705874124,88.21924792193818,90.82321498940146,10014900
2000-10-09,88.37706756591797,89.20560257434845,87.98252708571297,89.20560257434845,4508000
2000-10-10,86.91724395751953,89.16612407807268,86.91724395751953,88.43622438982298,6104700
2000-10-11,86.18733978271484,87.50904996020212,85.29962399186519,86.87778539782013,10346000
2000-10-12,84.0371322631836,86.85809703164259,83.82013497330215,86.66082676811398,12336900
2000-10-13,86.83837890625,86.89755999137465,83.87932465001704,83.9187787067668,11778800
2000-10-16,87.23289489746094,87.26248543168666,86.28599780223747,86.73971932703205,5659000
2000-10-17,85.06293487548828,87.46963201250348,84.84593759264264,87.39072390965053,7831700
2000-10-18,84.74730682373047,85.93092842741385,82.16306632235508,83.72150143387152,10897300
2000-10-19,87.9430923461914,88.03186397372794,86.12820573877785,86.38465710721673,8767300
2000-10-20,88.31787872314453,89.12668663640093,87.35125463169175,87.35125463169175,7373500
2000-10-23,88.71240234375,89.02803464028102,87.70632439855738,88.33758899161943,5290000
2000-10-24,88.12059783935547,89.60012433094975,87.74578446148492,88.98858671442412,5750700
2000-10-25,86.04926300048828,88.10087312246233,85.93090087806671,87.58797059196883,9137600
2000-10-26,86.28598022460938,86.89751780736266,84.60918362673745,86.56215848778827,9345800
2000-10-27,87.92333221435547,87.92333221435547,86.24653543665292,87.03561627321882,9762900
2000-10-30,88.71240234375,89.0674886773474,87.21314893522766,87.39069210202636,10154100
2000-10-31,90.24130249023438,90.70488771452567,88.41655213930058,89.0182265793382,7752400
2000-11-01,89.93549346923828,90.4286690201773,89.14641258773587,89.79740431497537,6753600
2000-11-02,90.08343505859375,90.8429253136591,89.96507294092123,90.36947684296901,11395100
2000-11-03,90.13275146484375,90.74428906506485,89.87630021313814,90.56674589080711,5187100
2000-11-06,90.76403045654297,91.08952632755643,90.290581916887,90.36949000682966,4042500
2000-11-07,90.74430847167969,90.90212466032608,89.99468157560929,90.35963151185409,5231300
2000-11-08,88.73212432861328,90.94155027899227,88.73212432861328,90.94155027899227,6123300
2000-11-09,88.39677429199219,89.1464010322501,86.64106955823024,88.37704727251172,10635300
2000-11-10,86.24652862548828,88.04168738690626,86.18734756741955,87.74578209656264,8569500
2000-11-13,85.57583618164062,86.47341583730329,83.9680836116075,85.615290232439,17285300
2000-11-14,87.82470703125,88.14033940153303,86.48326945754718,86.7791748046875,7668900
2000-11-15,88.10086822509766,88.4460910629703,86.95670110529119,87.78523591618553,8837700
2000-11-16,86.71997833251953,88.29813990362999,86.68052429324176,87.47946858861643,6684100
2000-11-17,86.25640106201172,87.74579117754789,85.69418095217355,86.68053202206507,6551100
2000-11-20,85.02347564697266,86.08873497062382,84.78675135282795,85.69419448038265,5458500
2000-11-21,85.45748901367188,85.97039176398478,84.28373079660967,85.14185655194086,7684300
2000-11-22,83.41572570800781,85.14184040576131,83.40586219544922,84.8064809787692,5736900
2000-11-24,85.12208557128906,85.20099364597856,84.35273184306652,84.35273184306652,3411600
2000-11-27,85.87171173095703,86.28597912042409,85.41799030439788,86.14788999060174,5992000
2000-11-28,84.3922348022461,86.22684860229492,84.36264425708401,85.29967818721647,5336100
2000-11-29,84.2343521118164,85.79278626095774,84.1258535318129,84.82616254819919,6914100
2000-11-30,83.50448608398438,84.27383996002392,81.90659726451763,83.64257524122225,11201600
2000-12-01,83.46504211425781,84.62893658004397,82.69568814534833,84.07657988441665,7587200
2000-12-04,84.1751708984375,84.51053014504481,83.01127704256503,83.24800121664079,6996600
2000-12-05,86.93699645996094,87.27235587448767,84.84593187526481,85.1418372410237,8883400
2000-12-06,85.5462417602539,87.3315374778379,85.2404728804467,86.97645103677146,12888000
2000-12-07,84.37248992919922,85.7731087706706,84.37248992919922,85.14184394071167,6529100
2000-12-08,84.5697250366211,88.04168015825518,84.51054398341142,86.52269979254027,10276300
2000-12-11,87.50906372070312,88.10087434099643,86.30571545944007,86.71998289364538,6405600
2000-12-12,87.13426971435547,87.6274453409932,86.72000218797977,87.23290483968302,5022900
2000-12-13,85.94080352783203,88.00227809885429,85.87175892497483,87.90364295191543,6070500
2000-12-14,84.84596252441406,86.16767363558257,84.60923814629433,85.77313300538302,7678400
2000-12-15,82.92952728271484,84.29486667248037,82.67228942667205,84.29486667248037,9065300
2000-12-18,84.03761291503906,84.51251348248924,83.43409344390444,83.62207491852014,7235400
2000-12-19,82.3260269165039,85.462350739666,82.3260269165039,83.87934817907944,9616600
2000-12-20,79.94163513183594,81.64336300840473,79.84269746459357,81.44548767391998,9994300
2000-12-21,80.49568176269531,81.5938898103427,79.48651761080312,79.78333059665376,14331500
2000-12-22,82.90975189208984,83.01858330865464,81.58398736302779,81.68292501445033,10182900
2000-12-26,83.80022430419922,83.80022430419922,82.49424678257533,82.85042247029094,4665300
2000-12-27,84.41358947753906,84.68072108980975,83.10761270643789,83.42421313579575,4854100
2000-12-28,84.67082977294922,84.76976740998235,83.95847878631072,84.0969914781571,8358700
2000-12-29,83.06803894042969,85.02700412744792,83.06803894042969,84.88849143745674,8774600
2001-01-02,81.56415557861328,83.6814201702949,80.77265479667624,83.58248257255276,8737500
2001-01-03,85.48211669921875,86.11531756365741,80.83204785099736,81.24758591828522,19431600
2001-01-04,84.56201934814453,85.77895258551692,84.21573753263206,85.44256453616195,9219000
2001-01-05,81.80164337158203,84.61147243756284,81.80164337158203,84.5125347943945,12911400
2001-01-08,82.43486022949219,82.43486022949219,80.85185763267044,82.23698490488947,6625300
2001-01-09,82.21717834472656,83.265917322409,81.95004671833576,82.97899816813738,5702400
2001-01-10,83.66165924072266,83.66165924072266,81.56418150195336,81.68290665697803,8746100
2001-01-11,83.74081420898438,84.52242152497088,83.00867571046537,83.00867571046537,7245100
2001-01-12,83.58255004882812,84.67086450258891,83.12743673180088,84.01787583033244,7244000
2001-01-16,84.11679077148438,84.33445360340306,83.27582073907128,83.58252745677488,8542200
2001-01-17,84.50262451171875,85.51178827476703,83.98814886781179,85.38316936379029,7851400
2001-01-18,85.34358978271484,85.9273217323068,84.17612588353094,84.49272626297065,8107000
2001-01-19,84.85882568359375,86.23405907172707,84.76978179515346,86.23405907172707,7782500
2001-01-22,85.42278289794922,85.97683384099822,84.57191894969539,85.00724469066246,7050900
2001-01-23,86.09552764892578,86.53085323115432,84.94785111395964,85.14572637860897,8463100
2001-01-24,86.35275268554688,86.94637839145118,86.01636478553442,86.2736025914263,6199900
2001-01-25,86.1351318359375,86.906845629092,85.8976814380438,86.27364456804214,10818300
2001-01-26,86.03617858886719,86.19447882546125,85.13584599323852,85.5810654086593,7136800
2001-01-29,86.49520111083984,86.6851535509881,85.71635745873655,85.79867662405005,6705900
2001-01-30,87.25511169433594,87.33109273295055,85.98237132625016,86.30531006412592,7069100
2001-01-31,86.7612075805664,87.82498067013259,86.49526430817485,87.00181740117918,9706900
2001-02-01,87.33736419677734,87.35003091556358,86.27359170374517,86.81181614059213,8239100
2001-02-02,85.35546875,87.37538082370617,85.32380677800374,87.00178501315419,8276600
2001-02-05,85.98236083984375,86.07734678840936,85.32383604110647,85.35549802396167,4352900
2001-02-06,85.72904968261719,86.55854112431209,85.62140671388119,85.67206393361755,7106700
2001-02-07,85.28585052490234,85.73541785740049,84.64631128413903,85.30484578335262,5748700
2001-02-08,84.29168701171875,85.73538405604639,84.27902995232945,85.35546937494182,5943300
2001-02-09,83.4811782836914,84.43731752789455,83.11392071688255,84.43731752789455,9913000
2001-02-12,84.43730163574219,84.53227785847398,83.39251487632197,83.39251487632197,5804400
2001-02-13,83.74713134765625,84.95654715144195,83.58250262379423,84.65894201308888,6587600
2001-02-14,83.6205062866211,83.99409248527127,82.73402892340397,83.99409248527127,8400100
2001-02-15,84.43099975585938,84.54498093402924,83.57618439803765,84.1143993281006,5929800
2001-02-16,82.56941986083984,83.13296845531377,81.87290444555994,82.94934438690674,6434900
2001-02-20,81.29666137695312,83.03796381366493,81.11303737121744,82.97463986030573,5760000
2001-02-21,79.542724609375,81.58162811102598,79.46673873757878,80.9864223569159,10910800
2001-02-22,79.66301727294922,80.1252561344167,77.89638588086382,80.00494639699222,21281600
2001-02-23,79.12477111816406,79.49202874033558,77.1238591090831,79.2007569530426,20173000
2001-02-26,80.8091049194336,80.8091049194336,78.83351626662564,79.65667941303055,11503700
2001-02-27,80.06196594238281,80.94844380932068,79.47308859880721,80.28991877415028,11415000
2001-02-28,78.4852523803711,80.31520265919515,78.05467556000428,80.25821689504379,14825800
2001-03-01,78.89683532714844,78.89683532714844,77.09221363333631,78.54857771237893,14672000
2001-03-02,78.26995849609375,79.56168882698857,77.44046691746067,77.56710515676951,12564300
2001-03-05,78.98548126220703,79.01080987867299,78.39660421445743,78.61189503894828,5293200
2001-03-06,79.83399200439453,80.89143663106566,79.46040086128906,80.00495416755075,6917000
2001-03-07,80.40385437011719,80.44184487914383,79.63134848031147,80.35319713745527,6371700
2001-03-08,80.49252319335938,80.56850423131262,79.8719840080763,80.16325592575909,6055000
2001-03-09,78.1116943359375,79.84666413617214,77.9533940482643,79.84666413617214,10020300
2001-03-12,74.76836395263672,77.56711079072134,74.5594064947546,77.46579632716413,13972900
2001-03-13,75.99675750732422,76.26270551349712,74.42008887593428,75.6041761051038,12888000
2001-03-14,74.49610137939453,75.53455067143743,73.29301846858178,74.11618173149061,19883400
2001-03-15,74.51505279541016,75.26222975675238,74.31242878034807,75.00261517101849,10370300
2001-03-16,73.02053833007812,74.53796323920879,72.8935542273371,74.36653591149546,58514600
2001-03-19,74.50621032714844,74.72208086339049,72.89989909043129,73.4967122179823,10067800
2001-03-20,72.5062255859375,75.21092509679731,72.44908640072401,74.85537947161332,15083900
2001-03-21,71.27452087402344,73.17923812463056,71.04595441643487,72.49353875186483,19004600
2001-03-22,70.55072784423828,71.49038563044594,68.5952169949625,71.12213913728108,28624800
2001-03-23,72.68402099609375,72.79830423838114,70.7919995057688,71.90308469980553,12861700
2001-03-26,73.61096954345703,73.82048474628964,72.86812618160022,73.4585886854655,9943800
2001-03-27,75.11569213867188,75.33156259644845,73.19192863446341,73.40779909223998,12880700
2001-03-28,73.03956604003906,74.25223363615744,72.95067961284492,74.22049125155782,10953300
2001-03-29,73.31895446777344,73.96655652229639,71.19836569325935,72.82372366849252,12060300
2001-03-30,74.08712005615234,74.08712005615234,72.69667554158305,73.36332821556829,9183600
2001-04-02,72.5062255859375,74.52522581056031,72.25226719306085,73.83953136826916,10561000
2001-04-03,70.08727264404297,72.47452054984268,69.87775250241742,72.36658769286528,12836000
2001-04-04,70.37931060791016,71.17294289903215,69.39520947328711,70.20153774973035,14884300
2001-04-05,73.0458984375,73.3252536352289,71.42688705989735,71.93481352767938,21522800
2001-04-06,71.93485260009766,72.63324823968195,71.14756566301506,72.3729344514655,14937800
2001-04-09,72.73480224609375,73.00781191639096,71.6046707694042,72.3792565708961,9034300
2001-04-10,74.06178283691406,74.7601784395341,73.12211986404388,73.29989276173463,17873600
2001-04-11,74.11255645751953,75.54744008353472,73.73795951519035,75.4141104462827,12722300
2001-04-12,75.45857238769531,75.51571644295623,73.6236945505562,73.83956509583918,9233200
2001-04-16,74.66492462158203,75.4839537233623,74.22684289286947,75.10301119424166,7350000
2001-04-17,75.71884155273438,75.9728047559572,74.2966495522647,74.4807727535026,10924700
2001-04-18,78.72830200195312,79.99811332456528,76.62676581309267,76.86167780765062,32481600
2001-04-19,79.77591705322266,79.89654586483846,78.4616622028518,78.88704793864571,13809900
2001-04-20,79.04579162597656,79.61720795591782,78.5124729473301,79.29975497750024,7626700
2001-04-23,77.61088562011719,78.65848118569238,77.40137038215971,78.50610514610142,8451800
2001-04-24,77.19182586669922,78.50608029654393,76.8870690400351,77.78863385116723,10044700
2001-04-25,78.20135498046875,78.51880791601725,76.79186317160186,77.09026970604903,8249000
2001-04-26,78.5505142211914,79.50287253164436,78.41083422729379,78.55686463289898,10590400
2001-04-27,79.85845947265625,79.89655227475448,78.85530703652526,79.31244003749367,7938700
2001-04-30,80.41716766357422,80.80445572930084,79.15370168561546,80.28383318835515,10766900
2001-05-01,80.66476440429688,80.72825400021983,79.1092426624831,79.40764909166127,10578000
2001-05-02,80.51873016357422,81.07109979424901,79.9981077513313,80.89332699649954,9572900
2001-05-03,79.49658203125,80.09339523897482,78.86802642895483,80.08069440598788,9926200
2001-05-04,80.84892272949219,80.85527314540614,78.37279335733723,78.50612302784188,12145300
2001-05-07,80.15049743652344,80.87428957612929,80.14415186690931,80.54414073018214,7185200
2001-05-08,80.11239624023438,80.69650828392261,79.7187529878641,80.5441322820791,6952600
2001-05-09,79.77591705322266,80.34733325858977,79.40132010150262,79.52195375706539,9507400
2001-05-10,80.01084899902344,80.95051197524982,79.85212250495432,80.79813589724895,6872400
2001-05-11,79.45845031738281,80.30922164092722,78.9822710364284,79.99811920034193,7734400
2001-05-14,79.6171875,79.642584313022,79.0203745038498,79.29973460314508,7914000
2001-05-15,79.98546600341797,80.31561501681368,79.26801906954375,79.7124562092076,9782200
2001-05-16,81.87110137939453,82.02982783018354,79.12196293312843,79.2616381409074,14909000
2001-05-17,81.9980697631836,82.58853711977002,81.62347771393306,81.90283778045632,11824600
2001-05-18,82.37268829345703,82.37268829345703,81.331443089162,81.95999367908804,6683100
2001-05-21,83.58538055419922,83.70601425801584,81.99811537323913,82.43620211324776,11531500
2001-05-22,83.4774169921875,83.86470994146116,83.21711296101873,83.69963791097678,8342700
2001-05-23,82.06159973144531,83.20443245832136,82.06159973144531,83.20443245832136,12330800
2001-05-24,82.30286407470703,82.5377761837185,81.61716446386397,82.20127679430888,7902800
2001-05-25,81.33145904541016,82.34730278983398,81.20447494439607,82.31555555359341,7425000
2001-05-29,80.68382263183594,81.49015563454661,80.56953940483547,81.40761478819014,9003900
2001-05-30,79.55368041992188,80.69015727842597,79.36320678605705,80.37270445128173,10041800
2001-05-31,79.96638488769531,80.4806618880379,79.52830317237367,79.63623599760169,9874200
2001-06-01,80.46159362792969,80.69650561384364,79.43939516332483,80.12508957090527,8848300
2001-06-04,80.84892272949219,80.90606678482165,80.04894470646431,80.50607777330771,5623500
2001-06-05,81.77586364746094,82.04886847347764,80.8044537678617,80.94413380978891,9115400
2001-06-06,81.09652709960938,81.79492257225968,80.86161018912226,81.79492257225968,12064900
2001-06-07,81.38859558105469,81.49018285852479,80.63305594770183,80.66480318289824,7355300
2001-06-08,80.63306427001953,81.18543424939152,80.08704470713187,81.07749654495206,8170600
2001-06-11,80.06161499023438,80.62668072645799,79.62353331178076,80.4489078895265,7012200
2001-06-12,79.92194366455078,80.4679630626417,78.75371926934505,79.2743418531123,9364400
2001-06-13,79.23624420166016,80.36637572815164,79.14100736476495,80.1060620302345,7629400
2001-06-14,77.45852661132812,78.91881224731762,77.29980012237048,78.84262178879666,12603000
2001-06-15,77.58329010009766,77.93348334470018,76.66006043010613,76.98478463349002,16821100
2001-06-18,77.2076644897461,77.95898451328904,76.98481635939964,77.45598167180711,11368300
2001-06-19,77.54509735107422,78.24547905827953,76.9720560060068,77.92075481978742,7732300
2001-06-20,77.95258331298828,78.22636943183393,77.10575591542816,77.16306247216104,8787200
2001-06-21,78.837646484375,79.14963387298081,77.77433905748629,77.81890868442997,12259100
2001-06-22,78.21997833251953,78.69114331085983,77.78065086068015,78.62747315557948,12212000
2001-06-25,77.50057220458984,78.59571743512087,77.36049481123453,78.49384120078021,8406800
2001-06-26,77.39228820800781,77.92712356007291,76.76830877287506,76.97842474306783,8005800
2001-06-27,77.3477554321289,77.83165292653206,76.98482988246366,77.42415774296848,10105100
2001-06-28,77.7742919921875,78.91400588601837,77.63421471863971,77.678784318612,10269300
2001-06-29,78.06082153320312,78.95858699485862,77.84434197541891,78.18816673577275,9824200
2001-07-02,79.03502655029297,79.1560033353847,78.07359532029841,78.18820362782608,8522200
2001-07-03,79.01589965820312,79.01589965820312,78.34735546839534,78.93949738378136,3303100
2001-07-05,77.47504425048828,78.72936650036256,77.46231215973758,78.36007271819929,5517900
2001-07-06,75.8005142211914,77.35408714606666,75.8005142211914,77.23947886935487,11665900
2001-07-09,76.21434783935547,76.74918790770394,75.89599215939539,76.0806390366989,8339300
2001-07-10,75.29753875732422,76.81291109111739,75.26570122426396,76.59006293287214,8630700
2001-07-11,75.37390899658203,75.69863323628621,74.55255054187353,75.19563054583416,15328600
2001-07-12,77.16307067871094,77.34134912711086,75.96604991192847,76.08702665522415,12002800
2001-07-13,77.83159637451172,77.88253444987727,76.80012706583148,76.9401994865034,10433800
2001-07-16,76.8574447631836,77.85708162623025,76.590027098407,77.53235740030254,6915300
2001-07-17,77.57691955566406,77.646958202716,76.29713305820135,76.53271318217348,7469800
2001-07-18,77.0484848022461,77.44961142771946,76.44360576770394,76.76196162028671,7709300
2001-07-19,77.72340393066406,78.30281396085438,76.88931308402435,77.7934426125052,10082900
2001-07-20,77.25858306884766,77.64061391431754,76.99116536319792,77.13761116832458,6705800
2001-07-23,75.73686218261719,77.60242784046821,75.73686218261719,77.55149459135531,8065200
2001-07-24,75.00463104248047,75.89602342743142,74.3360818960431,75.7686830460739,12269000
2001-07-25,75.83232879638672,76.0742822437995,74.78812246108004,75.0810091299858,12088500
2001-07-26,76.62823486328125,76.94659064157301,75.48852059406993,75.80687637236169,12898200
2001-07-27,76.92115020751953,77.26497515888857,76.34811347962994,76.93388716371402,8478800
2001-07-30,76.94658660888672,77.2649423704938,76.59639818575297,77.1630710527957,8547700
2001-07-31,77.26493835449219,78.11176580220507,76.91474994956019,77.04209030449489,11918100
2001-08-01,77.74884033203125,78.12449777893862,77.39228345256349,77.65970111216431,11940800
2001-08-02,78.06719970703125,78.47469469043673,77.60876663626922,78.4619625974593,11070100
2001-08-03,77.64058685302734,77.90800446546983,76.97840643813004,77.90800446546983,10816300
2001-08-06,76.59642028808594,77.3668408705575,76.46907503206286,77.26496466573904,8550100
2001-08-07,76.89567565917969,77.16946190509529,76.34810802507361,76.57731978521853,8865100
2001-08-08,75.46940612792969,77.1439603223408,75.40573595554008,76.48177984249875,15183800
2001-08-09,75.69227600097656,75.74958257306882,75.0428322828507,75.57766771451621,14118500
2001-08-10,75.95333862304688,76.30352714040185,74.71174790408449,75.64135125289158,11173300
2001-08-13,75.97244262695312,76.30989906305328,75.6477182879195,76.15072113223434,7431600
2001-08-14,75.94058227539062,76.62823189572411,75.64133193587323,76.49452305694652,13178100
2001-08-15,75.2847671508789,76.1570636633613,75.18289583587871,75.915115039728,8520600
2001-08-16,75.54582214355469,75.60949232344029,74.49524717341065,75.0046183279421,10734700
2001-08-17,74.3360824584961,75.04920122957672,73.86491721463928,74.90912389438908,11604600
2001-08-20,75.02371978759766,75.0682893998195,74.20872981684195,74.36790769730904,10417400
2001-08-21,73.7439193725586,75.47577528035788,73.73118728105543,75.00461017117576,14480800
2001-08-22,74.50799560546875,74.7690497152877,73.71847451475861,74.33608559630645,11752300
2001-08-23,74.24059295654297,74.82636663128785,74.17055427176636,74.46980958713452,8744100
2001-08-24,75.78141784667969,75.85145651624411,74.3297160733888,74.6289713237596,11687700
2001-08-27,75.32930755615234,75.89598018848345,75.29747490781052,75.74953931912403,7425100
2001-08-28,74.22784423828125,75.4439609459954,74.22784423828125,75.310252084376,12046600
2001-08-29,73.56564331054688,74.60984972540226,73.3300583195196,74.57801220903644,16180000
2001-08-30,72.15213775634766,73.69297822339742,71.33714791783284,73.12630544950125,17692600
2001-08-31,72.68064880371094,73.07540698829234,72.03120008435889,72.20311498089777,15985400
2001-09-04,72.2158432006836,73.96680045696978,72.18401052884066,72.4896294387028,24473400
2001-09-05,72.39408874511719,72.7060808481061,71.27984372572966,72.39408874511719,21477100
2001-09-06,70.52854919433594,72.13943379183534,70.52854919433594,71.72557023686869,21653000
2001-09-07,69.2232666015625,70.8341457225567,69.16596004754645,70.05098853582172,33133900
2001-09-10,70.07013702392578,70.26114765335447,68.57386037591007,68.57386037591007,23408700
2001-09-17,66.40899658203125,67.7460894622776,63.67113579956125,64.30784715755686,32388700
2001-09-18,66.24982452392578,67.0457137908748,65.81049209409869,66.42810294248675,22029200
2001-09-19,64.91273498535156,66.53635124102078,62.754283405480805,66.28166567142438,42771800
2001-09-20,62.84980773925781,64.82361292513134,62.75430001816041,63.92585200535453,36210900
2001-09-21,62.171695709228516,63.26455697646693,59.947628705148546,60.25439421387345,49782100
2001-09-24,64.35743713378906,64.65142774020433,63.30931239876052,63.73112119200315,25549600
2001-09-25,65.0284652709961,65.18824036994204,63.84613051398598,64.38936487521235,25466200
2001-09-26,64.79840850830078,65.4439014702467,64.1848725262737,65.41194449032787,18587500
2001-09-27,65.36080169677734,65.37358643646958,63.91004580247886,64.70892137500985,20536800
2001-09-28,66.74768829345703,70.05823059188202,65.50783119636267,65.81460172201821,21687200
2001-10-01,66.6390151977539,66.67097217707011,65.7187136800429,66.40255110423567,20457400
2001-10-02,67.47625732421875,67.47625732421875,66.24279270052752,66.46647698441936,19833100
2001-10-03,68.60746765136719,68.94619028408934,66.69016531434183,66.84994050909394,32045800
2001-10-04,68.66497039794922,69.64279354111801,68.22398942124539,69.20820493571514,32674100
2001-10-05,68.53075408935547,68.78000291366101,67.43788785853853,68.54353395493129,29796100
2001-10-08,68.08338928222656,68.57549949748665,67.6615854022402,67.91722175328607,12970300
2001-10-09,67.71910095214844,68.22399102588501,67.48902433940897,68.13451732936974,15976300
2001-10-10,69.22738647460938,69.37438177857686,67.43790259406809,67.61685488288327,19987400
2001-10-11,70.30107879638672,70.49281096166656,69.63002109385879,69.63002109385879,23006300
2001-10-12,69.98152160644531,70.23077047140588,68.57550211815742,69.75783735275647,31360500
2001-10-15,69.85367584228516,69.94953700176178,69.06118783365154,69.42547486751006,16873000
2001-10-16,70.29467010498047,70.69091421245965,69.63000492918495,70.17324431271376,15877100
2001-10-17,68.79920959472656,71.03606263855728,68.79920959472656,70.98493339875536,28542300
2001-10-18,68.65221405029297,69.12515220316085,68.2240176390866,68.90785537260888,16510000
2001-10-19,68.60746765136719,68.96536740325926,67.75107494795282,68.38378335390462,21912500
2001-10-22,69.96234130859375,70.02625039143639,68.51797263178767,68.57549421951138,17540600
2001-10-23,69.6044692993164,70.48003426000024,69.26574178520617,70.2755222024735,22062500
2001-10-24,69.41910552978516,69.94955529610105,69.16346432710681,69.64918212460064,16065200
2001-10-25,70.66535186767578,70.68452410517659,68.21759544376044,68.67135627643174,27467900
2001-10-26,70.50556182861328,71.445040275324,70.0901455586865,70.26909290549816,18623300
2001-10-29,68.67138671875,70.65260332192543,68.67138671875,70.40335437202062,18727500
2001-10-30,67.846923828125,68.83113448727902,67.46345955723817,68.6074502465622,26178600
2001-10-31,67.61683654785156,68.93338205059852,67.61683654785156,68.31984614031013,28124200
2001-11-01,69.34881591796875,69.66836625689007,67.55293969758416,68.12813128283277,29806800
2001-11-02,69.82173156738281,69.90481287935212,68.93977460818945,69.30406170828562,17575900
2001-11-05,70.73566436767578,70.99769311435297,70.26911871985365,70.37776954257473,15929500
2001-11-06,71.83490753173828,71.88603674933762,70.20519907140078,70.52474936747083,23245800
2001-11-07,71.7390365600586,72.2950557925254,71.34918483544685,71.43226615139926,19716000
2001-11-08,71.9627456665039,72.90861695073009,71.51537707825958,72.13530560479238,22563500
2001-11-09,72.0394058227539,72.19278857042471,71.2213580005768,71.73902782143426,15895800
2001-11-12,71.59845733642578,71.99470156282332,70.30108357425323,70.94018433401916,26068800
2001-11-13,73.2089614868164,73.2089614868164,72.33339207922731,72.49955956827736,15296200
2001-11-14,73.27926635742188,73.75219936658948,72.67211795116016,73.60520410479351,17571300
2001-11-15,73.41350555419922,73.61162522813896,72.8127492836054,73.09395517638579,19470200
2001-11-16,73.08753204345703,73.56046503831267,72.47399616138628,73.54768517399755,18134900
2001-11-19,73.9886703491211,74.03979956460756,73.14505779739576,73.44543584344083,13625400
2001-11-20,73.36878204345703,74.00788291534793,73.26652356349719,73.73306934539673,16209700
2001-11-21,72.88302612304688,73.28565770766359,72.54430361720185,73.17701178615671,11470200
2001-11-23,73.93116760253906,73.97590445555188,72.85747825428004,72.88304286685184,6717100
2001-11-26,74.09095001220703,74.35297878375118,73.54132297809772,73.97591168237132,13726000
2001-11-27,73.77137756347656,74.71085616336008,72.91498028074419,73.89280822973234,19261400
2001-11-28,72.43566131591797,73.60521661082556,72.37814460106222,73.3304031515186,20195500
2001-11-29,73.41350555419922,73.44545766640947,72.21838538583435,72.64019422500495,16354700
2001-11-30,72.8894271850586,73.43905410474292,72.87025007078526,73.1131114254067,13680300
2001-12-03,72.45482635498047,72.90858713059457,72.22474978200009,72.63377371708745,15220400
2001-12-04,73.6819076538086,73.68830002497887,72.44205094810354,72.80633808960083,17239900
2001-12-05,75.0304183959961,75.41387781648291,73.85447064709197,73.88642763044548,25204000
2001-12-06,74.99205017089844,75.37551437084711,74.73002150194668,74.99205017089844,17972900
2001-12-07,74.4935302734375,74.8322526562223,73.94390361897405,74.71082691345599,18857800
2001-12-10,73.1003189086914,74.38491237515268,73.0811466724077,74.03979749419516,13862700
2001-12-11,72.95337677001953,73.95676509883494,72.7936015273677,73.43270249797504,20833300
2001-12-12,73.03639221191406,73.3559424087642,72.28864592151253,73.2089520487446,16171500
2001-12-13,71.61762237548828,72.66574712600382,71.60484250699723,72.50597195213315,19026700
2001-12-14,72.30144500732422,72.53152160030452,71.57926312577239,71.79016748199605,16721900
2001-12-17,73.04920959472656,73.08755407518035,72.15446766851196,72.21198438919264,13925900
2001-12-18,73.48379516601562,73.59244110670669,73.07476626256214,73.26010603689154,13663700
2001-12-19,74.00144958496094,74.0845308969821,72.85745907230807,72.9149757784881,20143400
2001-12-20,73.27291870117188,74.00788570675824,73.20900958676282,73.81615348757819,14867900
2001-12-21,73.71730041503906,73.79425803796445,73.23632628037969,73.76860549698932,14037700
2001-12-24,73.57624816894531,73.77504932501172,73.49929051527903,73.64037710063862,5728800
2001-12-26,73.980224609375,74.52532757141037,73.52490308142916,73.52490308142916,10304800
2001-12-27,74.42914581298828,74.44197453040339,73.90969529028511,73.94176219110078,9407300
2001-12-28,74.39068603515625,74.87166029831458,74.33938093949912,74.57666333737092,10593800
2001-12-31,73.30047607421875,74.6407886067686,73.25558534089706,74.48687822005465,14619500
2002-01-02,74.08924102783203,74.23032753037955,72.9862064363379,73.81989673718002,18651900
2002-01-03,74.92936706542969,74.99991034143783,74.09568136499588,74.16622464100402,15743000
2002-01-04,75.4295654296875,75.66043338547004,74.7433759202009,75.14097803859858,20140700
2002-01-07,74.89727783203125,75.6668343362314,74.74977697415375,75.48085712096017,13106500
2002-01-08,74.7241439819336,75.07044596721298,74.37143253055952,74.8972974209344,12683700
2002-01-09,74.11494445800781,75.53221502848852,73.96744349695129,74.82678692406127,16610300
2002-01-10,74.44196319580078,74.61511171276403,73.94175093266095,74.19185706423086,12823400
2002-01-11,73.71090698242188,74.57024527475743,73.55699170309252,74.52535454146711,13708400
2002-01-14,73.2491683959961,73.64677062203538,73.08242929551872,73.52492714601824,12301100
2002-01-15,73.84559631347656,73.99950673578809,73.04397239538133,73.46081781133567,20219900
2002-01-16,72.35135650634766,73.36461014992628,72.26798939366967,73.3004812253491,17067000
2002-01-17,72.89643096923828,73.26197107723128,72.72328245186112,72.95415040351159,17283400
2002-01-18,72.56298065185547,73.01188798130026,72.25515498829124,72.46678482619646,17028000
2002-01-22,72.06275177001953,73.06317638583361,71.83829326384222,72.9477423999534,11689300
2002-01-23,72.6142578125,72.81947321169626,71.83828203867056,72.22947465787608,12438900
2002-01-24,72.8387222290039,73.26839127051652,72.6719831633715,72.87719859310302,12142800
2002-01-25,72.8194808959961,73.22349737971992,72.49241713714068,72.543722215534,12810700
2002-01-28,73.018310546875,73.22994040856322,72.41548787154136,73.0439630961151,10589200
2002-01-29,70.72245025634766,73.19145033421272,70.57495423186359,73.01188740385496,27720800
2002-01-30,71.74211883544922,72.71689113471678,69.51681058638472,70.79299418985035,34711800
2002-01-31,72.58220672607422,72.65916435230348,71.58178204870438,71.92166966895326,19909200
2002-02-01,72.24234008789062,72.65918545543732,71.93451438629079,72.52450834723996,15838500
2002-02-04,70.44668579101562,71.97298036078818,70.18375577651015,71.97298036078818,24243400
2002-02-05,70.01060485839844,70.85711927259244,69.60017392380271,70.15810576898252,33614000
2002-02-06,69.70919799804688,70.37614953230648,69.29876703738296,70.31843497192703,29486000
2002-02-07,69.27310180664062,70.4530942720315,69.26027798203427,69.7220139514167,23445400
2002-02-08,70.60057830810547,71.02383783922012,69.45265783056516,69.66428270340123,19277800
2002-02-11,71.46633911132812,71.59459691293597,70.4274333045072,70.57493417980558,18792400
2002-02-12,71.24188232421875,71.63948934707203,70.56210715253178,71.15851524045087,13942500
2002-02-13,71.99860382080078,72.17175721194805,71.40861018347714,71.4919821468891,16781100
2002-02-14,71.86398315429688,72.44756774531011,71.56257176269438,72.15257071534631,20453800
2002-02-15,71.11365509033203,71.9794078758811,70.99822105941058,71.92169330678223,18366800
2002-02-19,69.74769592285156,70.7288828254324,69.65150007318745,70.639101337139,15988100
2002-02-20,70.92127227783203,70.92127227783203,69.14487574435748,69.93367586976129,29242800
2002-02-21,69.45265197753906,70.9468742475075,69.42699944211323,70.49796710935748,26288600
2002-02-22,70.31201934814453,70.50441099806358,69.17692231324628,69.48474308184927,26572900
2002-02-25,71.47276306152344,71.70363106538359,70.35048994548421,70.37614248954894,17458700
2002-02-26,71.32527923583984,71.85114424721114,70.90843388582914,71.56897110700882,22346500
2002-02-27,71.60103607177734,72.37700729354273,70.95973705616397,71.79983720094606,28597900
2002-02-28,71.2803726196289,72.30644986533758,71.20341499142991,71.71645606064537,23755400
2002-03-01,72.94133758544922,73.01188085786838,71.51124373780067,71.64591592349475,26273600
2002-03-04,74.23035430908203,74.38426468887499,72.88362747726742,73.0439522165959,27184600
2002-03-05,73.9930419921875,74.64716940387954,73.73011207029931,73.96097999292935,22718900
2002-03-06,74.87162780761719,75.12814828186202,73.79424572996577,73.81348390930793,20143200
2002-03-07,74.71131134033203,75.3526101501203,74.11490325152009,75.26282870816767,19330800
2002-03-08,75.02555084228516,75.60913514235288,74.69849195263151,75.27565700153649,19930100
2002-03-11,75.18586730957031,75.60912685125716,74.66641686542863,74.96141371597338,15621800
2002-03-12,75.1409683227539,75.19227339356542,74.35217365309049,74.45477890199267,17153600
2002-03-13,74.41635131835938,74.87167311161144,74.15983068889683,74.79471545495547,17175300
2002-03-14,74.31373596191406,74.66645241458356,74.15341119119587,74.41634616368108,11168100
2002-03-15,75.0218276977539,75.21476558538573,74.53947561856569,74.58449494968703,21220100
2002-03-18,75.03465270996094,75.60704318019687,74.66806549973414,75.31120130060478,17548900
2002-03-19,75.53630065917969,75.72281063717794,75.13112685598574,75.43983421085038,17912000
2002-03-20,74.1149673461914,74.97677185955585,74.08281350061173,74.92531981854434,17114500
2002-03-21,74.14714050292969,74.53945380506723,73.39467265721841,74.15357323598998,25846800
2002-03-22,73.98634338378906,74.56516658797615,73.76767465921314,74.28218526443207,15235400
2002-03-25,73.06670379638672,74.19219214210217,72.86733314530242,74.01854262098894,17499600
2002-03-26,73.49112701416016,73.97347887273934,72.97662130905114,73.00877515558098,19947600
2002-03-27,73.68409729003906,73.96707872310874,73.16315865801415,73.33680323310956,19020300
2002-03-28,73.6519546508789,74.4558748919923,73.63909408598659,73.94136888172358,17532900
2002-04-01,73.68409729003906,74.02495861256098,72.99594191058766,73.46543338756791,17711000
2002-04-02,73.27894592285156,73.92851000274412,73.16960903118769,73.30467196167011,15669500
2002-04-03,72.76441192626953,73.45256729992332,72.134141348319,73.32394205328731,25658500
2002-04-04,72.46212005615234,72.93161141810477,72.17914359915204,72.41710073980656,23549000
2002-04-05,72.4749984741211,73.07954298641404,72.14699773541918,72.79656647884185,19404900
2002-04-08,72.62939453125,72.6937071905065,71.53606460366525,71.5939445249737,16470100
2002-04-09,72.12126922607422,72.79013124170069,71.98621125754457,72.79013124170069,15122700
2002-04-10,72.93804931640625,73.02165522218725,72.08910516507076,72.09553789835786,17199300
2002-04-11,71.12443542480469,72.70655491534566,71.06655551762742,72.60365076026585,25453700
2002-04-12,71.6582260131836,71.80614948119468,70.77069992533487,71.40097058132129,14950600
2002-04-15,71.11151123046875,71.94115683818355,70.87354926482261,71.78680565041255,17394900
2002-04-16,72.802978515625,72.8801565864444,71.81898141967973,71.83827471070026,15040900
2002-04-17,72.64861297607422,73.10523876501964,72.41708371594186,72.9251615419692,12920100
2002-04-18,72.3335189819336,72.97022235611179,71.4845795141163,72.61006770514055,25204800
2002-04-19,72.59720611572266,72.82873551993414,72.39140274606126,72.80300948538405,10499200
2002-04-22,71.38809967041016,72.30778439396516,71.28519554988497,72.27562562961641,13922900
2002-04-23,71.0793685913086,71.69678329577582,70.85427203589705,71.44595581204649,16967000
2002-04-24,70.36548614501953,71.90900804995195,70.35905341350697,71.10508834665946,18902700
2002-04-25,70.40409088134766,70.57773542308638,69.92173893494954,70.23687416604308,25451500
2002-04-26,69.06635284423828,70.75137039872902,69.00204024588847,70.6098797383174,19769800
2002-04-29,68.72550964355469,69.62590097630995,68.577586212573,69.41366493014674,17724400
2002-04-30,69.36864471435547,69.87028997573593,68.5840180617397,68.82840795897332,19473500
2002-05-01,70.21759796142578,70.26261729110934,68.68693584544593,69.43940388733063,24575600
2002-05-02,69.94747924804688,70.68708669827366,69.3172037503849,70.1661431531765,15666800
2002-05-03,69.18858337402344,69.94748417441792,68.94418851373798,69.84458004235266,18185500
2002-05-06,67.83158111572266,69.45228230778781,67.72867696042191,69.22718560149268,23630400
2002-05-07,67.59356689453125,68.37819330100368,67.46494170617753,68.23670264977272,21910000
2002-05-08,70.10823822021484,70.33333477942533,68.68047589216977,68.84769258189912,27917400
2002-05-09,69.29791259765625,70.16614532402853,69.18858064170884,69.8767360508174,18085600
2002-05-10,67.99231719970703,69.49082478335946,67.91513913769198,69.4393727420161,18958900
2002-05-13,69.37504577636719,69.4264929003193,68.0373224188982,68.31387095042558,14677700
2002-05-14,70.88646697998047,70.9829383834771,70.101840094759,70.50058627273334,34201200
2002-05-15,70.60990905761719,71.33022321574607,70.28834102560694,70.42339901024259,29535300
2002-05-16,70.97647857666016,71.05365665136851,70.31404938231043,70.55200652587051,28092000
2002-05-17,71.32379913330078,71.548895801666,70.80928825697508,71.16944783309881,27823700
2002-05-20,70.55203247070312,71.18874078103097,70.41697447035037,71.15658201139203,13833800
2002-05-21,69.90886688232422,71.05365284891577,69.66447701893264,70.81569081135275,16877200
2002-05-22,70.0632553100586,70.17902001590393,69.4587057454508,69.60019648667726,15844200
2002-05-23,70.80928039550781,70.97649714775964,69.7674031013928,70.26904845140949,13879800
2002-05-24,69.90242004394531,70.87355140754794,69.8509680108875,70.73206567674285,11877000
2002-05-28,69.52297973632812,70.18540883227897,69.10494048054515,70.13396169685302,24236900
2002-05-29,69.0085220336914,69.47157601502232,68.89918514136224,69.21432543875189,14773300
2002-05-30,68.81556701660156,69.14356782206303,68.10811824357316,68.52615771614337,18217900
2002-05-31,68.95706939697266,69.81886961532382,68.7191072184365,69.07283411805238,19826300
2002-06-03,67.12409973144531,69.20142606700081,66.96974357320744,68.87342536416759,26056300
2002-06-04,67.29129791259766,67.65788512736749,66.59671496816947,66.98259547212665,25856200
2002-06-05,67.92156219482422,67.96014876696712,67.11120983267112,67.4970902743082,19695900
2002-06-06,66.53883361816406,67.9151439273738,66.33946307731895,67.87655734701335,22998500
2002-06-07,66.461669921875,66.83468996847535,65.41979277295849,65.45837936166261,24011600
2002-06-10,66.71890258789062,67.18196112169103,66.25584405409022,66.39733470683329,18759900
2002-06-11,65.57413482666016,67.23342660227547,65.42621631957282,66.96973853185571,19990700
2002-06-12,65.9728775024414,66.12079600203364,64.81523099515027,65.41334753946116,31266000
2002-06-13,65.3104476928711,66.24299271499903,65.175384846106,65.68346275767999,21043900
2002-06-14,65.2139663696289,65.31686553865975,63.3488717036069,64.51294584698962,39267500
2002-06-17,66.96328735351562,67.10477307846882,65.50336664298241,65.548385943362,17647200
2002-06-18,67.50999450683594,67.54858110113892,66.64818961573799,66.7189349764527,21628500
2002-06-19,65.93431091308594,67.16270322118469,65.75423358989093,66.56458645100753,21540700
2002-06-20,65.09178161621094,66.27515418310055,64.93099764672912,65.76707625072952,25691000
2002-06-21,64.07403564453125,65.13892542981137,63.686804338223894,64.8420479308453,31190700
2002-06-24,64.4096450805664,64.98403929956704,62.763905736922275,63.64163273034399,37169700
2002-06-25,62.96392822265625,65.11306722961363,62.95102265449066,64.73229141985344,33355000
2002-06-26,63.06722640991211,63.34474305199241,61.43439788107954,61.44084820667925,37913600
2002-06-27,64.17081451416016,64.20953614940107,62.32500773437579,63.57060454837138,31616400
2002-06-28,63.867523193359375,64.86142017294887,63.815891030387796,64.04823083984581,28184200
2002-07-01,62.62189483642578,64.40961944148381,62.53154105753242,64.00947776073343,20270200
2002-07-02,61.29240036010742,62.73161052307262,61.16332001380022,62.512181320217984,34213900
2002-07-03,61.64091110229492,61.85388506097825,60.485667831022994,61.06651709086807,30565800
2002-07-05,64.0933837890625,64.23536972219343,62.383112114291436,62.46055540588123,19013500
2002-07-08,63.293087005615234,64.34506577894587,62.96393833954066,63.8803913916716,19118600
2002-07-09,61.69900131225586,63.46736045964704,61.31822531427722,63.073678887123556,28620400
2002-07-10,59.45304870605469,62.00232523613298,59.40141656736107,61.95714834575401,50522500
2002-07-11,59.93708419799805,60.24686715789192,58.29134560536099,59.22070433286534,59476500
2002-07-12,59.278804779052734,60.59539506788879,59.06582585205435,60.233979863706956,39018600
2002-07-15,59.59501266479492,59.63373921970001,56.72304347477697,59.143243890155134,77317200
2002-07-16,58.44624328613281,59.62084739183146,58.000929618551126,58.80766334290217,53282400
2002-07-17,58.56241226196289,60.21460625293931,57.92348054054522,59.672478637863854,48880600
2002-07-18,56.66497039794922,58.79474416129807,56.63269908417724,58.53658842285577,32656700
2002-07-19,54.67072677612305,56.50362823541503,54.406120692707844,55.99377196493374,77572600
2002-07-22,53.05080032348633,55.445190015496784,52.56676015657893,54.27703639776731,78134000
2002-07-23,51.59869384765625,53.722017881160625,51.46961840429513,53.276704154826,74484100
2002-07-24,54.67720031738281,54.93535616302267,50.133674175426364,50.42409642432544,107022800
2002-07-25,54.21247482299805,55.40643905753227,52.66354598613058,54.38672703983771,87176600
2002-07-26,55.245155334472656,55.45813433847098,54.08346107650065,54.632039330869205,41206800
2002-07-29,57.936378479003906,58.30424880636459,56.34227700971504,56.47135241710395,53492900
2002-07-30,58.69147872924805,58.98835607427776,57.25871920730111,57.645950312822016,47532200
2002-07-31,58.833473205566406,59.08517370709464,57.60078184133873,58.4010602327641,44669900
2002-08-01,57.29745864868164,58.95610308736184,57.00703646025566,58.65277040118988,66571900
2002-08-02,56.01316833496094,57.38139128071774,55.25806632208602,57.11678010545073,51772900
2002-08-05,54.064056396484375,56.103481286631116,53.92207541995348,55.81950948574712,47191300
2002-08-06,55.884071350097656,56.729531870835665,54.928901118736405,55.00634934989268,64730000
2002-08-07,56.85861587524414,57.11677176063999,55.3548623974337,56.71017956478345,43289400
2002-08-08,58.697933197021484,58.79474221121532,56.66496851850603,57.06510522210439,48339800
2002-08-09,58.91740417480469,59.33690688299158,57.665351301607714,58.149391751689336,41879200
2002-08-12,58.484947204589844,58.904444639670515,57.79438360092584,58.07835041366984,25841700
2002-08-13,57.420066833496094,59.156158975213096,57.21354324564175,58.18162348694225,49690500
2002-08-14,59.51760482788086,59.78221100368996,56.80697579493573,57.452362956506484,57423600
2002-08-15,60.34367370605469,60.659911900792366,59.50466878656647,59.917715998769886,45551500
2002-08-16,60.162967681884766,60.718000810499355,59.375594875063555,59.90481193677615,36517300
2002-08-19,61.569915771484375,61.79580021830944,60.08552382278538,60.31786351778021,33669900
2002-08-20,60.91807174682617,61.56991392287436,60.42112597873161,61.1955883228537,30508300
2002-08-21,61.795806884765625,61.81516770745188,60.388862990589416,61.350488267333176,39628900
2002-08-22,62.39598846435547,62.69932101144541,61.35691544828181,61.62797668971583,38399800
2002-08-23,61.05360412597656,62.05395586215513,60.76318196975008,61.9636020835997,33716400
2002-08-26,61.479557037353516,61.724802285008856,60.34367472270163,61.25367260873528,33830100
2002-08-27,60.76960372924805,62.11845934001202,60.34364621601168,61.76349474564839,35335700
2002-08-28,59.44015121459961,60.337238894054025,59.2465380380047,60.201708193263734,38970600
2002-08-29,59.46595001220703,60.053254468907525,58.6075842326808,58.90446162300109,42965700
2002-08-30,59.23361587524414,60.27268930061866,58.988370596948435,59.169078162420206,30366700
2002-09-03,56.974761962890625,58.73021534113281,56.89086342786872,58.55596302257596,76586400
2002-09-04,57.78794860839844,58.24617275610895,56.83277374737267,57.187738542597856,51099500
2002-09-05,57.29745864868164,57.716961195006434,56.47136405377804,57.110295822662515,67250900
2002-09-06,58.08482360839844,58.45269396096183,57.658865871792656,57.92347687615288,38622200
2002-09-09,58.51076889038086,58.956082428329154,57.31034906408283,57.50396214721804,33998400
2002-09-10,59.18197250366211,59.23360463368709,58.44623188449453,58.82055744130918,41416600
2002-09-11,58.814125061035156,60.23397964529635,58.79476423572603,59.67894634150805,27711200
2002-09-12,57.729888916015625,58.62697682093937,57.433011364824196,58.5688943305366,43601700
2002-09-13,57.87184524536133,58.020286406844306,56.95539697994406,57.23936880682721,41131000
2002-09-16,58.01382827758789,58.01382827758789,57.090924809964555,57.63950269236191,28167600
2002-09-17,56.68435287475586,58.85285402795999,56.632720722557416,58.65923591917235,47609700
2002-09-18,56.11638641357422,57.11673803229178,55.68397839213055,56.15511297405902,54719400
2002-09-19,54.66428756713867,56.019604469989005,54.66428756713867,55.49683755000761,48510500
2002-09-20,54.68242263793945,55.233459705447565,54.487941585516566,55.05194207812578,46325600
2002-09-23,54.23512649536133,54.49443463095287,53.606293879982,54.22864230817585,46893800
2002-09-24,53.359928131103516,54.228625950452006,53.061719908337366,53.44420770113545,69507000
2002-09-25,54.68242263793945,54.95469907892214,53.184897266550315,54.0471109423132,59294400
2002-09-26,55.57704162597656,55.732627427243024,54.74723914526074,55.116758514508234,53638000
2002-09-27,53.645172119140625,55.512216812340135,53.645172119140625,55.103802176760766,64648300
2002-09-30,53.0228385925293,53.677602984851134,52.44586960540926,53.15897684214336,73096400
2002-10-01,55.5705680847168,55.60297912044707,52.81537780243988,53.43772607268313,67198100
2002-10-02,53.90447998046875,55.44738451379592,53.54792402197669,54.902831718262895,56749100
2002-10-03,53.359928131103516,54.844490005688854,53.12654692268059,53.898001747522166,55547000
2002-10-04,52.38105773925781,53.75540900715578,51.590154868342324,53.677618525417785,68483700
2002-10-07,51.298397064208984,52.64033653032337,50.922398405237516,51.90129769078119,53188000
2002-10-08,52.10226058959961,52.711640370296315,50.695489360008565,51.73922045971316,79531000
2002-10-09,50.630680084228516,51.667927362860944,50.423230628502026,51.27247606507215,79956400
2002-10-10,52.27080535888672,52.55605009106617,49.96293055047628,50.52693583110847,76749000
2002-10-11,54.559234619140625,54.9287539362691,53.04225719630919,53.22377476318174,82308300
2002-10-14,54.863948822021484,55.00657125029943,53.83318572926114,53.93690798419999,40631900
2002-10-15,57.5024528503418,57.51542122433917,56.30313544683133,56.3938942808709,82320300
2002-10-16,56.1086540222168,56.919004282815045,55.700234325444576,56.66617539718723,62977800
2002-10-17,57.22367477416992,57.89140734455399,56.95139835478069,57.612646740136256,68534100
2002-10-18,57.46354293823242,57.768235351509325,56.354984652001114,56.82174707693729,47448700
2002-10-21,58.455413818359375,58.66934743249758,56.76988659402596,57.12644261758964,45859100
2002-10-22,58.034034729003906,58.351695551993764,57.385754602716624,57.72934722427616,40966800
2002-10-23,58.47489929199219,58.52027872928491,56.841234603466525,57.547857976451425,54905800
2002-10-24,57.28205108642578,58.92868373918473,57.11349681359581,58.83144069924488,54987400
2002-10-25,58.47489929199219,58.59807417006717,57.00978891883422,57.18482247810965,43672100
2002-10-28,58.09238815307617,59.1814990688313,57.59969382438126,59.090740238017155,39416100
2002-10-29,57.41814422607422,58.01456048140038,56.40034509292624,57.74876832356305,59508200
2002-10-30,57.975677490234375,58.31926508046001,57.197743510326646,57.48946751629614,41688600
2002-10-31,57.385746002197266,58.53968860867215,57.17181735153287,58.12478978570882,41620600
2002-11-01,58.5202522277832,58.87680832074712,57.08107431996592,57.27555541486721,51878900
2002-11-04,59.077781677246094,60.25117237793158,58.92867997870805,59.51213323512816,49080600
2002-11-05,59.54454040527344,59.68716285266583,58.88977596314737,58.88977596314737,37270800
2002-11-06,60.315982818603516,60.3354304308009,58.85735255198225,59.95294753495958,65013100
2002-11-07,58.83794021606445,59.78442916302118,58.48786814867152,59.65477009399356,51572000
2002-11-08,58.1182975769043,59.36299387395526,58.03401801932318,58.68878214322346,37905400
2002-11-11,57.21720504760742,58.059966240015974,56.91899678451041,58.02755520145304,33505100
2002-11-12,57.670989990234375,58.29982240104146,57.28850715247652,57.47650895180945,37724500
2002-11-13,57.729339599609375,58.176649464398956,56.692087577758066,57.2560929936909,63891500
2002-11-14,58.818477630615234,58.99351114679474,58.183160718954156,58.39061023064188,31896800
2002-11-15,59.25279235839844,59.35003534655997,58.31278340081533,58.34519937886378,39152100
2002-11-18,58.65640640258789,59.73903336605968,58.57212679430264,59.73903336605968,28934800
2002-11-19,58.57857894897461,59.05830474569987,58.1896119530897,58.35816118551682,32806600
2002-11-20,59.88166809082031,59.914079146346985,58.3128256129044,58.3322781814053,36688400
2002-11-21,60.996665954589844,61.061497914702336,59.920523671303606,60.03073008992022,55128200
2002-11-22,60.56233596801758,61.113373156745936,60.46509294742187,60.60123614384715,32513800
2002-11-25,60.60123825073242,61.1068960402274,60.140954933642725,60.56882226074504,33846400
2002-11-26,59.44728469848633,60.58177490224359,59.39542604812014,60.33543023855367,42284700
2002-11-27,61.11985778808594,61.35972324783455,59.9205403813139,59.978883226504216,37764000
2002-11-29,60.925376892089844,61.554204547148956,60.789233694226425,61.456966471511564,19385700
2002-12-02,61.02260971069336,62.2673113774631,60.432677336711265,61.89130769743907,49911900
2002-12-03,60.205772399902344,60.54936004860357,59.86866399084814,60.4521170480693,34407700
2002-12-04,59.933494567871094,60.3808094292982,59.272251027747544,59.49266389246048,64040800
2002-12-05,59.27225875854492,60.16040441122223,59.05832510596065,60.115024995157576,36724900
2002-12-06,59.661197662353516,59.751956451544146,58.33222685150037,58.42298564069101,49824100
2002-12-09,58.02107620239258,59.291704763697695,58.00811277500545,59.03887588877391,36789600
2002-12-10,58.79899215698242,59.05830513795591,58.18961233957602,58.358161573122615,33319900
2002-12-11,58.850868225097656,59.395426095245284,58.44893771802074,58.61748698731793,39201000
2002-12-12,58.844364166259766,59.31112648418525,58.47484482223261,59.12312472024398,34465600
2002-12-13,57.917327880859375,58.656371568063896,57.871948482573295,58.28685219745337,36862200
2002-12-16,59.414886474609375,59.505645314805655,58.124810149545745,58.22853241863328,37098400
2002-12-17,58.8962287902832,59.47319751407331,58.82491760455785,59.233337112981836,32353900
2002-12-18,58.215553283691406,58.604520343304955,57.91086085409903,58.55265674976061,35612600
2002-12-19,57.80067443847656,58.79902175692817,57.43763410396249,57.92384433330639,39264200
2002-12-20,58.62539291381836,58.64493608822622,58.04558887837227,58.11073444982796,31176900
2002-12-23,58.64495086669922,58.938113467559276,58.182410731429094,58.36482036558748,22599300
2002-12-24,58.2084846496582,58.54073369302738,58.14333904534627,58.36483509406504,10937000
2002-12-26,58.234527587890625,59.02931666082269,57.876219409014816,58.43648039582628,17485600
2002-12-27,56.925106048583984,58.16940868575884,56.92510604858398,57.95442367981367,22205700
2002-12-30,57.40064239501953,57.63517044125304,56.82083832802247,57.192173572844055,29968000
2002-12-31,57.478816986083984,57.6091081291012,56.74917366243742,57.322461650117106,34036600
2003-01-02,59.329002380371094,59.4788417320427,57.6807943634365,57.8827472123807,44516300
2003-01-03,59.51139831542969,59.53094149368402,58.95765339363575,59.22475675055029,32222600
2003-01-06,60.56024169921875,60.905517672654845,59.394117676480185,59.43972006975876,40984500
2003-01-07,60.41041564941406,60.82735329358964,60.065134658506956,60.52116362389753,38640400
2003-01-08,59.537452697753906,60.19543447707388,59.31595673517854,60.065138348833294,38702200
2003-01-09,60.462547302246094,60.703591469422726,59.55049903788101,59.817597466647854,34804900
2003-01-10,60.62541580200195,61.00326722147435,59.804572336612104,59.90228824657011,37768900
2003-01-13,60.60585403442383,61.146571765061914,60.22149165235099,60.93810293726383,31649900
2003-01-14,60.80129623413086,61.1270290908825,60.20194897057719,60.384358575111875,30733000
2003-01-15,60.1954345703125,60.95764828311647,59.87621775363451,60.938105106422384,33511800
2003-01-16,59.9478759765625,60.540712193303015,59.57654069881257,60.26058172269944,44812100
2003-01-17,59.061893463134766,60.13029700734844,58.729644504175106,59.27687340571831,35618300
2003-01-21,58.143341064453125,59.231288102144994,57.94789927443933,59.198717784003485,36826200
2003-01-22,57.4397087097168,58.50160059594281,57.32896077381808,57.83058699366269,42286500
2003-01-23,57.791500091552734,58.2279807548551,57.296384952573646,57.817559306266055,55919800
2003-01-24,56.273643493652344,57.7720176066917,56.136836200420575,57.71338306942538,68633900
2003-01-27,55.50489807128906,56.54724758854344,55.048873885208415,55.85017920679682,57884400
2003-01-28,55.915306091308594,56.28664136718082,55.45927708759357,55.78500996012322,46929100
2003-01-29,56.338775634765625,56.79479979620404,55.22476452414068,55.64821837135669,53712200
2003-01-30,55.0032844543457,56.59937445279834,54.98374126608341,56.540744888011474,49845900
2003-01-31,56.06513595581055,56.16285680383003,54.82083906658152,54.82083906658152,55317000
2003-02-03,56.17588806152344,56.55373438044248,55.97393031989103,56.11725356547251,39696000
2003-02-04,55.62216567993164,55.86320989092325,54.91858617242936,55.57656325842417,43633400
2003-02-05,55.27687454223633,56.37785338265644,55.03583536672884,55.86319478181775,55270600
2003-02-06,55.01631546020508,55.30296216232992,54.49514551214181,54.96420194460342,53638000
2003-02-07,54.345272064208984,55.3680731002765,54.05211446270967,55.31595961732034,43165000
2003-02-10,54.72963333129883,54.80780603214662,53.84363960623994,54.3713252181174,45455900
2003-02-11,54.351810455322266,55.29643419981919,53.960931835885305,54.96419010695799,46861000
2003-02-12,53.48532485961914,54.47555535671481,53.47880881192707,54.175881776624514,35873600
2003-02-13,53.64820098876953,53.8501587415433,52.76872326179737,53.51790983302884,57934100
2003-02-14,54.82087326049805,54.85344358329406,53.302956055972565,53.661264398771934,59580900
2003-02-18,55.78500747680664,55.89576042595625,54.9771913805747,55.06839618319981,39492700
2003-02-19,55.491844177246094,55.68076981187918,54.90552409912417,55.58304897047745,31432000
2003-02-20,54.9381103515625,55.64820566513549,54.75570072863694,55.511398447941325,29280100
2003-02-21,55.491844177246094,55.85666335017153,54.371322465788296,54.970669669962504,60955800
2003-02-24,54.592857360839844,55.37461463820375,54.45604511552419,55.32901221319572,30628600
2003-02-25,55.02934646606445,55.042373602131185,53.563547629088724,54.03911513505495,56770600
2003-02-26,54.228023529052734,55.06841518925199,54.12379156305947,54.736166167710266,37787200
2003-02-27,54.944644927978516,55.211748397410965,54.17591975127029,54.527707048618446,51126000
2003-02-28,55.3094482421875,55.524433152275904,54.82736493465052,55.029317745181615,43666800
2003-03-03,54.78175735473633,55.88273615965884,54.540718187000394,55.543976126761734,42923100
2003-03-04,53.9088134765625,54.72966205834037,53.84366786823217,54.69057071710911,31440500
2003-03-05,54.364837646484375,54.423472173122306,53.654742066955,53.81760857275069,43974700
2003-03-06,53.9088134765625,54.4104401280265,53.72640378512104,53.98699118873369,41217700
2003-03-07,54.28014373779297,54.716624739324565,53.048873467627196,53.166137539561596,63538000
2003-03-10,52.97720718383789,53.980465273746425,52.83388388952375,53.811082746803315,41014100
2003-03-11,52.45602035522461,53.42019185862462,52.429966098904224,53.08143185327769,48102700
2003-03-12,52.80784606933594,52.833905312531364,51.71338270658995,52.364848875598454,62459800
2003-03-13,54.631927490234375,54.664502771393934,53.114010841536185,53.537464645160114,72117800
2003-03-14,54.807823181152344,55.22476095042669,54.299680585492375,54.853425594345154,63951800
2003-03-17,56.53420639038086,56.64495439342686,54.21498952522914,54.37133993954644,88217500
2003-03-18,56.8664665222168,56.905552890889055,56.20848448458457,56.7752616817875,50792300
2003-03-19,57.30296325683594,57.433259471965606,56.46908736117564,56.859966065979854,49630800
2003-03-20,57.42674255371094,57.713384282094204,56.25410148666747,56.8925405054561,67321600
2003-03-21,58.65244674682617,58.78980551085457,57.51432770892841,58.08338972304104,71165300
2003-03-24,56.70327377319336,57.65170579085357,56.480879754298584,57.573212903538504,65398900
2003-03-25,57.24617004394531,57.73020205857039,56.53975397806204,56.73597872234594,61040100
2003-03-26,56.95836639404297,57.4620153374944,56.77522132369699,57.272327945970666,45740800
2003-03-27,57.00419235229492,57.33778110002581,56.24544225790033,56.51362271929812,53120200
2003-03-28,56.71635437011719,57.08918685799456,56.41547244922748,56.55937358320283,32583000
2003-03-31,55.42780303955078,56.6378732971864,55.205413960888464,55.82679990687343,61119500
2003-04-01,56.27812194824219,56.507053335953636,55.53899918496525,55.76138825007637,53574000
2003-04-02,57.63862991333008,58.063786024061585,57.23309078780076,57.259255085286156,50431200
2003-04-03,57.36391830444336,58.20769834670082,57.331216669051784,58.1292104294967,48755500
2003-04-04,57.704044342041016,57.946055386623904,57.31158981838685,57.841403175803464,36250100
2003-04-07,57.59282684326172,59.4242822201264,57.540498263552664,59.09069376239121,69776200
2003-04-08,57.68439865112305,57.98528049524707,57.37043216706913,57.75634919975357,39712700
2003-04-09,56.92565155029297,58.279622399305644,56.75558615655533,57.79559549902116,55647300
2003-04-10,57.2396354675293,57.318123372889,56.062266983836835,56.96491282778126,41812400
2003-04-11,57.00419235229492,58.018033266288896,56.81450482869627,57.66482752202368,47730100
2003-04-14,58.1815185546875,58.21422517170212,56.90604033638297,57.21346457113563,36711700
2003-04-15,58.72441101074219,58.72441101074219,57.83484500603021,58.10956259828073,49709800
2003-04-16,57.723663330078125,58.907569162378735,57.57976218111412,58.80945927929397,51788000
2003-04-17,58.58052444458008,58.68518164304961,57.68442088675169,57.75637146311702,37403100
2003-04-21,58.63943099975586,58.9730197846772,58.25351358380118,58.77678991346866,32052700
2003-04-22,59.74479293823242,59.88869405388874,58.142268674594916,58.27962746944996,59763600
2003-04-23,60.29428482055664,60.405479417903436,59.679435886443706,59.927994386787006,44227100
2003-04-24,59.75791549682617,60.22886308676647,59.496277392378026,59.869110069358804,49692400
2003-04-25,59.018768310546875,59.829841611053,58.88140449442955,59.71864708403396,43917200
2003-04-28,60.039161682128906,60.30079972598777,59.06456508384352,59.15613765064453,46432900
2003-04-29,60.248443603515625,60.69976889829236,59.78403865816823,60.26806557453577,52017100
2003-04-30,60.11766815185547,60.54936677981069,59.79062177084961,60.11766815185547,48709100
2003-05-01,60.11109161376953,60.653989494920005,59.195361270089116,60.124171265819314,50240400
2003-05-02,60.967979431152344,61.13804492894716,59.84293919860873,59.8887254875922,50201500
2003-05-05,60.8502311706543,61.34080059962163,60.503562905970234,61.138033499220825,35437800
2003-05-06,61.425846099853516,61.73326546820445,60.83061936447658,60.856783670569854,44401000
2003-05-07,61.085723876953125,61.576293458355146,60.81100610904763,61.105345861756106,41413100
2003-05-08,60.47086715698242,61.04647191763853,60.35967259743065,60.51665344564087,40570700
2003-05-09,61.308109283447266,61.35389557157689,60.57552368304216,60.719424871544156,33608100
2003-05-12,62.0603141784668,62.217300021020485,61.01376684643211,61.157668040274,35662300
2003-05-13,61.94913101196289,62.2565554389355,61.65479123610908,61.83139410355492,39253600
2003-05-14,61.81827926635742,62.2957639635137,61.42582479175967,62.19764909728191,32195100
2003-05-15,62.210750579833984,62.35465175721376,61.6482305175298,62.0668494024542,43879200
2003-05-16,62.053775787353516,62.433145757900725,61.65477884407296,62.06685544551119,38905000
2003-05-19,60.60166931152344,61.75941080617043,60.392359917393435,61.582808032194635,41606000
2003-05-20,60.477413177490234,60.850245833733645,59.90835070624229,60.712886959363075,55404600
2003-05-21,60.60166931152344,60.75210778744179,60.1176422732846,60.24845877324226,49333800
2003-05-22,61.203453063964844,61.517419752245765,60.62131096661568,60.79791379792099,38421800
2003-05-23,61.32772445678711,61.471625629313046,60.922185242425876,61.17728096087438,26155900
2003-05-27,62.400447845458984,62.68824525510328,60.87641057697832,61.02685410160156,43719200
2003-05-28,62.577030181884766,63.10030619394284,62.420049374399305,62.69476703508134,37727100
2003-05-29,62.413516998291016,63.32924767016096,62.191127901440254,62.7143990065583,50844200
2003-05-30,63.41425323486328,63.50582576737849,62.505065240370314,62.72745924099922,52529500
2003-06-02,63.67591857910156,64.39541949716157,63.23113537679213,63.793655455899085,50305500
2003-06-03,63.93751525878906,63.99638116392581,63.348831255783274,63.54506092022776,38254500
2003-06-04,64.85979461669922,64.98406875980344,63.81978526868365,63.87865617043044,49360700
2003-06-05,65.18030548095703,65.18030548095703,64.27765481914474,64.48042684668465,46262400
2003-06-06,64.92525482177734,66.32501305975,64.840219561219,65.67092023862887,60356800
2003-06-09,64.26457977294922,64.82055732762647,63.95061321800833,64.60470563300018,37808500
2003-06-10,64.91871643066406,64.92525875656479,64.22537959516235,64.4019824718219,29965900
2003-06-11,65.60549926757812,65.66436521473588,64.56548928814328,64.85983399492578,37610200
2003-06-12,65.80823516845703,65.9979225586997,65.1606851054416,65.89980770301158,36442000
2003-06-13,65.12145233154297,65.89982405877056,64.72245547895825,65.8082515014885,48628300
2003-06-16,66.49505615234375,66.52121546486903,65.27844351636743,65.38309573746008,36326300
2003-06-17,66.49505615234375,66.83518210880797,66.21379613455717,66.76323152353719,36801800
2003-06-18,66.43619537353516,66.80902801311353,66.06336273395677,66.25305021589402,35521000
2003-06-19,65.42232513427734,66.54082762349105,65.3045882927985,66.48195670758693,43551700
2003-06-20,65.27794647216797,65.97378780555171,65.26481455548596,65.90157728887694,41545000
2003-06-23,64.60832214355469,65.4223302298442,64.28009453054128,65.28447022502537,34237500
2003-06-24,64.67401885986328,65.04819844034718,64.34579098195249,64.47708513813278,36213600
2003-06-25,64.02408599853516,65.27791805278477,64.02408599853516,64.68054131279612,47743400
2003-06-26,64.8578109741211,64.97597317460462,63.64993014602744,64.18822350192829,33477300
2003-06-27,64.10944366455078,65.11381973325885,64.05692602489549,64.8249777235125,54208800
2003-06-30,64.08975982666016,64.77247426659446,63.98472953270966,64.47707124347737,33349000
2003-07-01,64.6805191040039,64.8905845321048,63.301964419069634,63.840257391600346,51322800
2003-07-02,65.49455261230469,65.50768452489612,64.70680814096401,64.83809721673506,34662100
2003-07-03,64.81842803955078,65.54709419554156,64.2670077098059,65.03505960124728,30792800
2003-07-07,66.10505676269531,66.23635084768192,65.41578159785523,65.41578159785523,31391100
2003-07-08,66.40046691894531,66.49237027733177,65.7571384018827,65.97376989308967,30952500
2003-07-09,66.0262680053711,66.56456109176145,65.66521562678662,66.24946037878264,36528500
2003-07-10,65.18604278564453,65.67181852508558,64.74621372930054,65.54052440066992,49777700
2003-07-11,65.8030776977539,65.94093270939099,65.2450916958829,65.2450916958829,39976300
2003-07-14,66.124755859375,66.89280748946659,65.94094413698112,66.43328569601789,42114900
2003-07-15,65.98030090332031,66.60393122040357,65.61268265612532,66.55141361246788,42573600
2003-07-16,65.59300994873047,66.21664546568579,65.14005921416047,66.17725474345984,39894200
2003-07-17,64.66088104248047,65.56678802971102,64.4376885271584,65.08757821346815,52253500
2003-07-18,65.32390594482422,65.51427869251934,64.63462547931981,65.00223905646384,35698100
2003-07-21,64.51641082763672,65.31072095181783,64.23413491504714,65.284462145024,34786000
2003-07-22,65.10066986083984,65.25822273634402,64.28010074892538,64.78557412654428,49968300
2003-07-23,65.14661407470703,65.28446906872831,64.51641766988583,65.12692121961197,37275400
2003-07-24,64.65428161621094,65.86872292933626,64.57551018492366,65.63896457415414,40896200
2003-07-25,65.7964859008789,65.83587159763522,64.35884786902396,64.76585176613766,43241100
2003-07-28,65.55363464355469,66.28886647211935,65.42890651868787,65.88842828967469,34382800
2003-07-29,65.25164031982422,65.8161921270682,64.77899182926134,65.73741570918935,53472100
2003-07-30,65.09410858154297,65.48141479637765,64.94312166204494,65.38294550177949,28363300
2003-07-31,65.24510955810547,66.24292468935127,65.10068855160743,65.63242089447365,54937200
2003-08-01,64.66741943359375,65.33700170247661,64.49017368029504,65.11380928230132,49321000
2003-08-04,64.66741943359375,64.98908116022866,63.676170429719,64.5361253555286,55214100
2003-08-05,63.2954216003418,64.83152967406596,63.24290397203264,64.60177131065929,61415600
2003-08-06,63.66303634643555,64.37200425460499,63.295417977668585,63.47266371097825,50096900
2003-08-07,64.33262634277344,64.37857801839829,63.518623085266064,63.78776718296671,43427400
2003-08-08,64.51641082763672,64.69365652140627,64.17505635602747,64.54266963443055,27357300
2003-08-11,64.75935363769531,65.0153709514518,64.22762113282009,64.50333632393883,34631400
2003-08-12,65.35015106201172,65.37640487627716,64.60835309587591,64.79872580362942,43285600
2003-08-13,65.01533508300781,65.54706228617401,64.68054146958332,65.5273694280355,36152000
2003-08-14,65.19256591796875,65.48140781576983,64.62801403136983,65.05471092356983,35525100
2003-08-15,65.39607238769531,65.50766857576613,65.06784476982396,65.22539262406254,12567000
2003-08-18,65.96061706542969,66.03938847974194,65.47483663817873,65.59956472198039,22873800
2003-08-19,66.21009826660156,66.26261590554252,65.64554616888057,66.09850204012032,37437700
2003-08-20,65.94093322753906,66.2297751637282,65.75056559689422,65.83590298333351,21295300
2003-08-21,66.1509780883789,66.64331941237455,65.90809290722154,66.3347897230221,46494200
2003-08-22,65.49455261230469,66.84028817656531,65.46829880383625,66.79433649920972,52040300
2003-08-25,65.59960174560547,66.19041272817118,65.17290464662143,65.45518072671626,23473000
2003-08-26,65.71773529052734,65.90154195866556,64.87747337426349,65.31729718850221,45065800
2003-08-27,65.7374496459961,65.88187064915344,65.36327023252375,65.67837105835412,18919500
2003-08-28,66.14443969726562,66.30198757232534,65.42233984418885,65.90811538049772,27402400
2003-08-29,66.59082794189453,66.61708675517619,65.96063144820437,66.04596883510236,28706600
2003-09-02,67.4836196899414,67.53613231758712,66.33482269624932,66.72212899296822,49419100
2003-09-03,67.85124206542969,68.07443453531505,67.47049666677552,67.63461054464113,44912400
2003-09-04,67.88404083251953,67.97594416824009,67.45734391189916,67.6805362962616,28381000
2003-09-05,67.50330352783203,67.97595217196397,67.22102753249528,67.57551401559424,31637300
2003-09-08,68.0613021850586,68.19259127350703,67.56896059084039,67.64117109199434,32632800
2003-09-09,67.61491394042969,67.91688285799566,67.40484838871606,67.85780426924393,35053200
2003-09-10,66.93219757080078,67.48362275718202,66.66305343867717,67.30637697970468,45904900
2003-09-11,67.12914276123047,67.45737052066178,66.85342763695598,67.02410747420055,38396300
2003-09-12,67.25385284423828,67.37858097127608,66.5317529153842,66.8993713402437,42524800
2003-09-15,67.01752471923828,67.37201121157773,66.92562137030104,67.2998007219332,21312800
2003-09-16,67.99565887451172,68.03504460008931,67.07005425657611,67.10944499051149,37892600
2003-09-17,67.8643569946289,68.13350611083838,67.64773052043076,67.93000654087515,31885800
2003-09-18,68.66523742675781,68.73088196851693,67.72650595536564,67.87749290893336,30243600
2003-09-19,68.31598663330078,68.92883402926404,68.13806546628483,68.7113709147904,34331600
2003-09-22,67.57792663574219,67.84810392482295,67.23525662570911,67.77561623145377,36677400
2003-09-23,67.83493041992188,68.06557080826455,67.45272347490634,67.60428500399578,32489200
2003-09-24,66.62897491455078,68.0194128226523,66.60261530638995,67.95351631604082,41694700
2003-09-25,66.08203125,67.136390548503,66.02931202817942,66.82667643236596,52673100
2003-09-26,65.86456298828125,66.33243976022177,65.79866648004132,66.18746442554513,42914700
2003-09-29,66.51036834716797,66.54990525106112,65.7591370077069,66.09521577354428,36771600
2003-09-30,65.86456298828125,66.39833626846169,65.40328240302043,66.21382403435737,70764500
2003-10-01,67.26818084716797,67.3340773530551,66.0293044151329,66.05566402300397,65797600
2003-10-02,67.51202392578125,67.58451161791517,66.97166432924486,67.16935894917064,44591500
2003-10-03,68.1314468383789,68.71793437547133,67.92716613126952,68.31595909352053,48806900
2003-10-06,68.44117736816406,68.52684235012312,68.00625124225796,68.19076855564956,20226500
2003-10-07,68.70475769042969,68.73770343480645,67.81514215094651,68.0457824719115,42602900
2003-10-08,68.5334243774414,68.79042431665025,68.14463140238568,68.75088741141259,30920800
2003-10-09,68.71794891357422,69.33738735338378,68.42141201615809,69.11333311932339,40066500
2003-10-10,68.90904998779297,68.92881844325987,68.4741288847728,68.7113553779584,22682800
2003-10-13,69.12650299072266,69.38350292954784,68.86950305189747,69.0012960875476,23825600
2003-10-14,69.37030792236328,69.47574635366549,68.77064318397065,69.0605938424706,38484400
2003-10-15,69.1858139038086,69.77889266701989,68.95517355911043,69.75912421284326,39021700
2003-10-16,69.46257019042969,69.67344202887392,68.96174768878166,68.98151613807624,32772200
2003-10-17,68.70475769042969,69.60755052214718,68.5202454336577,69.50211710152688,32790300
2003-10-20,69.21873474121094,69.21873474121094,68.49386324528285,68.8299368760946,27657000
2003-10-21,69.10016632080078,69.3769348041083,68.74431897329809,69.0738066994024,26729100
2003-10-22,68.23033905029297,68.65867422608757,67.9996985795067,68.55323570939373,33914500
2003-10-23,68.10511779785156,68.50050209743412,67.76903888079353,67.80198966725213,45830500
2003-10-24,68.25667572021484,68.25667572021484,67.33410911980499,67.76244415152209,51723600
2003-10-27,68.28961944580078,68.65205792977297,68.05238789767051,68.36210714259522,32460200
2003-10-28,69.21873474121094,69.29122239356177,68.41478443519642,68.520222848645,34956200
2003-10-29,69.31105041503906,69.47579430697179,68.44779403013867,69.04086801902879,30955400
2003-10-30,69.45597839355469,69.83159400944558,69.06059432855078,69.71297828718629,39123100
2003-10-31,69.3901138305664,69.68005959700048,69.33739459027531,69.45601036713853,25761600
2003-11-03,69.84480285644531,70.25336942384101,69.66029054458384,69.68665016450456,37589300
2003-11-04,69.6932373046875,70.02931112722034,69.57462153568086,69.84479882600627,31421600
2003-11-05,69.74595642089844,69.83162644362025,69.12652294146842,69.51531602815409,33558800
2003-11-06,70.11497497558594,70.14133459166656,69.25830504950503,69.58779270913881,28392300
2003-11-07,69.5943832397461,70.32584623971493,69.56802362390421,70.27312700803115,31723200
2003-11-10,69.31105041503906,69.74597167539747,69.19902577514512,69.6800751241413,25530800
2003-11-11,69.29126739501953,69.40988317339449,69.06062700028588,69.25172545050552,26558600
2003-11-12,70.06884002685547,70.16109616029107,69.29784018560841,69.3439682523262,28000000
2003-11-13,70.08860778808594,70.20722353384377,69.70640093757933,69.85796745677408,29714800
2003-11-14,69.4955062866211,70.47737767679347,69.3834817377759,70.11494442566244,49158500
2003-11-17,69.14627075195312,69.28465494627675,68.55978320228456,69.13309345955268,44382100
2003-11-18,68.42800903320312,69.48895992104902,68.3357528714412,69.35057567840613,41155000
2003-11-19,69.0079116821289,69.19901517079552,68.48072929769802,68.55321700124685,29827000
2003-11-20,68.38847351074219,69.35057709417453,68.36870505104446,68.53344891863733,53578700
2003-11-21,68.67179870605469,68.75087753274937,68.28300578686377,68.69156715583303,30016000
2003-11-24,69.58123016357422,69.70643713455301,68.98156499077082,68.98815615439727,28906400
2003-11-25,69.84480285644531,70.12816248611354,69.48895552889103,69.67347286833592,37580000
2003-11-26,70.09522247314453,70.14793668972013,69.44942430115101,70.1281682300563,33053600
2003-11-28,70.14794158935547,70.28633087183606,69.98319771053822,70.03591695837994,10507500
2003-12-01,70.90576171875,70.95848096457036,70.37858434329841,70.41153010124815,38699000
2003-12-02,70.72782897949219,71.01777472890915,70.55649397239364,70.76077473205291,35352000
2003-12-03,70.61580657958984,71.22206274356562,70.55649617899259,70.93870311924904,39078600
2003-12-04,70.90576171875,70.98484058748053,70.47084050969204,70.62240205694557,36089500
2003-12-05,70.4114990234375,71.03752847917708,70.25993754307927,70.58942514265323,28824400
2003-12-08,70.8860092163086,70.93213730988975,70.29952130038305,70.33905822985687,32482900
2003-12-09,70.33903503417969,71.12321739404504,70.2072419610049,71.10344893582717,43596100
2003-12-10,70.33245086669922,70.49719472656656,69.825036962861,70.35880546000442,36915400
2003-12-11,71.12320709228516,71.235231691016,70.29289677431564,70.29948793529474,45304000
2003-12-12,71.26158905029297,71.30112595974978,70.76735757175241,71.14956445511027,34142200
2003-12-15,70.90576171875,71.9798949851078,70.82668787760346,71.94035303695054,38693400
2003-12-16,71.27479553222656,71.49884479853912,70.85304656886684,70.95848506660285,32894200
2003-12-17,71.49884796142578,71.49884796142578,71.03756708238588,71.20889710740956,23198800
2003-12-18,72.30277252197266,72.30936368286001,71.42633414451474,71.53177260838156,29353100
2003-12-19,72.10149383544922,72.41267647679314,71.88962555537182,72.36633044838054,41465100
2003-12-22,72.60468292236328,72.60468292236328,72.02204136342624,72.02866366787005,27611300
2003-12-23,72.65101623535156,72.79667154825486,72.41928108242105,72.48549401259397,24741200
2003-12-24,72.57820129394531,72.75034080479793,72.45240276180512,72.5119883498683,8055800
2003-12-26,72.63117218017578,72.88276927079269,72.58482614527355,72.63779448554438,8308400
2003-12-29,73.59783935546875,73.67066452167971,72.68415300850062,72.89602135464659,22483700
2003-12-30,73.61104583740234,73.67063141516346,73.39255528293647,73.55145520830366,19559500
2003-12-31,73.67725372314453,73.83615364852133,73.38593298383911,73.63753000463473,31501800
2004-01-02,73.64418029785156,74.27978529226847,73.31313571421738,73.98184213619402,38072300
2004-01-05,74.4452896118164,74.49825289339371,73.88250991443061,73.94872285624417,27959800
2004-01-06,74.51815032958984,74.63732660179565,74.15399920581089,74.25993591503398,20472800
2004-01-07,74.76974487304688,74.85581466358961,74.08117139468348,74.41221604478085,30170400
2004-01-08,75.06761932373047,75.08748622900022,74.66374478929416,74.98154960623965,36438400
2004-01-09,74.41218566894531,75.14710489626698,74.33273316687271,74.70350645853975,54084300
2004-01-12,74.96173858642578,74.98160045382835,74.39234148130058,74.518140043303,31564100
2004-01-13,74.52474212646484,74.96834563061844,73.99507391531424,74.87564851604503,54239700
2004-01-14,75.14710235595703,75.25303902180602,74.59756726737642,74.65715790475105,30112800
2004-01-15,75.33247375488281,75.51785783749031,74.53796910046862,75.1934356929272,38408700
2004-01-16,75.63041687011719,75.683380142821,75.23315949114551,75.50461836335367,31922700
2004-01-20,75.61058044433594,75.9085235986877,75.35898838071085,75.82907108059267,29863000
2004-01-21,76.20645141601562,76.33887226163432,75.29277031227107,75.56422420594656,30725000
2004-01-22,76.00782775878906,76.39183558290911,75.86216735421235,76.23293561943396,29888500
2004-01-23,75.76283264160156,76.38519782084676,75.44502774863835,76.1402231106181,44245300
2004-01-26,76.71623992919922,76.75596364535646,75.72972386637146,75.73634616951009,30460600
2004-01-27,75.9283676147461,77.13336940685981,75.90850575272668,76.63680265102167,35322800
2004-01-28,75.0610580444336,76.32564585075761,74.77635947264234,76.12702211197717,52621300
2004-01-29,75.13384246826172,75.37881210191034,74.52471690712709,75.18680573551687,60117100
2004-01-30,75.13384246826172,75.29274237270094,74.87562317795977,75.16032157622085,30984400
2004-02-02,75.45829010009766,75.92837272107784,74.89551541590103,75.27952322722408,38832400
2004-02-03,75.33247375488281,75.57082616147456,75.10736595495584,75.3059895928907,25093500
2004-02-04,74.71675872802734,75.2994004063404,74.6770349959021,74.94187166319537,39332600
2004-02-05,74.93522644042969,75.1735788629659,74.67038985412971,74.92860413665431,37226800
2004-02-06,75.77610778808594,75.94163008998332,74.94849627859902,75.09415671248308,37216000
2004-02-09,75.79597473144531,76.05418911837982,75.67017616553473,75.92176824601611,24851300
2004-02-10,76.04092407226562,76.2329304970935,75.65029396927468,75.66353352728352,27908100
2004-02-11,76.84869384765625,77.06056219127258,75.59072334747317,76.04094420907533,42965700
2004-02-12,76.57061767578125,76.98110975059883,76.52427163341991,76.78248601962444,27814700
2004-02-13,76.226318359375,76.93475351379071,75.97472631294276,76.68316146735846,44739900
2004-02-17,76.9148941040039,77.0870386946055,76.65005743800282,76.70302578147088,23984300
2004-02-18,76.57722473144531,77.19958502615968,76.37197368357361,76.93474838626439,28618000
2004-02-19,76.29253387451172,77.06055465071584,76.17997488162052,77.02083091871852,51146200
2004-02-20,76.0607681274414,76.51098876441156,75.68999997393794,76.45802549343767,46728800
2004-02-23,75.86878967285156,76.31239322131445,75.5907134553715,76.28590905041077,36357000
2004-02-24,75.73635864257812,76.13361102358606,74.83591721824648,75.6569061458413,43953000
2004-02-25,76.0541763305664,76.17996982398618,75.69002530696957,75.78271737636896,31213600
2004-02-26,76.10050964355469,76.33223977831486,75.703252211008,75.88201906592163,29683000
2004-02-27,76.15343475341797,76.63013939246737,75.89522058248879,76.26599366360253,39312000
2004-03-01,76.90826416015625,77.02743533628797,76.30576071812987,76.42493694560001,33130800
2004-03-02,76.4580307006836,77.44454177706385,76.29250847069119,76.76259099770913,38556400
2004-03-03,76.59709930419922,76.7162755593585,76.0872878038302,76.3057784468455,31346200
2004-03-04,76.79570770263672,76.8685379024406,76.48452504008169,76.61694588124266,21060000
2004-03-05,77.05393981933594,77.43133046393604,76.32564270448273,76.41833478902733,55905600
2004-03-08,76.11376190185547,77.21283222631816,76.08066047784497,77.02744303623587,39281600
2004-03-09,75.80918884277344,76.27927141633661,75.63704429216192,76.20644122382167,39746100
2004-03-10,74.53800964355469,75.9879816791035,74.52476502968584,75.9548802471117,67671800
2004-03-11,73.57134246826172,74.99482998943881,73.5580978575375,74.41881570640925,89134800
2004-03-12,74.53800964355469,74.62407942834155,73.87592038763682,73.97523478629253,54012200
2004-03-15,73.62429809570312,74.38570149026644,73.42567441755949,74.33273315555942,57677200
2004-03-16,74.01490783691406,74.19366959099918,73.38592044374319,74.00828553451485,59832600
2004-03-17,74.8425521850586,74.98821259471796,74.22018681700095,74.27315515712051,41607300
2004-03-18,74.86237335205078,74.99478907902511,74.10759259535747,74.61739870067846,60014300
2004-03-19,73.78939819335938,74.79265905552847,73.77611221919952,74.68635605510634,48636200
2004-03-22,72.85258483886719,73.46384105156201,72.48715717418662,73.4439095551336,62752100
2004-03-23,72.72633361816406,73.35088077445302,72.65989361769753,73.25121823922967,54080200
2004-03-24,72.7861557006836,73.1781553731277,72.32106541533703,72.8060872000894,51584300
2004-03-25,73.7495346069336,73.94885970105791,72.94559884698158,73.13827841955569,49873600
2004-03-26,73.76947021484375,74.27442343080583,73.6166586940046,73.72296169949514,37409500
2004-03-29,74.80594635009766,74.90560889972289,74.13489565865326,74.16811312916312,44113600
2004-03-30,75.05840301513672,75.12484300531443,74.56009548523438,74.61324950499508,39059900
2004-03-31,75.14480590820312,75.34413103110636,74.66642966847412,75.07172036774183,48517600
2004-04-01,75.59663391113281,75.65643349839246,75.11161703326744,75.12490301429715,45103800
2004-04-02,76.1679916381836,76.30087166228057,75.67632946616722,76.28094016557083,50987700
2004-04-05,76.58657836914062,76.65966391273989,76.03512163432167,76.04840761086305,30251800
2004-04-06,76.3407211303711,76.52675514641358,76.15468711432861,76.29421262636048,28420900
2004-04-07,76.16133880615234,76.39388642957367,75.81584773523232,76.37394986572947,45890500
2004-04-08,75.98857879638672,76.67956585260785,75.56999722315915,76.67956585260785,46929700
2004-04-12,76.28759765625,76.46034576991691,76.12149506554496,76.12814058850682,23085200
2004-04-13,75.21785736083984,76.60647693125026,75.09161783560812,76.5798999223043,56210300
2004-04-14,75.33744049072266,75.50354297087137,74.77933859056482,74.81920156370597,62322300
2004-04-15,75.0517807006836,75.59659689906681,74.6531355673138,75.37734030154667,61602500
2004-04-16,75.62980651855469,75.77597755859665,75.06505892034015,75.33081891781968,47059200
2004-04-19,75.62980651855469,75.7361095037371,75.2577333977987,75.4437724927002,28277600
2004-04-20,74.36077117919922,75.955356304426,74.26775417822357,75.79589931261724,53299400
2004-04-21,74.85908508300781,75.04511910078683,74.32756004207445,74.54681152357298,50177300
2004-04-22,75.90886688232422,76.18791795538584,74.7062860181437,74.7328630349659,62071500
2004-04-23,75.98192596435547,76.12145145232175,75.60321247729101,76.02178894118987,29395700
2004-04-26,75.87560272216797,76.3672696601013,75.47695782660854,76.07492770447011,35515200
2004-04-27,75.94209289550781,76.486909092673,75.71619077670631,75.89558438120278,43485500
2004-04-28,74.958740234375,75.74938980116218,74.74612922511874,75.66965877179872,50165800
2004-04-29,74.30098724365234,75.29095693386357,73.85583366599899,74.89231186329269,69687600
2004-04-30,73.7229232788086,74.66638413793771,73.68306030615521,74.52685866460556,48681400
2004-05-03,74.51363372802734,74.60665078643552,73.98210333508098,73.99539438288186,33758000
2004-05-04,74.45381164550781,75.25110699392503,74.18805159841672,74.58005121620967,51185100
2004-05-05,74.93217468261719,75.05176871042659,74.52024364053251,74.68634617532074,34405000
2004-05-06,74.28771209716797,74.80595130670004,73.74954139019977,74.42723764826906,54997000
2004-05-07,73.05850982666016,74.56672309354774,73.05850982666016,73.89566769513821,60950000
2004-05-10,72.3077621459961,72.9190183038166,71.99548854585699,72.7130527671493,75279400
2004-05-11,72.91897583007812,73.11830079846152,72.63992492957698,72.72629637905271,48300600
2004-05-12,73.38410949707031,73.44390905499624,71.79616941781363,72.79943030661087,90830500
2004-05-13,73.0784912109375,73.62330748200793,72.83930308519453,72.92567967279807,57393700
2004-05-14,73.11168670654297,73.57677174061804,72.60008810001369,73.05188716270663,54123100
2004-05-17,72.48716735839844,72.75293250922817,72.02872766899198,72.34764179474877,55020400
2004-05-18,72.85258483886719,73.04526441942167,72.63997376188429,72.74627676585177,30193100
2004-05-19,72.6000747680664,73.86910023650657,72.52034881632073,73.41730125677994,54804100
2004-05-20,72.83264923095703,72.99875178388099,72.447290091602,72.71969564249254,38082900
2004-05-21,72.95884704589844,73.45051400509378,72.73295012062903,73.06515505946881,47480400
2004-05-24,73.26448059082031,73.59004510552252,72.8724811661177,73.43722859157603,40961500
2004-05-25,74.31427001953125,74.40064657828839,72.81934726740772,73.01867232864295,48668000
2004-05-26,74.57337951660156,74.60660204534973,74.0883630387739,74.18802555597223,35977000
2004-05-27,74.99198913574219,75.09829214322994,74.4538133691136,74.77273252967306,45306900
2004-05-28,74.98529815673828,74.99858412372711,74.65309322252237,74.89892669869836,23367200
2004-06-01,74.88565826416016,74.98532078831343,74.32755623937638,74.71955574692024,41044700
2004-06-02,75.16470336914062,75.39725093023716,74.7195498744947,75.09826338127567,39774200
2004-06-03,74.47370910644531,75.2045641090772,74.46042313778185,74.95208508306048,38688300
2004-06-04,75.0650634765625,75.46370856602537,74.88566989142343,75.0650634765625,32739500
2004-06-07,76.20782470703125,76.28091021230045,75.3573807210398,75.36402624034955,31643800
2004-06-08,76.31415557861328,76.3540185683097,75.85571092091446,75.98859600164836,32846500
2004-06-09,75.60321807861328,76.2078285712618,75.55670957917877,76.08159411225174,36737600
2004-06-10,75.97531127929688,75.97531127929688,75.6962601901132,75.76934572333482,21711000
2004-06-14,75.22453308105469,75.6431097346473,74.99199049572546,75.6231782371974,34633000
2004-06-15,75.75602722167969,76.04172372916338,75.41718176579253,75.67630126455147,37445000
2004-06-16,75.74274444580078,75.8756244259819,75.54341940648278,75.74274444580078,26633400
2004-06-17,75.62980651855469,75.78926353085181,75.29760145265826,75.64309249080986,28402400
2004-06-18,75.77252960205078,76.16596526302979,75.47245560833704,75.53246837205897,31799800
2004-06-21,75.48575592041016,76.1125827469959,75.43907765167823,75.85251738012516,25284000
2004-06-22,75.86585998535156,75.93921228516236,75.13234207479393,75.43908574329802,37334000
2004-06-23,76.51934814453125,76.57936087752284,75.63245600384856,75.7591563346745,35580000
2004-06-24,76.27926635742188,76.63935792039543,76.19257962630803,76.39262710292797,35272100
2004-06-25,75.91255950927734,76.64608271272026,75.80586846267309,76.29266067154414,32837900
2004-06-28,75.65242004394531,76.4259509973084,75.62575112404365,76.36593320866285,40824500
2004-06-29,75.96589660644531,76.1326054763265,75.63247886668294,75.70583117643474,28418100
2004-06-30,76.37263488769531,76.54601346476677,75.78582174132502,76.06589130521434,52230600
2004-07-01,75.3124008178711,76.28598000918177,75.0723396378163,76.18595366956711,57734700
2004-07-02,75.27240753173828,75.54581259459026,75.08569436079172,75.45912579023717,34615100
2004-07-06,74.61222076416016,74.98564700151032,74.43884211644006,74.93230403013952,38698200
2004-07-07,74.83228302001953,75.06567443498213,74.51886951097634,74.558878014241,29839800
2004-07-08,74.31212615966797,74.89893938188179,74.15208202743278,74.5588519603189,45291100
2004-07-09,74.50553131103516,74.64556615300579,74.27213482019975,74.49886153164103,27412900
2004-07-12,74.53887176513672,74.71225042055619,74.01874088642946,74.36549310971725,35691300
2004-07-13,74.59221649169922,74.6989075219599,74.41883784403083,74.6322249921031,26752000
2004-07-14,74.36548614501953,74.9456348102329,74.09875603864852,74.1921125933885,54089400
2004-07-15,73.88534545898438,74.62553297068686,73.81865786599931,74.5121671151417,38403500
2004-07-16,73.82534790039062,74.46550928582406,73.64530457755484,74.39882676209045,40871200
2004-07-19,73.51193237304688,73.99205467049327,73.34522352463078,73.85201984832979,39592800
2004-07-20,74.44549560546875,74.61887421525,73.51859490662055,73.70530798443892,46679800
2004-07-21,73.0718002319336,74.7255486290013,72.98510840251842,74.56550961034445,56241100
2004-07-22,73.27186584472656,73.61195329504037,72.53167820509941,72.92511370400165,72477100
2004-07-23,72.65838623046875,73.15851279187414,72.47834290688502,73.09850004652972,49610500
2004-07-26,72.51835632324219,72.97180463984587,72.15826456409654,72.81176555385363,49679100
2004-07-27,73.19849395751953,73.42522055955982,72.66502887707216,72.71837691138147,51295100
2004-07-28,73.41860961914062,73.59865810733355,72.41168628671177,73.05185303633925,65862300
2004-07-29,73.73197937011719,73.93203199636508,73.35188345028587,73.71197512500231,52200500
2004-07-30,73.91204071044922,73.9520542979985,73.41858388944894,73.56528850617761,41581700
2004-08-02,74.06538391113281,74.25876672559332,73.38521425988269,73.47857077892587,38263100
2004-08-03,73.49195098876953,74.05876023220993,73.45861226124474,73.9720734355832,40948800
2004-08-04,73.4852294921875,73.85199084971103,73.11180344638049,73.27851222933694,40763200
2004-08-05,72.28495025634766,73.6052813509812,72.1982584080552,73.54526861374775,50772000
2004-08-06,71.25138092041016,71.99156882344697,71.0980115855765,71.77151186037078,74729000
2004-08-09,71.35139465332031,71.67147791458655,71.26470787451214,71.36472912407893,37476300
2004-08-10,72.27164459228516,72.29165393496272,71.52479193399247,71.55813066335072,55870600
2004-08-11,72.12488555908203,72.23824630302892,71.41803690627943,71.80480247832546,52933200
2004-08-12,71.33804321289062,71.9848691856112,71.10464678595216,71.80482589166829,50015900
2004-08-13,71.47809600830078,71.58478703849822,71.0779906542954,71.41807817017961,41634700
2004-08-16,72.21826934814453,72.44499092169272,71.41806388771293,71.44473791181565,45731900
2004-08-17,72.62503051757812,72.87175630743728,72.37162986306426,72.51833443408822,40701600
2004-08-18,73.37188720703125,73.46524374197898,72.3449602350566,72.36496448003832,43165400
2004-08-19,73.15853118896484,73.36524859164591,72.80510914403848,73.22521372974406,39881600
2004-08-20,73.67198944091797,73.7720106974552,73.0251581817041,73.091840715246,44870900
2004-08-23,73.4852294921875,73.86532531382629,73.38520829245226,73.71862585836519,33745100
2004-08-24,73.58526611328125,73.83866675499182,73.25184850054545,73.77864893917389,30453100
2004-08-25,74.0854263305664,74.19878714960065,73.28522572996415,73.57196521123103,38551400
2004-08-26,74.0854263305664,74.22546118129424,73.91871744814499,73.99206976341452,26629500
2004-08-27,74.31881713867188,74.43884773653252,74.05208699902717,74.15210825761828,24902900
2004-08-30,73.70531463623047,74.24544967260137,73.65196658416784,74.16543268205768,26726500
2004-08-31,74.09209442138672,74.12543823213144,73.41858912724294,73.79202047488914,44125300
2004-09-01,74.23213195800781,74.44551912687085,73.67199254757409,73.98540097719216,52778300
2004-09-02,75.07232666015625,75.15234364797476,74.17876462496548,74.17876462496548,42736600
2004-09-03,74.76558685302734,75.23236959784181,74.6922345520493,74.90562167647168,30480500
2004-09-07,75.25902557373047,75.43906884996179,74.89893393371871,75.04563850048821,37338800
2004-09-08,75.07232666015625,75.39240478653048,74.8922782624644,75.09900068527911,32963100
2004-09-09,75.00566864013672,75.27239880338698,74.70558957515256,75.0656814006025,34314800
2004-09-10,75.39242553710938,75.53246039188424,74.73892954815993,75.03233373016619,27900600
2004-09-13,75.63912963867188,75.84584695736234,75.35906002866227,75.55910756971926,44398100
2004-09-14,75.7925033569336,75.81250760211488,75.47908994896113,75.55244223965893,28048900
2004-09-15,75.21903991699219,75.59246613661696,75.13901783240802,75.55245763810021,38295000
2004-09-16,75.44574737548828,75.59912173695494,75.21902580968073,75.25236452300845,23911700
2004-09-17,75.76649475097656,75.90711246477984,75.4584742671131,75.63256946969216,33683000
2004-09-20,75.31116485595703,75.65936039686106,75.18393710604619,75.44508503890609,37149400
2004-09-21,75.63923645019531,75.9807393935832,75.35800113621707,75.49861879320619,40920800
2004-09-22,74.69513702392578,75.34465564546726,74.64156689780017,75.33126566830006,49042100
2004-09-23,74.29338836669922,74.7955969544202,74.29338836669922,74.72863683113673,44068700
2004-09-24,74.6348648071289,74.81566269460419,74.4138918818716,74.44067694330232,34981100
2004-09-27,74.15945434570312,74.46077739887578,74.04562164639158,74.39381728802952,39355100
2004-09-28,74.51434326171875,74.66835610569701,73.93178471113231,74.26659035490978,41662900
2004-09-29,74.88931274414062,74.89601028645822,74.3268417989327,74.46745953523468,33325700
2004-09-30,74.83576202392578,74.98307733067966,74.50095636629568,74.69514426076861,43536700
2004-10-01,76.10130310058594,76.10130310058594,75.13706147464907,75.17054407338806,62824300
2004-10-04,76.2285385131836,76.63030933048256,76.20175856017661,76.40263886009794,33082400
2004-10-05,76.26871490478516,76.44281524312704,76.02765446976652,76.23523230208282,36910600
2004-10-06,76.79100799560547,76.79100799560547,76.12139683593286,76.18165938811408,42297800
2004-10-07,75.96739196777344,76.60352570124046,75.90712940928857,76.59013061575833,39388800
2004-10-08,75.33798217773438,76.18168888733972,75.23084189851038,75.76653307717098,51872600
2004-10-11,75.64596557617188,75.67944306540082,75.42499269060673,75.51873783441125,20229100
2004-10-12,75.35135650634766,75.55224193380005,74.95628830341424,75.13038355789577,41754700
2004-10-13,74.68841552734375,75.7129195944631,74.54110028210862,75.666047026318,54212600
2004-10-14,74.08576965332031,74.94956856155922,74.04559462322037,74.78216579117324,64082200
2004-10-15,74.50092315673828,74.82233358390297,74.03888992037157,74.34021283442931,63482200
2004-10-18,74.78216552734375,74.92948078216003,74.12594442190591,74.25317216174308,43535100
2004-10-19,74.15274047851562,75.15046481278983,74.05229777999251,75.00984196962078,55851900
2004-10-20,74.00544738769531,74.20633284496431,73.48984887350798,73.91170220329761,57118500
2004-10-21,74.487548828125,74.54111895048624,73.7978501060903,74.18622583011715,53218300
2004-10-22,73.65052032470703,74.49423170525051,73.56347272455274,74.4540566757527,48752400
2004-10-25,73.56348419189453,73.73758452806953,73.2219810617472,73.48982655384847,43990900
2004-10-26,74.68841552734375,74.72859055468905,73.57685875600721,73.744261514915,54337400
2004-10-27,75.58572387695312,75.7330391845831,74.40721163337112,74.58130689808934,73896000
2004-10-28,75.81339263916016,76.04105803027892,75.32457413950983,75.51876203067346,54413300
2004-10-29,75.80000305175781,76.09463368162103,75.59912271126586,75.74643802619748,48820200
2004-11-01,76.007568359375,76.22853617162805,75.79998541448613,76.04104585396946,36720900
2004-11-02,76.03434753417969,76.7173486540234,75.81337463030499,76.11469760196859,56210000
2004-11-03,76.99188232421875,77.24633268919101,76.49636645897654,77.02535981215544,76960200
2004-11-04,78.04320526123047,78.12355535403013,76.79103019156739,76.8579903051435,55350300
2004-11-05,78.53199005126953,78.77305045922351,78.00299666207759,78.37798235707675,63287200
2004-11-08,78.41817474365234,78.49852993366295,78.15702676202842,78.33112711935387,33863800
2004-11-09,78.26415252685547,78.67931329572814,78.1838024552031,78.39807782748916,44658100
2004-11-10,78.32441711425781,78.71279280775589,78.18379938565906,78.38467966563114,45265400
2004-11-11,78.92041015625,79.0945105730712,78.41150399639659,78.46507414137699,37863200
2004-11-12,79.54309844970703,79.68371615929384,78.7998297642289,78.99401758472315,55583700
2004-11-15,79.738525390625,79.7653846980586,79.40272768517514,79.58405619161687,35297900
2004-11-16,79.16767120361328,79.5236211024658,79.0669359834224,79.49003927982433,40028700
2004-11-17,79.63782501220703,80.01391699137643,79.29530974610981,79.49679052001851,54494000
2004-11-18,79.7452163696289,79.78551556775518,79.40270649067797,79.6041819858494,31854300
2004-11-19,78.8587875366211,79.73186423611163,78.67074150876036,79.71842944905303,54276500
2004-11-22,79.23485565185547,79.328878631297,78.59683672122434,78.69085970066588,37560200
2004-11-23,79.3557357788086,79.42289431168517,78.82517465850873,79.20126654171162,41968800
2004-11-24,79.54381561279297,79.64455089309575,79.28189363626613,79.42964042200015,29724800
2004-11-26,79.48335266113281,79.9064612452007,79.44977594935945,79.59081043609251,15487700
2004-11-29,79.12068939208984,79.92660732285849,78.89906670070698,79.77885544602412,61460800
2004-11-30,79.17442321777344,79.40948070745964,79.00652427887344,79.24829916079896,53685200
2004-12-01,80.0743637084961,80.25569230690475,79.31545722999986,79.35575645932208,49898300
2004-12-02,80.14148712158203,80.50414928326244,79.92657678027513,79.98701791195518,60163500
2004-12-03,80.0877456665039,80.68546511943059,79.9802879508081,80.12803974795688,49067900
2004-12-06,80.06089782714844,80.34968409308848,79.81240565101078,80.06089782714844,33030500
2004-12-07,79.31543731689453,80.33626547228359,79.27514322155758,80.24895476722998,52047200
2004-12-08,79.7788314819336,79.79897852747399,79.25498780241473,79.38930485526214,43895100
2004-12-09,80.06089782714844,80.22879669981434,79.06693937033175,79.34229085709302,60922800
2004-12-10,80.14148712158203,80.29595120734217,79.81911904768832,79.86613052472838,47828600
2004-12-13,80.83995056152344,80.86009760630145,80.15492029586926,80.43027690481398,38541000
2004-12-14,81.1220474243164,81.23621746669328,80.71237362626414,80.71237362626414,41500700
2004-12-15,81.18246459960938,81.33693382368544,80.79965535822724,81.06157720107464,46699200
2004-12-16,81.13545989990234,81.42424620254765,80.6183335608651,81.07501875751657,51641800
2004-12-17,80.59427642822266,80.95190257735328,80.40534224740423,80.60776952053669,70761900
2004-12-20,80.61457061767578,81.16788042456832,80.41213806595285,80.80350492031124,47187400
2004-12-21,81.2353515625,81.29608338376005,80.60781686587067,80.70228401176556,33094200
2004-12-22,81.43101501464844,81.70092328592254,81.1746049883777,81.22858252417485,31500700
2004-12-23,81.49176025390625,81.83589350694845,81.41754048175329,81.55924119816518,25646100
2004-12-27,81.32306671142578,81.88987471484538,81.23534869278592,81.78190932445186,29944100
2004-12-28,81.76837921142578,81.86959543208489,81.37701257051503,81.40400390589552,23422900
2004-12-29,81.88986206054688,81.91685340397433,81.61320465146977,81.70092780462707,22650600
2004-12-30,81.73468017578125,82.03157986735529,81.6739535014539,81.91687049491021,21076900
2004-12-31,81.55923461914062,82.09230211773182,81.51200105081345,81.84938515259981,28648800
2005-01-03,81.17459106445312,82.15975170975713,80.90468283947654,82.02479502323324,55748000
2005-01-04,80.18267822265625,81.33653082080941,79.91951912911628,81.2825481482702,69167600
2005-01-05,79.6293716430664,80.46608250607213,79.62262252173174,80.12194939100132,65667300
2005-01-06,80.03424835205078,80.39862376020568,79.79808053604454,79.9195390054295,47814700
2005-01-07,79.91956329345703,80.45263089620055,79.71038160878942,80.27718968753302,55847700
2005-01-10,80.29740142822266,80.60779412689926,79.85205202485716,79.85205202485716,56563300
2005-01-11,79.74408721923828,80.1219556744739,79.61587964418123,80.05447990004919,63099700
2005-01-12,80.00724029541016,80.18942538739266,79.29873184732783,79.89253097275186,72720500
2005-01-13,79.36624145507812,80.11523460589665,79.28526741377478,80.05450278790087,55537500
2005-01-14,79.78455352783203,79.98023683285602,79.46066782494921,79.60236846346925,42032500
2005-01-18,80.61457061767578,80.71578689353724,79.58891990612094,79.65640085541101,57391700
2005-01-19,79.77107238769531,80.64826768350159,79.76432326635346,80.58754103563852,54378900
2005-01-20,79.2852554321289,79.75759106483608,79.14355474231675,79.54841459150467,72049300
2005-01-21,78.79939270019531,79.62261034268381,78.71167472854685,79.48090970475765,63160400
2005-01-24,78.64421844482422,79.17728067509275,78.52275998965719,79.00858866225363,58441900
2005-01-25,78.86688232421875,79.26499812291962,78.75892212075378,78.88712968868528,68245000
2005-01-26,79.10311126708984,79.35277231021078,78.97490360835751,79.16383795928414,57195100
2005-01-27,79.23802947998047,79.453955096826,78.93438585094145,79.07608655436451,55878800
2005-01-28,79.23802947998047,79.31900351682484,78.68471976505924,79.27851392436625,60738900
2005-01-31,79.73059844970703,79.79132510556276,79.42694972621271,79.58889262323322,52532700
2005-02-01,80.2366943359375,80.35140370183824,79.69012855780652,79.79134482398433,49841200
2005-02-02,80.4795913696289,80.69551696200509,80.22993046011182,80.3378906822638,52468900
2005-02-03,80.2703857421875,80.40534240594556,80.00722668294719,80.33786150003137,48837100
2005-02-04,81.12737274169922,81.26232430548716,80.28391259784424,80.29740569499417,50024600
2005-02-07,81.0194320678711,81.32307575298412,80.94520714074146,81.14089057153105,45412000
2005-02-08,81.1138687133789,81.41076831023119,81.01940159584805,81.08687737293127,39263500
2005-02-09,80.5065689086914,81.30279535932273,80.46608447583482,81.25556180496626,55279400
2005-02-10,80.79674530029297,80.98567957838593,80.47285943729734,80.74276775517568,45858600
2005-02-11,81.49176025390625,81.67395056648817,80.60781548330537,80.76975842376565,53133000
2005-02-14,81.43101501464844,81.55247347931818,81.29606345304744,81.43776413715011,32432100
2005-02-15,81.73468017578125,81.937112719686,81.43103650799759,81.51201055517417,43852700
2005-02-16,81.78865814208984,81.95735020289311,81.424282672986,81.59972385768188,55523000
2005-02-17,81.12737274169922,81.86961663867717,81.12062361908818,81.80214085678321,58124000
2005-02-18,81.2353515625,81.29608338376005,80.90471655186792,81.13413529244882,47723300
2005-02-22,80.02748107910156,81.28929904997293,80.0139879847067,80.90468150883027,80697600
2005-02-23,80.60105895996094,80.68203299679416,80.0410052697677,80.25018176316254,68292600
2005-02-24,81.13411712646484,81.18809981148183,80.28391300377221,80.45934900796912,68563600
2005-02-25,81.93708038330078,82.0990232656699,81.09362036335742,81.15434701371906,60899900
2005-02-28,81.39723205566406,81.84933036195466,80.99912155312973,81.74811416955917,69381300
2005-03-01,81.80211639404297,81.9977945585967,81.49846774421732,81.52545907851764,47294400
2005-03-02,81.76164245605469,82.274467609701,81.41076533918401,81.48499023568829,64226500
2005-03-03,81.79537200927734,82.25421442280782,81.44448979112825,82.09227155570028,61230800
2005-03-04,82.81429290771484,82.88176868950964,82.18000923308487,82.3554503842091,56168500
2005-03-07,82.85478210449219,83.16517483702802,82.59162293673198,82.7670640979296,43442400
2005-03-08,82.54438781738281,82.99648123573114,82.3959380028631,82.77380651395157,44362000
2005-03-09,81.626708984375,82.51740279161322,81.61995986099674,82.30147717616373,73263600
2005-03-10,81.80887603759766,81.98431717012134,81.24207335292799,81.78188469812697,65149000
2005-03-11,81.2353515625,82.13279459657468,81.08015774341841,81.85613713497301,57976500
2005-03-14,81.74140167236328,81.75489991636717,81.16110073391675,81.38377542733566,36336400
2005-03-15,81.06661987304688,81.9573133476306,81.02613544404288,81.93032201227099,62438500
2005-03-16,80.3783950805664,81.08015467211247,80.22994524319104,80.76975674956046,74874200
2005-03-17,80.54032897949219,80.79673903013801,80.28391892884635,80.50658851184842,62584200
2005-03-18,80.30118560791016,80.97182844236266,80.03699281954121,80.68731392693344,60232000
2005-03-21,80.00312042236328,80.46376518955303,79.77280062291479,80.4163461032964,61244300
2005-03-22,79.1902084350586,80.56536689833582,79.1902084350586,80.18601426523645,92472400
2005-03-23,79.2579574584961,79.74569956209058,79.08860284854205,79.22408446918827,70817300
2005-03-24,79.3528060913086,79.92861080742847,79.29861136858612,79.56957981390525,51932500
2005-03-28,79.46795654296875,79.89473347324866,79.46795654296875,79.54247298577023,46765500
2005-03-29,78.9395523071289,79.86761722266667,78.74987601333524,79.35277787644715,71160300
2005-03-30,80.05731201171875,80.07085810656577,79.10214952378793,79.10892515535772,62002100
2005-03-31,79.90828704833984,80.24699630431024,79.84732186304586,80.06409558013519,64575400
2005-04-01,79.54925537109375,80.6060265866635,79.19700002200152,80.3621555110254,95255300
2005-04-04,79.68473815917969,79.8405466918748,79.08183609353415,79.50183743394841,71581200
2005-04-05,80.06409454345703,80.19280054461998,79.71183402756479,79.78635047637688,46853900
2005-04-06,80.3418197631836,80.57891516526627,80.05730528068439,80.2402059713504,53268200
2005-04-07,80.77536010742188,80.78891136824599,80.15213648509652,80.21310682222166,46734600
2005-04-08,79.93535614013672,80.75503162951435,79.93535614013672,80.72793427842444,63772900
2005-04-11,79.99634552001953,80.21989485796476,79.82022043705616,80.13183231648307,44945000
2005-04-12,80.40960693359375,80.65347810729601,79.30541618532165,79.86089937691122,86144800
2005-04-13,79.461181640625,80.47730925665195,79.34601658290644,80.31472511691717,65949000
2005-04-14,78.42471313476562,79.59664905014793,78.42471313476562,79.52890825482736,96119800
2005-04-15,77.32728576660156,78.71598992539539,77.29341279051052,78.4043781848618,128677300
2005-04-18,77.5644302368164,77.8760421747778,77.19862357008944,77.3070130276206,100035200
2005-04-19,78.18087768554688,78.26216460420225,77.78797368440121,77.97087441966922,64930100
2005-04-20,77.09024047851562,78.3299126164514,76.92088582471246,78.16055796264824,107735900
2005-04-21,78.58729553222656,78.72277711991411,77.48310043623705,77.7608444097752,86952200
2005-04-22,78.28926086425781,78.91926031643405,77.40861469040517,78.4044207762605,88845800
2005-04-25,78.80408477783203,78.91924466699886,78.39085913478179,78.48569729860063,52284100
2005-04-26,78.03860473632812,79.10215151468081,78.00473691421189,78.55344421444636,72626000
2005-04-27,78.34346771240234,78.62798230430809,77.52379176812484,77.80830636003058,84131900
2005-04-28,77.36117553710938,78.36375699552345,77.36117553710938,78.08601298393931,72481500
2005-04-29,78.41120147705078,78.49249356810947,77.20539721862875,77.95055663097222,103993800
2005-05-02,78.85150146484375,78.85827709585139,78.2553699751828,78.6279521562209,56026400
2005-05-03,78.98700714111328,79.15636178985851,78.37055890719341,78.62797611270041,86000300
2005-05-04,79.5966796875,79.76603432513298,78.77022822892413,79.02087495320656,81055700
2005-05-05,79.5695571899414,79.9353637118687,79.08181516070502,79.71181442042007,96906700
2005-05-06,79.31893157958984,79.92860927781703,79.29860985103112,79.88796582069959,67415400
2005-05-09,79.81341552734375,79.98954571399041,79.29180576510558,79.40018999422519,43750500
2005-05-10,78.98700714111328,79.59668491025484,78.84474985636254,79.501846720421,74613500
2005-05-11,79.4205322265625,79.52892165196741,78.47892105859957,79.21053417520585,91647400
2005-05-12,78.54669189453125,79.65765808820383,78.54669189453125,79.47475732327356,95086800
2005-05-13,78.39087677001953,79.00055450907732,77.76765293377977,78.7837807761116,85267000
2005-05-16,79.12248229980469,79.14957449151252,78.35022562880721,78.37731782051505,49207000
2005-05-17,79.65086364746094,79.73215055483142,78.68893067609714,78.85828529084257,61071800
2005-05-18,80.47053527832031,80.66698724164914,79.94214973405981,79.9963392801255,77944900
2005-05-19,80.80925750732422,80.89054959195586,80.40957788491856,80.62635160897635,61768100
2005-05-20,80.6941146850586,80.87701545384495,80.43669228002567,80.84314245266872,46345500
2005-05-23,81.1412124633789,81.31734277554965,80.74153790424313,80.75508400442799,51047900
2005-05-24,80.95152282714844,81.17507220589006,80.74829517951173,80.91087936493861,50654100
2005-05-25,80.89054107666016,81.20215294917172,80.49763712807453,80.84989245447677,47608800
2005-05-26,81.3241195678711,81.43250387577717,81.03282931094991,81.1479892531922,43256200
2005-05-27,81.45957946777344,81.45957946777344,81.15474319196812,81.3308682912678,24596100
2005-05-31,80.93794250488281,81.40535762753255,80.88374779932322,81.34439245999668,43377200
2005-06-01,81.62893676757812,81.91345132339003,80.91764520975487,80.96506430239018,69611000
2005-06-02,81.80504608154297,81.85923562474687,81.3579474641387,81.44601516239284,39704500
2005-06-03,81.391845703125,81.89313401926039,81.10733113193685,81.66281417638248,60999400
2005-06-06,81.31730651855469,81.42569077659199,80.98537294493181,81.25633617417121,36046400
2005-06-07,81.3782730102539,82.13698350194996,81.29698610748488,81.55440324674078,66501300
2005-06-08,81.229248046875,81.68988762692821,81.06666389925232,81.58150336347232,46881200
2005-06-09,81.61537170410156,81.68311251093951,80.91085594274402,81.11407836325783,56653300
2005-06-10,81.4256820678711,81.73052342060018,81.01923209919075,81.66955308273766,36465300
2005-06-13,81.68310546875,82.02181464203063,81.16149044765437,81.24955814041412,49383200
2005-06-14,81.87281036376953,82.1031302012337,81.54764716984488,81.5950662639283,33857100
2005-06-15,82.02861785888672,82.13023168510433,81.44604260304641,82.07604212364298,53195600
2005-06-16,82.23860168457031,82.40118066707126,81.91343855127576,82.00827672175903,46564500
2005-06-17,82.54331970214844,82.91060272773886,82.44809875356786,82.66574737734524,51529400
2005-06-20,82.57051086425781,82.86977442232035,82.25764135087563,82.3528622815071,41019400
2005-06-21,82.61814880371094,82.74057649654273,82.31887995697693,82.63855255432402,39879800
2005-06-22,82.6861572265625,82.93781557446859,82.34608090249354,82.76097443298991,46310100
2005-06-23,81.52308654785156,82.7065505535151,81.50268280124305,82.51610866629939,62185600
2005-06-24,80.92457580566406,81.62513230207716,80.82934964743411,81.53670912425369,58572500
2005-06-27,81.0401840209961,81.21702515147139,80.76812194083854,80.91775634438282,48183800
2005-06-28,81.72034454345703,81.7815557931172,81.18982628978986,81.21023003967659,41174200
2005-06-29,81.5027084350586,81.89039531001023,81.45509794828045,81.86999155698444,42316500
2005-06-30,81.06056213378906,81.83593544407984,80.90412480069664,81.76792124283784,62288800
2005-07-01,81.29864501953125,81.48228914004271,81.08099638018082,81.24423156240543,49737500
2005-07-05,81.95160675048828,82.06043368573856,81.06741125277233,81.10821875891423,51549000
2005-07-06,81.26461029052734,82.06038734583869,81.21699983052967,81.88354627049696,52363600
2005-07-07,81.58431243896484,81.58431243896484,80.43485793065929,80.455261680932,103268800
2005-07-08,82.51612091064453,82.51612091064453,81.42787768710737,81.59791585294607,64491200
2005-07-11,82.93779754638672,83.04661924807485,82.50929815014433,82.5229041060752,49688300
2005-07-12,83.15543365478516,83.40708672105613,82.73373729981749,82.97178960135126,51871100
2005-07-13,83.27108001708984,83.33229125808515,82.97181122337324,83.1622531142284,41182300
2005-07-14,83.59757232666016,83.95805243377264,83.31190424385011,83.64518280893627,63638800
2005-07-15,83.54991912841797,83.68595272321633,83.223448879204,83.51591462158167,56075900
2005-07-18,83.21665954589844,83.40710142068885,83.01261690397382,83.3186834614367,56598400
2005-07-19,83.6723403930664,83.73355680334855,83.25745223071256,83.46149482363484,59165700
2005-07-20,83.95805358886719,84.1552985007686,83.18267990161526,83.37991962436323,69477000
2005-07-21,83.46833038330078,84.07366580016173,83.29829222824652,84.03285830347758,101110900
2005-07-22,84.02603149414062,84.03963225946055,83.4070902944844,83.57712840131508,52607100
2005-07-25,83.78797912597656,84.30489123420477,83.55672460248397,83.93761349015095,57301600
2005-07-26,83.88998413085938,84.01921473137544,83.62472514285824,83.81517215014784,42758800
2005-07-27,84.19612121582031,84.26413546241719,83.69280956401813,83.9988762682813,43181600
2005-07-28,84.72665405273438,84.77426455238677,84.09411159212105,84.31176033183986,47880700
2005-07-29,84.16207885742188,84.76741423892976,83.99884369106587,84.61778503010898,62358100
2005-08-01,84.10089874267578,84.36615793211189,83.96486506273784,84.22332646004277,40418200
2005-08-02,84.60417938232422,84.7470108020527,84.16207916555373,84.25050232239927,45147400
2005-08-03,84.82861328125,84.84221404684494,84.42052285443472,84.50894080368012,36837200
2005-08-04,84.14848327636719,84.54977083280312,84.04645934517328,84.49536256676538,50855600
2005-08-05,83.57715606689453,84.32532813592918,83.43432463257507,83.96484287123388,53595500
2005-08-08,83.42071533203125,83.9376327480073,83.23707122871957,83.76079162348742,47616000
2005-08-09,83.92402648925781,84.06005492969118,83.57034943063962,83.6995748923056,47170000
2005-08-10,83.88323211669922,84.67900951493681,83.53635279343418,84.21650548030114,72863700
2005-08-11,84.21649932861328,84.35933075972368,83.66557735302277,83.8424133025007,58570200
2005-08-12,83.69955444335938,84.12805378542575,83.4887088554544,84.04643362761523,54776900
2005-08-15,84.21649932861328,84.25050903613362,83.54314967076346,83.80840878413316,36208500
2005-08-16,83.12144470214844,84.01244290558787,83.03982452590387,83.95803464391044,71942100
2005-08-17,83.11463165283203,83.57033776187444,82.99900697569288,83.10783386416618,62275100
2005-08-18,83.10784149169922,83.35949461337476,82.86978394860316,83.01262055012164,53388600
2005-08-19,83.29827880859375,83.53633114948809,83.11463472479537,83.40710051193751,39842100
2005-08-22,83.29827880859375,83.81519616964421,82.89698612895599,83.37309599989652,69912000
2005-08-23,83.141845703125,83.3935040130371,82.40048191937501,83.31868681790519,55168600
2005-08-24,82.4004898071289,83.47513217720974,82.35967712187156,82.93781099216932,79104600
2005-08-25,82.69971466064453,82.75412808937895,82.44125865788124,82.5364795635914,35631100
2005-08-26,82.13522338867188,82.63173184423283,82.08080993927689,82.62493405492256,61956800
2005-08-29,82.76776885986328,82.82898010107722,81.87676545424792,81.89717439047158,56179200
2005-08-30,82.33248901367188,82.50252719404777,81.88358572668584,82.46851748231121,74160200
2005-08-31,83.37308502197266,83.42749846105572,82.12160186881799,82.42767357179686,102945200
2005-09-01,83.31192779541016,83.76083120304608,82.39372241242879,83.33233155227455,74578700
2005-09-02,83.16223907470703,83.577132490807,83.00580691469315,83.55672874725315,47653400
2005-09-06,84.1348876953125,84.20290711726652,83.42073046717539,83.42753344720145,57251300
2005-09-07,84.27769470214844,84.42732388604624,83.97162297841534,84.0872476524438,41749700
2005-09-08,83.99886322021484,84.33893958952746,83.86963253934691,84.1076901491886,39068700
2005-09-09,84.74700164794922,84.84222258414941,84.20288275382697,84.22328649884818,43093900
2005-09-12,84.57696533203125,84.7946139321721,84.52255188470805,84.64497954660928,33017600
2005-09-13,84.10769653320312,84.62460891760284,84.01247036854636,84.42736398573165,58427500
2005-09-14,83.8016128540039,84.28452064432767,83.67238218153936,84.16209295177,57694600
2005-09-15,83.76081085205078,84.10088722157664,83.59077266728785,84.06007452860909,73156900
2005-09-16,84.35643005371094,84.52036011855397,83.92611167928192,84.2198225348822,75424100
2005-09-19,84.07633972167969,84.39054625267335,83.76897033814123,84.33590118543616,53355300
2005-09-20,83.3659896850586,84.43154263161027,83.24304086728405,84.15149052008553,84480300
2005-09-21,82.58731079101562,83.24303604407241,82.49851124312056,83.18839097017407,94469100
2005-09-22,82.88101196289062,83.09959224694578,82.26627315332831,82.6146237557494,84597200
2005-09-23,82.9493179321289,83.25668732588562,82.58047153287647,82.81270525949434,59368100
2005-09-26,83.04499053955078,83.49579958271157,82.70346648424211,83.34552816457679,70415400
2005-09-27,83.02449035644531,83.32502794681623,82.66247052211823,83.00399453804562,66150800
2005-09-28,83.10643768310547,83.41381236833024,82.78540433267251,83.28403159826365,58620500
2005-09-29,83.78263854980469,83.91924601373235,82.7034218665577,83.0244551391525,66607700
2005-09-30,84.04220581054688,84.04220581054688,83.15424154512739,83.75532697202355,47824200
2005-10-03,83.7416763305664,84.24713034658892,83.63921809740506,83.98757400565675,50994800
2005-10-04,82.79905700683594,84.03537188496715,82.75807580551397,83.871441868438,60776300
2005-10-05,81.7130126953125,82.86053329563615,81.67203149177143,82.81955209209508,106052100
2005-10-06,81.41931915283203,82.14335357325194,80.71578054976467,81.8154882417656,140941800
2005-10-07,81.6993408203125,81.99988349432623,81.37147561127564,81.76081261568402,75661400
2005-10-10,81.00946807861328,81.767651553895,80.80455686525461,81.74716095368325,52677000
2005-10-11,80.89337158203125,81.54909701020438,80.81823588816576,81.27587677898829,75629800
2005-10-12,80.25811004638672,81.37147599481332,80.19663825072546,80.86602212260476,100510400
2005-10-13,80.21029663085938,80.65427870584674,79.83461828789144,80.23078722934113,99052900
2005-10-14,81.05728149414062,81.15290776961749,80.29909801625902,80.68160832940761,88651000
2005-10-17,81.35782623291016,81.46711117423219,80.90701217044837,81.14608307637032,68109300
2005-10-18,80.47666931152344,81.2553431710864,80.46301065225028,81.24168451181323,74996900
2005-10-19,81.81546020507812,81.8291240786308,79.99855586563791,80.25811213948913,116563800
2005-10-20,80.37425994873047,81.83598230710747,80.12153551436877,81.61740714729156,131966700
2005-10-21,80.68844604492188,81.13242821938586,80.26495968477256,80.79773620963259,96579500
2005-10-24,81.93838500976562,82.02717931688522,80.87966441414821,80.90015500723433,71308400
2005-10-25,81.77449035644531,82.1296729494978,81.24171386124576,81.77449035644531,76594500
2005-10-26,81.53541564941406,82.33458030400934,81.41246684015009,81.63104192203703,80855800
2005-10-27,80.66793060302734,81.53540408177491,80.55181374720769,81.41928201471497,66623100
2005-10-28,81.82911682128906,81.93156980764331,80.66793260061705,80.89333959307719,72322000
2005-10-31,82.05451965332031,82.85368943580063,82.05451965332031,82.16380978848497,77698900
2005-11-01,82.3004150390625,82.58046709448115,82.11599445496853,82.36189204125405,66365100
2005-11-02,83.16109466552734,83.16109466552734,82.05455502062449,82.08187756619228,74012300
2005-11-03,83.5162353515625,83.78262873412093,83.1610528602181,83.43427296730462,84897600
2005-11-04,83.40697479248047,83.64604050177955,83.02446965760194,83.60505929768303,59156000
2005-11-07,83.48892974853516,83.75531795724073,83.2293682653158,83.58455601775046,46765400
2005-11-08,83.48892974853516,83.61870527890402,83.1883870674352,83.28401333665049,42152800
2005-11-09,83.59823608398438,83.98074125878001,83.23622151337534,83.38649289239996,57666800
2005-11-10,84.24711608886719,84.37006490560488,83.1610725503853,83.56406826504471,79048100
2005-11-11,84.53399658203125,84.58863644509684,83.62554176383632,84.25394448464017,34867000
2005-11-14,84.48619079589844,84.71159262735371,84.27444241734615,84.55449453910433,45092200
2005-11-15,84.17884826660156,84.75943812233149,83.91929185884702,84.39059672598056,69592500
2005-11-16,84.3495864868164,84.3905729058093,84.00123579845041,84.2676240713148,51133000
2005-11-17,85.13508605957031,85.14191799741475,84.11051425505568,84.47936073002995,55717500
2005-11-18,85.46978759765625,85.57224583179358,84.92335236766091,85.42197444989112,72437200
2005-11-21,85.90009307861328,86.00255129120916,85.36731662660412,85.48343350230023,50021200
2005-11-22,86.26895141601562,86.41921757580864,85.66786593187595,85.76349222049055,66438800
2005-11-23,86.76757049560547,87.02713202260661,86.20747144805173,86.23479398832774,50854700
2005-11-25,86.83586120605469,86.89733821525802,86.61728612789791,86.73340820945067,15270000
2005-11-28,86.22112274169922,86.93148784024594,86.09134199713733,86.91782917772197,54498500
2005-11-29,86.12548828125,86.73340557298665,86.12548828125,86.50799856482776,51738900
2005-11-30,85.66101837158203,86.41919655799106,85.57905076788671,86.17330416938636,56007200
2005-12-01,86.53530883789062,86.76754253854686,86.05034562954371,86.0776629497762,65468200
2005-12-02,86.64461517333984,86.80171846533675,86.40554947790221,86.58997009688515,46699400
2005-12-05,86.46017456054688,86.56263275239576,86.18695445269654,86.54213694503389,59273400
2005-12-06,86.62413787841797,87.25254072044906,86.49435710471337,86.7812411945468,57935200
2005-12-07,86.11863708496094,86.65824527938538,85.84541702039625,86.58993635481475,66816500
2005-12-08,86.06401062011719,86.62410952840166,85.70882810732914,86.21428194864919,62608600
2005-12-09,86.28939056396484,86.5967598496187,85.94103488531536,86.17327374149461,50744500
2005-12-12,86.37139892578125,86.6514510469021,86.03670693696498,86.54899282670566,48389900
2005-12-13,86.95880126953125,87.22518945639825,86.26209490647301,86.35088923168188,88630900
2005-12-14,87.30034637451172,87.49159894382541,86.84270555347658,86.87686003138617,64375000
2005-12-15,87.04761505126953,87.43012015936957,86.87002116054825,87.32083000777455,55900300
2005-12-16,86.76744079589844,87.4541093648822,86.76744079589844,87.3991746220358,46238300
2005-12-19,86.32112121582031,87.1176594184851,86.30739014699034,87.0215262200761,48733000
2005-12-20,86.40351104736328,86.92537541048632,86.16317808554798,86.4241102671095,46603200
2005-12-21,86.5408706665039,87.04214121090132,86.3829397714504,86.67133941892254,51806900
2005-12-22,86.99405670166016,86.99405670166016,86.5751883879626,86.73311925051765,32247900
2005-12-23,87.04212188720703,87.1107877062848,86.80865181570323,87.05585295547611,27977300
2005-12-27,86.15633392333984,87.24127186891607,86.09453100802621,87.17946895360242,44499500
2005-12-28,86.34858703613281,86.5133860534544,86.17691986508683,86.34171888240841,30764300
2005-12-29,85.96405792236328,86.49279052667461,85.87478763673073,86.32799150231175,32788900
2005-12-30,85.49713134765625,85.87479603370255,85.39412998278289,85.69626592271355,44645600
2006-01-03,87.00090026855469,87.20690292218463,85.41469764774548,85.96403456484859,73256700
2006-01-04,87.4129409790039,87.54340448953458,87.00093550487733,87.11080502834234,51899600
2006-01-05,87.46785736083984,87.61205715957291,87.12452300989452,87.3099264931702,47307500
2006-01-06,88.19570922851562,88.29184240530559,87.45410594567998,87.90730969814572,62885900
2006-01-09,88.42232513427734,88.62145443289053,88.15452477946258,88.18198691530394,43527400
2006-01-10,88.5116195678711,88.56655433878142,88.0721518783247,88.161422190771,44960800
2006-01-11,88.79310607910156,88.88237634101723,88.39483707374042,88.59397681528613,49598900
2006-01-12,88.44290924072266,88.77250720315138,88.19570814946854,88.63517559195027,40509200
2006-01-13,88.36054992675781,88.51161792452235,88.03095178515154,88.28502640561155,44856700
2006-01-17,88.12019348144531,88.18199114835397,87.76312283197426,88.03092319964439,52066600
2006-01-18,87.77000427246094,88.51160258196072,87.31680559659257,87.60520523022399,75067600
2006-01-19,88.10645294189453,88.42232513158721,87.76311861636133,87.982857614014,81530400
2006-01-20,86.49961853027344,88.10642005943393,86.49961853027344,88.0858208458084,114957800
2006-01-23,86.80867767333984,87.0833462703324,86.60954307149193,86.66447783866398,67017400
2006-01-24,86.89793395996094,87.30993416954551,86.8086636679919,86.95286347940315,53008800
2006-01-25,86.97344970703125,87.33051508344013,86.41037641072381,87.23438189598906,87747700
2006-01-26,87.45411682128906,87.66698241938619,87.04211669254444,87.37858285315153,71294000
2006-01-27,88.26438903808594,88.34679640596421,87.5159226786432,87.66012771413064,65771200
2006-01-30,88.19570922851562,88.44977323623257,88.13391157437859,88.19570922851562,33709600
2006-01-31,87.5502700805664,88.26440100670683,87.54340192583417,88.1133435135342,72937000
2006-02-01,88.16136169433594,88.18882382207845,87.70129509111347,87.76996088819877,63561000
2006-02-02,87.13822174072266,87.9896890970027,87.06955594791792,87.96222697097214,83626900
2006-02-03,86.70563507080078,88.1613742755292,86.61637004573765,86.91850588266709,86040400
2006-02-06,86.93223571777344,87.06957256846307,86.63696803737218,86.8223714760869,45511900
2006-02-07,86.16321563720703,86.97348514650581,86.10828086803168,86.78121345439206,71208100
2006-02-08,86.9460220336914,87.96229435789462,86.24561678946358,86.41728402241986,59422200
2006-02-09,86.80181121826172,87.61894358144916,86.77434383579535,87.15200855725597,62023300
2006-02-10,86.95973205566406,87.2961982839222,86.14259454817027,86.81553224355345,64508700
2006-02-13,86.80181121826172,87.06274349339093,86.48593893933226,86.93227473639256,52308700
2006-02-14,87.72193908691406,87.91420551244745,86.66446850761322,86.83613570739192,90964400
2006-02-15,88.03089904785156,88.11330639218677,87.37169792068335,87.67383373520977,85471300
2006-02-16,88.69012451171875,88.72446003944115,88.01718169710198,88.12705119472088,61017900
2006-02-17,88.44976806640625,88.69010623319878,88.2918372447102,88.6145722788694,40342600
2006-02-21,88.23007202148438,88.85493262488701,88.09272988842265,88.65580329632141,46456300
2006-02-22,88.76566314697266,89.0265901203664,88.33992144075623,88.42232880716757,42326700
2006-02-23,88.63521575927734,89.01974863599354,88.08587858779634,88.76568451624928,43423200
2006-02-24,88.86178588867188,88.90984724216939,88.41544501279648,88.65578321347795,36777400
2006-02-27,88.89612579345703,89.29438437999175,88.77251999115894,88.85491687420313,35858600
2006-02-28,88.05154418945312,89.20515331226527,87.9828835907139,88.71761381586131,74394800
2006-03-01,88.8343276977539,88.91673506784753,88.23692927267341,88.30560033479593,48641600
2006-03-02,88.82748413085938,88.86868258601346,88.31248248596287,88.51161184511933,60642300
2006-03-03,88.41543579101562,89.3149803629484,88.3399018339138,88.35363813822237,73402500
2006-03-06,88.01033020019531,88.70386184813873,87.79059641531752,88.67639970903734,57478400
2006-03-07,87.87296295166016,87.93476059790389,87.48156214218947,87.79742900256366,61780800
2006-03-08,88.05838012695312,88.19571174375096,87.3305078891015,87.68757323609512,66692400
2006-03-09,87.46785736083984,88.36052352997783,87.46785736083984,88.08586024031472,56313600
2006-03-10,88.2987060546875,88.47037319165254,87.50904141574048,87.69443961856201,60490800
2006-03-13,88.4635238647461,88.69012577767006,88.25752117320319,88.47038677929574,45479100
2006-03-14,89.39054107666016,89.42487661286846,88.31247648831476,88.38114756073135,69877300
2006-03-15,89.78880310058594,89.85747416753793,89.16394249335126,89.36993473873976,53398900
2006-03-16,89.97417449951172,90.27631032193494,89.84370580548986,89.9604381954752,65526400
2006-03-17,90.0493392944336,90.24237026994626,89.88389018365085,90.09070157212928,47286800
2006-03-20,89.90458679199219,90.24238579756337,89.76670900281613,90.0631457235746,45538500
2006-03-21,89.33927917480469,90.30444479178746,89.24276366504657,89.87700994622871,87102700
2006-03-22,89.88390350341797,89.9735182785721,89.24275654592655,89.28411882975166,51605700
2006-03-23,89.69775390625,89.89078489142872,89.38752628859844,89.80115960566727,46704200
2006-03-24,89.76671600341797,90.01490025105034,89.44269738791456,89.61504726767588,43209200
2006-03-27,89.63568878173828,89.81492879045935,89.44265784330109,89.64257898689776,32523000
2006-03-28,89.08418273925781,89.98729418327048,88.96698611486065,89.57365037530484,82079900
2006-03-29,89.64259338378906,89.96661190807504,89.13243409633056,89.21516916851773,61505700
2006-03-30,89.48401641845703,90.29750240837002,89.31166662201139,89.69772848294615,70571700
2006-03-31,89.50472259521484,89.78737886512597,89.1875942524902,89.63571016026633,62925600
2006-04-03,89.43578338623047,90.22169830052033,89.27033425863277,89.670187182661,61624700
2006-04-04,90.00800323486328,90.12519989560528,89.18072588177712,89.4358003481331,54809300
2006-04-05,90.31820678710938,90.50434756060783,89.88389234147894,90.04245124958531,50607200
2006-04-06,90.22168731689453,90.45609108478864,89.7529008199043,90.20790690420587,57906200
2006-04-07,89.30477142333984,90.58705440901066,89.17379440623043,90.35266119599707,80180900
2006-04-10,89.44268035888672,89.67707362607943,89.11176107877952,89.44268035888672,41496500
2006-04-11,88.684326171875,89.66327192261903,88.41546086370866,89.51850395943639,72799400
2006-04-12,88.84977722167969,89.02212703130002,88.66363648185842,88.77394288467083,43033700
2006-04-13,88.73261260986328,89.10488370434679,88.45684650339278,88.64987751822146,51051800
2006-04-17,88.69811248779297,89.14621780495246,88.25689737634124,88.81530910121317,64167700
2006-04-18,90.10447692871094,90.26993653029095,88.88423735062715,88.88423735062715,92531800
2006-04-19,90.27685546875,90.3595905555715,89.7873877523096,90.13897768324851,87269000
2006-04-20,90.40094757080078,90.90420619228213,90.03556672678555,90.31132228171776,86005500
2006-04-21,90.41472625732422,90.8559414484251,90.04934542029066,90.78700782070929,72342600
2006-04-24,90.24927520751953,90.35958163278853,89.88389437829068,90.23548427451098,52546400
2006-04-25,89.87699127197266,90.39404079240401,89.56676366359373,90.33888758123007,84359800
2006-04-26,89.89764404296875,90.40780319579136,89.8287104403037,89.96658816502989,67262400
2006-04-27,90.33197784423828,90.74562157891063,89.33924129654237,89.5529533690108,124478600
2006-04-28,90.63533782958984,90.82836881550155,90.11139808488662,90.16654077851872,55854400
2006-05-01,89.89764404296875,90.86280915484427,89.84250136859515,90.63530617531782,64990300
2006-05-02,90.57331085205078,90.62846407509497,90.13209558709889,90.31822588054615,49063500
2006-05-03,90.23548126220703,90.53192845529632,89.93214386254333,90.41472130773587,60821300
2006-05-04,90.55950927734375,90.73874934162868,90.29064392121613,90.36647827906752,42921400
2006-05-05,91.35917663574219,91.55220755266687,90.89728047600128,91.03515819960519,62588200
2006-05-08,91.24895477294922,91.53161120576911,91.24895477294922,91.35236053158783,30016700
2006-05-09,91.42813873291016,91.53155494739144,91.21442661680784,91.2902609663344,29864000
2006-05-10,91.37987518310547,91.51775293298554,90.92486914104302,91.28335970624963,64378200
2006-05-11,90.27685546875,91.37989879156343,89.98041875589183,91.3523169228227,80626900
2006-05-12,89.09796905517578,90.11827707072321,89.06349698639815,89.8700929026821,91726500
2006-05-15,89.27721405029297,89.4426736779876,88.66364906176575,88.78773589298744,84029300
2006-05-16,89.14623260498047,89.62191986274051,88.93941068603266,89.45646022370231,62137600
2006-05-17,87.45030212402344,89.00145584368273,87.39514891645257,88.70500866791416,144789500
2006-05-18,87.00908660888672,88.07076218141566,86.94014772956912,87.79500140444591,87906300
2006-05-19,87.62266540527344,87.89153075883506,86.72644931330143,87.46410648378847,124309400
2006-05-22,86.95392608642578,87.67090194235072,86.51960644953327,87.05733702655225,110852800
2006-05-23,86.2921142578125,87.98803600564948,86.2921142578125,87.67780840605353,92006500
2006-05-24,86.98150634765625,87.47787467338968,86.00945609284423,86.6437021714151,168405000
2006-05-25,88.0569839477539,88.0569839477539,87.16076266182176,87.49856688080243,78977900
2006-05-26,88.50511169433594,88.50511169433594,87.90533223233241,88.25002672464956,62989700
2006-05-30,86.93323516845703,88.24309465670719,86.89876836542574,88.22241352294876,72419900
2006-05-31,87.90531921386719,87.90531921386719,87.00220242073202,87.29175416691811,86926200
2006-06-01,88.746337890625,88.89111632150139,87.73981589597776,87.81565021321876,73721700
2006-06-02,88.9324951171875,89.22893171826767,88.46370871936858,89.10484491392623,91702600
2006-06-05,87.63644409179688,88.83599744463996,87.39515012027547,88.82910723837323,86105100
2006-06-06,87.4227294921875,87.81568690950961,86.69886333380447,87.69849028287135,130498600
2006-06-07,86.76781463623047,88.00184027490812,86.71955688543079,87.49168615792586,108599400
2006-06-08,86.69194793701172,87.20899732828613,85.39587935637525,86.57475133731712,204957200
2006-06-09,86.4162368774414,87.52617062942059,86.37487458546997,87.11253193060196,94972200
2006-06-12,85.4786148071289,86.8160510864331,85.36141819247004,86.78157901873388,95815900
2006-06-13,84.48590087890625,86.06462091944242,84.48590087890625,85.30628261069269,185688800
2006-06-14,85.14082336425781,85.23044339009667,84.34111755941937,84.68581724915322,163566400
2006-06-15,86.94703674316406,87.11249109318798,85.38899293965022,85.4510363485221,134057000
2006-06-16,86.31346893310547,86.94359258603357,86.18190238980199,86.75663433029287,94253500
2006-06-19,85.63485717773438,86.88818893207458,85.55176697902394,86.83279194430261,95804400
2006-06-20,85.92568969726562,86.42425205762972,85.66948785531869,85.87029798840688,65494700
2006-06-21,86.56273651123047,87.04052099315695,85.83566558928736,85.86336408262254,75008200
2006-06-22,86.181884765625,86.5973515801568,85.89105852374747,86.52118204781546,74566100
2006-06-23,86.16801452636719,86.76351873427133,85.8841090231578,86.09184501491812,54107000
2006-06-26,86.54887390136719,86.59734493796229,86.03646504551237,86.2372751351054,37899600
2006-06-27,85.80103302001953,86.75660711741793,85.7040856670302,86.56272297733246,69780200
2006-06-28,86.38268280029297,86.39652940289879,85.62099286625843,85.9949145319728,62368100
2006-06-29,88.12767028808594,88.18306728011545,86.6735335864731,86.69430613774718,110634800
2006-06-30,88.13459777832031,88.39773085360068,87.91301508926465,88.31463536409929,54227800
2006-07-03,88.49465942382812,88.6400672630715,88.15535685576953,88.2384523325701,23914000
2006-07-05,87.98917388916016,88.2523016493608,87.60832621247083,88.14151295983588,69653400
2006-07-06,88.24536895751953,88.52926922811686,87.9960878363895,88.07917802146841,50100300
2006-07-07,87.67062377929688,88.32844563096198,87.44904118140428,88.07224388889777,81626500
2006-07-10,87.83682250976562,88.23844267927697,87.53214969405586,87.89914543128474,60964100
2006-07-11,88.224609375,88.224609375,87.20671219464009,87.67065007265732,73640800
2006-07-12,87.28288269042969,88.21768440083176,87.0543740794799,88.0445727773148,82561300
2006-07-13,85.86337280273438,87.02668322621838,85.86337280273438,86.8674181941033,102405700
2006-07-14,85.53099822998047,86.0434124968695,85.0532136878111,85.95339106144267,103242500
2006-07-17,85.40632629394531,85.93258697465083,85.27476508597854,85.53096684245592,81159000
2006-07-18,85.84258270263672,85.89797968360834,84.74851610170828,85.66254515595242,122771000
2006-07-19,87.03361511230469,87.42830946420105,85.6694944608362,85.98801926386236,133565300
2006-07-20,86.43811798095703,87.4560154181393,86.32040331646694,87.3313748078119,112259800
2006-07-21,85.82875061035156,86.687388164596,85.73873445772269,86.65968966772216,101560000
2006-07-24,87.39366149902344,87.4698310273927,86.16803366762616,86.16803366762616,92884000
2006-07-25,87.70524597167969,88.14841115617298,87.0543447956664,87.23438230278734,95480700
2006-07-26,87.8229751586914,88.25228853083658,87.37288395758573,87.6567842246869,84525800
2006-07-27,87.73988342285156,88.41848322486113,87.38673427675745,88.20382124671339,87257100
2006-07-28,88.61929321289062,88.7300818905289,87.84375133763548,87.9683919018203,82137000
2006-07-31,88.52928161621094,88.60545115182293,88.25230196698071,88.39772037711082,49593100
2006-08-01,88.093017578125,88.20380623703979,87.66369897783365,88.1761077515746,65225600
2006-08-02,88.68852233886719,88.95165531088767,88.3215266494133,88.34229919289997,64770900
2006-08-03,88.92395782470703,89.01397923010384,88.0445532963174,88.17611450867638,63693800
2006-08-04,88.77165222167969,89.62335858329007,88.27309510614958,89.38100861224147,96294200
2006-08-07,88.56391906738281,88.68855966370421,88.21769577570653,88.56391906738281,45377300
2006-08-08,88.224609375,88.95168029895635,87.90607934223712,88.69546791415962,90901300
2006-08-09,87.92683410644531,89.04859902206205,87.67062707181327,88.75776227606615,78910600
2006-08-10,88.1968765258789,88.28689263219256,87.44210740251914,87.64984338071422,69322300
2006-08-11,87.9476547241211,88.07921600154125,87.51833587861853,88.05844344631433,47482200
2006-08-14,88.01689147949219,88.74396255349056,87.88532492937189,88.37696140225755,57839000
2006-08-15,89.06938171386719,89.23556208377872,88.56389352928413,88.80624870698287,68143000
2006-08-16,89.81031036376953,89.94187689140313,89.3532931306934,89.54718787439757,71737600
2006-08-17,90.038818359375,90.27424763567721,89.66490189500651,89.72721954475206,70992800
2006-08-18,90.49581909179688,90.49581909179688,89.73412384744753,90.1495959018005,58288400
2006-08-21,90.10803985595703,90.21190257397303,89.87953131042987,90.1426537180344,42133600
2006-08-22,90.10111999511719,90.37810488791538,89.79644189598581,90.0111091501144,60839900
2006-08-23,89.85184478759766,90.32271385339534,89.45715581748944,90.14267101975476,66592100
2006-08-24,89.77570343017578,90.08731287360277,89.6025917686707,90.01114331990465,57983000
2006-08-25,89.886474609375,90.19115274681718,89.70644233083854,89.76875997734409,41756000
2006-08-28,90.31580352783203,90.58586784079122,89.76877537153952,89.77569603370651,52681500
2006-08-29,90.41963958740234,90.59275116329354,89.88645297520765,90.3573219558956,61817800
2006-08-30,90.47508239746094,90.73820494131611,90.39891284284295,90.62049027797875,50052200
2006-08-31,90.46118927001953,90.70354971493467,90.4196441802381,90.60660765014714,37510300
2006-09-01,91.00128936767578,91.11208330892043,90.59966925508273,90.80740525344352,48794500
2006-09-05,91.17439270019531,91.29903851430556,90.84894213087902,91.06359876896192,52348300
2006-09-06,90.37118530273438,90.82128184929897,90.24655000934074,90.7866574125025,53795600
2006-09-07,89.95569610595703,90.41271317303334,89.56792789118613,90.05955881852373,86269400
2006-09-08,90.21189880371094,90.33654462601274,89.90030009679374,90.07341166351347,45096300
2006-09-11,90.30197143554688,90.4958556550088,89.65799054770031,89.92112365949757,68496600
2006-09-12,91.18829345703125,91.29215621954783,90.2742588832993,90.40582542641798,69875600
2006-09-13,91.55525970458984,91.71451941092305,91.07054935973244,91.1536395428814,62898400
2006-09-14,91.56217956542969,91.56911079122699,91.22980826984158,91.37522665497619,57805400
2006-09-15,91.77713012695312,92.07618659672416,91.58238260116289,92.02054596255066,76703100
2006-09-18,91.90229034423828,92.07616330240525,91.56149552578027,91.65886395785925,64154100
2006-09-19,91.6727523803711,91.89531480155595,91.15809535301172,91.8883530931687,92089100
2006-09-20,92.15960693359375,92.34044157846773,91.84663777209268,91.97878290108157,75204100
2006-09-21,91.71450805664062,92.3265442885588,91.40153884254195,92.22917585278668,88932500
2006-09-22,91.4363021850586,91.582349511175,91.10942021012491,91.57539841405203,65966800
2006-09-25,92.13877868652344,92.39611794711594,91.1442302042897,91.617159678043,92299100
2006-09-26,92.90379333496094,92.91770614203574,92.08310751534563,92.15266093835726,73962700
2006-09-27,93.01509094238281,93.17505110863613,92.68820889893196,92.8412179666053,82432200
2006-09-28,92.98029327392578,93.18894292031754,92.69513911093576,93.01506998371805,58597500
2006-09-29,92.90379333496094,93.1541708004955,92.83423991194931,93.05680237569663,47966600
2006-10-02,92.55606842041016,93.07768737412367,92.46565107247642,92.87598876909684,51687400
2006-10-03,92.75077056884766,93.10546750404879,92.25696680820846,92.42388863131765,73108100
2006-10-04,93.83578491210938,93.89142554888156,92.55608210344809,92.66040166466698,80890500
2006-10-05,94.01659393310547,94.17656471778831,93.71753749736432,93.83576985189208,60505900
2006-10-06,93.89834594726562,93.96094827589447,93.47409551641375,93.85661813642166,64983600
2006-10-09,93.95397186279297,94.10002979025285,93.64100271807747,93.78706064553735,41176800
2006-10-10,94.07913970947266,94.20432308758063,93.78007284117318,93.96090742602904,56403700
2006-10-11,93.96791076660156,94.19046265554007,93.40456402717987,93.78012498267294,104071800
2006-10-12,94.7815933227539,94.85809782237958,94.16955732574857,94.20433402782561,59158600
2006-10-13,95.02507781982422,95.08071845475078,94.6147294637865,94.69819572235936,53944000
2006-10-16,95.17112731933594,95.31718531581541,94.87902193874325,94.94857538704132,42273000
2006-10-17,94.87201690673828,95.0737048123627,94.35734927405906,94.91374470704952,90500600
2006-10-18,94.99724578857422,95.53972867706008,94.65646151463825,95.31021505310602,86848600
2006-10-19,95.15022277832031,95.19891229381187,94.7468362976426,94.85811752245613,64063200
2006-10-20,95.17112731933594,95.24763186751733,94.81643020269472,95.17112731933594,48094500
2006-10-23,95.60926055908203,95.83877413128043,94.85812812616807,94.97636046111337,66219900
2006-10-24,95.89440155029297,95.92916764633158,95.43537446908006,95.47710227421553,53234900
2006-10-25,96.22129821777344,96.26302602928845,95.63707701947419,95.79704778009912,78105400
2006-10-26,96.52034759521484,96.67335663456069,95.96395205326291,96.43689197824885,66843700
2006-10-27,95.915283203125,96.49949380785942,95.7205463348802,96.40212537373702,80238000
2006-10-30,95.84574890136719,96.11699035143715,95.56059464011362,95.74142934840394,49717800
2006-10-31,95.83182525634766,96.15870730183235,95.4562642957718,96.02657275380528,71274100
2006-11-01,95.18498229980469,96.19344301321757,95.08761389876537,96.13085131519797,83005600
2006-11-02,95.12934112548828,95.28930122358547,94.83723592412659,94.94155542019872,60693100
2006-11-03,94.9624252319336,95.55359737944231,94.32257418734694,95.47014177738852,71346400
2006-11-06,96.03353881835938,96.17263509905082,95.24762944452198,95.25459115659443,63303300
2006-11-07,96.40213012695312,96.65945872717234,95.97787965470948,96.11697590854787,63318900
2006-11-08,96.61075592041016,96.70812433525255,95.18499579336256,95.9778559177539,87517800
2006-11-09,96.10302734375,96.77070397107069,95.90829053835647,96.68028666415228,95916300
2006-11-10,96.1447982788086,96.21434109719657,95.78313954115507,96.07524484805707,48991500
2006-11-13,96.3812484741211,96.7011687378104,96.02655150028416,96.10304540530215,59398200
2006-11-14,97.10456848144531,97.18803471966369,96.06133070880456,96.65250302491302,96704000
2006-11-15,97.38278198242188,97.68183841523101,97.04198711986686,97.06981273969744,76509600
2006-11-16,97.63316345214844,97.84180254750264,97.01417604041274,97.67489127121928,76728800
2006-11-17,97.66091918945312,97.66787028429127,97.1810283366586,97.320124519931,56353800
2006-11-20,97.71661376953125,97.88353564909053,97.32713999625733,97.57751750941405,69174200
2006-11-21,97.81395721435547,97.8348211174226,97.57053086209,97.70963769901981,51367900
2006-11-22,98.00869750976562,98.17561935255473,97.71659224415622,97.89046518409243,45505300
2006-11-24,97.61231231689453,97.95309662548063,97.50798214319903,97.53580776779772,30998000
2006-11-27,96.2699966430664,97.61230165563691,96.24218163387205,97.5636121240903,84545100
2006-11-28,96.68724060058594,96.78460899545625,96.05434072774935,96.14475802740003,106652900
2006-11-29,97.69572448730469,97.73745229326573,96.72899140388103,97.00023275498948,90034900
2006-11-30,97.73743438720703,98.09909299321426,97.2019028799755,97.67484268973261,83994300
2006-12-01,97.5218505859375,97.82786864309561,96.65248592917537,97.73745132283666,126080000
2006-12-04,98.26604461669922,98.44687930028464,97.52882491016683,97.54273771944972,87813200
2006-12-05,98.69026184082031,98.73200025460513,98.24514760502657,98.45379722450875,73374400
2006-12-06,98.60684204101562,98.80854063761507,98.4121051554216,98.66943376587848,53253200
2006-12-07,98.1756591796875,98.96851968294362,98.1408824551199,98.78073386017164,62857400
2006-12-08,98.35648345947266,98.69031666869044,97.91136897639348,98.15479543641946,79625500
2006-12-11,98.64156341552734,98.8223873900225,98.30076875076047,98.35640934576476,39779400
2006-12-12,98.5650863647461,98.669405876698,97.98782696976909,98.5442224623557,77451600
2006-12-13,98.66943359375,98.99631563950494,98.45383280024448,98.91981110512901,55520200
2006-12-14,99.5387954711914,99.62226171403867,98.64856670482314,98.66247951402501,64755200
2006-12-15,99.54784393310547,99.93249771537161,99.47791367273122,99.75765605720409,70857400
2006-12-18,99.27510070800781,99.92551728672305,99.13522950261937,99.68772449892487,48954600
2006-12-19,99.46399688720703,99.70177915695356,98.74364957671285,98.99542217747266,65023600
2006-12-20,99.40802001953125,99.77169382950034,99.31709889916571,99.50593096781219,41469600
2006-12-21,99.04434204101562,99.61082755161999,98.83454049745293,99.4989369522174,48698400
2006-12-22,98.43585968017578,99.06528542019248,98.3799090654983,99.05829559516602,62069100
2006-12-26,99.01641082763672,99.0373909902075,98.45691492559018,98.47789508816096,32696900
2006-12-27,99.6667709350586,99.72972206503947,99.19120657559638,99.21917655553872,39727100
2006-12-28,99.45695495605469,99.79963785014381,99.30309340999786,99.5968261784272,37288800
2006-12-29,99.04434204101562,99.68775834142382,98.91146061576423,99.35206520023097,45461200
2007-01-03,98.86951446533203,99.91157519071928,98.31002937372226,99.48496087189567,94807600
2007-01-04,99.07931518554688,99.3450780431939,98.3379879210503,98.77159201805935,69620600
2007-01-05,98.28903198242188,98.89048802008976,98.17714137446696,98.84153788001449,76645300
2007-01-08,98.74358367919922,98.89744520317673,98.08617728974774,98.48482142136824,71655000
2007-01-09,98.65970611572266,99.03036976562909,98.19112084286634,98.82754736308053,75680100
2007-01-10,98.98837280273438,99.0093636246384,98.12116479500241,98.31698664652193,72428000
2007-01-11,99.42202758789062,99.74373047167552,98.96044274959594,99.01639339710088,54476800
2007-01-12,100.17733764648438,100.17733764648436,99.38704948433342,99.41501947019545,55370600
2007-01-16,99.98143768310547,100.31713060887006,99.82057570761589,100.0583684235396,44871300
2007-01-17,100.0234146118164,100.33113762476742,99.8205923207862,99.90452356981032,50241400
2007-01-18,99.68775177001953,100.19129678436146,99.52690037339391,100.12835632544167,68177300
2007-01-19,99.88357543945312,100.0793972974605,99.63180295465925,99.68774290995486,56973000
2007-01-22,99.57587432861328,100.07941940945656,99.26115064946629,100.05843925371254,60253600
2007-01-23,99.86962127685547,100.06544320576835,99.35208579530298,99.49195707717007,54064400
2007-01-24,100.6738510131836,100.69483116394106,99.94651422011307,99.988474521628,55834700
2007-01-25,99.4919204711914,100.65287195938042,99.3170787653132,100.61091165740818,73583800
2007-01-26,99.4010009765625,99.76466400815401,99.01634712440816,99.70872405828598,67255600
2007-01-29,99.3450698852539,99.86959505817343,99.12826785455256,99.44298082400587,66114600
2007-01-30,99.86257934570312,99.91154014336607,99.35204457652422,99.55486692185593,70407600
2007-01-31,100.53397369384766,100.79973648266301,99.58982428099637,99.75068632237938,91868600
2007-02-01,101.1353988647461,101.17036932711133,100.64584440609332,100.81368555106751,69312400
2007-02-02,101.27535247802734,101.37326344945468,100.97462973417744,101.21940182699807,49607000
2007-02-05,101.30330657958984,101.36624704368522,100.94662260673056,101.19839513460481,45705300
2007-02-06,101.33123779296875,101.42914870126538,100.9395941597823,101.38718840792234,57081300
2007-02-07,101.55506134033203,101.65996209547187,101.1074669992506,101.49211021575726,55669700
2007-02-08,101.42219543457031,101.4921257248527,100.89767023573627,101.25434352920612,70641000
2007-02-09,100.66692352294922,101.63904357214572,100.28226940172095,101.45021142690688,79084400
2007-02-12,100.32417297363281,100.73679685593032,100.14234143350797,100.66686657349366,65657000
2007-02-13,101.1704330444336,101.33827429511452,100.54099633989951,100.54799683967357,64081800
2007-02-14,101.8348159790039,102.03762768702323,101.25434016433873,101.26833049052728,66039400
2007-02-15,101.96765899658203,102.07255972475868,101.7088860812661,101.87673791783685,38715200
2007-02-16,101.9187240600586,101.93970421101538,101.56904064879092,101.7159123769793,39841800
2007-02-20,102.13554382324219,102.24744509545899,101.40820689681834,101.79985067808447,56911800
2007-02-21,102.09361267089844,102.15656382418149,101.65301862689134,101.83485024255334,63971600
2007-02-22,102.01664733886719,102.40130127212743,101.5270926381233,102.14253893133969,79067400
2007-02-23,101.61801147460938,101.96069442170766,101.4291794258767,101.92573461432431,71966200
2007-02-26,101.527099609375,102.07260498073074,101.23336676875981,101.98868436098151,69192800
2007-02-27,97.5616683959961,100.84869021482476,97.2119849967273,100.62489838846776,274466500
2007-02-28,98.561767578125,99.29610492377265,97.77149027395375,98.1841141648873,177536300
2007-03-01,98.26809692382812,98.78563257516483,96.54765931661119,97.44983845139593,212828600
2007-03-02,96.98121643066406,98.37296054243383,96.97422660270291,97.94634626395617,162574000
2007-03-05,96.05803680419922,97.61762182167429,96.04404647980967,96.46366016807912,143750400
2007-03-06,97.7015609741211,97.99529381312345,96.31681739839769,97.05814465942645,143333300
2007-03-07,97.60366821289062,98.23310498930638,97.49176691866185,97.62464837162167,115144900
2007-03-08,98.42888641357422,98.72261918642845,97.96031194224791,98.28900451760424,117891600
2007-03-09,98.45686340332031,98.904457756433,97.9673087470238,98.82752697676561,107765100
2007-03-12,98.6037368774414,98.84850887416712,98.02326110633379,98.20509264717215,80366900
2007-03-13,96.68746948242188,98.44987697746085,96.54059774471382,98.03724241508658,190605200
2007-03-14,97.40779876708984,97.46374938691086,95.6384017672719,96.81333276904479,231853800
2007-03-15,97.54069519042969,97.9043689395793,97.07212068262693,97.19101176626424,132435900
2007-03-16,97.267578125,98.03993740136255,96.97969778437215,97.81524717048622,121531600
2007-03-19,98.4401626586914,98.53144441396286,97.70291249137992,97.7801484272663,96161200
2007-03-20,98.98082733154297,99.0369999027089,98.2716687089902,98.35592220882788,82147400
2007-03-21,100.6097412109375,100.86251230410744,98.87546345208109,99.07206200078913,152368700
2007-03-22,100.53250122070312,100.8835715739764,100.25866677370264,100.74314557543047,118942200
2007-03-23,100.6799545288086,100.97485233710476,100.5114369038607,100.60271862326792,74416800
2007-03-26,100.54656219482422,100.8625234176465,99.76718546449268,100.75720658131192,113787500
2007-03-27,100.3078384399414,100.51848282968413,99.97783139590217,100.49039119701511,99864600
2007-03-28,99.57762145996094,100.03400873138052,99.18441358052128,99.80230096296437,152907900
2007-03-29,99.6828842163086,100.13225369231259,99.1352155022354,100.08309871637128,139432700
2007-03-30,99.70397186279297,100.29376743489082,98.69288761701605,99.87248947502779,128194100
2007-04-02,99.81636810302734,100.02701254784225,99.33890664719213,99.81636810302734,79416400
2007-04-03,100.89059448242188,101.0942105624326,100.34292561749221,100.38505234343813,82417800
2007-04-04,101.00296783447266,101.07317549276354,100.51848892284221,100.89062272462398,63995200
2007-04-05,101.27679443359375,101.41722045302726,100.83444229425065,100.87656902869885,46822800
2007-04-09,101.41718292236328,101.66995394932998,101.21355616279352,101.56462643836869,50967400
2007-04-10,101.53653717041016,101.70505474578461,101.29781197398994,101.33993868938013,56620000
2007-04-11,101.1223373413086,101.71213313721027,100.78530198894755,101.68405221475689,106365700
2007-04-12,101.57170867919922,101.75426146253949,100.64487751650186,100.92574031451028,115534400
2007-04-13,102.03511810302734,102.03511810302734,101.36105814230497,101.74020950446032,84287000
2007-04-16,103.00405883789062,103.1164039433374,102.38618218557124,102.39319973697957,83064600
2007-04-17,103.27787017822266,103.4955320750825,102.9689265644281,103.19361672493925,108424100
2007-04-18,103.40425872802734,103.70617407132686,102.91276240532098,102.93382576816437,88345300
2007-04-19,103.37617492675781,103.49553756317763,102.76531593042776,102.8987243810785,102947700
2007-04-20,104.35213470458984,104.35213470458984,103.24275124795797,104.07128274429985,124114100
2007-04-23,103.95896911621094,104.42940218457392,103.89577901310668,104.17663105833812,77270800
2007-04-24,104.00104522705078,104.19764370577835,103.43934141000834,104.07828110896615,114471000
2007-04-25,104.95606231689453,105.08245330256685,103.93094217693535,104.4294564232126,108418800
2007-04-26,105.07540130615234,105.18072888939874,104.68923230904801,104.96306688337354,88741600
2007-04-27,104.99108123779297,105.13853547531126,104.50660251799518,104.68213766494712,108191100
2007-04-30,104.12043762207031,105.13855018791367,104.06427579534397,105.06833183378082,100874100
2007-05-01,104.38725280761719,104.94896749006314,103.68511213301387,104.21171763896636,134342700
2007-05-02,104.99813842773438,105.28601874873765,104.4434518680283,104.54876871043479,87129800
2007-05-03,105.56690216064453,105.60200063909703,105.13156746132806,105.3000851559494,86569700
2007-05-04,105.96710968017578,106.1075357258106,105.47561316354363,105.84774700569515,96409000
2007-05-07,105.98815155029297,106.1636867501821,105.8898522669078,105.93900726550956,63461400
2007-05-08,105.84770965576172,105.96707228812348,105.41238585375805,105.72834702339996,80584000
2007-05-09,106.13556671142578,107.30112258038997,105.58086968449544,105.77045063036658,102070100
2007-05-10,105.02619171142578,106.03727588460872,104.80852984071853,105.83364911188467,153617800
2007-05-11,105.92499542236328,105.97413972290848,105.12455508270097,105.14561845633773,113408900
2007-05-14,105.69331359863281,106.23396532055851,105.17372525552537,105.92502147945811,108027500
2007-05-15,105.72137451171875,106.48670562315586,105.45455750582198,105.81264555545609,180673300
2007-05-16,106.44454956054688,106.46561292744042,105.58793692748148,105.88283477780948,114166500
2007-05-17,106.23392486572266,106.69734045090043,106.10051637479387,106.29009742578847,101132800
2007-05-18,107.16071319580078,107.16071319580078,106.59198092714152,106.73240692829661,99182000
2007-05-21,107.10458374023438,107.5890627458676,107.0765028142334,107.13267538005681,174664600
2007-05-22,107.02030181884766,107.53988987932146,106.99222090030626,107.21690039009319,82148800
2007-05-23,107.03435516357422,107.778622766185,106.9781826087218,107.39244314771166,133786600
2007-05-24,106.06537628173828,107.57498526988093,105.84069682075916,107.09752400534732,187593000
2007-05-25,106.50774383544922,106.7394515941776,106.14964515658771,106.374335364016,83309200
2007-05-29,106.8938980102539,107.07645072500794,106.33920088872826,106.6832536693431,82020000
2007-05-30,107.76457214355469,107.80669887936065,106.26199118816865,106.34625537359943,129013600
2007-05-31,107.6522445678711,108.05245929718315,107.51180782120205,107.89798744690283,114866700
2007-06-01,108.18588256835938,108.41056210887069,107.78565707051281,108.04545651631219,107771700
2007-06-04,108.19989776611328,108.40351387688327,107.76456320000347,107.80668993231326,78008800
2007-06-05,107.77164459228516,108.05951430958453,107.32929225733201,107.94717987265409,126917900
2007-06-06,106.61304473876953,107.39242136933879,106.5498546450573,107.32923127562654,164096800
2007-06-07,104.689208984375,107.07648367923673,104.66111734957266,106.41646954103555,232414600
2007-06-08,106.0513687133789,106.15669628848113,104.68219594761858,105.02624888417213,175886000
2007-06-11,106.23392486572266,106.69031218475448,105.81263602213916,105.97412543619068,102015600
2007-06-12,105.07540130615234,106.40244743001028,105.00519363114334,105.7915881597045,233898000
2007-06-13,106.64813995361328,106.77453083830588,105.12449607086444,105.67216490562888,193208200
2007-06-14,107.32921600341797,107.51176870832752,106.74643800097913,106.76750136255271,146396500
2007-06-15,107.93991088867188,108.3559568094228,107.84117718544913,107.98926698028943,154030800
2007-06-18,107.81300354003906,108.16558710982923,107.65081811073463,108.15853931203222,88537500
2007-06-19,108.0809326171875,108.1585014057557,107.43922816266816,107.57321159383076,110851700
2007-06-20,106.57897186279297,108.29958157959831,106.45204692958491,108.29958157959831,177119700
2007-06-21,107.17125701904297,107.26293215459572,105.95132135665277,106.53661114519643,205262000
2007-06-22,106.16291046142578,107.02321519560643,105.66929563689497,106.84692341827426,204964700
2007-06-25,105.65518951416016,106.65652552040841,105.08400587594777,105.94431061201952,232014400
2007-06-26,104.5691909790039,106.09941256390825,104.5621431838634,105.9231208454623,198445700
2007-06-27,106.05712890625,106.17701678359545,104.40704045333005,104.45640731576596,213638000
2007-06-28,106.04301452636719,106.76933565928798,105.54234123319162,106.04301452636719,157705000
2007-06-29,106.07826232910156,106.93856689489714,105.17564946662654,106.40969166641595,199701800
2007-07-02,107.03729248046875,107.12896763219801,106.31802989919004,106.3885401420635,103357000
2007-07-03,107.42515563964844,107.53798496036661,107.17835360557322,107.31232631893027,54048400
2007-07-05,107.31233978271484,107.58030676304153,106.92450642908109,107.46747742816738,89279000
2007-07-06,107.87647247314453,108.01045595930371,107.13604478015775,107.45337862000729,81109000
2007-07-09,107.96105194091797,108.14439145324882,107.62256409662524,108.00336023145643,72348100
2007-07-10,106.42383575439453,107.61557008006956,106.31806497519173,107.38991140443973,180362600
2007-07-11,107.17833709716797,107.22064539592158,106.14174073772607,106.30392613627977,175607600
2007-07-12,108.8707504272461,109.12461101898252,107.42515568985807,107.44630984250308,133882500
2007-07-13,109.19513702392578,109.62528941402313,108.87075540188648,108.99769108355291,111794300
2007-07-16,109.1810073852539,109.67462213092239,109.004715636087,109.29383668711941,98378700
2007-07-17,109.12458038330078,109.63934921980677,109.07521353432419,109.25150526353792,126201300
2007-07-18,108.92718505859375,109.15989154035009,108.10214067418391,108.7579410464078,237887400
2007-07-19,109.35027313232422,109.67464398984383,109.12461448361789,109.44193754336415,145212700
2007-07-20,108.24314880371094,109.2938516461533,107.77068814247731,109.22333063283655,245502500
2007-07-23,108.57461547851562,109.1034909799983,108.10215465505773,108.72269459333098,121183900
2007-07-24,106.69178771972656,108.79318273066734,106.31099144821601,107.97518628667824,256732400
2007-07-25,106.91038513183594,107.4604146124855,105.95135743942203,107.19950622704806,265214500
2007-07-26,104.37879943847656,106.3391624073177,103.22937403761217,105.90901020134942,467592500
2007-07-27,102.32678985595703,104.97821405926662,102.28448155505241,104.5128119893206,422987600
2007-07-30,103.92752075195312,104.23073741130239,102.45371347559659,102.90501994625258,283017500
2007-07-31,102.75695037841797,105.39427919846104,102.27743115659378,104.59743693454512,316976700
2007-08-01,103.25762939453125,103.66662766752712,101.50881772654704,102.37617038203952,467670000
2007-08-02,104.08264923095703,104.19546776872951,102.43255034110487,103.49030079767967,294758400
2007-08-03,101.40303802490234,104.06856898329296,100.97993343214327,103.85701668691343,359398200
2007-08-06,103.10247802734375,103.53967815053356,100.50745771551922,101.69214394222035,324980000
2007-08-07,104.20250701904297,105.06985921994,102.4113772188256,102.91205040990775,232568700
2007-08-08,105.65518951416016,106.19111264482936,103.89931953447348,104.65385350791189,274930600
2007-08-09,102.52422332763672,105.03461597001466,102.45370232802185,103.96275918383296,357622100
2007-08-10,102.04473114013672,103.30697545740252,100.92350732447001,101.8190725135889,411018400
2007-08-13,102.41136932373047,103.58194877095407,102.26329032425726,103.30693415479828,181917200
2007-08-14,100.8459243774414,102.99668578519625,100.6414306907997,102.74282524592037,264134500
2007-08-15,99.45674896240234,101.86842957160488,99.16058011355165,100.6414351177996,323834000
2007-08-16,100.20420837402344,100.79654591420687,96.60785332578232,98.57526399853148,546743700
2007-08-17,102.04473114013672,102.82040845890488,99.70357130968306,102.6018083894339,388218100
2007-08-20,101.99539184570312,102.58068196149618,101.04341174266655,102.36912963193267,187320400
2007-08-21,102.19986724853516,102.9332470912164,101.64278994880313,101.96717156383454,157066400
2007-08-22,103.41275787353516,103.51853940165479,102.48194283406355,102.9614513295496,173156700
2007-08-23,103.32108306884766,104.11791454855165,102.67937844678855,103.89931447642059,203915300
2007-08-24,104.59745788574219,104.59745788574219,103.15186289332718,103.29289418917296,128901900
2007-08-27,103.62431335449219,104.59744749111731,103.46917571647957,104.25897026272483,113024300
2007-08-28,101.34661102294922,103.13068282921219,101.16327146040676,103.0672203760239,219790700
2007-08-29,103.3351821899414,103.47622421806153,101.5158605391474,101.80497087280317,207654200
2007-08-30,103.06016540527344,103.7935452009542,102.46782763491304,102.56655059663977,191817300
2007-08-31,104.07559967041016,104.71730425192851,103.53967659968872,104.11790797073093,185477500
2007-09-04,105.12630462646484,105.76095066457663,103.94161839266225,103.97687889700073,120062000
2007-09-05,104.21664428710938,104.6185947116834,103.65956699480103,104.5057653896981,166261800
2007-09-06,104.45639038085938,104.79486752555826,103.74416482972902,104.32945472660079,127878400
2007-09-07,103.00373077392578,103.58196201722818,102.43253656579559,103.29284101558066,235447600
2007-09-10,102.8062744140625,103.46208520582954,101.77673679772991,103.32105398222143,192305900
2007-09-11,104.00511932373047,104.15319841742455,103.04609145409955,103.12366028031963,162081900
2007-09-12,104.2730484008789,104.67499878479562,103.64545015581223,103.86405022004962,149554600
2007-09-13,105.00640869140625,105.38719409399708,104.50573544356219,104.75254816968128,154079000
2007-09-14,104.99940490722656,105.13338841358215,104.1814190305274,104.33655669472873,121911000
2007-09-17,104.43524932861328,104.82308261638667,104.10381993870106,104.58332839049147,109870800
2007-09-18,107.50979614257812,107.53799809620443,104.45642087264685,104.95003576108893,263759500
2007-09-19,108.14439392089844,108.87071495169536,107.68603974961631,108.17965441714925,193779900
2007-09-20,107.38287353515625,108.19381161069012,107.26299638764247,108.13034913730027,175186800
2007-09-21,107.67261505126953,108.48739987151605,107.50966024942818,108.19691804502659,141457500
2007-09-24,107.47423553466797,108.27485791568235,107.24042517177774,107.99144650110024,139450200
2007-09-25,107.26163482666016,107.45293610013333,106.60980506223414,106.85069655562377,142289900
2007-09-26,107.82850646972656,108.23944496889908,107.26169437393546,107.87101548497863,135547000
2007-09-27,108.46617126464844,108.47326330840421,107.82851436708242,108.33864420955216,102713300
2007-09-28,108.10482025146484,108.53701323576142,107.67970849899443,108.29612162118063,133372100
2007-10-01,109.32352447509766,109.6423530649349,108.0481993047016,108.11905490735302,148162300
2007-10-02,109.1746597290039,109.57142489456652,108.9762771462226,109.54308915890059,112978800
2007-10-03,108.95499420166016,109.40136030192504,108.40943683589609,108.97624870062161,119055900
2007-10-04,109.1251220703125,109.29515818831914,108.82045600714204,109.18888561456498,76864400
2007-10-05,110.42169189453125,110.59882004270274,109.55730566657078,109.8407063792275,134579700
2007-10-08,109.83358001708984,110.16658166371279,109.65645194169635,110.09572610913949,71280400
2007-10-09,110.86801147460938,110.88218474895304,109.8406707110285,110.2445279470175,94054300
2007-10-10,110.68377685546875,110.8396504045019,110.10988370268221,110.55623903760606,101711100
2007-10-11,110.1524429321289,111.60489576802284,109.49352066329998,111.18686516261818,233529100
2007-10-12,110.7617416381836,110.77591491287193,110.01072024531655,110.14533932725328,124546700
2007-10-15,109.82646942138672,110.78296519134113,109.06836700851387,110.71920168962095,161151900
2007-10-16,108.95499420166016,109.47929706846276,108.73535717170031,109.40136030192504,166525700
2007-10-17,109.28800964355469,109.88315731211831,108.02685876020095,109.80522053568461,216687300
2007-10-18,108.89127349853516,109.24552970183001,108.4590804980738,108.72122662897874,148367500
2007-10-19,106.04303741455078,110.86800457385951,106.03595618334006,108.46614824654124,297169900
2007-10-22,106.65943908691406,106.81531266101494,105.32744328692468,105.46914358764185,261989800
2007-10-23,107.52381896972656,107.6584380317525,106.45396932637411,107.31127393604281,180085100
2007-10-24,107.32545471191406,107.50967485392827,105.454982419039,107.13416414895633,326694200
2007-10-25,107.58052825927734,107.8993567008905,106.19184990570471,107.44590916345261,237374500
2007-10-26,108.8416519165039,108.8416519165039,107.62300994208566,108.4448867733983,176484000
2007-10-29,109.20298767089844,109.42262472076982,108.79204930199408,109.06127658359217,106841000
2007-10-30,108.44495391845703,108.93382941927676,108.31033477347236,108.72127344356653,132981600
2007-10-31,109.57144927978516,110.01073436316982,108.28904343746265,109.09674722169596,220954400
2007-11-01,107.00666046142578,108.69292396172428,106.69491317790391,108.60789509555353,333040800
2007-11-02,107.12705993652344,107.69387195110568,105.71712734780809,107.3608702979526,331228200
2007-11-05,106.31226348876953,107.09871250549955,105.54706897429935,106.02177087650016,226841000
2007-11-06,107.74349212646484,107.77182786725542,106.2060106152886,106.88618731572353,177800500
2007-11-07,104.79605102539062,107.07746136865241,104.54098617921728,106.58858617923359,306639700
2007-11-08,104.26467895507812,105.14322734103357,102.78389075336132,104.85274549689302,374509900
2007-11-09,102.83345031738281,104.53387510830196,102.65632228453552,103.22313415185428,277745100
2007-11-12,101.81324005126953,103.87501393917802,101.81324005126953,102.88310080292086,243087800
2007-11-13,104.91651153564453,105.0794663513058,102.8901657541916,102.99643828374445,191117400
2007-11-14,104.62602233886719,105.85174573481771,103.9954467502063,105.72421869513036,230558800
2007-11-15,103.11689758300781,104.49850551425688,102.39422266538696,103.84667535526286,263111100
2007-11-16,103.29402160644531,103.77581567682574,102.42964639475171,103.66245109426075,308770600
2007-11-19,101.85574340820312,102.98936762466411,101.45189694340407,102.93268533273688,267746000
2007-11-20,102.47924041748047,103.10981606604287,100.68670478243088,102.03996615766276,414767500
2007-11-21,100.38201904296875,101.96200928060155,100.37493781183242,101.37394276508942,259012400
2007-11-23,102.1178970336914,102.2666785854929,101.10471866643509,101.36687560944007,77688400
2007-11-26,99.86481475830078,102.64927394866625,99.65935093121436,102.33043473854089,214232000
2007-11-27,101.01261901855469,101.4802289906132,99.86482156812399,100.42455242363359,293897900
2007-11-28,104.24341583251953,104.48430741449491,102.12496021081493,102.16038798723237,258596900
2007-11-29,104.27886199951172,104.6614647942986,103.51367803202301,103.8820967390235,199409900
2007-11-30,105.32745361328125,106.18474754384565,104.38513084511831,105.59668096772708,222908000
2007-12-03,104.63307189941406,105.17862929648234,104.35675258602271,104.99442002456735,146430400
2007-12-04,103.69783020019531,104.53386927931776,103.66240243339394,103.91038598996703,136533900
2007-12-05,105.43374633789062,105.710065788161,104.7394070956036,104.8102518609552,171130000
2007-12-06,106.94280242919922,107.13410369525054,105.26363245784628,105.30614144784988,154457400
2007-12-07,106.9216079711914,107.3396276889937,106.66654307691452,107.28294540014983,148980100
2007-12-10,107.75052642822266,107.87097219344588,106.88614076152685,107.18371455990844,123914300
2007-12-11,104.79605102539062,108.32443905492256,104.73936874723665,107.79305485964802,250346400
2007-12-12,105.83047485351562,107.53091079686625,104.29300451704965,107.0278623257272,322435600
2007-12-13,105.6108627319336,105.84467313480243,104.36388472767499,105.08657044462942,237551300
2007-12-14,104.2717514038086,105.6391857318968,104.2221611657334,104.81021684697647,159152900
2007-12-17,102.78388214111328,104.059195602389,102.63508980474339,103.87498630068104,177269400
2007-12-18,103.35783386230469,103.7829349863276,101.99749080554929,103.51370751776011,245569300
2007-12-19,103.35783386230469,104.07342778158957,102.6918302091853,103.40034289360243,198917200
2007-12-20,104.0096206665039,104.05212967999523,102.86182324703304,104.03795640515109,214813800
2007-12-21,105.50896453857422,105.71551885123503,104.76819480206618,104.9676302999523,146084400
2007-12-24,106.29242706298828,106.47049519624926,105.75822266320533,106.00040358443668,45601400
2007-12-26,106.52035522460938,106.61294325967413,105.77246692118047,105.87930344949207,67093100
2007-12-27,105.18131256103516,106.15000390697077,104.9320236269988,106.1428850923135,122981700
2007-12-28,104.91776275634766,105.850838182121,104.63284717736698,105.80097388014262,116398100
2007-12-31,104.14140319824219,105.1385806974142,104.03455576506114,104.77532550880574,108126800
2008-01-02,103.22967529296875,104.69696615741739,102.48179766647759,104.36931593934744,204935600
2008-01-03,103.1798095703125,103.62854478750893,102.61711899678241,103.21542537409938,125133300
2008-01-04,100.6512451171875,102.16838931975443,100.36634040827803,102.09715770831806,232330900
2008-01-07,100.56578826904297,101.30654712452824,99.78941360345125,101.00739388278885,234991000
2008-01-08,98.94178009033203,101.78374053900048,98.60701113060965,101.1996827139722,326365700
2008-01-09,99.98167419433594,100.2808273007719,98.07990817372662,99.06996638374602,301824900
2008-01-10,100.63700866699219,101.71254743896098,99.26944633738366,99.49024914348024,335701200
2008-01-11,99.82501220703125,101.07148940268019,99.00590296868654,100.27374747535883,267076600
2008-01-14,100.62984466552734,101.04296396527997,100.0030414702593,100.54437545468694,170365500
2008-01-15,98.41473388671875,100.77948485758749,98.22241718284191,99.56861237313842,239940100
2008-01-16,97.567138671875,99.09140224115457,97.06854981620822,97.8378058514178,378802600
2008-01-17,95.03852844238281,98.20815022850208,94.68239213997997,98.15828592932532,397892600
2008-01-18,94.06275939941406,96.17109200954913,93.3789834874507,95.97165646285796,348561500
2008-01-22,93.10828399658203,94.32626417210491,89.74635613537086,90.60820541123242,435923700
2008-01-23,95.34485626220703,95.57990763681266,90.34469717610204,90.52276541124972,511913000
2008-01-24,96.14966583251953,96.48443476705202,94.95304241647636,95.78639991252038,259949300
2008-01-25,94.76078033447266,97.41043635002029,94.44738939290595,97.23236812783792,269603900
2008-01-28,96.32774353027344,96.52717897470828,94.0627111707398,94.9174360566629,217934600
2008-01-29,96.80497741699219,97.18959986170476,96.0713374649453,96.9403109579671,168968300
2008-01-30,96.09269714355469,98.67823923907757,95.87189438093823,96.56991847175543,334939200
2008-01-31,97.84486389160156,98.67822136166785,94.87468905159656,95.01714136924276,343680800
2008-02-01,99.41900634765625,99.44037365522334,97.95172659649334,98.25087977084935,206843600
2008-02-04,98.1654052734375,99.21956557438024,98.0371905664976,99.15546365511842,124694300
2008-02-05,95.5371322631836,97.04714677548456,95.20948206811293,96.8263439969973,286882500
2008-02-06,94.76789093017578,96.33488879605805,94.31203680794785,95.85766736094597,250792900
2008-02-07,95.39463806152344,96.0071927650526,93.8276409429462,93.8775052281752,297368100
2008-02-08,94.78214263916016,95.60125197658714,94.09123718338124,94.79638026928554,221643500
2008-02-11,95.26646423339844,95.60835205253701,94.04847325436667,94.80349137140699,188576300
2008-02-12,96.14966583251953,97.08985985302478,95.43026367309565,96.09268273000171,256654400
2008-02-13,97.13261413574219,97.62408398463556,96.25652185247272,96.87619555668554,181967800
2008-02-14,96.27786254882812,97.58132239303242,96.00719554896935,97.54570659803815,215207200
2008-02-15,96.25652313232422,96.31350624714088,95.38043083740601,95.80066908220878,154110300
2008-02-19,96.52717590332031,97.50298578742847,95.87900529532287,97.38190076204701,145190000
2008-02-20,96.81209564208984,97.26083088187417,95.27358413575894,95.43741466774182,220085700
2008-02-21,96.00720977783203,97.5884556678785,95.49438355388645,97.33916680280188,201051200
2008-02-22,96.59842681884766,96.76225737651099,94.63255794266433,96.13545387899472,205491000
2008-02-25,97.81640625,98.04432785089936,96.00010878314103,96.54143209514308,190107000
2008-02-26,98.5500717163086,98.97031008834522,97.22524378385764,97.40331199591598,212420700
2008-02-27,98.45034790039062,99.1056375762731,97.87340866773435,97.98024524103349,168395800
2008-02-28,97.4887466430664,98.26513203195844,97.26082506414214,97.75229489385724,170831100
2008-02-29,95.31631469726562,96.64113116265638,94.57554518351536,96.58415892475212,252715200
2008-03-03,95.08837890625,95.30918164266629,94.19091946740498,94.83196037109201,189483500
2008-03-04,94.72513580322266,95.0171593055772,93.3005906210196,94.18380167819846,282513100
2008-03-05,95.323486328125,95.99302461285811,94.26219576313079,95.03145182207379,270681400
2008-03-06,93.3504638671875,94.88897559898108,92.98720868124437,94.7180262281975,247911700
2008-03-07,92.3888931274414,93.83480578307035,91.5840215296629,92.43162774884232,326434600
2008-03-10,91.17088317871094,92.54556393480016,90.87884883510924,92.48146201598502,235683600
2008-03-11,94.4473648071289,94.53283405363281,91.8475629189725,93.10828864699991,341440600
2008-03-12,93.56414031982422,95.28072009879175,93.42168795653309,94.54708010284472,229161100
2008-03-13,93.77067565917969,94.47582938727851,91.59825310423594,92.31764445789246,351504200
2008-03-14,92.31765747070312,94.59692774910727,91.01419723295528,94.56844162556008,484687800
2008-03-17,91.38455200195312,92.06832742643715,89.79618214311517,90.15231834665481,405311100
2008-03-18,95.18102264404297,95.22375727529668,92.581220269092,93.03707444983323,334416600
2008-03-19,92.82340240478516,95.90753426033974,92.62395600917857,95.54427902191354,345971600
2008-03-20,94.54273223876953,95.13684671320348,92.52417383727884,93.08966115779253,245320700
2008-03-24,96.43245697021484,97.21267537875785,95.37307734566893,95.42317760380912,208977300
2008-03-25,96.5254898071289,97.02654687227064,95.75242565424244,96.53264386440777,192947200
2008-03-26,95.34439086914062,96.69725006341748,95.27997160327556,96.24630428013992,196934300
2008-03-27,95.04374694824219,96.23197536701875,94.74311281618202,96.0601797534611,225153200
2008-03-28,94.13470458984375,95.45893685596857,93.81259728577183,95.19409477163316,180896100
2008-03-31,94.4639892578125,95.00799253329693,93.83408268034874,93.97724028734724,166692100
2008-04-01,97.78527069091797,97.94990135027437,95.56629012857688,95.63787437467401,254547300
2008-04-02,97.84970092773438,98.54402668826292,97.33432488028589,98.10023489493594,210910800
2008-04-03,98.09309387207031,98.37942003625801,97.14109077754706,97.32004053432948,175884800
2008-04-04,97.98571014404297,98.75162020314426,97.43454193754549,98.15034083140868,204446800
2008-04-07,98.03584289550781,99.18827980526825,97.87836623040565,98.68721173145583,154245500
2008-04-08,97.93560791015625,98.007181244753,97.31285545804228,97.48465112107787,148937300
2008-04-09,97.22696685791016,97.92129267154549,96.55411413770895,97.78528913164637,195610600
2008-04-10,97.36297607421875,97.82824102204972,96.56127382444782,96.9334923360477,192967800
2008-04-11,95.4732666015625,96.71874977332092,95.20841356529225,96.26780386592309,222973300
2008-04-14,95.15116882324219,95.58780670976797,94.87917259320612,95.33728357888667,160522000
2008-04-15,95.37303924560547,95.6951465319738,94.72165969440563,95.6164082244417,172389200
2008-04-16,97.95707702636719,98.00002320982674,96.28926439460481,96.30357250760889,189268900
2008-04-17,98.1002426147461,98.24340021203092,97.10528256861342,97.36297061261592,179665700
2008-04-18,99.12386322021484,99.89692761277647,98.96638653345813,99.45313563495023,218530600
2008-04-21,99.17394256591797,99.48173085889812,98.67288550628474,98.94488166881436,118587400
2008-04-22,98.73728942871094,99.00213149284292,97.9928525511496,98.9162391309024,162166000
2008-04-23,98.57981872558594,99.33856376079892,98.15033504569526,98.84466080559176,193309000
2008-04-24,99.00930786132812,100.02574097604075,98.09307523225796,98.8375121954604,229381300
2008-04-25,99.92552947998047,100.13310635244116,98.7158276075124,99.78236096410494,190788100
2008-04-28,99.94699096679688,100.39078273224875,99.76804126495686,100.1259406686369,105610200
2008-04-29,99.55330657958984,100.01857146885966,99.21688024221982,99.7752024782331,125514100
2008-04-30,98.9663314819336,100.63414388412684,98.9663314819336,99.70360332243581,208395900
2008-05-01,101.01351928710938,101.01351928710938,98.97349933867608,99.05223764054544,187279500
2008-05-02,101.29270935058594,101.90829690798253,100.61270250656341,101.88682381244054,181585500
2008-05-05,100.80593872070312,101.3642608688655,100.5053045580174,100.96341531861786,118504500
2008-05-06,101.6791763305664,101.7865417337448,99.98989147984558,100.22610628905606,179339800
2008-05-07,99.86824035644531,101.67204526474734,99.58907929285893,101.5646798257609,199267300
2008-05-08,99.61058044433594,100.44090981383516,99.48173095902928,100.02574512908555,178321200
2008-05-09,99.42445373535156,99.77519909622944,99.10234644429654,99.20972282279718,152588200
2008-05-12,100.54113006591797,100.61270341095941,99.30278995999576,99.67500848977865,147865900
2008-05-13,100.55541229248047,100.84889242160004,100.01856319287178,100.78447315098049,159132200
2008-05-14,100.76300811767578,101.7865952401076,100.54111221965064,100.97774995913436,181910800
2008-05-15,102.0228271484375,102.09441141490875,100.80597107400543,100.95628274247922,166927000
2008-05-16,102.11585235595703,102.2661639771004,101.36426148357377,102.2590099215962,204236800
2008-05-19,102.39503479003906,103.28978341469472,101.85818561524566,102.22323912210439,165664400
2008-05-20,101.56471252441406,101.88681986729713,100.92765189614302,101.83671962038098,178552100
2008-05-21,99.84680938720703,101.72935338562324,99.49606393485966,101.50745743663408,252724800
2008-05-22,99.86111450195312,100.3335444630222,99.49606094415934,99.80384927131814,170820400
2008-05-23,98.5225830078125,99.96850017936282,98.43669061500472,99.5318623122117,181376400
2008-05-27,99.25269317626953,99.49606221791434,98.44383680125615,98.63710559184518,168322900
2008-05-28,99.71080017089844,100.2118572728174,98.78025931177714,99.61774280831861,181288100
2008-05-29,100.21187591552734,100.87756384858262,99.55334204160691,99.58913418173657,173927200
2008-05-30,100.46240997314453,100.74157119058859,100.16892971520323,100.54830237167265,117362000
2008-06-02,99.42445373535156,100.1116254221959,98.78023915324154,100.09015233094046,181069900
2008-06-03,98.84465789794922,99.9398292350085,98.22907046673352,99.71077928876865,271965700
2008-06-04,98.79454803466797,99.61055818518052,98.3937024761316,98.56548718852015,246637700
2008-06-05,100.77019500732422,100.8489333441062,99.00933536253049,99.19543919391185,237867100
2008-06-06,97.55619812011719,100.06865849848086,97.50609789164658,99.88970882696077,384276300
2008-06-09,97.7924575805664,98.42236420660102,96.92634689199495,97.96425327554661,228263900
2008-06-10,97.30570220947266,98.13603153770526,96.88338348850448,97.11243345223032,260234900
2008-06-11,95.87411499023438,97.53476290723543,95.86695001036979,97.32718601344483,283890100
2008-06-12,96.23918914794922,97.2556225839684,95.57350121145062,96.3465655688936,252791800
2008-06-13,97.45600891113281,97.72086191234412,96.21767996072937,96.75452909741698,244726900
2008-06-16,97.51326751708984,98.01432449290893,96.9621103048003,97.0265295755007,185832500
2008-06-17,97.04083251953125,98.15031173837562,96.89766404541615,98.11453054206794,191707700
2008-06-18,96.09598541259766,97.00505291382926,95.7094588804031,96.41093862072341,265893000
2008-06-19,96.21766662597656,96.8046268434092,95.55913308690575,96.02439790533141,304204900
2008-06-20,94.65592956542969,95.74218835623564,94.3969525784807,95.56234353132265,289275700
2008-06-23,94.5624008178711,95.12351575828728,94.46888897903926,95.02280310172172,165096400
2008-06-24,94.3753662109375,95.27459027960357,93.65598695600465,94.27465355432116,267300600
2008-06-25,94.82136535644531,95.96517558679993,94.41132494306652,94.75662386646785,287853900
2008-06-26,92.24600982666016,94.54083168084067,92.13810731624882,93.92936582708039,297775000
2008-06-27,91.74244689941406,92.69922274454538,91.38995255747103,92.28198140763308,303423400
2008-06-30,92.066162109375,92.73518505524324,91.57698398241298,92.00141512058605,258842600
2008-07-01,92.35389709472656,92.4186385825933,90.59141491651499,91.01584597278077,388622000
2008-07-02,90.771240234375,92.91499201720305,90.60578065348709,92.64881432940982,288064600
2008-07-03,90.86479187011719,91.44029746902841,89.9152114738134,91.44029746902841,239352500
2008-07-07,89.93678283691406,91.60574231809866,89.14546683511946,91.21008706141517,372427300
2008-07-08,91.53384399414062,91.64175201441097,89.34692970448582,89.91524015537509,375973700
2008-07-09,89.7713394165039,91.89350605946727,89.48358661192542,91.72085657209148,336729400
2008-07-10,90.13821411132812,90.49070837535706,88.90088103449298,89.512352244298,436475700
2008-07-11,89.08792877197266,90.56985384371333,88.11676782671047,89.18145159240628,481124600
2008-07-14,88.28221130371094,90.28208448833198,88.05201019228177,90.10943502686696,322720800
2008-07-15,87.03765869140625,88.83610608846729,86.33986022319843,87.62035938018364,502502500
2008-07-16,89.17422485351562,89.61304650558101,87.11680036664639,87.3685819321528,371642900
2008-07-17,90.06627655029297,90.82882225902462,89.26776517345765,90.0231155531974,375490600
2008-07-18,90.62738800048828,90.94391109529572,90.03030198699621,90.76406630726274,267030100
2008-07-21,90.67774200439453,91.21727635470604,90.05907551029647,91.00865574730766,222863000
2008-07-22,91.70643615722656,91.93663721473331,89.81446589893021,90.0302817915292,296904200
2008-07-23,92.20285034179688,92.90783903410207,91.75683865560389,92.00142500113824,311698400
2008-07-24,90.28929901123047,92.37550011430193,90.03751734964548,92.32513829355634,248634500
2008-07-25,90.2677230834961,90.9942922739637,90.04471175328301,90.56266576245955,219131000
2008-07-28,88.94403839111328,90.6849346310652,88.78577409867631,90.28927938840016,205201300
2008-07-29,90.84321594238281,90.91515277375994,88.94405505419859,89.18864686699497,261505600
2008-07-30,92.46182250976562,92.51218433072397,90.84321905047358,91.44030519934641,354710000
2008-07-31,91.23886108398438,92.49058478645375,91.09498195750241,91.64890698970987,277402100
2008-08-01,90.75688171386719,91.56258289823725,90.2533129852082,91.44748508122483,248690900
2008-08-04,89.91521453857422,90.74250180704664,89.74976037793675,90.6705649768378,188239600
2008-08-05,92.33951568603516,92.48338933243244,89.90082060713495,90.65616548336239,251577600
2008-08-06,92.74957275390625,93.0157505731561,91.7064803978938,92.09494589891828,209555400
2008-08-07,91.36836242675781,92.39707500022531,91.03025329242239,92.05177053644515,246312500
2008-08-08,93.06609344482422,93.46894408317935,90.9151509458519,91.05903009414182,260811700
2008-08-11,94.03005981445312,94.6055543914548,92.96537069791805,93.13802565713182,249425800
2008-08-12,93.05170440673828,94.02285974580158,92.60568183609912,93.72072179741374,213200800
2008-08-13,92.49059295654297,93.2675128660368,91.84314506282354,92.64884628858361,256393200
2008-08-14,93.18836212158203,93.72070659775173,91.90067838537172,91.9654198687717,239555300
2008-08-15,93.6415786743164,93.87897510098969,93.01572235290317,93.46892373395741,181000800
2008-08-18,92.36105346679688,93.86455268345696,91.83590996074274,93.82858154428054,172275100
2008-08-19,91.35397338867188,91.8575421786011,91.0230595779101,91.6633066991448,194673700
2008-08-20,91.77841186523438,92.04457869205672,90.88637758687256,91.64172804275039,225498200
2008-08-21,91.93666076660156,92.39706299955856,91.07340246348653,91.18131043742935,180609800
2008-08-22,93.26752471923828,93.26752471923828,91.93667955947174,92.56253605710249,167715300
2008-08-25,91.37553405761719,93.26749918084452,91.1813041087432,92.65603351060656,171936900
2008-08-26,91.64168548583984,91.98698980234046,91.0589902831976,91.37551329419509,159117200
2008-08-27,92.53374481201172,92.67761844856085,91.57696921252041,91.75681400242054,171032800
2008-08-28,93.65599822998047,93.7639007404668,92.87906722390605,93.0013603947431,167537100
2008-08-29,92.64888000488281,93.62004671045594,92.44745462514112,93.32509848409848,189195800
2008-09-02,92.07334899902344,94.03006693257663,91.73523987216942,93.54088333286724,252364900
2008-09-03,91.99420928955078,92.44022636535767,91.31080125109236,91.99420928955078,251947000
2008-09-04,89.22460174560547,91.52661849021428,89.17424542088987,91.33957836051589,340042500
2008-09-05,89.50513458251953,89.88640457743726,87.76423870574267,88.69223828181619,289503400
2008-09-08,91.35397338867188,92.25320297865775,89.50516885540674,92.10931834092318,364075300
2008-09-09,88.64187622070312,91.62010467237874,88.33973837509566,91.43306460624875,377326800
2008-09-10,89.00160217285156,89.85046991201162,88.15992976299056,89.12389532879483,298916600
2008-09-11,90.28929901123047,90.45475317951691,87.476523266075,87.85060358194004,375369400
2008-09-12,90.70651245117188,90.7928399231614,89.08071955857353,89.41163330189251,297851200
2008-09-15,86.39025115966797,90.39000350613225,86.24637750560277,87.49809585893996,483607000
2008-09-16,87.8362045288086,87.99446884051832,84.16737148484702,84.31124513816785,581744300
2008-09-17,83.88683319091797,87.65637975140208,83.44801131304229,86.06655191861857,624095600
2008-09-18,86.3758773803711,87.61321072684521,81.86537132062811,84.92273352433938,776114700
2008-09-19,89.8061752319336,92.61352058747075,89.23457549713429,91.67291231092585,501087800
2008-09-22,87.77301788330078,90.26200808925894,87.08565409791395,90.04494293587565,249966500
2008-09-23,85.77604675292969,88.28673696683465,85.58068700175373,87.44019276559595,327470400
2008-09-24,86.0510025024414,86.82519359115464,85.2261636049412,86.35488935516314,311818400
2008-09-25,87.39679718017578,88.20716767560052,85.69647150371425,86.391072419708,328253000
2008-09-26,87.44017028808594,87.91047434127579,85.74708232083644,85.9786158596106,285917400
2008-09-29,80.58824157714844,86.3476449259726,80.2915917284784,86.20293849055258,459562300
2008-09-30,83.92376708984375,84.50984078576825,79.97322221601569,82.12938319765465,328154400
2008-10-01,83.97444915771484,84.43028505392138,82.44777207082915,83.40284918260707,332783000
2008-10-02,80.92827606201172,83.28702757245227,80.35667648174143,83.17125805332155,365337800
2008-10-03,79.83572387695312,83.53302867375413,79.35818841586472,81.65905514342197,461798000
2008-10-06,75.76944732666016,77.86772378102364,72.81738964687416,77.52765758239481,610637500
2008-10-07,72.37602996826172,77.65789786879174,72.10108552222691,77.30335770393476,540012100
2008-10-08,70.55269622802734,73.93164151549361,70.04621269564844,70.559927685204,725414800
2008-10-09,65.6253662109375,72.80291896986616,65.29977397812794,72.10831815839497,534485200
2008-10-10,64.0335693359375,67.9696458728805,60.473738331600266,62.774605789563836,871026300
2008-10-13,73.3310546875,73.3310546875,65.08266644953403,67.91895815058203,455584000
2008-10-14,72.24575805664062,76.35548198333382,70.2632520399489,75.75494004653562,546268300
2008-10-15,65.13336181640625,70.76253301445125,64.90906517233785,70.516525435624,484627500
2008-10-16,67.84664154052734,68.57018472032273,62.615427441916644,66.05225754594474,708811200
2008-10-17,67.44145965576172,71.33412000634999,66.31273405288256,66.55873608625,476649000
2008-10-20,71.49330139160156,71.70312958075158,68.07817662509855,68.98984259722013,321294200
2008-10-21,69.35881805419922,71.37026629430413,68.8957510717374,70.16195105944885,356502000
2008-10-22,65.58194732666016,69.3588432600945,63.33172780341014,67.43421592964569,516168000
2008-10-23,66.34166717529297,66.89155594489772,62.08723030608329,65.32870575309087,634666400
2008-10-24,62.977149963378906,65.06095071033256,60.777579748165124,60.820990538666635,545812600
2008-10-27,60.7414436340332,64.76434719577293,60.5605578512991,62.203003849834516,397288600
2008-10-28,67.83943176269531,68.18672950867295,61.16112365011276,63.1942788686097,639939500
2008-10-29,67.34742736816406,70.30671750442882,66.6383523401958,67.84666860765945,531270100
2008-10-30,69.67720031738281,69.85084910969516,67.21715275880958,69.30095482714454,414582100
2008-10-31,70.0606918334961,71.31965549991422,68.36036635801128,68.79449118916959,411394000
2008-11-03,70.2632827758789,70.68293916975992,69.42396998811688,70.02451218761591,205419400
2008-11-04,72.6509780883789,72.97657033252018,69.97386483578549,71.67419031556157,346793400
2008-11-05,69.59761047363281,72.86802275892087,68.73659244392526,71.77547116494686,387844100
2008-11-06,65.74115753173828,69.05498781842566,65.16232057049915,68.34591281691763,477721900
2008-11-07,67.91175842285156,68.01305401913673,65.48065307161568,66.31272877269751,380391000
2008-11-10,67.02178955078125,69.12006546276967,65.78453161955179,68.88853191166582,301773000
2008-11-11,64.95246887207031,66.66726819679526,64.14210404299232,65.66878059516854,418498200
2008-11-12,62.094486236572266,64.35917479476382,61.58800813096947,63.83822825194266,454330600
2008-11-13,65.9654541015625,66.37064218170727,59.39567834135453,62.31879450144969,753141900
2008-11-14,62.67332077026367,66.60939245152709,62.600962026256745,64.69200717968052,540352300
2008-11-17,61.84123992919922,64.07698583048223,61.61694329734404,62.49966138924369,415254900
2008-11-18,63.00612258911133,63.10741816239006,59.98894975603451,61.60968444868904,523811800
2008-11-19,58.968772888183594,62.85420199704394,58.54911649247568,62.15960116287053,558327600
2008-11-20,54.59134292602539,59.69956267242746,54.30193000548843,57.97752598616542,814180400
2008-11-21,57.536128997802734,58.534621733051374,53.7881765537776,56.04563238978077,718536500
2008-11-24,61.52288055419922,62.94102463618774,58.14393496251345,59.27266064568462,523305300
2008-11-25,61.97867965698242,63.3172327493421,60.647358018172035,63.165289421903886,454112400
2008-11-26,64.37364959716797,64.5328300096461,60.95128728948017,60.994703642099836,370134200
2008-11-28,65.1839828491211,65.21292523004766,64.01908375794676,64.12761078617795,118308100
2008-12-01,59.410125732421875,63.34620205231271,59.229239953312124,63.317259665231646,369927100
2008-12-02,61.69657516479492,61.855755678267606,59.35953186666687,60.39419968403838,469508400
2008-12-03,63.1798095703125,63.54881825057024,60.15539793256821,60.343520762530716,519863500
2008-12-04,61.71824264526367,63.70798662184349,60.58951139936078,62.26813155152205,444173800
2008-12-05,63.62117004394531,63.975704756828925,59.50420641812053,60.52440524034623,471905300
2008-12-08,65.84242248535156,66.84090998192487,63.72967794583342,65.36488138686272,412859300
2008-12-09,64.75711822509766,66.66003490745821,64.38087817938028,65.38660281410964,370790000
2008-12-10,65.1984634399414,66.1028922352794,64.39533022806563,65.35040681513475,396187400
2008-12-11,63.62839126586914,65.84243170850543,63.215971859491866,64.78605929077058,365061000
2008-12-12,64.3880844116211,64.44596917142208,61.64585601823838,61.89910046231901,415060400
2008-12-15,63.490936279296875,64.50389819007175,62.43456352898251,64.40983401080514,256694200
2008-12-16,66.47913360595703,66.58042919158402,63.80202652262312,66.47913360595703,377699500
2008-12-17,65.83521270751953,66.87711697452772,65.16231712177643,65.7266800930065,281819800
2008-12-18,64.60514831542969,66.32717848645463,63.823720633037425,66.13182432595379,374673300
2008-12-19,64.32725524902344,66.09973790645509,64.25430913303275,64.99102149748158,301451300
2008-12-22,63.50301742553711,64.67737878185889,62.357833405615565,64.61173394871429,243759500
2008-12-23,62.84654235839844,64.13760740336913,62.58395191450483,63.84583962515317,221625200
2008-12-24,63.21123504638672,63.364411839915185,62.72981749672057,63.058052687852125,62061600
2008-12-26,63.57598876953125,63.67810670493813,63.094570875461606,63.634337900470825,74767700
2008-12-29,63.39360809326172,63.69996177178095,62.43806843167873,63.63431137495095,127795900
2008-12-30,64.89620971679688,64.95456439291938,63.37172580189373,63.831261920098164,168256300
2008-12-31,65.82254028320312,66.35501675157776,64.82324328715265,64.97642007709456,193987200
2009-01-02,67.80656433105469,68.15668673662253,65.53807833135285,65.96843700559234,227566300
2009-01-05,67.72635650634766,68.31718796607004,67.02611696612963,67.56588390160847,240349700
2009-01-06,68.17858123779297,68.89340650205018,67.60234136517293,68.30258074373441,328260900
2009-01-07,66.1362075805664,67.29598296997754,65.79338085813036,67.10633307916042,280899200
2009-01-08,66.40608215332031,66.4425496411428,65.40677949487444,65.76419760457793,263834400
2009-01-09,64.9837417602539,66.61034371589726,62.26302014066889,66.49363991861374,330953600
2009-01-12,63.42277526855469,64.85243679473568,63.02889517614576,64.80137228700808,277858500
2009-01-13,63.53948974609375,64.10113816147478,62.87571787199924,63.2623134010367,356432300
2009-01-14,61.5408935546875,62.54748667207124,60.65829994991465,62.39430982149164,435491600
2009-01-15,61.56277084350586,62.182773928027146,59.60793385695114,61.35853505707605,532647300
2009-01-16,62.044158935546875,62.72251642908766,60.57803593741489,62.62769429784209,399237200
2009-01-20,58.76911163330078,62.04419152269669,58.38981734409807,61.43877980521978,419855200
2009-01-21,61.307491302490234,61.446076726190384,58.69617752317807,59.768421232644805,364360700
2009-01-22,60.359230041503906,61.30017822294277,59.20675035586491,60.118521202413305,427940300
2009-01-23,60.62184143066406,61.26372632495294,58.76912176270557,59.00983068494248,386800600
2009-01-26,61.03757095336914,62.26299085603262,60.40297661564849,60.97192057670545,317978800
2009-01-27,61.65757751464844,62.10981776022666,60.760398311896566,61.36580979379172,273789700
2009-01-28,63.74374771118164,64.15221942811938,62.780917546249995,63.02162647873535,330007000
2009-01-29,61.67219924926758,63.816681085976754,61.613844563436395,62.81008779792997,294392500
2009-01-30,60.41756820678711,62.292168332598635,59.96532798703655,61.98581474744798,383383600
2009-02-02,60.2352294921875,60.67287837790181,59.30886721183484,59.49851710281379,288233300
2009-02-03,61.081363677978516,61.533604115181916,59.972652546943074,60.614537352804774,278385800
2009-02-04,60.782264709472656,62.270274705038744,60.57073330390147,61.489799446899205,322989300
2009-02-05,61.68675231933594,62.211933082389095,56.69754620034328,60.322741480017655,417679400
2009-02-06,63.444671630859375,63.707256542157985,61.76701087278909,61.89830611094249,366101700
2009-02-09,63.532169342041016,63.99899540764684,62.96322542239677,63.43005148800259,240075200
2009-02-10,60.62184143066406,63.48115445750933,60.14042358619026,62.926796033117846,536212800
2009-02-11,60.97923278808594,61.307473630146575,60.10393500593939,60.869819174065725,324442500
2009-02-12,61.023006439208984,61.139710222465304,59.11922832445905,59.93617150227737,469302200
2009-02-13,60.36653518676758,61.44606892113949,60.35194373454152,60.94277511951019,293998400
2009-02-17,57.78439712524414,60.51241427340779,57.747924060920425,58.47005066647033,478910100
2009-02-18,57.64579772949219,58.30956956106656,57.09873523468111,58.20015594910285,362964800
2009-02-19,57.02581024169922,58.46276234388915,56.90910087309076,58.23663933346251,316867500
2009-02-20,56.4714469909668,57.142509107450046,55.26790816498603,55.968153186108616,477176600
2009-02-23,54.45096969604492,57.09145516686536,54.407200900251624,57.09145516686536,379641400
2009-02-24,56.515193939208984,56.85801502609802,54.487411356190044,54.91776999314588,426260900
2009-02-25,56.07026672363281,57.200859329942865,55.16578596057508,56.267206794535724,461985800
2009-02-26,55.158504486083984,58.11263940487889,55.09285407543932,56.763219338391664,363353900
2009-02-27,53.92576217651367,55.20953677730826,53.83823019293463,53.984116832233035,470510900
2009-03-02,51.496803283691406,53.91846581742288,51.329040606734544,52.89728161440224,426452600
2009-03-03,51.11022186279297,52.2991689388708,50.79657249652608,52.23352411488818,443761000
2009-03-04,52.32107925415039,53.15261411577135,51.11024446950362,51.95637078624612,462753100
2009-03-05,50.18388748168945,52.32107932927761,49.7243512498641,51.132126160596364,485549400
2009-03-06,50.27139663696289,51.387403275552145,48.94385849174445,50.621519094661316,490470000
2009-03-09,49.680564880371094,51.05916180387516,49.40338857683829,49.56385555361602,379905300
2009-03-10,52.641990661621094,52.78787730947145,50.599627676775484,50.70174554776743,406227900
2009-03-11,52.984825134277344,53.79447806286478,52.39399942720283,53.247415574089885,356648300
2009-03-12,55.07095718383789,55.253311346698275,52.49611729465036,52.97023923108886,409702700
2009-03-13,55.501312255859375,56.15049821789381,54.5093106954087,55.442963151132346,337474700
2009-03-16,55.33354187011719,56.87261128983097,55.29706881533452,56.13589899027438,360644900
2009-03-17,57.02581024169922,57.15710549887923,55.03449976863709,55.48674022448137,356814300
2009-03-18,58.30229187011719,59.009827139326255,56.21615913276209,56.75592606973232,473273200
2009-03-19,57.58015441894531,59.08275099682762,57.397800249202014,59.0316920518998,428520400
2009-03-20,56.35403823852539,57.97024399491636,56.22180327304648,57.86004725621078,371078200
2009-03-23,60.40190505981445,60.453329468209176,57.529469320628536,57.84536371643619,419933300
2009-03-24,59.21175765991211,60.50472071133036,59.14564300171927,59.681925023184725,330271000
2009-03-25,59.83622360229492,60.75452049984297,58.08044038257021,59.67460805639161,441775100
2009-03-26,61.05574035644531,61.195323314505664,59.740738186626714,60.423951479217585,422025200
2009-03-27,59.953765869140625,60.62963101322186,59.73337238071276,60.27700815754436,322332300
2009-03-30,57.88209915161133,58.67550913184538,57.27234857764404,58.6240847222843,324108500
2009-03-31,58.418357849121094,59.56439589194753,58.07308301306823,58.44774401481798,364238300
2009-04-01,59.549720764160156,59.81419074278144,57.544163298595365,57.69108857345609,377018300
2009-04-02,61.29080581665039,62.157678276240084,59.601137353179865,61.03368381694989,476230700
2009-04-03,61.90052795410156,61.91521823100328,60.732451968713626,61.334854208743906,284646300
2009-04-06,61.41569137573242,61.915245079564215,60.45331808350728,61.22468406416285,264866600
2009-04-07,59.983131408691406,60.717768644303455,59.8802826440927,60.42391262909118,258947800
2009-04-08,60.629634857177734,60.930838936803056,59.902345266997955,60.28435431900806,230402800
2009-04-09,63.039249420166016,63.04659736537644,61.951988932302605,62.20176302105718,269653500
2009-04-13,63.05392837524414,63.57552024829278,62.135631639981376,62.38540566165038,224847500
2009-04-14,61.966678619384766,63.00252029529059,61.76832893933893,62.46623239690901,276598800
2009-04-15,62.627830505371094,62.75271750256675,61.423025768669454,61.59198921079586,250726100
2009-04-16,63.546146392822266,64.02366190864953,62.27522099883641,63.12740322460071,335202900
2009-04-17,63.97225570678711,64.39099899414751,63.281694438043544,63.78859627189498,262649000
2009-04-20,61.29080581665039,63.95019553959081,61.224685528247846,62.840891363923824,293690100
2009-04-21,62.48822784423828,62.53965221532635,60.79121799349609,60.84264236458416,114090900
2009-04-22,62.10622787475586,63.42857143595967,61.7609475033543,61.922568579741146,340395200
2009-04-23,62.71600341796875,62.75273192890866,61.43773017273413,62.231139992913036,324903700
2009-04-24,63.663673400878906,64.141183179204,62.95107429744385,63.20084829811618,287703000
2009-04-27,63.06127166748047,63.92080168436455,62.840883810586995,62.943732598104994,289581600
2009-04-28,62.862937927246094,63.612265797852146,62.267883276916585,62.42215649719313,247926300
2009-04-29,64.19998168945312,64.91258108346645,63.39922936741526,63.560844937073696,311505700
2009-04-30,64.22203826904297,65.39745768551143,63.85471935109396,65.05218261070654,301419800
2009-05-01,64.56729888916016,64.80238269941889,63.707774233355465,64.23671420764764,236110300
2009-05-04,66.76384735107422,66.80792940798659,64.92725378349014,65.05214640576332,287120000
2009-05-05,66.53614044189453,66.80061047888502,65.9998524210968,66.53614044189453,243036300
2009-05-06,67.68949127197266,67.7335677235211,66.56549691877778,67.3515587321443,291941000
2009-05-07,66.7491683959961,68.43148906197356,66.32307727084762,68.32864025312251,317728000
2009-05-08,68.30659484863281,68.48290627316688,67.17525246526425,67.60868588491864,299081700
2009-05-11,67.02833557128906,67.6674723250285,66.88141028770865,67.36626820739626,247923600
2009-05-12,66.82997131347656,67.46175998389694,66.00717533215632,67.31482912749739,282431300
2009-05-13,65.14765930175781,66.12472860557025,65.01542431624306,65.9263733248782,269619100
2009-05-14,65.7059326171875,66.20548598270555,65.01537206945615,65.17699310018777,260098700
2009-05-15,65.16968536376953,66.11736831553958,64.75829019891013,65.65454875507275,271502700
2009-05-18,67.02096557617188,67.10177052541098,65.06682760279894,65.7867746468937,241447400
2009-05-19,66.94017791748047,67.56461873587571,66.71243645771568,66.98425437847499,206102200
2009-05-20,66.4920425415039,68.17436311051841,66.41857991153582,67.54991674369113,285722200
2009-05-21,65.53701782226562,65.97045690887026,64.83911436338214,65.72067721721811,258988400
2009-05-22,65.39743041992188,66.11737766507093,65.14765635017682,65.72067272649977,166811900
2009-05-26,67.07243347167969,67.26343526444929,64.88321035862019,64.9125965432405,236318500
2009-05-27,65.87494659423828,67.40299401628116,65.77209778745075,67.17525817337155,246015800
2009-05-28,66.79326629638672,67.10181282198423,65.45622574728937,66.45533358670734,289095000
2009-05-29,67.97602081298828,68.83554551776088,66.61694228235082,67.16057257363771,258641500
2009-06-01,69.62161254882812,69.91546875058118,68.6372007185224,68.81351219763788,276246800
2009-06-02,69.68036651611328,70.06238115900133,69.22489484822904,69.34978187943346,230874500
2009-06-03,68.79879760742188,69.15142044109328,68.14497073201888,69.08530576159447,235310500
2009-06-04,69.4453125,69.54816134681576,68.54171111656994,69.05595535064869,210102300
2009-06-05,69.45999145507812,70.28278202893974,68.90901322229276,70.15054702887763,284257900
2009-06-08,69.17346954345703,69.86402498070014,68.3506735274618,68.93838016331041,238565100
2009-06-09,69.52609252929688,69.89341127917898,69.07061526170092,69.56282664622081,225125500
2009-06-10,69.34980010986328,70.15055251379704,68.46088916404838,70.14321017227093,296100400
2009-06-11,69.65834045410156,70.6060236775683,69.4673330992964,69.48202899073391,275414200
2009-06-12,69.84935760498047,69.89343407579383,69.0559475012931,69.34980371801151,184361800
2009-06-15,68.24783325195312,69.07062376589646,67.88051445684556,69.02654730403235,224190500
2009-06-16,67.32219696044922,68.534350260865,67.27812049292743,68.4902737933432,227319000
2009-06-17,67.25608825683594,67.82910480508178,66.72714818004248,67.2928167814325,223445200
2009-06-18,67.74828338623047,68.07886807901842,67.03568398571743,67.35892633766322,211725100
2009-06-19,67.99797821044922,68.48557485761478,67.61380568941033,68.39692399622068,215655600
2009-06-22,65.95891571044922,67.37000186947967,65.93675299783594,67.33306025745846,251913600
2009-06-23,66.0106430053711,66.40219936587378,65.64124936165162,66.09929950900366,188309800
2009-06-24,66.57951354980469,67.2887486819005,66.1953409971071,66.60906571820449,211577700
2009-06-25,68.02755737304688,68.09404554547818,66.17319908749674,66.24707671347649,279411000
2009-06-26,67.85025787353516,68.14577407304412,67.42914912109825,67.79854296135879,167579000
2009-06-29,68.48560333251953,68.57425986727452,67.67293815835457,68.04972138543621,168481300
2009-06-30,67.93148803710938,68.75154236757037,67.42911246202065,68.50035739827582,228888200
2009-07-01,68.2122573852539,68.87716732257533,68.12360084811044,68.2196412026395,173041100
2009-07-02,66.35049438476562,68.23440450352949,66.31355839678038,67.32569352428443,212309900
2009-07-06,66.3431167602539,66.43915710177872,65.50089949918686,65.70775908801019,174499600
2009-07-07,65.0576171875,66.35788460065632,65.01329174680737,66.27661753505275,197088900
2009-07-08,65.01327514648438,65.60430717514298,64.27448792891069,65.44915689933325,248050500
2009-07-09,65.1388931274414,65.67821048751276,64.94681243393774,65.46396143414202,163777600
2009-07-10,64.98372650146484,65.375282846149,64.53306582341341,64.79164023627092,173520300
2009-07-13,66.56476593017578,66.61648084005446,64.71040735623629,65.24233536441832,217413500
2009-07-14,66.9415283203125,67.00063266644592,66.29139742234685,66.77160473430406,181487400
2009-07-15,68.89928436279297,69.08398113199888,66.99321235182842,67.82803971949983,220877900
2009-07-16,68.7884750366211,69.8227782197686,68.57422607724419,68.70720799559886,231174500
2009-07-17,69.54206085205078,69.68243227166039,69.1061789607381,69.49034595585265,138561700
2009-07-20,70.28080749511719,70.39901612436024,69.58635152605606,69.948355589242,164179400
2009-07-21,70.60591125488281,70.84971244847702,69.75630462164577,70.8275497284231,217718300
2009-07-22,70.59109497070312,71.01958711580197,70.10349288064629,70.1552077414253,196068100
2009-07-23,72.14997863769531,72.46026798626139,70.5763579021809,70.6354622456698,258795500
2009-07-24,72.44550323486328,72.50460758989863,71.43336792826541,71.81014550948724,154003100
2009-07-27,72.65973663330078,72.6966782563608,71.91355981219094,72.31250566793777,159259400
2009-07-28,72.31988525390625,72.67450562280368,71.7066904683646,72.14996733861129,186685200
2009-07-29,72.14258575439453,72.46764835512201,71.64759958334348,71.98744108749048,194399300
2009-07-30,72.89613342285156,73.75312930096374,72.84441854306887,73.01434208321152,225575400
2009-07-31,72.99956512451172,73.48716740672005,72.68188638696671,72.88136209750623,207358000
2009-08-03,74.20378112792969,74.2702692640988,73.36894806381635,73.76789379032654,175776900
2009-08-04,74.39588928222656,74.4993190678026,73.71620622372672,73.87135090209078,176714600
2009-08-05,74.18165588378906,74.51410800554766,73.56846090352188,74.44761419929513,184726400
2009-08-06,73.79749298095703,74.63232094058414,73.45026190679732,74.52150730968387,193203800
2009-08-07,74.76526641845703,75.37846118029431,74.16685055785642,74.57318579437494,220640900
2009-08-10,74.61014556884766,74.78006916826477,74.07821768467369,74.42544869998176,130898700
2009-08-11,73.67927551269531,74.32940644523869,73.47979974301089,74.27769154874662,157301000
2009-08-12,74.46977996826172,75.03125439274262,73.51674344614128,73.55367943810649,219052400
2009-08-13,75.03862762451172,75.06817979359623,74.07081804211842,74.8096053597316,176449500
2009-08-14,74.46237182617188,75.06078772892445,73.65709074702977,75.00168339281316,199616100
2009-08-17,72.63017272949219,73.10299611847896,72.4824175341211,73.02911852079342,237667500
2009-08-18,73.2064208984375,73.46500092748116,72.65971994898614,72.7927018703661,173461500
2009-08-19,73.84918212890625,74.10037275650294,72.55630427867365,72.63018188567263,192812800
2009-08-20,74.61014556884766,74.78006916826477,73.78270720368916,73.9452357136302,174131300
2009-08-21,76.07292938232422,76.1911324196543,75.07556765200881,75.22332285779636,224605000
2009-08-24,76.0655517578125,76.79694972222877,75.79219838445458,76.38323057249846,191279000
2009-08-25,76.21328735351562,77.02595211525033,76.05075327386892,76.36843198322417,215310600
2009-08-26,76.22071838378906,76.56794947149915,75.71834257026215,75.97691711329021,194620700
2009-08-27,76.39061737060547,76.62702911030848,75.31198845592918,76.17636835079641,196230100
2009-08-28,76.37582397460938,77.09244850987584,75.85128570281111,77.00379764712083,147024400
2009-08-31,75.6961441040039,75.78480060682762,75.20115797869573,75.62965595426085,176051600
2009-09-01,74.02648162841797,76.27239558827469,73.87133697929458,75.31935934094572,321276800
2009-09-02,73.7457275390625,74.20377756673926,73.5610307654587,73.7161753789061,171805000
2009-09-03,74.35896301269531,74.44761390534687,73.57584442976494,74.17426613766949,143572300
2009-09-04,75.40062713623047,75.42278985253866,74.28506241438802,74.50669521396951,142687900
2009-09-08,76.05078125,76.13204831971835,75.64444590140823,76.09510669293697,132909100
2009-09-09,76.63440704345703,76.89298146418746,75.94733464751639,76.18374635168415,154612500
2009-09-10,77.41751098632812,77.46922586461564,76.25761531345219,76.68611324011948,162902400
2009-09-11,77.40275573730469,77.79431780569826,77.04075147867742,77.56528987201509,152360100
2009-09-14,77.77957916259766,77.91256119287921,76.20596316801885,76.74527510890812,149593800
2009-09-15,78.1046142578125,78.3927409276721,77.3953789445811,77.90513847929356,196795900
2009-09-16,79.28665161132812,79.30142487704477,78.11198252761491,78.38533021712065,206406300
2009-09-17,79.16844940185547,79.83335345953418,78.7325619659219,79.17583321654097,229170900
2009-09-18,79.21894073486328,79.5455573665186,78.95170997502684,79.53813271670413,153799100
2009-09-21,79.01850128173828,79.4267720012895,78.43208430397921,78.60281157699337,151892000
2009-09-22,79.47874450683594,79.7014386879314,79.1298595993489,79.48616915643198,143126700
2009-09-23,78.81805419921875,80.1913192169496,78.67701424177196,79.66428261720837,225947400
2009-09-24,77.94956970214844,79.15952667705433,77.60810955579487,78.98879943555076,228636800
2009-09-25,77.53388214111328,78.20938351734532,77.26665144978489,77.77884455205547,204059000
2009-09-28,78.92203521728516,79.09276822225233,77.81600000081005,77.83084364050949,118285800
2009-09-29,78.68448638916016,79.44163650216343,78.52117805844304,79.06306427733627,133733900
2009-09-30,78.38011932373047,79.02592784209484,77.66008697154884,78.95169834492997,254383000
2009-10-01,76.435302734375,78.48407030094158,76.42045343260355,76.45757102368292,281840600
2009-10-02,76.07894897460938,76.53175613898362,75.7077959325548,75.73006420894272,224748800
2009-10-05,77.21469116210938,77.43738529532163,76.16061768004508,76.38331181325734,149875000
2009-10-06,78.32074737548828,78.76613006874842,77.7269000089093,77.77143657923085,202491100
2009-10-07,78.5360336303711,78.61768780224956,77.99414736820933,78.14260640979778,159200300
2009-10-08,79.13727569580078,79.5529654146798,78.57312131778806,79.09273912973451,183305800
2009-10-09,79.6197509765625,79.6197509765625,78.95167437818623,79.15951917249309,135008300
2009-10-12,79.93154907226562,80.23589173492816,79.63462539559254,79.99093494026985,118031000
2009-10-13,79.76823425292969,79.95381082777737,79.2486221086952,79.71627303850624,157692700
2009-10-14,81.14152526855469,81.22317944021097,79.73856637496851,80.70356713271588,191421600
2009-10-15,81.43844604492188,81.43844604492188,80.71098884095277,80.74810076822104,173873600
2009-10-16,80.82974243164062,81.11181682130606,80.33982315871135,80.76293757488367,192069400
2009-10-19,81.49779510498047,81.75017648443936,80.71095237684789,80.96333375630677,159530400
2009-10-20,81.0672607421875,81.6462586814782,80.67383935591803,81.61656575339316,180921100
2009-10-21,80.33979797363281,81.88379047815674,80.28041212178859,80.94106414935254,225379300
2009-10-22,81.15636444091797,81.41617056223707,79.79794229657263,80.31013555242221,238444000
2009-10-23,80.22846221923828,81.47553696691261,79.89442100306727,81.42357575506566,240033200
2009-10-26,79.35997772216797,81.1415085016477,79.13728354305889,80.31754796763163,242028200
2009-10-27,78.99626159667969,79.71629985544864,78.80326597152373,79.44906904470244,253266300
2009-10-28,77.50421142578125,79.04078539735349,77.45966919215067,78.79582293410401,248821400
2009-10-29,79.16695404052734,79.32283765638427,77.89761117139535,78.08318771360786,198110600
2009-10-30,76.87325286865234,79.14471441887609,76.78417972067994,78.90717658536856,325608100
2009-11-02,77.43738555908203,78.24650229338525,76.5169274211405,77.29634556334406,254222900
2009-11-03,77.68234252929688,77.79368958847834,76.85838222003939,77.00684119005022,228362600
2009-11-04,77.88277435302734,78.92942893718183,77.6823541472039,78.320738007749,247996700
2009-11-05,79.31543731689453,79.33770560264918,78.2687882429879,78.43209655631975,180015300
2009-11-06,79.52323913574219,79.72366492568962,78.72155296598831,78.87743654520004,170954100
2009-11-09,81.33450317382812,81.3790397407119,80.07258469644006,80.13196489783586,159495700
2009-11-10,81.34935760498047,81.60174473196342,80.88913125050627,81.1415127141407,171899800
2009-11-11,81.7650375366211,82.26238138296148,81.37161611598324,81.88380359598938,169466200
2009-11-12,80.93365478515625,82.07680716396543,80.7258099277996,81.65369280053294,157144500
2009-11-13,81.37163543701172,81.72051471279596,80.72582678393466,81.141516585447,150963000
2009-11-16,82.5519027709961,82.9082123724487,81.89125045838617,81.93578703481188,210922200
2009-11-17,82.64839935302734,82.68551694173291,82.02486463888582,82.33663199595658,147134100
2009-11-18,82.59644317626953,82.71521493670919,82.07683088271914,82.58902418875398,156486800
2009-11-19,81.52005004882812,82.62608447575104,81.00785706290972,82.03224303474654,208734600
2009-11-20,81.23058319091797,81.47554564285882,80.9188158866376,81.09696782289096,134196000
2009-11-23,82.26235961914062,82.94527985403633,82.09905137528601,82.18813014375561,148010200
2009-11-24,82.3885726928711,82.544456332564,81.66111570763755,82.39599734143195,138420100
2009-11-25,82.67807006835938,82.76714885930001,82.26238037066454,82.52218643172382,109564800
2009-11-27,81.33450317382812,81.89123291326658,80.38435199132213,80.4660061395076,126001800
2009-11-30,81.6091537475586,81.80214930159457,80.25815655256963,81.26769354040177,160874800
2009-12-01,82.61869812011719,82.88592885627325,82.19558373176142,82.33661808564804,159613700
2009-12-02,82.58155059814453,83.14570479920354,82.33658823492006,82.60381887419297,132315100
2009-12-03,81.93576049804688,83.27191399156415,81.86895565504459,82.80426310050669,167324900
2009-12-04,82.40343475341797,83.42039089321807,81.68339664187147,83.0195447590577,274907800
2009-12-07,82.2772216796875,82.78941480226793,82.01741562596816,82.32918855377858,127973800
2009-12-08,81.36421966552734,82.22529230024492,81.11183249896138,81.6834117017626,169863700
2009-12-09,81.6685562133789,81.78732796826016,80.92624973541807,81.34194521415344,155063400
2009-12-10,82.1287612915039,82.4850707757609,81.9877212947474,82.17329785328087,138014600
2009-12-11,82.47763061523438,82.66320713886448,82.10647756797415,82.47763061523438,124854000
2009-12-14,83.04180908203125,83.13830686369286,82.4924983340715,83.04180908203125,107141500
2009-12-15,82.65579986572266,83.07891420200046,82.3959938107007,82.73745400635059,120408800
2009-12-16,82.78199005126953,83.23479731433835,82.59641348979369,82.98984055733413,155358200
2009-12-17,81.78730010986328,82.34402977870062,81.71307062002106,82.18814615102781,183390100
2009-12-18,82.25003051757812,82.31720073005798,81.55596868909163,82.24256589533849,174591200
2009-12-21,83.08585357666016,83.3619818406062,82.66046140560124,82.66046140560124,118039600
2009-12-22,83.3843994140625,83.5635104597066,83.16050633662924,83.2649882544081,91707500
2009-12-23,83.5485610961914,83.6679722270871,83.21272725476045,83.58587849805534,111783100
2009-12-24,83.94412994384766,84.03368262351685,83.58590214365766,83.72770147825086,39677500
2009-12-28,84.12325286865234,84.32475212018173,83.8247306086723,84.25758760095144,87508500
2009-12-29,84.00384521484375,84.35460845801262,83.99638628606394,84.33968490661424,80572500
2009-12-30,83.97395324707031,84.07097621433735,83.71274851565157,83.75753053663486,73138400
2009-12-31,83.1679458618164,84.18291763726326,83.13062846222549,84.16052378120725,90637900
2010-01-04,84.5784683227539,84.62324465317812,83.22019792613303,83.86201856678387,118944600
2010-01-05,84.80236053466797,84.8396779413871,84.22024543040534,84.52623222275905,111579900
2010-01-06,84.86207580566406,85.07103964196251,84.65311196936561,84.72027647653118,116074400
2010-01-07,85.22029113769531,85.32477304057522,84.46652395791597,84.70534054933243,131091100
2010-01-08,85.5038833618164,85.54120076704136,84.82475099864786,84.99639739747477,126402800
2010-01-11,85.62329864501953,85.92181512591176,85.2576062764038,85.88450341271869,106375700
2010-01-12,84.82477569580078,85.23523880360055,84.49640065449034,85.05612773281226,163333500
2010-01-13,85.54121398925781,85.7800306156365,84.60833565280392,85.04118687360202,161822000
2010-01-14,85.77257537841797,85.92929827282762,85.39195938122988,85.4442003460331,115718800
2010-01-15,84.80982971191406,85.70539058292641,84.48145473541886,85.62330253263977,212283100
2010-01-19,85.86958312988281,85.92182408887219,84.7725172972687,84.79491116012485,139172700
2010-01-20,84.99638366699219,85.41431120758307,84.31725141353199,85.28744116045165,216490200
2010-01-21,83.36197662353516,85.27997358267294,83.2574947420129,85.0187688788673,344859600
2010-01-22,81.50370788574219,83.39185259032735,81.41414952217748,82.9888484950418,345942400
2010-01-25,81.92164611816406,82.39928509175049,81.65298238041358,82.25002113318041,186937500
2010-01-26,81.57836151123047,82.44407553753611,81.37686224998419,81.60074968538686,211168800
2010-01-27,81.96640014648438,82.15297576056969,80.84694646197244,81.4738377922579,271863600
2010-01-28,81.02610778808594,82.27989692130706,80.53355082173448,82.23512056814039,316104000
2010-01-29,80.14543151855469,81.94402342244543,80.01856144978737,81.37683188217724,310677600
2010-02-01,81.39179992675781,81.39926455071833,80.22756911786679,80.71266718618465,187865000
2010-02-02,82.37688446044922,82.53360733369487,81.25743048540531,81.54102913647235,216327900
2010-02-03,81.96640014648438,82.45149788187338,81.72758358820859,82.00371185299991,172730700
2010-02-04,79.43646240234375,81.36938369131416,79.42153315957053,81.33207197205677,356715700
2010-02-05,79.60063934326172,79.76482113510808,78.04832854350197,79.52600452697867,493585800
2010-02-08,79.02597045898438,80.10064786998981,78.96626489307603,79.66032643871102,224166900
2010-02-09,80.01859283447266,80.71265471573132,79.3096017075996,79.95142261688561,337820500
2010-02-10,79.86185455322266,80.30217041887016,79.19018097577597,79.89170734486893,240511500
2010-02-11,80.69770050048828,80.78725886494672,79.29465362032877,79.75736329594172,223591600
2010-02-12,80.63054656982422,80.67532291100596,79.48870431898672,79.84692643611642,304622100
2010-02-16,81.89926147460938,81.98135523189862,80.46636157365961,81.24251711013359,159317500
2010-02-17,82.28736114501953,82.39930772123174,81.8992804399958,82.29482007461813,168845100
2010-02-18,82.77239990234375,82.944046261618,82.12311478036672,82.15296755890036,193708600
2010-02-19,82.94406127929688,83.26497158934262,82.36194622708281,82.55598647576628,222684900
2010-02-22,82.9590072631836,83.27245301705356,82.71272601635542,83.25006484803964,132346900
2010-02-23,81.95146942138672,82.98882936136611,81.73504102971562,82.7350892638567,207497000
2010-02-24,82.70526123046875,82.8395959381219,81.98881135426441,82.19777518976099,176350700
2010-02-25,82.59332275390625,82.65302833954398,81.30222220405906,81.5261096094435,259634700
2010-02-26,82.64556121826172,82.92915989454447,82.17539255672045,82.66794938873923,173589300
2010-03-01,83.50379180908203,83.58588554503497,82.96645306242152,82.98884122789293,147709700
2010-03-02,83.73517608642578,84.1381803019194,83.5859177964676,83.86205189611289,160992400
2010-03-03,83.80982208251953,84.30984368366802,83.60085247738448,83.95161576870461,150785000
2010-03-04,84.06351470947266,84.18292584473707,83.60826972049063,83.92171540980524,135770400
2010-03-05,85.26507568359375,85.33224018741423,84.40682651825183,84.60833141738773,176118800
2010-03-08,85.2800064086914,85.46658208234587,85.13074814730292,85.27254748130838,114631200
2010-03-09,85.42179107666016,85.81733052588356,84.98147529547539,85.02625162743676,154556700
2010-03-10,85.80240631103516,86.03375828281456,85.38447869908872,85.4591078163882,186088800
2010-03-11,86.16062927246094,86.18302313234314,85.33969758571945,85.60090234597764,160791100
2010-03-12,86.16815185546875,86.54876801578214,85.92933510061027,86.53383876581817,162074800
2010-03-15,86.19052124023438,86.2502268393886,85.52631210770174,86.01887475996513,146816800
2010-03-16,86.87712860107422,86.95921668673013,86.1905255640354,86.42934227879337,168673000
2010-03-17,87.39204406738281,87.67564273431114,86.88455800922638,87.13830388522342,177468100
2010-03-18,87.34724426269531,87.51889064714152,86.99648118077982,87.39948520933147,196509100
2010-03-19,86.90511322021484,87.89428905639538,86.56789067682013,86.90511322021484,226641100
2010-03-22,87.3697509765625,87.52712497836629,86.35809445192491,86.41055054676433,184477800
2010-03-23,87.98421478271484,88.0591512187134,87.21235291180747,87.49711937279895,182941600
2010-03-24,87.55709075927734,87.99922558066613,86.61288109778279,87.65451330019086,196072600
2010-03-25,87.4146728515625,88.55372135178601,87.30976071538201,88.14905780482587,223396300
2010-03-26,87.36227416992188,87.99174740049257,87.01756182213987,87.57959394255786,205808500
2010-03-29,87.91679382324219,88.07416210026808,87.44468899216453,87.80438627757077,134513500
2010-03-30,87.97674560546875,88.29897752171267,87.60955295770228,88.0217063369913,145772500
2010-03-31,87.6769790649414,88.06665201184715,87.38472292544101,87.63950798355548,161078700
2010-04-01,88.2764892578125,88.61370614863122,87.75192266207975,88.2764892578125,161215200
2010-04-05,88.99589538574219,89.05584112062225,88.36641657257778,88.6137120247954,105847600
2010-04-06,89.20569610595703,89.36306433821444,88.6436642547733,88.74108105075636,110384200
2010-04-07,88.69613647460938,89.44551241257174,88.28397742181619,89.02586371684392,184576300
2010-04-08,89.00337982177734,89.15325844342108,88.12661132497952,88.38889176625004,158704000
2010-04-09,89.58788299560547,89.62534835683226,89.02585112164881,89.19070900215765,133006500
2010-04-12,89.73030090332031,89.96261140353785,89.59541296416661,89.70032517047655,110279000
2010-04-13,89.79771423339844,89.9550824841587,89.1757308728096,89.64034598263818,125043600
2010-04-14,90.81690216064453,90.81690216064453,89.98509413359798,90.12747172173147,161609000
2010-04-15,90.89181518554688,91.10163954953345,90.63702437407382,90.66700009996977,144615300
2010-04-16,89.44551849365234,90.89181438093959,88.98839868303457,90.569582477017,366786700
2010-04-19,89.7827377319336,89.87266491115933,88.77857662502974,89.18324035561771,217947800
2010-04-20,90.58454132080078,90.65948347187687,89.82767590702633,90.34474130229417,157708000
2010-04-21,90.41973876953125,90.84688299247564,89.91765234966333,90.6370528452914,192910100
2010-04-22,90.68946838378906,90.80187591160315,89.26565875575861,89.7827242360484,115360300
2010-04-23,91.281494140625,91.31896522975994,90.39723017952421,90.62954064104692,177335500
2010-04-26,90.9367904663086,91.51381327688469,90.84686899151774,91.31147852403322,143457300
2010-04-27,88.78607940673828,90.92928970987258,88.61372039480442,90.41222410864236,355853300
2010-04-28,89.46049499511719,89.68531005733676,88.62868726910311,89.2132052874171,300674100
2010-04-29,90.5695571899414,90.7569011348623,89.97754963791736,90.00002999654251,193775000
2010-04-30,89.03336334228516,90.68199402101925,89.01088297639131,90.58457147909883,270000900
2010-05-03,90.1874008178711,90.4346962710103,89.3256172709614,89.46050518019322,182747900
2010-05-04,88.066650390625,89.19820956369404,87.61702600869265,89.18322456178612,360353400
2010-05-05,87.5420913696289,88.27648225851216,86.90512300565064,87.34725203710325,328973200
2010-05-06,84.63452911376953,87.67699391053546,78.6844817145831,87.12245725929161,647356600
2010-05-07,83.37555694580078,85.25648617391734,81.98921279545765,84.40969353916987,637558800
2010-05-10,87.04749298095703,87.41468551076474,86.11077325991859,86.7852068852395,396159600
2010-05-11,86.80020141601562,87.94674549017466,86.11077704318954,86.23067419976273,317849800
2010-05-12,88.01419067382812,88.141588912564,86.995039067645,87.14491766695662,235607100
2010-05-13,86.92011260986328,88.18655976240574,86.84517616024262,87.7744007135651,234452500
2010-05-14,85.34640502929688,86.42550795550696,84.58204426808696,86.26813973164855,345601400
2010-05-17,85.39136505126953,85.81850900320799,83.75772567560814,85.57870899014225,325739800
2010-05-18,84.22986602783203,86.34310618147103,83.95259484143122,86.08831536096764,360556800
2010-05-19,83.75025177001953,84.50711730882595,82.70112437175904,83.75774141253767,394742700
2010-05-20,80.5879135131836,82.34894635841617,80.53545741029706,81.966762913222,530418300
2010-05-21,81.76441192626953,81.96674092103537,78.95425206000314,79.36641112730284,500909400
2010-05-24,80.71528625488281,81.97423813208232,80.64034980021434,81.32227897016801,269823000
2010-05-25,80.79771423339844,80.83518531759582,78.21985915076411,78.76690610670815,396505200
2010-05-26,80.31062316894531,82.03419022626632,80.070823081754,81.29230959984399,349719300
2010-05-27,83.00088500976562,83.03086073499075,81.51711805618918,81.82436495178301,300870500
2010-05-28,81.959228515625,82.97088464306067,81.56954992071375,82.91093321041535,297933500
2010-06-01,80.58039093017578,82.39387926568824,80.46049375720268,81.19487894953474,277909400
2010-06-02,82.6786880493164,82.68617769582399,80.56544712483458,80.99259138455045,240243700
2010-06-03,82.96344757080078,83.22572812628566,82.1166544295818,82.91848682337118,226618300
2010-06-04,80.04832458496094,81.92925948745052,79.77854883331767,81.38970798416398,398475600
2010-06-07,79.05166625976562,80.64034530978338,78.99172052973991,80.33309843028104,264609100
2010-06-08,79.89846801757812,80.05583628527869,78.42219644121124,79.11162096179036,357774300
2010-06-09,79.47135925292969,81.14246520762977,79.13413648606775,80.36311316611298,268023300
2010-06-10,81.79439544677734,81.89181227320353,79.4638355181776,80.82769967457132,317890600
2010-06-11,82.19155883789062,82.24401492851581,81.02253412265206,81.07499021327725,214128200
2010-06-14,82.06416320800781,83.27065896433628,81.98173139479644,82.82102881326155,207196100
2010-06-15,83.93009948730469,84.00503593267578,82.49878879639436,82.64117204469845,238268700
2010-06-16,83.90015411376953,84.24486646099213,83.33062663183001,83.4954903016509,216374000
2010-06-17,84.03502655029297,84.17740982383584,83.21820943157613,84.13993873586604,263185800
2010-06-18,84.12612915039062,84.42730105752388,83.85506983838197,84.20142212717393,174006600
2010-06-21,83.88519287109375,85.23295274102975,83.41836719774238,85.17272180292493,213140700
2010-06-22,82.49976348876953,84.25411778762687,82.3792958891083,83.88517822402751,239355400
2010-06-23,82.24375915527344,82.84610859059451,81.67905332838728,82.55246202017248,254639900
2010-06-24,80.88095092773438,81.94260089000336,80.67012828842918,81.83718957035076,268523600
2010-06-25,81.21979522705078,81.63390957249216,80.39155504719339,81.12190916334728,238726500
2010-06-28,80.96377563476562,81.55859994056046,80.67012899252953,81.34024627809252,169218600
2010-06-29,78.46401977539062,80.9487286035913,77.96708145644256,79.82684182201388,373649500
2010-06-30,77.7186279296875,78.9685079190848,77.4626248148304,78.24568471838127,284101700
2010-07-01,77.37226867675781,77.92191274438989,76.1449703786301,77.66591539661334,382924800
2010-07-02,76.9505844116211,77.86917354781785,76.51388290373647,77.63576362597563,233385200
2010-07-06,77.4550552368164,78.58446691906782,76.70963939050137,78.03481737279878,256935300
2010-07-07,79.89456939697266,79.99244965825696,77.56797873651514,77.65080270548029,253769400
2010-07-08,80.6852035522461,80.77555284418973,79.74402679791972,80.56473017033855,210842100
2010-07-09,81.28755187988281,81.29508290224886,80.51202316630066,80.66260914670008,144999900
2010-07-12,81.3402328491211,81.49834980387553,80.67764669427127,81.0164679195329,131283600
2010-07-13,82.56754302978516,82.89130226354787,82.01789337108896,82.18354137081893,213025900
2010-07-14,82.56002044677734,82.88378545811713,81.96519608899094,82.3040173998059,184426800
2010-07-15,82.58259582519531,82.86871142973929,81.44565293893952,82.52989016792442,232337900
2010-07-16,80.30870056152344,82.22869692170148,80.15057787522298,82.13834192159905,282693400
2010-07-19,80.7830581665039,81.03905540488441,79.97741135088702,80.60235389561853,186709000
2010-07-20,81.67906951904297,81.73930045337491,79.67624303199482,79.7138923923774,258162400
2010-07-21,80.61743927001953,82.12332214103473,80.28614320016027,82.10073481708747,264527000
2010-07-22,82.4169921875,82.77840670649557,81.56617019238035,81.57369547283628,274781300
2010-07-23,83.13225555419922,83.25272318066551,82.01789985083192,82.25130982644482,222020800
2010-07-26,83.99810028076172,84.0809242544213,83.04186769098872,83.27527757431069,184445700
2010-07-27,83.99059295654297,84.54776783475198,83.65929699110144,84.45741282295371,204855600
2010-07-28,83.44847106933594,84.07341361776108,83.16988076902365,83.81741063338231,163056200
2010-07-29,83.04191589355469,84.19391543016658,82.37932946415694,83.96803069007157,220149100
2010-07-30,83.02685546875,83.47109393441657,82.0555660030389,82.19862097970469,220070600
2010-08-02,84.90165710449219,85.03718675950473,83.98306785879441,84.32188912408287,188263200
2010-08-03,84.49506378173828,84.90917800190171,84.21647346511209,84.69083010543467,146657300
2010-08-04,85.05978393554688,85.16519526338548,84.44990328955394,84.72848790834749,158171700
2010-08-05,84.96942138671875,85.01460176928414,84.38965913491799,84.5176577724669,140473800
2010-08-06,84.62305450439453,84.75858413975728,83.51623010634631,84.13364161311324,239728300
2010-08-09,85.07482147216797,85.217882133178,84.57035226527033,85.02211581987247,120800400
2010-08-10,84.61553192138672,85.06730124729769,83.85506542804018,84.3520036442624,242916300
2010-08-11,82.29649353027344,83.34308156854749,82.16096385473142,83.31296322459518,273406900
2010-08-12,81.79202270507812,82.08566939328227,81.01649397753964,81.05414334556049,239542600
2010-08-13,81.55110168457031,82.04051486642732,81.45322134599428,81.53604538036186,158698500
2010-08-16,81.51345825195312,81.77698665991137,80.70027995497757,80.99392671591511,147895300
2010-08-17,82.51481628417969,83.11717149038891,81.98022876729937,82.21364442556005,172270300
2010-08-18,82.66544342041016,83.10967612358385,82.00285700492675,82.4772080557798,182922100
2010-08-19,81.22730255126953,82.4395384616724,80.88848127584669,82.23624684531589,265847600
2010-08-20,80.96377563476562,81.27248431964702,80.37648235029343,80.98636295424745,209714200
2010-08-23,80.65506744384766,81.74682994062914,80.61741808417143,81.34777200379847,163490300
2010-08-24,79.45787048339844,80.10540026548314,79.0362253209189,79.77410435525809,280677800
2010-08-25,79.76658630371094,80.06775816447737,78.52423227235182,79.02117043820445,272234800
2010-08-26,79.23202514648438,80.2484948760012,78.96849106389854,80.14308354076165,224439500
2010-08-27,80.45932006835938,80.5421440835703,78.53931716226919,79.72896597667419,272649000
2010-08-30,79.29224395751953,80.49695459501521,79.28471868078758,80.24848259519527,167238600
2010-08-31,79.29224395751953,79.79671897837743,78.67483234082172,78.99859731936363,273933100
2010-09-01,81.66402435302734,81.7769667130289,80.30873326646991,80.3614389352057,256828100
2010-09-02,82.42449951171875,82.43955581279012,81.68661438050182,81.85979343750252,156112200
2010-09-03,83.4936752319336,83.56896822650398,82.78590844509993,83.2301468786936,212197300
2010-09-07,82.55250549316406,83.20756666532841,82.48474351560625,83.10215531502442,141973700
2010-09-08,83.13225555419922,83.4635458353464,82.68048615761276,82.71813552215713,149924400
2010-09-09,83.5162353515625,84.08847226397606,83.29035644142836,84.06588494741118,147017900
2010-09-10,83.9378890991211,84.0357693889669,83.47859449883168,83.66682980240978,127819000
2010-09-13,84.87152862548828,85.04470187568505,84.42729035316474,84.76611732245934,178503500
2010-09-14,84.81881713867188,85.30069898921923,84.389640936013,84.70587482334379,209823600
2010-09-15,85.14263153076172,85.24051186387591,84.3143969777908,84.5703943464686,168608400
2010-09-16,85.12003326416016,85.17273893590783,84.59297080219612,84.87909222981548,199962900
2010-09-17,85.15180969238281,85.6514141665537,84.91715013494868,85.56814675419189,195836900
2010-09-20,86.45379638671875,86.6430394413544,85.17451148930509,85.4470219499996,214555200
2010-09-21,86.27973937988281,86.9307305018355,85.92396133429439,86.52197038056646,268389100
2010-09-22,85.85578155517578,86.62789639749228,85.61355069342221,86.14343467398515,191322400
2010-09-23,85.15937042236328,86.0450264886984,84.91713955528259,85.15179908348092,202354300
2010-09-24,86.91553497314453,86.97609412628363,86.0298790156305,86.105575069435,209671800
2010-09-27,86.49922180175781,87.04424277941366,86.4159601623429,86.94583845993037,128761800
2010-09-28,86.80199432373047,87.0820760959588,85.67410744679215,86.61275128782354,209207500
2010-09-29,86.65061950683594,86.98368916461345,86.30997850904339,86.58248899718131,179665800
2010-09-30,86.39324188232422,87.64981860498654,85.98447616923792,87.0896607501231,287106700
2010-10-01,86.75657653808594,87.14263394259545,86.24183525715294,87.04422386925121,174638700
2010-10-04,86.10557556152344,86.93824370860911,85.67410169960931,86.5749003381755,166153200
2010-10-05,87.8390884399414,88.05103981312037,86.80203404946803,86.90044416933097,229634100
2010-10-06,87.83151245117188,88.05860649627289,87.47573447562631,87.82394110960412,148626600
2010-10-07,87.72552490234375,88.20998674279402,87.19564656911399,88.18727849640426,164860000
2010-10-08,88.21757507324219,88.4598060401188,87.51359042337549,87.8466601685465,177760100
2010-10-11,88.30078887939453,88.54301969915046,87.99799891089005,88.35377669073993,103098300
2010-10-12,88.57331848144531,88.83068625658176,87.54383583042048,88.01315489690211,182210000
2010-10-13,89.26219177246094,89.73908812202352,88.8534259479394,89.06538308954588,194347200
2010-10-14,88.91394805908203,89.3302850517391,88.3537902850664,89.17888715657325,217764300
2010-10-15,89.09562683105469,89.58765992273598,88.38407688062476,89.5346720990312,243705000
2010-10-18,89.5346450805664,89.82986369144048,88.80038133420449,89.1258795173782,141204800
2010-10-19,88.36137390136719,89.20917913114089,87.82391851789852,88.70958044577281,280604700
2010-10-20,89.22430419921875,89.65577806856108,88.46733209333827,88.52031990974035,200051800
2010-10-21,89.4211196899414,90.14781227464287,88.72470668484074,89.62550540843702,221585500
2010-10-22,89.58768463134766,89.72393989777389,89.32274543975258,89.55740504155948,108212400
2010-10-25,89.85261535644531,90.65500997212231,89.78449061727197,90.18568503749013,151145700
2010-10-26,89.86772918701172,89.95856214341578,89.22430405311468,89.39840440304835,158982900
2010-10-27,89.6103286743164,89.70873871442778,88.76252386866202,89.2394140718426,190024000
2010-10-28,89.62548828125,90.16293772217078,89.19401446106076,90.12508681109315,168576000
2010-10-29,89.69364929199219,89.86775546808059,89.37572230112524,89.53468579655872,144305500
2010-11-01,89.7238998413086,90.64740670421224,89.20915859519371,90.13266545809736,174074800
2010-11-02,90.43546295166016,90.64741422790425,90.15538117934379,90.39761203437122,158345900
2010-11-03,90.79882049560547,90.85180832292349,89.66336210287056,90.5944405260188,226702800
2010-11-04,92.54742431640625,92.59284080107912,90.81395725676956,91.8055890070581,215039400
2010-11-05,92.89563751220703,93.04702965548155,92.48687179507775,92.60798435464935,180654100
2010-11-08,92.72154235839844,92.87294029488825,92.30521102734315,92.60799534984126,156107100
2010-11-09,92.05538940429688,93.06972937687931,91.68447464457161,92.97132507028594,186621600
2010-11-10,92.42630767822266,92.4717299389647,91.33627159948962,92.03268466164346,221387400
2010-11-11,92.07810974121094,92.21436498567485,91.35141702915016,91.63149885811495,158017600
2010-11-12,90.98802185058594,91.85854070766987,90.5716907625805,91.45734651685628,239068800
2010-11-15,90.859375,91.63148990157173,90.82152985399496,91.27571203273375,163940800
2010-11-16,89.44384002685547,90.45060868734159,89.01236031848181,90.29921655387832,299566200
2010-11-17,89.48927307128906,89.86018790957736,89.21676256043703,89.48170173064295,172308900
2010-11-18,90.80638885498047,91.13188714789106,90.34463532840405,90.352206667841,197723700
2010-11-19,91.05615234375,91.09399747435565,90.26890085916153,90.760933758934,156852900
2010-11-22,90.98047637939453,91.01832151834957,89.9055716338235,90.60199033841226,181361000
2010-11-23,89.6633529663086,90.09482688057172,89.31514645438043,89.90558383439948,222309000
2010-11-24,90.98802185058594,91.01073585922977,90.21591303857979,90.23104993577162,140046100
2010-11-26,89.92826843261719,90.692805930875,89.92826843261719,90.20077879197717,76007800
2010-11-29,90.2008285522461,90.44305947472456,89.1259234194597,89.70122402606134,223642300
2010-11-30,89.69364929199219,90.20839070468938,89.178907879295,89.30759756389969,233930700
2010-12-01,91.60121154785156,91.77531192733665,90.98049454769644,90.98806011185505,221037200
2010-12-02,92.7745132446289,92.84264374741366,91.69204274124196,91.74503056552358,191213600
2010-12-03,93.0242919921875,93.13026761401244,92.43385473480906,92.45656297159465,151288900
2010-12-06,92.92591094970703,93.13786224636874,92.72909655627558,92.82750086537146,103050500
2010-12-07,92.9789047241211,93.87213222810077,92.92591689656467,93.81914440054435,206581000
2010-12-08,93.31949615478516,93.39519219074907,92.6609342891381,93.09240804689345,138019200
2010-12-09,93.68287658691406,93.87968519128347,93.22112310508555,93.84184004824594,123705100
2010-12-10,94.22792053222656,94.31875351794056,93.66019127055127,93.97054693047527,117571700
2010-12-13,94.2884750366211,94.77293688357909,94.25819544928113,94.65939565010515,133812700
2010-12-14,94.3717269897461,94.79563536778308,94.08407962002514,94.43228615449992,147249600
2010-12-15,93.94025421142578,94.5685425592414,93.78129073340735,94.19762777719839,160823100
2010-12-16,94.48528289794922,94.5534134085378,93.67532276244717,94.00082108467176,185035200
2010-12-17,94.58647918701172,94.70822867250517,94.22121911930769,94.41906856454787,141075300
2010-12-20,94.81476593017578,95.04305420849919,94.34297866987181,94.84520475432637,119085500
2010-12-21,95.41590881347656,95.47678645486728,95.02021575565975,95.11152641213441,94965500
2010-12-22,95.71269226074219,95.74313108531821,95.43114329323517,95.48440978484018,78878100
2010-12-23,95.57575225830078,95.71272411166782,95.33985854635189,95.60619109300613,70053700
2010-12-27,95.61380004882812,95.70511074522504,95.14961799009727,95.21810101239497,58126000
2010-12-28,95.75074768066406,95.84205835396564,95.49963171785974,95.80401417529414,55309100
2010-12-29,95.8192138671875,96.03227980830991,95.80399735951225,95.86487500143622,58033100
2010-12-30,95.66703796386719,95.97902575933269,95.52245499696657,95.72791561367927,76616900
2010-12-31,95.68985748291016,95.78117394985243,95.37025855702976,95.5224468629885,91218900
2011-01-03,96.67913055419922,97.09765143547152,95.65183883286346,96.42040338259328,138725200
2011-01-04,96.6258316040039,96.92260286210433,96.02467793088435,96.89216404004125,137409700
2011-01-05,97.1280517578125,97.18892939824306,96.23012688110146,96.3214433417473,133975300
2011-01-06,96.93782806396484,97.27264933107469,96.64866793685047,97.16611634710559,122519000
2011-01-07,96.7475814819336,97.22697986875954,95.99423950103233,97.06718040648423,156034600
2011-01-10,96.6258316040039,96.76280340048193,96.03228328219136,96.32144918898477,122401700
2011-01-11,96.96826934814453,97.20416298925727,96.60300924697776,96.97588050593885,110287000
2011-01-12,97.8433609008789,97.94989388121961,96.9910912525413,97.56181194095505,107929200
2011-01-13,97.68354797363281,97.92705854460931,97.44004901387943,97.881403215357,129048400
2011-01-14,98.39124298095703,98.41407064617951,97.47810153838768,97.54658453405511,117677900
2011-01-18,98.55865478515625,98.6499654471441,98.18578356333329,98.2999218908181,114401300
2011-01-19,97.59227752685547,98.57390234391632,97.33355614700723,98.47498629352016,151958400
2011-01-20,97.462890625,97.70638961959698,96.73998157659454,97.37157414781684,175745700
2011-01-21,97.68354797363281,98.29231278985095,97.57701500163638,98.07164149472372,151462900
2011-01-24,98.23908233642578,98.35322069467554,97.59987269654707,97.62270036819702,113715500
2011-01-25,98.29232788085938,98.3760332010811,97.48571931030003,97.98033426810343,167552200
2011-01-26,98.67279815673828,98.96196408277986,98.3379768973689,98.53583215675488,141281500
2011-01-27,98.91632080078125,99.08373145086217,98.52062184502401,98.69563784784478,123302700
2011-01-28,97.18893432617188,99.19024476611996,97.02913486614759,99.03043950048405,295637300
2011-01-31,97.9194564819336,97.99555644974909,97.21177554839389,97.4552861564236,149249200
2011-02-01,99.48704528808594,99.66206130766948,98.4521482662945,98.51302592772066,167194300
2011-02-02,99.29676818847656,99.56309479062176,99.17501291315308,99.22827358909326,118323600
2011-02-03,99.51747131347656,99.66965965072424,98.59672432583129,99.12177234765191,145886700
2011-02-04,99.79901885986328,99.83706884642575,99.09894322977152,99.55551984606974,134634800
2011-02-07,100.42298889160156,100.7501931751814,100.01206768521793,100.01968464795847,112439100
2011-02-08,100.87957000732422,100.93283069280643,100.240360502968,100.51430411591375,99072800
2011-02-09,100.65127563476562,100.92521923112734,100.14904377289854,100.60562030390925,146436700
2011-02-10,100.68929290771484,100.80343119778067,99.91311770160796,100.14140589295936,162708500
2011-02-11,101.29048156738281,101.4198422188672,100.27080705952382,100.29363472677257,137710300
2011-02-14,101.5339584350586,101.61766373380956,101.11544355252563,101.22958186390336,101690700
2011-02-15,101.21437072753906,101.37417599233467,100.68932282600655,101.22198768995321,119575400
2011-02-16,101.85357666015625,101.97532033112567,101.35134482953046,101.55680541682698,130183500
2011-02-17,102.15794372558594,102.29490969685953,101.46547368533383,101.55679594407125,109810500
2011-02-18,102.37101745605469,102.4927727361815,102.01336857769634,102.2492621759279,130002400
2011-02-22,100.31645965576172,102.39385859726399,100.0425160450299,101.29808415433669,233116400
2011-02-23,99.70011138916016,100.49911473067672,99.08374103209003,100.25560408474811,227584000
2011-02-24,99.6316146850586,100.01970831750991,98.69564533314777,99.59357630724892,260431400
2011-02-25,100.69696044921875,100.75783811192643,99.9892677800654,100.05014544277309,141686900
2011-02-28,101.32091522216797,101.45028748568829,100.73498961080894,101.06981088085668,141585500
2011-03-01,99.6316146850586,101.73185332309691,99.60118166056557,101.6405426383914,258565500
2011-03-02,99.84466552734375,100.3088474021671,99.19024536958007,99.49462197779528,200277400
2011-03-03,101.56441497802734,101.67855330279981,100.74258420599575,100.7501895572395,176480100
2011-03-04,100.80345916748047,101.68616755964507,100.1414336789685,101.48831232033955,277202300
2011-03-07,100.0120849609375,101.3285425078448,99.48703694621153,101.10025419944508,216790400
2011-03-08,100.88716125488281,101.206760156768,99.73812627825588,100.17186349823486,174615000
2011-03-09,100.74260711669922,101.0546007569947,100.1414591174801,100.68934642343405,153806000
2011-03-10,98.8782730102539,99.82184766487089,98.77934536631149,99.68488164515907,301291800
2011-03-11,99.56311798095703,99.92076692850983,98.53583808559831,98.55866575363575,225621800
2011-03-14,98.96197509765625,99.28917943040742,98.20862718022441,98.91631975924682,234974100
2011-03-15,97.82814025878906,98.41407746629285,96.26057854502174,96.32906154543505,359585400
2011-03-16,96.01709747314453,97.83578138782141,95.332238271787,97.51617075116535,468670300
2011-03-17,97.28784942626953,97.69876478322595,96.7171346203208,97.40199354858152,254303700
2011-03-18,97.64170837402344,98.49768035063046,97.45064366922266,98.46710346733043,230435400
2011-03-21,99.15494537353516,99.36128686242542,98.74223907242596,98.8568848945849,153992600
2011-03-22,98.81100463867188,99.26956453469187,98.71929732413291,99.13964195187414,129538600
2011-03-23,99.09381866455078,99.35366390982276,98.06971446612634,98.53590123234984,148603100
2011-03-24,100.04146575927734,100.18667678771448,99.10143076158312,99.6593363840904,159129800
2011-03-25,100.34716796875,100.78278935642035,100.03381910817706,100.30131431338071,155642800
2011-03-28,100.1026382446289,100.82104355391671,100.0720730164677,100.5611982987133,109762400
2011-03-29,100.77517700195312,100.80574222620815,99.6899307850903,100.01855650790861,129798800
2011-03-30,101.47064971923828,101.7687102011565,101.15730079521377,101.30251184106241,135835000
2011-03-31,101.33308410644531,101.61586782757568,101.22608832759377,101.34073415886239,132537100
2011-04-01,101.7610855102539,102.2349340403263,101.51652868392684,101.95980032216623,153850100
2011-04-04,101.8451156616211,102.15846454433529,101.55470526987447,101.97503824823512,100768900
2011-04-05,101.82987976074219,102.28078980029305,101.60059971399285,101.6464533910092,120791500
2011-04-06,102.15084838867188,102.41069361845632,101.738142048035,102.3189862812772,120411600
2011-04-07,101.89103698730469,102.39543917091967,101.38662314202037,101.96745590643698,170731500
2011-04-08,101.53943634033203,102.40305261562553,101.11909161954027,102.34191050517717,147945400
2011-04-11,101.23371887207031,101.99032756898292,100.98915047515831,101.64641346478055,121385400
2011-04-12,100.47712707519531,100.86689494919862,100.11028603721182,100.66819181647138,161187400
2011-04-13,100.46951293945312,101.01976879843993,100.08738336464589,100.94334988047997,162059000
2011-04-14,100.5458984375,100.69874788428426,99.56000959332607,99.88863532082895,161220400
2011-04-15,100.91272735595703,101.16493416069402,100.43125223933541,100.72931270644932,170006700
2011-04-18,99.7816390991211,100.90510060358106,98.97916492998324,99.80456593295374,210759300
2011-04-19,100.3548355102539,100.38541239715735,99.68993399092278,99.93449077782283,124258800
2011-04-20,101.72286224365234,101.94449218913807,101.48593219353745,101.55472435604312,156133800
2011-04-21,102.24256896972656,102.28842264425572,101.72287844284017,102.25020736159243,135935400
2011-04-25,102.13556671142578,102.30370461516974,101.79929090393786,102.16613193862185,65757100
2011-04-26,103.01445770263672,103.2208108823265,102.34191776333806,102.44891354879462,146600000
2011-04-27,103.68702697753906,103.83987645972148,102.79284526202053,103.21319008427317,143031000
2011-04-28,104.0232925415039,104.16085356335506,103.48831357597139,103.5035903595103,124791100
2011-04-29,104.26785278320312,104.37486024149324,103.92393855560574,104.06151124364503,115094100
2011-05-02,104.10735321044922,104.84103525858623,103.90100003243187,104.7569779708129,126278700
2011-05-03,103.73286437988281,104.08442862924159,103.20552383667774,103.90865233539527,138375000
2011-05-04,103.04499816894531,103.73282630923934,102.58643830097472,103.68697265477466,182678500
2011-05-05,102.11264038085938,103.13674459115524,101.66173039207234,102.47184302593821,226900000
2011-05-06,102.56351470947266,103.65641070922838,102.16609692213764,103.12907034292394,222787200
2011-05-09,102.96095275878906,103.25901324253094,102.39539701404044,102.55589650297739,114104500
2011-05-10,103.83987426757812,104.02330063932554,103.17497262020383,103.3048952603995,114806900
2011-05-11,102.74696350097656,103.70228708059489,102.2731267372186,103.68699863805486,193564200
2011-05-12,103.2361068725586,103.45009845911359,101.94450729978016,102.47184787438597,171550700
2011-05-13,102.44125366210938,103.43479252406944,102.07441267028247,103.28958147310372,157444900
2011-05-16,101.7916259765625,102.87687201493745,101.6234881166503,102.07439798565886,141675400
2011-05-17,101.7763671875,101.91393986826439,100.97389292442969,101.4095261415726,192686200
2011-05-18,102.68583679199219,102.79283258248871,101.60822883377728,101.82987046801999,135217900
2011-05-19,102.9303970336914,103.1978923496869,102.36485283434894,103.02211604408048,119489500
2011-05-20,102.11264038085938,102.9303914061455,101.92157564035644,102.66290776644115,182594900
2011-05-23,100.92803955078125,101.4324532789693,100.56883689540491,100.86689743266756,168700000
2011-05-24,100.84394836425781,101.44006930736366,100.65288366039918,101.21843938201981,147199600
2011-05-25,101.18022918701172,101.60057388893006,100.4083319428814,100.43889716590063,151050100
2011-05-26,101.64643096923828,101.82985729851,100.71403420335417,100.90509892322116,164850000
2011-05-27,102.03620147705078,102.31133514734549,101.61586841164566,101.92920569758424,120921900
2011-05-31,103.0985107421875,103.11379918394078,102.28839825422676,102.9991650249517,164731200
2011-06-01,100.78282165527344,103.11381373076554,100.69875270626665,102.8004647697706,233094300
2011-06-02,100.67583465576172,101.06561420865175,100.08736362303264,100.85162262190175,200466800
2011-06-03,99.67463684082031,100.43889568333081,99.41479163316622,99.46828368807643,234690200
2011-06-06,98.61998748779297,99.62881508056562,98.49006484236041,99.42246186174063,179951200
2011-06-07,98.55882263183594,99.40715038913517,98.47475369510667,99.12436669559267,161660500
2011-06-08,98.1461181640625,98.7346007321152,97.96269184551424,98.40596336909094,198696400
2011-06-09,98.89508819580078,99.30014444382627,98.17669468952121,98.41361306157413,160964400
2011-06-10,97.51943969726562,98.53589965727743,97.25959445614723,98.4747692042686,238629400
2011-06-13,97.59583282470703,98.00853904971555,97.09906933861173,97.74104384233365,207599800
2011-06-14,98.83399200439453,99.17790626565085,98.4518624559612,98.49006608146986,160570400
2011-06-15,97.07618713378906,98.81870275846136,96.81634184175508,98.00858998819761,300958000
2011-06-16,97.2901382446289,97.80219019213621,96.54116212687104,97.10671195201594,308032800
2011-06-17,97.58048248291016,98.26404460621062,97.25022167032475,98.2563624869207,233284900
2011-06-20,98.07968139648438,98.28705754097554,97.21947178893137,97.25019439773519,159479000
2011-06-21,99.42381286621094,99.61582486932045,98.11813358896275,98.58664334532926,193157300
2011-06-22,98.82472229003906,99.70029643083369,98.76327705145054,99.11658424346425,176703000
2011-06-23,98.5405502319336,98.801683711401,96.9199686560323,97.66497607411608,334286500
2011-06-24,97.39616394042969,98.59431693221775,97.25023880664854,98.51751916474655,226129300
2011-06-27,98.26404571533203,98.6403816686844,97.26558114701606,97.45759311325067,168904700
2011-06-28,99.54668426513672,99.56204850389334,98.51750293857029,98.65574592893876,165556300
2011-06-29,100.39920806884766,100.56049154187542,99.56203879023515,99.99981993650401,244295500
2011-06-30,101.3592529296875,101.5205363790431,100.39151707512144,100.72177195107267,223322700
2011-07-01,102.85693359375,102.99518825642622,101.21331219200795,101.45140507383637,202385700
2011-07-05,102.7724838256836,102.97986003247418,102.44990512594296,102.74944332709359,165936000
2011-07-06,102.8953857421875,103.02595248854645,102.23486403035395,102.52672600426325,143331600
2011-07-07,103.9629135131836,104.22404685916128,103.59425398242246,103.80930635198939,170464200
2011-07-08,103.22563934326172,103.96297052862688,102.44991513614887,102.78785810779617,194100500
2011-07-11,101.3592529296875,102.28858405648592,101.12116002479664,101.9583291805347,195918600
2011-07-12,100.92147827148438,101.9813880071349,100.89076151543462,101.14421870089363,214675700
2011-07-13,101.2593765258789,102.31928579406585,101.01360742743631,101.45138839507368,204062600
2011-07-14,100.5605239868164,101.9814175448648,100.36851197732247,101.51290777292026,226111800
2011-07-15,101.14422607421875,101.28246906573986,100.43762343876756,101.1211855756319,220012800
2011-07-18,100.31473541259766,100.82932609271857,99.56205176162028,100.67571885856738,196872100
2011-07-19,101.9429702758789,102.06586072337,100.85234392322123,100.87538441719104,166554900
2011-07-20,101.88154602050781,102.26556995834535,101.70489829055708,102.2041364414342,137145400
2011-07-21,103.29474639892578,103.54820356345618,101.89689386475425,102.45756544233313,245246300
2011-07-22,103.36385345458984,103.47137965609427,102.73404876043745,103.31777247101323,126019400
2011-07-25,102.78787231445312,103.29478684198642,102.27328152540565,102.38080778402029,136653800
2011-07-26,102.40382385253906,102.88769776058504,102.17340714778,102.7187262917271,131278200
2011-07-27,100.3070297241211,101.86616554631597,100.17645130794754,101.83543707681255,249020100
2011-07-28,100.01519012451172,101.20566661400575,99.85389492240792,100.30705205237578,207939900
2011-07-29,99.33161163330078,100.26863077604649,98.28706628005038,99.00903300178672,307038400
2011-08-01,98.90921020507812,100.5835607648936,97.94915030502924,100.4913870452417,325790900
2011-08-02,96.38232421875,98.69414991587237,96.38232421875,98.16419501786096,346653800
2011-08-03,96.90457916259766,97.0121053743262,94.87693365608956,96.51287904547475,370830800
2011-08-04,92.36546325683594,95.71415333684288,92.21185012579694,95.56054020580389,520721800
2011-08-05,92.22720336914062,93.75561721730368,89.75408792191995,93.51752421726702,655619200
2011-08-08,86.2210693359375,92.25792702976891,86.03673359860167,89.7924936753784,702263900
2011-08-09,90.2302474975586,90.35313208402415,84.69261835505058,87.6112019952795,717828700
2011-08-10,86.24410247802734,89.30861206787868,85.98296313562467,88.52520576015198,662607400
2011-08-11,90.11504364013672,91.33623674625281,86.26712278359676,86.98908954152056,487979700
2011-08-12,90.72178649902344,91.55895558767462,90.07662345460773,90.9368388939159,313731600
2011-08-15,92.64193725585938,92.73409925108706,91.39769758262304,91.5436285547206,258810600
2011-08-16,91.85087585449219,92.69573351104506,90.86777515567688,91.75871382631723,294095200
2011-08-17,91.91228485107422,93.08739712462837,91.1826417370899,92.35775401064404,238201100
2011-08-18,87.94915008544922,91.9429960684468,87.08893449015063,89.47756347751407,512956300
2011-08-19,86.51289367675781,89.00136661905238,86.40536746602366,86.75866870982716,428281300
2011-08-22,86.58203887939453,88.50215855253188,86.33626379562257,88.45607169575324,275090600
2011-08-23,89.43148803710938,89.5313321419715,86.4668230493909,86.9046100626167,331136600
2011-08-24,90.69110107421875,90.81398569608027,89.0321147310332,89.23949095380173,246869700
2011-08-25,89.30863189697266,91.70494407221538,88.99373522386168,91.19035325289869,312365400
2011-08-26,90.60660552978516,91.02135207070765,87.44224628778765,88.85545737460578,314495900
2011-08-29,93.21028137207031,93.26404448362032,90.67572129102166,91.82779298972747,190977200
2011-08-30,93.45606231689453,94.03209820251155,91.5973879323079,92.80322281847658,241315700
2011-08-31,93.87078094482422,94.86156307664093,93.16417854158291,94.05511073268319,301828400
2011-09-01,92.88774871826172,94.7771465369558,92.7648581968462,93.92461258879909,254585900
2011-09-02,90.51445770263672,92.83396599725477,90.19187894158112,90.95224483828112,255517200
2011-09-06,89.85391235351562,89.98448493563846,87.84930708496745,87.85698920385462,285130500
2011-09-07,92.38848114013672,92.42688001868812,90.9061484820764,91.21336880918939,209803200
2011-09-08,91.42842864990234,92.88772092651108,91.22105242199572,91.83549312574912,250568200
2011-09-09,89.0321044921875,91.44377424874793,88.5405543417892,90.38387033565284,380195100
2011-09-12,89.60816955566406,89.6772969310626,87.59588730332372,87.91846609587175,305793500
2011-09-13,90.42998504638672,90.76792809818446,89.26255446886886,89.9000358221265,272514700
2011-09-14,91.68187713623047,92.78018583412192,89.64654909135942,90.89078290117669,319389500
2011-09-15,93.26404571533203,93.29476833087202,91.70490960005078,92.66496936165153,326777200
2011-09-16,93.81605529785156,94.1634685261769,92.88963180243118,93.63849364142351,284528300
2011-09-19,92.88191223144531,93.36056772026485,91.65440077519786,92.27973635554602,241517000
2011-09-20,92.77381134033203,94.17889006963102,92.65029097767528,93.27562643437938,218932200
2011-09-21,90.0408706665039,93.10579714234429,89.8941905782031,92.82015294035112,316251300
2011-09-22,87.13035583496094,88.1725837880949,85.92600405712231,87.43144377942059,513911300
2011-09-23,87.65531158447266,88.1339669790178,86.4818357430252,86.5513207327434,307242500
2011-09-26,89.73976135253906,89.8632875975245,87.22297595654389,88.48136865454148,260673700
2011-09-27,90.74341583251953,92.30289680864954,90.20299720074831,91.5077155358172,311753900
2011-09-28,88.89055633544922,91.47682722016404,88.75931409214836,90.92869265397515,286696800
2011-09-29,89.59310150146484,90.81289105043996,87.95641372668558,90.36512303653974,298108900
2011-09-30,87.3542251586914,89.12987089691201,87.29246203126041,88.35784947419278,288392300
2011-10-03,84.86831665039062,87.97184022985161,84.7756719576992,86.84468964069191,365136800
2011-10-04,86.72886657714844,86.91415592264389,82.93824520722389,83.64850336145855,459177500
2011-10-05,88.33468627929688,88.56629505297234,86.14214835274052,86.94505130741146,284108000
2011-10-06,89.93277740478516,90.0640255282292,87.63215677342936,88.28837383042456,257800800
2011-10-07,89.33059692382812,90.51951060575522,88.82878182774665,90.45774747914852,312657900
2011-10-10,92.31832885742188,92.35692639691364,90.84376502151714,90.85148688543805,230666300
2011-10-11,92.41097259521484,92.67346297202445,91.6775545151166,91.77019921694175,209088000
2011-10-12,93.22160339355469,94.29471289102126,92.89735575188645,93.10579898151401,281544900
2011-10-13,93.03632354736328,93.3142517912285,91.96321400746153,92.67347245731384,212538800
2011-10-14,94.62666320800781,94.64982290770794,93.592157354363,94.1171321444374,211397600
2011-10-17,92.82015991210938,94.61124979530874,92.5885510752069,94.17891369242793,202311600
2011-10-18,94.63439178466797,95.34465011278533,92.02495548562939,92.75065754134634,318857900
2011-10-19,93.51495361328125,95.02039893449162,93.19070602657972,94.479980399933,226601300
2011-10-20,93.92414855957031,94.26383405065089,92.50362578485898,93.74658100395993,262075600
2011-10-21,95.70748138427734,95.8232857571442,94.74245476047855,95.02809887148774,278999400
2011-10-24,96.88098907470703,97.12031977629171,95.77699794951027,95.86192079683751,203215600
2011-10-25,94.9972152709961,96.46405090465296,94.78876623922913,96.41773151539569,268596800
2011-10-26,95.96228790283203,96.32513310970512,94.34875968479034,96.0008854490658,289053800
2011-10-27,99.30513763427734,99.91502948712339,97.7456507751941,98.5331101795414,393220200
2011-10-28,99.28195190429688,99.47495724487278,98.6643324584317,98.81873437487022,225906500
2011-10-31,96.88871002197266,99.29741362499377,96.74974589948626,98.17026869490913,228146700
2011-11-01,94.18660736083984,95.35236128148877,93.81603451074648,94.20976705958525,416565800
2011-11-02,95.72293853759766,96.03947016131303,94.79651514780052,95.59941816765095,244717600
2011-11-03,97.46768188476562,97.66068719542852,95.42182441372793,96.711098475343,291174800
2011-11-04,96.8732681274414,97.04310792332134,95.73839548964138,96.6802627370688,249401600
2011-11-07,97.47544860839844,97.57580929571337,95.88508011134955,96.80378769774741,196617200
2011-11-08,98.72611236572266,98.83420080012131,97.05082703836875,97.98497239449776,224426300
2011-11-09,95.08218383789062,97.12032040686265,94.85057500002941,96.41777791805906,337982000
2011-11-10,95.97770690917969,96.45636233099766,94.97407666312971,96.34055793490631,231866500
2011-11-11,97.78424835205078,98.0390109766908,97.11258751059296,97.14346907813712,189924400
2011-11-14,96.8578109741211,98.39413201935015,96.4409186818871,97.42138922752711,159258300
2011-11-15,97.33645629882812,97.85370920606735,96.28650675843036,96.63391402089118,184709400
2011-11-16,95.79241180419922,97.53717583772031,95.65344772373638,96.35598409881395,235782500
2011-11-17,94.27153778076172,95.85418407654824,93.5921610392344,95.6148534267604,331219600
2011-11-18,94.17117309570312,94.7656269829123,93.77744053193527,94.5726216326416,215580400
2011-11-21,92.38008880615234,92.91277959721582,91.60034549858199,92.79697520261726,229611600
2011-11-22,92.01722717285156,92.71976354296262,91.49996838864041,92.1793509505695,216494900
2011-11-23,89.98682403564453,92.01724434758358,89.98682403564453,91.15257814831182,224329100
2011-11-25,89.81697845458984,90.86692816546491,89.70889591582828,89.84786002138695,99557000
2011-11-28,92.41868591308594,92.78153693244212,91.73158730241168,92.28744368184617,210686000
2011-11-29,92.68118286132812,93.4146009257973,92.34149151859803,92.68118286132812,199241500
2011-11-30,96.4949722290039,96.67253977776149,92.64258632999747,95.33693989987894,324439500
2011-12-01,96.47953796386719,96.99679100975874,96.06264560313068,96.38689325368443,176954800
2011-12-02,96.39460754394531,97.66072236666432,96.33284440867688,97.36735630922442,221109700
2011-12-05,97.44454193115234,98.18568176743861,96.84236618229825,97.92319142893082,225263900
2011-12-06,97.47544860839844,98.13166578865804,97.08943780941546,97.4368451724772,178842100
2011-12-07,97.8382797241211,98.24745014508481,96.47952033993185,97.15117522337941,237802500
2011-12-08,95.69207763671875,97.4136884444297,95.46047468428435,97.19752333280125,240862800
2011-12-09,97.31329345703125,97.56034005326023,96.03945705239052,96.12437987203694,209111400
2011-12-12,95.8927993774414,96.4795374252085,95.0821802555828,96.46409369523565,215826100
2011-12-13,94.9972152709961,96.94270619051174,94.5339978182049,96.39457182076704,245159800
2011-12-14,93.98590087890625,94.98180937494651,93.77745765418011,94.61895830777793,238618800
2011-12-15,94.3255615234375,95.11302064824473,94.17887559340228,94.9817784424527,199109200
2011-12-16,94.46542358398438,95.52203216693324,94.24012265926915,94.96265638250019,220481400
2011-12-19,93.45540618896484,95.03254775549885,93.2534059805811,94.83054754711512,183903000
2011-12-20,96.28341674804688,96.44656876383965,93.51759146190108,94.92381068902837,225418100
2011-12-21,96.4698486328125,96.61746486082747,95.36662715872791,96.28339008460068,194230900
2011-12-22,97.32447052001953,97.42547360714178,96.51648138750882,96.82724370274623,119465400
2011-12-23,98.19461059570312,98.22568800960175,97.43323470112398,97.63522900034911,92187200
2011-12-27,98.2723388671875,98.5287231846505,97.93826394887863,98.02372538803296,86075700
2011-12-28,96.9826431274414,98.30340091748171,96.90495253874703,98.28786517070763,119107100
2011-12-29,97.98486328125,98.0858604492305,97.00594531134874,97.30117190596138,123507200
2011-12-30,97.503173828125,98.14801695809304,97.503173828125,97.90716843433174,95599000
2012-01-03,99.0570068359375,99.7406982060741,99.00262283398679,99.25900709778801,193697900
2012-01-04,99.21237182617188,99.29783323350243,98.44322508760752,98.8239130391823,127186500
2012-01-05,99.47655487060547,99.6241711567596,98.22572260327195,98.6763363723857,173895000
2012-01-06,99.22017669677734,99.61640645509917,98.89387262635358,99.60086477893839,148050000
2012-01-09,99.46104431152344,99.58534218014486,98.98712386384787,99.44550263238537,99530200
2012-01-10,100.32341003417969,100.72739879790052,100.1835586507178,100.5254044160401,115282000
2012-01-11,100.37776184082031,100.50983642378337,99.84946350896806,100.01260958299531,111540700
2012-01-12,100.61861419677734,100.76623046702043,99.86500302593309,100.66523922013633,118983700
2012-01-13,100.09809112548828,100.2612490871395,99.22794694288272,99.94270992928377,179836200
2012-01-17,100.48651885986328,101.24790663819032,100.14467322140162,101.0614421477144,132209200
2012-01-18,101.5975341796875,101.6519122559089,100.28454132815568,100.46322908548838,163395200
2012-01-19,102.1336441040039,102.21910555703215,101.62087538583445,101.94717951880746,126328900
2012-01-20,102.51429748535156,102.51429748535156,101.71407312981933,101.96269250678922,138230200
2012-01-23,102.25011444091797,102.74734117543805,101.76065261379867,102.17241794762839,129295800
2012-01-24,102.1336441040039,102.16471560745613,101.46549415891793,101.62087538583445,103083300
2012-01-25,102.98820495605469,103.22904753819353,101.58198586305859,101.97820960901382,198613200
2012-01-26,102.45993041992188,103.64083702299831,102.0559298163296,103.44660755942085,184880500
2012-01-27,102.413330078125,102.59201788765517,101.89278461826498,101.962716243583,135259100
2012-01-30,102.06365203857422,102.1180419559434,101.045891971883,101.39550248913118,147311800
2012-01-31,102.02483367919922,102.69297149191719,101.52759499189186,102.56867367491316,157212000
2012-02-01,102.91830444335938,103.43883795957127,102.6541552300265,102.77845307141395,166234500
2012-02-02,103.08140563964844,103.34556659272573,102.71626533018679,103.12025388464392,113090400
2012-02-03,104.52652740478516,104.5886822583861,103.92830916667519,104.10699696151154,160598500
2012-02-06,104.45658111572266,104.50319428038048,103.97489594116085,104.09142885280542,107694500
2012-02-07,104.72073364257812,104.89943325259296,103.8272830117981,104.23904845257395,135528100
2012-02-08,105.03152465820312,105.05483124501085,104.34783316564236,104.77514034849284,139361400
2012-02-09,105.16353607177734,105.34222374819834,104.54199980248279,105.20238431138668,148602900
2012-02-10,104.38666534423828,104.4721267676401,103.9826648104457,104.23128417118686,167907500
2012-02-13,105.16353607177734,105.28784569659992,104.68185109411277,105.13246459298085,115841900
2012-02-14,105.03152465820312,105.0936795079655,104.30121999202692,104.88390837187065,165329500
2012-02-15,104.54204559326172,105.52873440839367,104.33227449134344,105.37335323671564,195195100
2012-02-16,105.6996841430664,105.79291049882477,104.36338438800617,104.5498489543494,186567800
2012-02-17,105.97933959960938,106.15026243118541,105.62972902768479,106.06480101539739,129869400
2012-02-21,106.02596282958984,106.47657653245813,105.69965880782118,106.22795717025893,134042300
2012-02-22,105.68412017822266,106.08812072602178,105.49765565120212,105.86280794068564,124455300
2012-02-23,106.15030670166016,106.22799138625184,105.2723855964988,105.62977308106858,137704300
2012-02-24,106.38333129882812,106.59310238993832,106.15026548073111,106.38333129882812,105539100
2012-02-27,106.56198120117188,106.84943681264437,105.50537318422488,105.676295940997,145728900
2012-02-28,106.87281036376953,106.99712005656986,106.3833483576337,106.59311948238117,129355900
2012-02-29,106.45326232910156,107.36225457928161,106.08033331249732,107.02817381709315,185934700
2012-03-01,107.00486755371094,107.20687373534484,106.38333104567783,106.6785635543287,145023500
2012-03-02,106.67855072021484,107.074786272013,106.43770816784735,106.9349349434897,120638300
2012-03-05,106.2435073852539,106.59311801848176,105.87835507693323,106.51543335266703,140765000
2012-03-06,104.68965911865234,105.21795745951111,104.38666169261317,105.1558144763233,202129900
2012-03-07,105.41997528076172,105.59089814044901,104.8295101819058,104.93051328667315,143692200
2012-03-08,106.46880340576172,106.68635128253064,105.84727868867596,106.0648147106208,116968900
2012-03-09,106.88058471679688,107.16026373704877,106.53873899672298,106.67081359678345,122836800
2012-03-12,106.88832092285156,107.02816039542472,106.5076270450335,106.86501434408937,104003500
2012-03-13,108.8150863647461,108.86947629166181,107.28455761488097,107.46325721347024,184090500
2012-03-14,108.6985855102539,109.11811595733634,108.3645046509691,108.84620180704303,145163600
2012-03-15,109.32784271240234,109.37445587039102,108.58199662011934,108.86168742287278,165118500
2012-03-16,109.47926330566406,109.61971565859578,109.24516414399989,109.52608075664129,152893500
2012-03-19,109.90843963623047,110.2439726287913,109.33099664331978,109.409033663662,125291100
2012-03-20,109.58850860595703,109.72116202005984,108.96424814028998,109.28418326612632,121729700
2012-03-21,109.40902709960938,109.752359010895,109.1827268982605,109.65092517866881,122388400
2012-03-22,108.62088012695312,108.89399774079767,108.26193847611356,108.60527034441976,135216700
2012-03-23,108.97201538085938,109.09686981902928,108.11366790868405,108.71451947394898,120521000
2012-03-26,110.50148010253906,110.50148010253906,109.71335858979438,109.75236519304485,120164000
2012-03-27,110.15817260742188,110.67318853343447,110.08794641026965,110.60296233628225,119868500
2012-03-28,109.61186218261719,110.27514082619426,108.964193317192,110.10346898683953,148562100
2012-03-29,109.42461395263672,109.62750541020128,108.53504683490755,108.96422656424524,164963700
2012-03-30,109.8772201538086,110.06450185871408,109.28417928177427,109.96305611354308,135486800
2012-04-02,110.68094635009766,110.96967378685592,109.52607232339574,109.74456168231835,151741100
2012-04-03,110.2284164428711,110.7122247720491,109.58074696078418,110.52494297622695,155806700
2012-04-04,109.13590240478516,109.51045386086129,108.73013138174994,109.41681897353628,146896000
2012-04-05,109.08126068115234,109.4011957158099,108.66769077070218,108.76133755326941,137439400
2012-04-09,107.85619354248047,109.12031237733892,107.55966713656424,107.70793033952236,127555900
2012-04-10,106.04582977294922,107.94981869986587,105.93658509222993,107.64549338166377,235360300
2012-04-11,106.90419006347656,107.3255590043068,106.7091094246746,107.13047836550484,154133000
2012-04-12,108.30094146728516,108.38677740819834,106.92757831944914,107.00561532274294,154321500
2012-04-13,107.01342010498047,108.32436800990983,106.91197437651299,108.05125039023999,169246700
2012-04-16,106.94319915771484,107.71571079902415,106.57644663651249,107.55964868307716,147825300
2012-04-17,108.5272216796875,108.74571096061018,107.45037314744508,107.55961778790643,147877600
2012-04-18,108.16049194335938,108.52724443611878,107.98102111927774,108.04344834217032,123884200
2012-04-19,107.46603393554688,108.58188958513271,106.95882898696757,108.17613038898067,198666700
2012-04-20,107.64546203613281,108.33214949028293,107.58303482150338,107.94198832892923,143199600
2012-04-23,106.74032592773438,106.83397273872333,106.07705884494476,106.54524527277655,171844900
2012-04-24,107.14607238769531,107.41919000454924,106.7481122295251,106.83394817424129,137484200
2012-04-25,108.61308288574219,108.65990032729823,108.09806721507464,108.19170209818671,150252200
2012-04-26,109.3699951171875,109.494849564151,108.31655506944303,108.37898229292477,136291600
2012-04-27,109.54947662353516,109.86160086459917,109.08908920059393,109.69773980541237,130725000
2012-04-30,109.14370727539062,109.40902598185912,108.8471928138197,109.33098896699602,115092200
2012-05-01,109.82259368896484,110.54048896507082,108.9564352317587,109.08127778346406,138832200
2012-05-02,109.49485778808594,109.60410246069029,108.82377996872312,109.18272164723328,121081000
2012-05-03,108.65992736816406,109.59631215263813,108.45704776867456,109.51047618616593,143759700
2012-05-04,106.90419006347656,108.69893432181009,106.84176283024665,108.09028368129015,193927300
2012-05-07,106.98219299316406,107.34113458639214,106.48278719323157,106.52179378314119,127765900
2012-05-08,106.55304718017578,106.72471909467872,105.28111760638878,106.34235675659905,213377700
2012-05-09,105.92098999023438,106.59986681629883,104.94558677725557,105.42158402146033,220752500
2012-05-10,106.13948059082031,106.78714976057795,105.89758249627494,106.65448444410696,150600000
2012-05-11,105.81954956054688,106.80275176216949,105.42938825576007,105.47620570724999,153032400
2012-05-14,104.64904022216797,105.81952385216458,104.49297811952346,104.80510232481247,163910000
2012-05-15,104.04820251464844,105.19527757771439,103.88434145236862,104.57882802260515,207629300
2012-05-16,103.65026092529297,104.99241686039905,103.62685219790684,104.51641955891633,207265500
2012-05-17,102.11299133300781,103.79849060092384,102.05836304890377,103.67363615735042,247992900
2012-05-18,101.23902893066406,102.69042902030223,101.09076577475231,102.51094630168565,319615900
2012-05-21,102.97913360595703,103.01815210182764,101.40287924561589,101.56675216556313,177861100
2012-05-22,103.15865325927734,103.96238464644647,102.48757529548013,103.24448922813903,197531200
2012-05-23,103.2132797241211,103.36154293195115,101.43414504371783,102.41734729127374,204958400
2012-05-24,103.41613006591797,103.6580281126616,102.5499716976188,103.49416707115314,167357600
2012-05-25,103.08061981201172,103.66586175967997,102.83091086575321,103.37713430222132,135465600
2012-05-29,104.32914733886719,104.50861823410605,102.35493177089977,103.90777830074553,152883500
2012-05-30,102.8152847290039,104.32131329302139,102.60460623422803,103.43954508859494,162370400
2012-05-31,102.58900451660156,103.35371726616624,101.70723624284895,102.7762862112361,196186000
2012-06-01,100.00615692138672,102.61243179919167,100.00615692138672,100.9815602654855,253240900
2012-06-04,99.95930480957031,100.45871067233125,99.21019006204143,100.18559306796317,202545800
2012-06-05,100.71625518798828,100.86450649720882,99.70963225134685,99.76425460144317,164149400
2012-06-06,102.97913360595703,103.02595103829248,101.38726946591301,101.41848902531878,184202800
2012-06-07,103.04158782958984,104.19646178810737,102.83089742207623,104.14964434349909,184772700
2012-06-08,103.86092376708984,103.88433248825275,102.44853011853174,102.77627602836398,143915400
2012-06-11,102.54217529296875,104.75828817780035,102.440729565012,104.6958609534251,169756100
2012-06-12,103.72047424316406,103.7907004166124,102.34711081080557,102.83870593172132,181931800
2012-06-13,103.05719757080078,104.06380834979191,102.70604292283109,103.41613925050018,172223900
2012-06-14,104.1496353149414,104.56320524883132,102.98695061192946,103.2678671620033,230615500
2012-06-15,105.21481323242188,105.30893328536008,104.39907818052593,104.61869961636216,169444500
2012-06-18,105.41876220703125,105.67760436577892,104.54027631198902,104.77558845343896,131360900
2012-06-19,106.43842315673828,106.86982668567737,105.39521533892949,105.95212025237282,137382600
2012-06-20,106.26583099365234,106.75214572575743,105.31675547310331,106.4462436698454,206451800
2012-06-21,103.8813705444336,106.50114848763448,103.79508985919199,106.39133779446043,205272200
2012-06-22,104.68144989013672,104.87754131195601,104.02257361678626,104.42260777711878,130029200
2012-06-25,103.00288391113281,103.61468804785041,102.63423116612763,103.57546737888794,146375700
2012-06-26,103.52058410644531,103.83433757471573,102.6969977088831,103.30096266289152,141634000
2012-06-27,104.4540023803711,104.65793319969475,103.51276572187756,103.86572797275345,108088000
2012-06-28,104.1559066772461,104.31278937792496,102.97151888532667,103.7637238624883,169242100
2012-06-29,106.75216674804688,106.88550746857786,105.77170971314001,106.04623050183214,212250900
2012-07-02,107.07376098632812,107.18357170926897,106.29724657712887,107.0502309720173,129524500
2012-07-03,107.77973937988281,107.85816880203394,106.94046198038251,107.05027274617476,80450000
2012-07-05,107.29341125488281,108.08562851106741,106.90122828638727,107.3796919866908,126177500
2012-07-06,106.273681640625,106.49330301433777,105.77168821950049,106.25799098008345,151192100
2012-07-09,106.14034271240234,106.3364340827976,105.65402797526428,106.18740272634243,103780500
2012-07-10,105.21481323242188,106.85413465293902,104.8539997487077,106.68157324357189,167884800
2012-07-11,105.23051452636719,105.57563737996111,104.61871018353136,105.2697352085432,141733400
2012-07-12,104.72064208984375,105.28538625312541,104.00687852298856,104.61868270513226,143583200
2012-07-13,106.47765350341797,106.58746423271208,104.97951200710605,104.99520267371146,129642600
2012-07-16,106.22665405273438,106.54040755235157,105.81094113815479,106.23450537051995,97525200
2012-07-17,106.95613861083984,107.17576011359209,105.53643819359345,106.65023637711533,138860300
2012-07-18,107.74829864501953,107.96008070819667,106.64235224502607,106.70509096077485,113349700
2012-07-19,108.03067779541016,108.3836399447784,107.62281627405888,107.9679271070938,129847300
2012-07-20,107.04238891601562,107.58360316841795,106.92473884743724,107.41888110393735,142904500
2012-07-23,105.9599609375,106.9717994061833,104.97950379957406,105.47365802699943,145210900
2012-07-24,105.05009460449219,106.08546309453226,104.34417024744377,106.03840306652518,173301200
2012-07-25,105.07364654541016,105.54425883855477,104.51674156811274,105.26973799300512,129122300
2012-07-26,106.80709075927734,107.03456354619776,106.09331500076114,106.58746929026812,156526500
2012-07-27,108.77584075927734,109.08175490358659,106.78355694175544,107.37183127747873,236768900
2012-07-30,108.77584075927734,109.29352504714713,108.45425988512065,108.65035133036176,106782000
2012-07-31,108.01502990722656,108.92488522614336,108.01502990722656,108.62683433221952,120575900
2012-08-01,107.9208755493164,108.81505198314966,107.77184414893236,108.79152196924386,138293800
2012-08-02,107.1757583618164,107.90522488783596,106.34433240520472,107.1051683017586,199556600
2012-08-03,109.3013916015625,109.5288524436229,107.20712414218804,108.68173584587532,157825000
2012-08-06,109.51311492919922,109.94451837802478,109.46605491086707,109.59155627206516,86326200
2012-08-07,110.0622329711914,110.53284534780207,109.83476014929312,109.95241025132722,109545100
2012-08-08,110.19554138183594,110.3210307976617,109.66216648281106,109.69354781312057,89754700
2012-08-09,110.28966522216797,110.50928666799132,109.92885172204608,110.03866244495775,90291700
2012-08-10,110.47007751464844,110.50929819873878,109.66218168997133,109.84258247462006,99792700
2012-08-13,110.4151382446289,110.47003760774527,109.84254279439713,110.28179754166848,79426900
2012-08-14,110.43087768554688,110.8936626956546,110.10144542022464,110.82306066356973,102379400
2012-08-15,110.55636596679688,110.74461808251726,110.24262440906949,110.31321446428717,71085900
2012-08-16,111.37208557128906,111.50542629870844,110.43868851088315,110.71320931375706,112014200
2012-08-17,111.52111053466797,111.61524255811734,111.27011973190167,111.56033121373264,90813700
2012-08-20,111.52893829345703,111.55246830223143,111.05831418103205,111.36421626356778,78255700
2012-08-21,111.19163513183594,112.2348425532088,110.94848377205471,111.80343918821006,105581100
2012-08-22,111.23871612548828,111.41911683148531,110.65044202602793,110.90927209753936,133243500
2012-08-23,110.32887268066406,110.97204627536458,110.1563112841291,110.9642069276929,111466400
2012-08-24,110.99559020996094,111.24659298857708,109.98376368378379,110.05435372709287,99481200
2012-08-27,111.01910400390625,111.44266813881818,110.86223327442644,111.29363675684803,68785900
2012-08-28,110.90927124023438,111.25439395753816,110.5719998373484,110.7367098815825,75689600
2012-08-29,110.99559020996094,111.2936530174498,110.68968805381704,111.00344152708722,65421300
2012-08-30,110.19554138183594,110.548503552758,109.96022927839763,110.5171222224485,96589900
2012-08-31,110.72109985351562,111.23878425051393,110.09360470277294,110.82305928797321,151970400
2012-09-04,110.61907958984375,110.95636302138469,109.9131553373634,110.62691893719335,120226200
2012-09-05,110.52497100830078,110.96421387480947,110.30534957504645,110.66615108604837,100660300
2012-09-06,112.76827239990234,112.77611174911209,111.18385016107325,111.19168951028298,158272500
2012-09-07,113.20752716064453,113.25458719776714,112.85456491375172,112.95652433802623,107272100
2012-09-10,112.5643081665039,113.29377443193032,112.52509945946134,113.09768302283835,86458500
2012-09-11,112.87809753417969,113.2388991394184,112.60356468667203,112.63494602445932,88760000
2012-09-12,113.25453186035156,113.38003321033936,112.87018846418921,113.25453186035156,87640900
2012-09-13,114.98017120361328,115.33313339368475,112.9408274562718,113.23887829955788,225470200
2012-09-14,115.489990234375,116.17238444681344,115.11348614543702,115.20761815190588,169777000
2012-09-17,115.09783935546875,115.45080156427582,114.8076158770732,115.25471011844166,119427800
2012-09-18,115.00366973876953,115.15270110385434,114.71345832368948,114.90171035881791,98326600
2012-09-19,115.06640625,115.43505895977819,114.8389455413014,115.13699626630647,128318300
2012-09-20,115.0743179321289,115.1370566672252,114.22720138665389,114.54094293602704,154009800
2012-09-21,115.02615356445312,115.65699799417699,114.97884233788626,115.63334238089355,108737500
2012-09-24,114.85269165039062,115.11291547555004,114.37167404007029,114.45841531512343,95682000
2012-09-25,113.63045501708984,115.31795740489241,113.59890616926552,115.09716359956198,133165200
2012-09-26,112.99173736572266,113.6383565056306,112.72363227313932,113.6068196845346,146502200
2012-09-27,114.0562744140625,114.31649827716224,113.16520591608713,113.46485982493421,111830300
2012-09-28,113.52796173095703,113.99320505318755,113.12580408447405,113.62258422839719,150696100
2012-10-01,113.82762145996094,114.8842795095475,113.55950431633507,113.9616740155924,135911200
2012-10-02,113.94585418701172,114.45840857975398,113.41752537272654,114.277044845264,113422200
2012-10-03,114.4111328125,114.67923790004565,113.65412879679911,114.25342464525913,121283100
2012-10-04,115.23119354248047,115.39678284785126,114.68709033154695,114.84479844268596,124311600
2012-10-05,115.23908996582031,116.04341708098775,114.89212485604773,115.84627890792234,124842100
2012-10-08,114.84481811523438,115.22332005327566,114.5845942727186,114.81328130054746,78415400
2012-10-09,113.7093276977539,114.8527270156304,113.66989764561418,114.75810451638513,148872900
2012-10-10,112.98383331298828,113.80393488393075,112.83400637027611,113.69352595152417,124247500
2012-10-11,113.04694366455078,113.9380122874868,113.02328804025711,113.77241088506878,123601500
2012-10-12,112.67630004882812,113.51216402442687,112.43185062566545,113.12578088421228,124181900
2012-10-15,113.61467742919922,113.73295552434669,112.58167529037922,112.94440280373789,107689100
2012-10-16,114.76595306396484,114.84481314580928,114.07203487964215,114.15088292912745,108815500
2012-10-17,115.28644561767578,115.38108015921053,114.67137524333714,114.84485786505971,128834100
2012-10-18,114.98676300048828,115.53874749607006,114.60036783740125,114.98676300048828,148108500
2012-10-19,113.07056427001953,114.78172208068948,112.80245925615056,114.7738408858199,185645200
2012-10-22,113.08633422851562,113.29135357825989,112.19526591672148,112.88130284641328,125578600
2012-10-23,111.51715850830078,112.02183192298558,111.05191514821203,111.86412373696471,192056300
2012-10-24,111.20173645019531,112.05337504999733,111.02825384473401,111.9193104647532,120179400
2012-10-25,111.5250244140625,112.19529915319791,110.84688051039554,111.99027974271918,134457400
2012-10-26,111.4619369506836,111.8483201006805,110.70492101016121,111.42250690638427,146023500
2012-10-31,111.4619369506836,111.99814704960181,110.933596015321,111.85621332895647,103438500
2012-11-01,112.6290283203125,112.7709620871551,111.59602579818892,111.69852950789831,100995600
2012-11-02,111.62757110595703,113.33084863166792,111.50929295793475,113.29929977061865,137702200
2012-11-05,111.856201171875,112.1085317697178,111.13072212622458,111.46192483645402,98378500
2012-11-06,112.73149871826172,113.17308630285937,112.07699853667617,112.19527662813653,107068100
2012-11-07,110.17659759521484,111.7221543369092,109.65614986220396,111.70639194429246,264304500
2012-11-08,108.85181427001953,110.72069243440102,108.76507298785533,110.16081469818482,181517300
2012-11-09,108.94647979736328,109.95582662316654,108.46546201066303,108.52065446101184,201055300
2012-11-12,109.03317260742188,109.45898572201288,108.78872322382723,109.28550318545709,97677500
2012-11-13,108.65470123291016,109.80599378696276,108.31562925384176,108.45756300349012,123018300
2012-11-14,107.18795013427734,109.15933165251852,106.9435007511927,108.98586114868257,191505000
2012-11-15,107.00659942626953,107.62956279996826,106.59654865151232,107.22739322059432,178128400
2012-11-16,107.53492736816406,107.74783996527334,106.2180458089312,107.16430663823131,239483900
2012-11-19,109.71134948730469,109.72711187922518,107.56648501481504,108.74142092798398,151495800
2012-11-20,109.75861358642578,109.93997727449754,108.88331991636812,109.53781987076755,119807400
2012-11-21,109.96370697021484,110.05834150665137,109.63251617359495,109.85331003800822,81710800
2012-11-23,111.4619369506836,111.50135496262274,110.42892273242614,110.49990162510899,65409200
2012-11-26,111.22537994384766,111.46982939787286,110.54722402347385,110.90995158997531,100124400
2012-11-27,110.65758514404297,111.49344895478944,110.58661829951336,111.11494708494071,128646200
2012-11-28,111.54869079589844,111.6117644350474,109.60884550212535,110.20814133293285,177086500
2012-11-29,112.06912231445312,112.3766574312749,111.47770770269119,111.96661863041993,151085900
2012-11-30,112.09276580810547,112.30567841436412,111.70638267093803,112.08488461245136,136568300
2012-12-03,111.5407943725586,112.69996798460083,111.45405308076083,112.60534549622552,124656300
2012-12-04,111.38308715820312,111.87198606209944,111.08343323266084,111.53291412097427,127512200
2012-12-05,111.5802001953125,112.10064783310617,110.68913184869838,111.47768450025535,147300500
2012-12-06,111.95868682861328,112.00599805607641,111.3120799993557,111.47766929547663,103220600
2012-12-07,112.29779815673828,112.51859196049534,111.71426479974613,112.39242063481706,108726400
2012-12-10,112.34510803222656,112.61321307176897,112.09276538393271,112.14008865475762,98840700
2012-12-11,113.10997009277344,113.6382988125291,112.75512388187558,112.81031629886341,152570400
2012-12-12,113.1651840209961,113.98528549737019,113.00747590088056,113.55157914278372,145880100
2012-12-13,112.47126770019531,113.41752846851018,112.18738826646499,113.0942189960254,135715000
2012-12-14,112.0533676147461,112.43186962319965,111.87988502079615,112.22685020869604,137701700
2012-12-17,113.37023162841797,113.43331729196277,112.31356180449252,112.34511065244493,143238200
2012-12-18,114.63191223144531,114.73442794181739,113.38599741197396,113.55159878777803,177762800
2012-12-19,113.78025817871094,114.79749784967612,113.74084017154193,114.7580678101484,150895400
2012-12-20,114.43477630615234,114.45055073091294,113.53582661256792,113.85125494597686,168487000
2012-12-21,113.39602661132812,114.4284181484335,112.72101023076948,112.9036602963679,245883800
2012-12-24,113.04664611816406,113.21340993054348,112.91957989693091,113.1498768199269,53874600
2012-12-26,112.57012939453125,113.33251443862048,112.25247602815192,113.27691843476954,106947700
2012-12-27,112.4192886352539,112.83224788508122,111.11688987906422,112.60193879437381,167920600
2012-12-28,111.20418548583984,112.3080471676163,111.07711930663014,111.68861469109125,148806700
2012-12-31,113.0942611694336,113.21337814483283,110.8150553926414,110.9103610906592,243935200
2013-01-02,115.992919921875,116.06439012719265,114.93670467838517,115.23848392443992,192059000
2013-01-03,115.7308120727539,116.23906467181772,115.42109583453842,115.93729764336277,144761800
2013-01-04,116.23902130126953,116.42962049893968,115.68312212184821,115.92136808951257,116817700
2013-01-07,115.9214096069336,116.03258948263709,115.49256428800751,115.82611603281563,110002500
2013-01-08,115.58785247802734,115.87374527479025,115.13518383411284,115.71491863607659,121265100
2013-01-09,115.8816909790039,116.19935639773905,115.65933124473766,115.84198128694993,90745600
2013-01-10,116.80293273925781,116.81086983264363,115.92143066543846,116.52497694065629,130735400
2013-01-11,116.79499816894531,116.85851915280377,116.42968586440874,116.77116265287329,113917300
2013-01-14,116.71560668945312,116.79502611482924,116.28676118074692,116.65207357269284,89567200
2013-01-15,116.79499816894531,116.90617806724774,116.10408326305877,116.17555345817459,93172600
2013-01-16,116.77909851074219,116.96174858327485,116.42967255097622,116.55673873956361,104849500
2013-01-17,117.53352355957031,117.86706318581835,116.8584950974532,117.29527750719383,133833500
2013-01-18,117.79564666748047,117.92271290232624,117.08090818475031,117.50975369792903,169906000
2013-01-22,118.43093872070312,118.43093872070312,117.51766399839985,117.79561980903571,111797300
2013-01-23,118.62152862548828,118.72477143483495,118.2165187174139,118.43094143001828,104596100
2013-01-24,118.65327453613281,119.23299732140079,118.33560908566564,118.44678896390468,146426400
2013-01-25,119.32036590576172,119.32036590576173,118.62151396156176,119.02653593726816,147211600
2013-01-28,119.17741394042969,119.38388739582494,118.73268230791241,119.35211479179617,113357700
2013-01-29,119.6459732055664,119.79686280108552,118.85976473729819,118.93918414052918,105694400
2013-01-30,119.17741394042969,119.86831660683126,119.0662219440269,119.63007054740721,137447700
2013-01-31,118.88355255126953,119.42357767266428,118.80414528950581,119.03444210162536,108975800
2013-02-01,120.1065444946289,120.24948483803827,119.43151611467279,119.63798953882947,131173000
2013-02-04,118.75651550292969,120.13039597465743,118.66915901118804,119.37596015563348,159073600
2013-02-05,119.95568084716797,120.29715759751905,119.35212250857724,119.39978141770182,113912400
2013-02-06,120.04301452636719,120.12242179108812,119.44740551132624,119.53476198490677,138762800
2013-02-07,119.88420104980469,120.1939172869438,119.01063621802885,120.08273740996304,162490000
2013-02-08,120.55130767822266,120.62277787585676,120.09070176396871,120.09070176396871,103133700
2013-02-11,120.52748107910156,120.6307117670433,120.22570187350225,120.50365768052269,73775000
2013-02-12,120.72602081298828,120.94838061766518,120.40041819981835,120.53542150139357,65392700
2013-02-13,120.82923889160156,121.19455117126826,120.48776212638421,120.97219138980131,82322600
2013-02-14,120.94049072265625,121.08344330589,120.3290070187364,120.46401038652546,80834300
2013-02-15,120.79749298095703,121.17867949266324,120.35277336434966,121.05161328286093,215226500
2013-02-19,121.70283508300781,121.72665848587542,120.83721913161216,121.00398295168533,95105400
2013-02-20,120.18598175048828,121.65515582988365,120.12244865388587,121.61544612979476,160574800
2013-02-21,119.4554214477539,120.24956732530927,119.07423481948457,119.88426700754829,183257000
2013-02-22,120.62276458740234,120.62276458740234,119.51096568768529,120.03509253029522,106356600
2013-02-25,118.3277359008789,121.39313947671053,118.3277359008789,121.21048931760602,245824800
2013-02-26,119.13772583007812,119.28066622101228,118.11327122424946,118.89947972748773,186596200
2013-02-27,120.63868713378906,120.97222690390754,118.93126645335292,119.0345092813787,150781900
2013-02-28,120.40040588378906,121.40102490247953,120.2415791992238,120.63070275875378,126866000
2013-03-01,120.79749298095703,120.9801430839849,119.44744782548446,119.9874610405932,170634800
2013-03-04,121.44074249267578,121.44074249267578,120.32894351078956,120.51953069757002,99010200
2013-03-05,122.52871704101562,122.85431963928143,122.01252725757955,122.02841356224373,121431900
2013-03-06,122.69544219970703,123.02898175350516,122.42543572058877,122.9654486788253,94469900
2013-03-07,122.9178466796875,123.0766733653983,122.71137320003338,122.8543135818633,86101400
2013-03-08,123.44197845458984,123.60874222367286,122.82254593402703,123.45786475754493,123477800
2013-03-11,123.9105224609375,123.91845955363422,123.19579635187192,123.34668593700103,83746800
2013-03-12,123.63260650634766,123.96615839022145,123.25936914620827,123.8232058517466,105755800
2013-03-13,123.80726623535156,123.98197919731473,123.27519025762645,123.69608636116567,92550900
2013-03-14,124.46641540527344,124.52201140434927,123.81522242481664,124.1328757639129,126329900
2013-03-15,124.3021011352539,124.46960661417292,123.88730537765467,124.31805809520615,138601100
2013-03-18,123.61607360839844,124.1505160315606,123.00185857275581,123.1135329272734,126704300
2013-03-19,123.32891082763672,124.04681566281403,122.51527642193501,123.87931021468222,167567300
2013-03-20,124.1904296875,124.39782148539335,123.84742198420562,124.05482595369344,113759300
2013-03-21,123.12950134277344,124.15052758526501,122.9221095712524,123.44856747920471,128605000
2013-03-22,124.11872100830078,124.11872100830078,123.42473276347819,123.52046241508262,111163600
2013-03-25,123.60012817382812,124.65306833308689,123.12152896910469,124.4456643899398,151322300
2013-03-26,124.5892333984375,124.6211351385136,123.97501840055106,124.11062209615879,86856600
2013-03-27,124.5892333984375,124.62911970222589,123.63999535759238,123.84738709706461,99950600
2013-03-28,124.97218322753906,125.1157715650922,124.23832109003874,124.50952862901975,102932800
2013-04-01,124.47760772705078,125.16361103705944,124.17448630563428,124.90834833026747,99194100
2013-04-02,125.0918197631836,125.40291357187594,124.73285506949624,124.92430209468979,101504300
2013-04-03,123.82345581054688,125.25927752331293,123.49641733642055,125.16356013299215,154167400
2013-04-04,124.32601928710938,124.57329737191469,123.71180418602988,123.98301162281035,131885000
2013-04-05,123.76764678955078,123.91920746564055,122.65887552482239,122.80245163590133,159666000
2013-04-08,124.605224609375,124.61319700368796,123.44060994518226,123.85540570974885,86571200
2013-04-09,125.0360107421875,125.49069298725378,124.42179535154662,124.83659126731958,101922200
2013-04-10,126.56745147705078,126.72698449737166,125.33903383183177,125.37093556726025,135711100
2013-04-11,126.98233795166016,127.39713383864589,126.46384005002852,126.59147142626996,110142500
2013-04-12,126.67122650146484,126.8626613676641,125.96926620114415,126.57549689676894,116359900
2013-04-15,123.7357406616211,126.13675793516441,123.71979587378173,126.03305595623978,217259000
2013-04-16,125.5624008178711,125.62621646962988,124.36588473347344,124.66899386483894,147507800
2013-04-17,123.72776794433594,124.69296315622002,123.0656941029201,124.66902163133602,226834800
2013-04-18,122.95405578613281,123.96711000167134,122.48342880462337,123.93519607352988,167583200
2013-04-19,124.02285766601562,124.0787009168887,122.93801609952301,123.24113735491612,149687600
2013-04-22,124.57331848144531,124.86845532021324,123.44061766683859,124.26222468145892,106553500
2013-04-23,125.85750579833984,125.97715250795164,124.57324503829196,125.19543227144928,166141300
2013-04-24,125.93733215332031,126.27235525485564,125.66611254309282,125.89744584255806,96781200
2013-04-25,126.44782257080078,127.04608060998868,126.11279952944646,126.30423431216838,131060600
2013-04-26,126.22447967529297,126.51164403415909,125.8176564001376,126.29626772211162,95918800
2013-04-29,127.07008361816406,127.34926356199963,126.36812321702682,126.56754267902281,88572800
2013-04-30,127.3731460571289,127.40505997540052,126.5196374030631,127.04610751020287,116010700
2013-05-01,126.25639343261719,127.15777290043036,126.11281732531562,127.09395723998766,138874200
2013-05-02,127.4289779663086,127.5406523271149,126.45581046288544,126.57545721675203,96407600
2013-05-03,128.72122192382812,129.1280452628055,127.45291754469578,128.53775949597969,144202300
2013-05-06,129.0482635498047,129.23172596473077,128.76109916611523,128.81694243286245,66882100
2013-05-07,129.70237731933594,129.74225146042832,128.96053085247405,129.3274678889551,90359200
2013-05-08,130.29261779785156,130.3325041003952,129.48696804146928,129.5587560830934,97419200
2013-05-09,129.92568969726562,130.57977879017724,129.59863906501465,130.2367833745899,106738600
2013-05-10,130.34848022460938,130.4601545851998,129.6305631880202,130.01345714283806,103203000
2013-05-13,130.45216369628906,130.6675400139837,129.8778471350898,130.18095628680211,81843200
2013-05-14,131.80026245117188,131.8959920369588,130.55588738028652,130.55588738028652,119000900
2013-05-15,132.5102081298828,132.77344321657694,131.54502498359946,131.5849113006613,120718500
2013-05-16,131.88804626464844,132.70168103939193,131.68862681202683,132.23902644871808,109913600
2013-05-17,133.16427612304688,133.24403656549455,132.19908104817137,132.37457106178508,129801000
2013-05-20,133.15634155273438,133.67483939548035,132.9010910008382,133.03669475834502,85071200
2013-05-21,133.34779357910156,133.8503344775121,132.81335092486043,133.27600549978493,95804200
2013-05-22,132.358642578125,134.86336200732845,131.75241196442164,133.4833709514435,244031800
2013-05-23,131.97576904296875,132.3427061293837,130.77128013413744,130.9467701965626,211064400
2013-05-24,131.864013671875,131.9198569172579,130.80310155389103,131.19396775680764,151573900
2013-05-28,132.65374755859375,133.83430664473917,132.26288126996067,133.24402101587117,143679800
2013-05-29,131.7923126220703,132.25496715587354,131.0903523402177,131.95184573023792,160363400
2013-05-30,132.27883911132812,132.88506952793068,131.79225543103178,131.8959573835576,107793800
2013-05-31,130.38043212890625,132.66179109145583,130.12518156575234,131.91197202262106,176850100
2013-06-03,131.0983123779297,131.18605739674368,129.75023534869374,130.68351663702776,168390700
2013-06-04,130.4681854248047,131.69661611319884,129.80611135771395,131.17014581817278,157631500
2013-06-05,128.64146423339844,130.35646612841512,128.52978986123355,130.09323107154208,211737800
2013-06-06,129.80601501464844,129.81399957693642,127.82777884985315,128.5855698002927,200225500
2013-06-07,131.45729064941406,131.5769374387384,130.13314271344305,130.69949924996908,188337800
2013-06-10,131.45729064941406,131.9358899783075,131.11428290069085,131.8641019047129,105667100
2013-06-11,130.10121154785156,131.24985698047632,129.81404714679704,130.26074462141668,159505400
2013-06-12,129.02435302734375,131.13022142451206,128.90470625484332,130.99461769181343,177361500
2013-06-13,130.98667907714844,131.21800028750192,128.66543371926818,128.95259821891932,163587800
2013-06-14,130.16500854492188,131.3535524011226,129.9496443835724,130.8430392882323,141197500
2013-06-17,131.17010498046875,131.79229252757403,130.1969373459514,131.05044603889058,136295600
2013-06-18,132.20706176757812,132.40648112528567,131.23389432823788,131.24186672077317,114695600
2013-06-19,130.38043212890625,132.32676788079294,130.32460101292767,132.09544667757228,206149500
2013-06-20,127.14982604980469,130.39638027258536,126.8148028618031,129.11211863278115,321255900
2013-06-21,127.55801391601562,128.11131366197444,126.27497128433983,128.01508974719923,271956800
2013-06-24,125.94611358642578,127.04471006754298,124.8795876454606,126.22678281573019,222329000
2013-06-25,127.15702056884766,128.3839240011694,126.23483017307832,127.0848404217721,162262200
2013-06-26,128.416015625,128.704699552689,127.70232650321323,128.1994996202335,134848000
2013-06-27,129.16978454589844,129.76319371543048,129.06553384741375,129.1858259385878,129483700
2013-06-28,128.64056396484375,129.4264211180211,128.1915027344567,128.8089680442393,160402900
2013-07-01,129.39430236816406,130.29242449444106,129.1697718365948,129.31410764860522,131954800
2013-07-02,129.2740478515625,130.1481141804139,128.70469459754082,129.20186769541985,154863700
2013-07-03,129.33013916015625,129.7230736783842,128.48012903614853,128.68861816068022,75216400
2013-07-05,130.72544860839844,130.77356054286673,129.34618271899498,130.28440214911322,122416900
2013-07-08,131.47122192382812,131.824059128451,130.7735743285036,131.39905401451804,108092500
2013-07-09,132.41744995117188,132.57782713945477,131.72781702915978,132.29715788296335,119298000
2013-07-10,132.46559143066406,132.91465255241786,132.01653030891026,132.28917281340395,121410100
2013-07-11,134.2698974609375,134.4062187484436,132.45759887597197,134.0052694666018,135592200
2013-07-12,134.3260040283203,134.6627999066781,134.02129093990092,134.22978013050357,104212700
2013-07-15,134.83921813964844,135.0316781707049,134.46232489299567,134.69488229335548,69450600
2013-07-16,134.33407592773438,135.00766791051447,133.9732239538167,134.92747314475352,88702100
2013-07-17,134.67881774902344,135.10382287138808,134.50239914321205,134.84722177675144,92873900
2013-07-18,135.41659545898438,135.73736219982524,134.87932493357596,134.9675342578072,103620100
2013-07-19,135.65716552734375,135.705277478786,134.96753233933856,135.13593640538627,103831700
2013-07-22,135.92178344726562,136.11424347480545,135.52884881287142,135.8496155254378,79428600
2013-07-23,135.63307189941406,136.18638365939833,135.56090399228475,136.16232769035523,80829700
2013-07-24,135.1359405517578,136.2104816202709,134.86328575855282,136.1543428511992,112914000
2013-07-25,135.46469116210938,135.58498326399567,134.67081957525326,134.8953501489094,111088600
2013-07-26,135.60902404785156,135.64912141065577,134.3340086682596,134.89533503952677,107814600
2013-07-29,135.1920623779297,135.56895564400256,134.80715453198286,135.26423030479475,79695000
2013-07-30,135.1920623779297,135.74537428922812,134.87130787897397,135.601038435498,85209600
2013-07-31,135.288330078125,136.20249407301588,135.1119113917423,135.47276334625138,142388700
2013-08-01,136.85194396972656,136.97222380024925,136.24249353242502,136.3146736667336,110438400
2013-08-02,137.08453369140625,137.10057508603097,136.36283000127966,136.54726321346777,91116700
2013-08-05,136.88406372070312,137.09256514988948,136.603406603259,136.7798252421093,54072700
2013-08-06,136.1062469482422,136.916172371212,135.80153379849273,136.61946156655895,87495000
2013-08-07,135.6652374267578,135.86571213313567,135.16004948716895,135.67326424605614,84854700
2013-08-08,136.1623077392578,136.46702071448806,135.46464803124263,136.30664353236773,102181300
2013-08-09,135.76939392089844,136.4029004053531,135.29627687898696,135.98590987953455,91757700
2013-08-12,135.60902404785156,135.76940126307116,135.0236417061013,135.0877950393886,68593300
2013-08-13,136.0099639892578,136.24250910017176,135.04768852713698,135.84958678490372,80806000
2013-08-14,135.31234741210938,136.1623578022669,135.28026462229258,135.94584179700064,79829200
2013-08-15,133.41986083984375,134.26184437819077,133.18730344971087,134.24581521997368,152931800
2013-08-16,132.97879028320312,133.62031134013472,132.71416238836898,133.16322345742216,130868200
2013-08-19,132.12881469726562,133.28355045505293,132.12078788150345,132.8264624525956,96437600
2013-08-20,132.77835083007812,133.27552396857615,132.20098294975796,132.34531880183818,89294400
2013-08-21,131.96038818359375,133.13917971611838,131.66368971486224,132.4094492938893,159530500
2013-08-22,133.16326904296875,133.35572909673166,132.2250492233757,132.23306380378227,101471400
2013-08-23,133.61233520507812,133.78073928784625,132.93072876530493,133.55620866815613,90888900
2013-08-26,133.1151123046875,134.15758249885124,133.02690300588912,133.74860655169667,89702100
2013-08-27,130.97406005859375,133.1151272025071,130.87783617131606,131.80001438705477,158619400
2013-08-28,131.43922424316406,131.90432697655547,130.74959084344627,130.91798272518926,108113000
2013-08-29,131.64764404296875,132.34529165693021,131.03017891838377,131.15047100644423,119200500
2013-08-30,131.23065185546875,131.93632627474508,130.8457440976803,131.92028488267144,134928900
2013-09-03,131.8241424560547,132.778403980122,131.27083032959519,132.4977345073947,142375100
2013-09-04,132.91465759277344,133.1391881621649,131.6155861218658,131.85614584907213,97389400
2013-09-05,133.08302307128906,133.43584798094497,132.89857768588405,132.99481378487638,63090500
2013-09-06,133.14718627929688,133.90097262734392,131.89622690849401,133.52407945332038,159756500
2013-09-09,134.42218017578125,134.5023626428471,133.47593407085182,133.47593407085182,87559300
2013-09-10,135.41659545898438,135.44065143504744,134.9274368857021,135.2321622305009,105847200
2013-09-11,135.8415985107422,135.8415985107422,134.99961489000606,135.23216006689512,94545900
2013-09-12,135.480712890625,135.96987133422925,135.29627971103557,135.7934527325361,83209000
2013-09-13,135.7854766845703,135.88972740678804,135.31235949850569,135.6250994291586,72727800
2013-09-16,136.57131958007812,137.31709148228552,136.35480357801802,137.2529381396011,106299200
2013-09-17,137.1807861328125,137.21285668987593,136.69162754459236,136.69162754459236,82523300
2013-09-18,138.76852416992188,139.1454174065867,136.78783409161912,137.13264453929182,203460600
2013-09-19,138.53591918945312,139.20952293092125,138.3995979730593,139.14536961097218,146616900
2013-09-20,137.56736755371094,138.86471727338204,137.4545550692021,138.86471727338204,132867100
2013-09-23,136.93080139160156,137.5109835160245,136.49567094610495,137.3820637183181,104616500
2013-09-24,136.60848999023438,137.41429716875078,136.35063808684285,136.90663471168008,106333100
2013-09-25,136.21356201171875,136.97102229288976,136.09269592244027,136.69705096010208,117306500
2013-09-26,136.7374267578125,137.12421077392506,136.2217106377817,136.43928202618847,77146900
2013-09-27,136.10887145996094,136.29420363826446,135.75431439145697,136.05245906468087,99141800
2013-09-30,135.38368225097656,135.81075914327903,134.69068746986702,134.9566053586741,143937000
2013-10-01,136.4553680419922,136.58430012580797,135.3514162764652,135.48840200465435,127160000
2013-10-02,136.32647705078125,136.4554091734608,135.2386445417382,135.65766779262466,113350000
2013-10-03,135.06939697265625,136.13306836315513,134.44086834941305,136.01218990752105,176698000
2013-10-04,136.0927276611328,136.2297133594736,134.99682977876896,135.17410828147763,96878000
2013-10-07,134.91636657714844,135.73829380855005,134.77132710459747,134.90831292722297,96295000
2013-10-08,133.34495544433594,135.06938214624023,133.24826252695607,134.89210360061676,178015000
2013-10-09,133.44168090820312,133.92515786411457,132.57946127858193,133.60283989350694,168973000
2013-10-10,136.3184051513672,136.39092484979776,134.75513718621562,134.80348365183602,195955000
2013-10-11,137.19671630859375,137.24507506430263,135.99607156476984,136.108884070142,105040000
2013-10-14,137.7447052001953,137.85751773313032,136.24590309369086,136.35066197986046,112106000
2013-10-15,136.74546813964844,137.9138860244697,136.56013594166353,137.39816995069006,155485000
2013-10-16,138.65525817871094,138.72777787961297,137.5029474277045,137.56741348260945,161676000
2013-10-17,139.58187866210938,139.66246427409422,138.06695768538822,138.09113090985605,129389000
2013-10-18,140.5247039794922,140.62139689984755,139.8155897751769,140.097627187068,138316000
2013-10-21,140.5327606201172,140.81479803802065,140.21849632662193,140.57305343633786,104104000
2013-10-22,141.3466339111328,141.76564477265055,140.55693405809455,140.94373033961415,126663000
2013-10-23,140.66978454589844,140.92763648501642,140.17824160707247,140.86317042632606,105484000
2013-10-24,141.1371307373047,141.3144093107033,140.62141460441123,140.95179851807615,70350000
2013-10-25,141.78173828125,141.8220310901193,141.15320980893355,141.42718123622248,93625000
2013-10-28,142.00735473632812,142.20075282991436,141.580278038342,141.7333833254763,84979000
2013-10-29,142.76483154296875,142.82124393757368,142.12824939260219,142.32970115223762,87401000
2013-10-30,142.0557098388672,143.03879535711312,141.5480597926929,142.9340488087236,140002000
2013-10-31,141.65280151367188,142.5391940968464,141.4432961283936,141.9428925140164,133795000
2013-11-01,141.99131774902344,142.31363576893935,141.19356405061174,141.8382123860879,142805000
2013-11-04,142.49085998535156,142.54726008427116,141.80591908489023,142.3780474918727,85677000
2013-11-05,142.03964233398438,142.4264263574085,141.47557973823203,141.93488346061523,85825000
2013-11-06,142.76483154296875,143.0307493411643,142.25716917408275,142.6520190493985,87348000
2013-11-07,140.95982360839844,143.1435661588958,140.82283788318495,143.03075366191763,157000000
2013-11-08,142.86154174804688,142.87766133354828,140.89538266431572,140.911489954176,136713000
2013-11-11,142.88571166992188,143.05492426446332,142.55532782924982,142.72454042379127,62614000
2013-11-12,142.5955810546875,142.9178988661902,142.12014568361192,142.57946147542145,83990000
2013-11-13,143.7398681640625,143.78014868079342,141.89456309997814,141.89456309997814,103844000
2013-11-14,144.45703125,144.57789738753198,143.6351046278637,143.86878325897206,103435000
2013-11-15,145.0855255126953,145.1419255983519,144.5053435981998,144.6906757305524,102818000
2013-11-18,144.57794189453125,145.44821523958603,144.25562389813027,145.32734906484652,104796000
2013-11-19,144.26370239257812,144.94057767899142,144.01390405799552,144.50544707933875,93891000
2013-11-20,143.8124237060547,144.98889542852228,143.41757371939468,144.55376491508815,124909000
2013-11-21,144.97276306152344,145.08557556739376,144.12666311967556,144.21530239540516,92841000
2013-11-22,145.697998046875,145.71411763367496,144.85996396790966,145.02917659456168,81296000
2013-11-25,145.55291748046875,145.98804783584623,145.3433997982615,145.9558209670044,79486000
2013-11-26,145.59320068359375,146.02834334265256,145.3756416497032,145.6254398486701,86994000
2013-11-27,145.94773864746094,146.04444383440995,145.56900842897355,145.74628692680326,58800000
2013-11-29,145.85108947753906,146.45544482067803,145.68993051183017,146.108953659186,55870900
2013-12-02,145.4723358154297,146.1975571926329,145.24671084049365,145.92358576530182,99726000
2013-12-03,144.8438262939453,145.35954234636517,144.376456700246,144.9969316103207,116563000
2013-12-04,144.8277130126953,145.43206836428718,143.71570752680222,144.32006287839408,123033000
2013-12-05,144.19105529785156,144.83570312785386,144.0540696320167,144.56978543689164,106934000
2013-12-06,145.802734375,145.93972010251483,145.16613989906853,145.58516302158694,127728000
2013-12-09,146.17343139648438,146.39100279849802,145.98004552415486,146.22984380634244,70124000
2013-12-10,145.64962768554688,146.1411704893403,145.5609884161533,145.8349598685916,80976000
2013-12-11,144.01380920410156,145.73018182441257,143.836530703617,145.70600860122263,130591000
2013-12-12,143.5384063720703,144.1266420455511,143.2402494178629,143.94936352001346,115565000
2013-12-13,143.52232360839844,143.96552003594033,143.24835210615157,143.83658793053863,107808000
2013-12-16,144.41673278808594,144.8921559712951,144.15886864392147,144.19916145340207,96195000
2013-12-17,143.95741271972656,144.5698338965473,143.63509484450213,144.5456606706874,89886000
2013-12-18,146.41519165039062,146.43936488701033,142.88576385182665,144.17504822223995,234906000
2013-12-19,146.24588012695312,146.41509266889773,145.61735180845838,145.99606969135593,136531200
2013-12-20,147.09658813476562,147.4449726957742,146.29451616009342,146.3917340085648,197087000
2013-12-23,147.88253784179688,147.97165836736377,147.5098609984428,147.81772179025754,85598000
2013-12-24,148.20651245117188,148.27132846191395,147.88244475985144,147.89054212529797,45368800
2013-12-26,148.96005249023438,149.04107562946845,148.52255968059828,148.53875441852878,63365000
2013-12-27,148.95196533203125,149.21931451256089,148.79802877437126,149.15451083160573,61814000
2013-12-30,148.92764282226562,149.08967672981967,148.73319471576394,148.9681420273581,56857000
2013-12-31,149.63250732421875,149.63250732421875,149.01676112616758,149.1301984678259,86119900
2014-01-02,148.1985626220703,149.13027979635288,147.84208038929452,149.05735398517436,119636900
2014-01-03,148.1741485595703,148.74938307567257,147.96350574252648,148.44960740394913,81390600
2014-01-06,147.74478149414062,148.71699736559427,147.51793153621463,148.66029105731053,108028200
2014-01-07,148.65216064453125,148.90331503712193,148.2227652580258,148.33619022120848,86144200
2014-01-08,148.6846160888672,148.9357705511326,148.17419743174892,148.62789741034416,96582300
2014-01-09,148.7818145751953,149.17880818588506,148.10126469606624,149.16260108522135,90683400
2014-01-10,149.18690490722656,149.2517209472044,148.27139534083344,149.03296835757862,102026400
2014-01-13,147.20193481445312,149.21927960637308,146.91836623642428,148.80609133435902,149892000
2014-01-14,148.80613708496094,148.8871602357065,147.4126229564378,147.68808188913727,105016100
2014-01-15,149.60816955566406,149.8350194636987,148.83849934180418,149.1544697395948,98525800
2014-01-16,149.4137420654297,149.60819016870454,148.9357377192395,149.30031709578466,72290600
2014-01-17,148.7818145751953,149.4380599845266,148.5225627765538,149.1545037160873,107848700
2014-01-21,149.2192840576172,149.69730073447315,148.30378699281854,149.64058207221814,88621200
2014-01-22,149.3165283203125,149.53528089724108,149.0005578702578,149.4704648610254,61270900
2014-01-23,148.0931396484375,148.58735108720603,147.30727460225907,148.56304661992186,132496900
2014-01-24,144.93344116210938,147.17764851082234,144.88483222556744,147.12903957428043,208677100
2014-01-27,144.22047424316406,145.44385681285388,143.49941285328634,145.0711677028252,180843100
2014-01-28,145.0792999267578,145.26563832946474,144.30961711958383,144.32582422141817,110463200
2014-01-29,143.68577575683594,144.65799163774983,143.3049892460987,143.87211414643215,216597300
2014-01-30,145.2089385986328,145.67884571396158,144.4230609494931,144.88487069404655,118938100
2014-01-31,144.35824584960938,145.25754850753415,143.3374208172616,143.4103342419154,194677900
2014-02-03,141.10940551757812,144.51216763948628,140.83394658881727,144.18809976593195,254837100
2014-02-04,142.09779357910156,142.46237293758875,141.06076180445658,141.7413115886185,165012400
2014-02-05,141.91957092285156,142.2355413893563,140.73671219691906,141.6036004563468,164230500
2014-02-06,143.7910614013672,143.7910614013672,141.96005499657736,142.2517209370423,132877600
2014-02-07,145.57350158691406,145.7274381509893,143.9936490968729,144.46355615895635,170787200
2014-02-10,145.84080505371094,145.8894263406824,145.19266957612626,145.5896507017881,92218800
2014-02-11,147.4368896484375,147.80957873900942,145.8651348809544,145.96236510941324,117814100
2014-02-12,147.5098114013672,148.12554514036688,147.2181454487055,147.6556381965012,94717700
2014-02-13,148.27142333984375,148.4253599185605,146.50523227591012,146.51332964653807,100542200
2014-02-14,149.08970642089844,149.3651653548372,147.99595569289846,148.1336851598678,96498400
2014-02-18,149.2678985595703,149.4704440085894,148.78988190446648,149.2192772673955,80460900
2014-02-19,148.2794952392578,149.84314037694602,148.15796053646054,148.87902193510337,126524300
2014-02-20,149.15452575683594,149.49480074668332,147.9392526377821,148.4820731474718,104998100
2014-02-21,148.9843292236328,149.79451101556347,148.91141582933338,149.43802904913107,118116400
2014-02-24,149.81072998046875,150.81534757011426,149.2354954231765,149.3003114551527,114063900
2014-02-25,149.7539825439453,150.36161881928177,149.259771212176,149.93222350703533,117085000
2014-02-26,149.76211547851562,150.3697518480053,149.34081746753256,149.97275830281035,98677200
2014-02-27,150.54803466796875,150.58853388060575,149.37326080396693,149.54340447415106,93880800
2014-02-28,150.9287872314453,151.62554419003996,149.92416954397996,150.523696263946,150842000
2014-03-03,149.86744689941406,150.24823338775485,148.87092660726864,149.6000853844687,167748500
2014-03-04,151.9739227294922,152.2979905454811,151.3014702670402,151.3338721036812,167545900
2014-03-05,152.1116485595703,152.37091269612452,151.8685915221494,152.10355119120092,88376900
2014-03-06,152.4600067138672,152.80839131979369,152.13593893558544,152.48432354151197,82516500
2014-03-07,152.5248260498047,153.09196321768718,151.85237365101298,153.09196321768718,114513500
2014-03-10,152.44387817382812,152.50058449657385,151.5688799576479,152.28994158546328,74939200
2014-03-11,151.69033813476562,152.88941612484356,151.34196588740602,152.67066357278438,99009100
2014-03-12,151.7308807373047,151.78759941004608,150.612825645166,150.95311295682245,104824400
2014-03-13,150.02952575683594,152.30614800025884,149.608239936523,152.18461325938506,155014300
2014-03-14,149.60816955566406,150.53177628477448,149.42992857615215,149.7621060709146,153919600
2014-03-17,150.96127319335938,151.31775539220087,150.29691775690003,150.36173382599858,98359500
2014-03-18,152.03871154785156,152.2412569871845,151.10699510948453,151.2690413508649,101804600
2014-03-19,151.22854614257812,152.26557791510368,150.26442776912222,152.05492272348843,176267300
2014-03-20,152.1116485595703,152.22507352871418,150.62901422993644,150.89637573486004,117241000
2014-03-21,151.52166748046875,153.8164699459679,151.38333017408104,152.75044944260213,163128000
2014-03-24,150.89508056640625,152.22965508121388,150.23593883265067,152.04248187469906,121411000
2014-03-25,151.61123657226562,152.12390803692887,150.76493379622775,151.66006006090774,103852000
2014-03-26,150.52076721191406,152.44936904449938,150.4800768423198,152.2052392438912,119843000
2014-03-27,150.20338439941406,150.82183572631462,149.65002275580326,150.34172170607778,142383000
2014-03-28,150.94384765625,151.70063599318132,150.54510210489678,150.6346159055291,101642000
2014-03-31,152.18084716796875,152.41684389193287,150.9683559493195,151.90417248611206,99745000
2014-04-01,153.18988037109375,153.27939421088394,152.17268329027638,152.6772090689357,89193000
2014-04-02,153.7025604248047,153.90599985255164,153.1003752485691,153.3851954141977,78774000
2014-04-03,153.4991455078125,153.9792596538902,153.0271644700387,153.93856927845192,77435000
2014-04-04,151.6844482421875,154.36985145299124,151.4403308368987,154.3373066046056,169381000
2014-04-07,150.00804138183594,151.57045415444048,149.69882200255,151.31819133833105,140803000
2014-04-08,150.62657165527344,150.87068905831688,149.39778944748207,149.94300567587646,112660000
2014-04-09,152.24588012695312,152.2947035878135,150.59395347742492,151.0333894590753,100254000
2014-04-10,149.04786682128906,152.31103080501325,148.8606936056731,152.23779559035867,172959000
2014-04-11,147.70510864257812,149.2593883349229,147.5423596377723,148.2177798038219,167251000
2014-04-14,148.86883544921875,149.21874529966686,147.64819890065772,148.86068992537582,132382000
2014-04-15,149.89419555664062,149.9999880520286,147.70518492319698,149.17809708228373,157093000
2014-04-16,151.4647216796875,151.47285478642215,150.26035136729104,150.92763862823693,105197000
2014-04-17,151.67628479003906,152.0994422361472,151.00086446429438,151.26127286711665,105255000
2014-04-21,152.20523071289062,152.254066603841,151.52982276670323,151.71698355599767,68329000
2014-04-22,152.89691162109375,153.311923517907,152.27846032873288,152.35982863677876,85790000
2014-04-23,152.53892517089844,152.92139240057176,152.41686644524137,152.84002405578735,73869000
2014-04-24,152.8480987548828,153.30380104580553,152.11570942993745,153.2875224162851,88170000
2014-04-25,151.5948944091797,152.44120924751843,151.2531177149505,152.35169541686636,100380000
2014-04-28,152.0750274658203,152.7341691489963,150.51261433093316,152.21336477070057,135121000
2014-04-29,152.78302001953125,153.01900430736484,152.2378038082981,152.56330194674956,84098000
2014-04-30,153.2387237548828,153.39333971796967,152.31917350091877,152.53075846807263,101508000
2014-05-01,153.25494384765625,153.66995568192505,152.76668440514305,153.16543003042727,93019000
2014-05-02,153.0352783203125,153.91413816795452,152.8074271468821,153.2387177549438,98122000
2014-05-05,153.32821655273438,153.4340090217849,151.8634502837737,152.28660774301932,75883000
2014-05-06,151.99368286132812,153.09226087235527,151.96113801236797,152.98646838355685,85454000
2014-05-07,152.8887939453125,152.96202915503147,151.3670586695092,152.50632684972697,106500000
2014-05-08,152.7259979248047,153.8408541162146,152.23775088685372,152.75042207280828,93618000
2014-05-09,152.95384216308594,153.01893182637855,152.0342923529376,152.75040281867805,83679000
2014-05-12,154.44302368164062,154.5162712903102,152.98640328404463,153.6374117388568,86940000
2014-05-13,154.5814208984375,154.9557424935837,154.42680494598076,154.64651058867025,66454000
2014-05-14,153.8490447998047,154.516332143447,153.62932672117142,154.44308450593033,72367000
2014-05-15,152.49818420410156,153.57235030141035,151.74952862883643,153.5397930407276,154956000
2014-05-16,153.0271453857422,153.0922474949326,151.9448461022474,152.58770925294638,97458000
2014-05-19,153.5886688232422,153.7107275401128,152.59588320282793,152.73422055426795,63839000
2014-05-20,152.62020874023438,153.5316130899641,152.2296086499149,153.51533446458953,111644000
2014-05-21,153.90602111816406,153.97925634220232,153.03529428695694,153.05970602830303,89093000
2014-05-22,154.2803497314453,154.5977148002371,153.6863099702626,153.94670602870124,61549000
2014-05-23,154.89877319335938,155.00455324402114,154.28030943430772,154.41864674437025,61092800
2014-05-27,155.85089111328125,155.89971459261952,155.38704322565167,155.47655707675784,72010000
2014-05-28,155.73695373535156,156.0950091126763,155.47654530931277,155.85087931750422,66723000
2014-05-29,156.5426025390625,156.5670142825949,155.69629979036614,156.09504562966197,64377000
2014-05-30,156.79483032226562,156.89248969144475,156.265892775121,156.3960969893883,76316000
2014-06-02,156.973876953125,157.04712459308675,156.21708814817703,157.0145673271129,64656000
2014-06-03,156.8924560546875,156.97382435844173,156.44488692469795,156.59135732162838,65047000
2014-06-04,157.20980834960938,157.2993221684052,156.4611529637503,156.62390197511903,55529000
2014-06-05,158.23519897460938,158.39794804838715,156.81112284937666,157.38889634078993,92103000
2014-06-06,158.9919891357422,159.03266708864416,158.5037295313433,158.57696474691588,78696000
2014-06-09,159.1547393798828,159.5372065088782,158.82109572829833,158.96757857748858,65119000
2014-06-10,159.1710205078125,159.20356535427766,158.6176587822424,158.95943554643665,57129000
2014-06-11,158.61764526367188,158.7803943160426,158.25958989828226,158.60136663334777,68772000
2014-06-12,157.49459838867188,158.51994063775177,157.14468867423824,158.43042682897422,106350000
2014-06-13,157.9747772216797,158.12939316253255,157.2993568793498,157.8038826510117,82017000
2014-06-16,158.10498046875,158.43862411088267,157.59232155350134,157.77948235059347,87424000
2014-06-17,158.54440307617188,158.65832864951395,157.71436680356177,157.885261372053,84834000
2014-06-18,159.70803833007812,159.7975521494304,158.19444892272875,158.54437109545253,105267000
2014-06-19,159.88702392578125,159.98468324109248,159.33367494580287,159.84633357914743,85929000
2014-06-20,160.2117462158203,160.34257435600642,160.01550400554117,160.2853323660032,100587000
2014-06-23,160.16268920898438,160.30168942963053,159.86833213101065,160.2526319960446,70611000
2014-06-24,159.19775390625,160.6695384329874,159.01786843762372,159.8764104512581,96237000
2014-06-25,159.9173583984375,160.08088730400664,158.82987308554198,158.8625738760735,82782000
2014-06-26,159.80291748046875,159.95827433723215,158.73178859620498,159.9419177006102,84312000
2014-06-27,160.1136474609375,160.16270489932933,159.35321973648584,159.42680589407357,71445100
2014-06-30,160.03184509277344,160.39978828439496,159.87648825095488,160.01548845772493,70201200
2014-07-01,161.1029510498047,161.59355022009925,160.36706477081802,160.42429427069445,90470000
2014-07-02,161.2664337158203,161.47084789876564,161.0456753812845,161.11926149279643,52475000
2014-07-03,162.05958557128906,162.1331716936203,161.6016997304011,161.72434326761987,52938800
2014-07-07,161.49542236328125,161.8797221342282,161.25830733351543,161.748906502179,61696000
2014-07-08,160.45697021484375,161.2582703619225,160.06448597931546,161.20102839890504,108143000
2014-07-09,161.176513671875,161.32369839207587,160.51421362210453,160.8576280006354,72992000
2014-07-10,160.5387420654297,160.9639271185345,159.49214230121268,159.62297039085314,99040000
2014-07-11,160.7595672607422,160.87403875876763,160.08091035228506,160.44068148221004,64243000
2014-07-14,161.56903076171875,161.7816170935777,161.43820264528745,161.57720284032473,58658000
2014-07-15,161.2664337158203,161.97780355645713,160.55507635163508,161.66709000591572,111307000
2014-07-16,161.8633270263672,162.10861405703193,161.42178541826823,161.98597054169957,79986400
2014-07-17,160.02369689941406,161.97789711809804,159.7947414039306,161.36465421504084,145398000
2014-07-18,161.658935546875,161.82246441576146,160.45697902205734,160.54692177141285,124330000
2014-07-21,161.35643005371094,161.48725816860198,160.6123591862809,161.1520158028646,67592000
2014-07-22,162.05958557128906,162.35394253706752,161.78975731295435,161.90422877317633,67678000
2014-07-23,162.41940307617188,162.59111655388585,161.97787373933983,162.30493158318157,65612000
2014-07-24,162.42755126953125,162.76279361986664,162.2640223716583,162.5747360111355,56888000
2014-07-25,161.6671142578125,162.1086434695701,161.3482285836394,161.96964330148987,76837000
2014-07-28,161.73251342773438,161.96962840407315,160.7676719404833,161.6998001697517,69259000
2014-07-29,161.03758239746094,162.2640681925314,161.0130536796762,162.03512517556828,80466000
2014-07-30,161.06207275390625,161.82250025349185,160.39160050005088,161.60990144804896,104222000
2014-07-31,157.88140869140625,160.08090831793973,157.7832938304763,159.94190810613654,183479000
2014-08-01,157.39895629882812,158.4291995212605,156.63854135579683,157.4480137175457,189261000
2014-08-04,158.5354766845703,158.87071896740875,157.0309911647208,157.70146325394504,91340000
2014-08-05,156.99830627441406,158.29839030533412,156.42594890544714,157.8895618308642,152690000
2014-08-06,157.04736328125,157.71783543659228,156.23787847671767,156.26240718505616,94818000
2014-08-07,156.19700622558594,157.9140908118847,155.8045343828295,157.75873399508706,135733000
2014-08-08,158.00405883789062,158.11034577443928,156.1316171354197,156.5486302316989,117014000
2014-08-11,158.46189880371094,159.16508418834823,158.38831268212704,158.600898969965,74544000
2014-08-12,158.24118041992188,158.748123838602,157.75876571656772,158.30659448627696,73632000
2014-08-13,159.31228637695312,159.4921719144952,158.59275670324052,158.86257253309796,69047000
2014-08-14,160.06460571289062,160.06460571289062,159.42683394864832,159.57401876618354,57371000
2014-08-15,160.03184509277344,160.7922601903608,158.87894561276332,160.64508790429497,139951000
2014-08-18,161.37278747558594,161.44637361190075,160.824958777816,160.91490154768604,75424000
2014-08-19,162.21498107910156,162.337624645587,161.43820937962872,161.7652672078942,59135000
2014-08-20,162.64833068847656,162.84457286210682,161.9615017954544,161.99420258616487,72763000
2014-08-21,163.12258911132812,163.3351754627557,162.65651858231067,162.78734671078473,67791000
2014-08-22,162.8690948486328,163.2779233361382,162.501151705169,162.9917384043023,76107000
2014-08-25,163.69496154785156,164.01384734238377,162.83641903135464,163.64590411430171,63855000
2014-08-26,163.8012237548828,164.20188016527197,163.76033841072794,163.8012237548828,47298000
2014-08-27,163.73577880859375,163.99743498065573,163.48230718969182,163.88295104803888,47874000
2014-08-28,163.64585876464844,163.75215815885414,163.0326160623012,163.19614495430284,58330000
2014-08-29,164.11196899414062,164.12831315378494,163.384254643321,163.89937015418715,65907000
2014-09-02,164.03018188476562,164.34906763634504,163.41693909507777,164.32453892287404,72426000
2014-09-03,163.94024658203125,164.68431752844901,163.71130359489612,164.65978881386005,57462000
2014-09-04,163.7030792236328,164.82326508689715,163.25336547239246,164.21819454191441,85236000
2014-09-05,164.4390106201172,164.50442468160844,163.04899612368357,163.67041099316566,102177000
2014-09-08,164.01382446289062,164.52078031725583,163.53140979833506,164.28365278623264,64146000
2014-09-09,162.9753875732422,163.98110211790924,162.64014523286824,163.8666306451541,88591000
2014-09-10,163.58860778808594,163.69489469188173,162.52565141495654,163.06529544006267,67251000
2014-09-11,163.77671813964844,163.80124685430937,162.8118762826429,162.93453233240461,66774400
2014-09-12,162.82003784179688,163.6295102641915,162.353967376153,163.61316610769742,117409300
2014-09-15,162.6973876953125,162.9754005596893,162.20680097717937,162.84457244427148,76401000
2014-09-16,163.9238739013672,164.21823092407925,162.30491651467878,162.39485928485348,116201000
2014-09-17,164.14466857910156,164.9050837200585,163.32701145043856,164.161025215083,151266000
2014-09-18,165.0194854736328,165.04401417715454,164.43077163620865,164.64335789221403,94990000
2014-09-19,164.870849609375,165.85662200296588,164.53404017667552,165.544468474774,121649000
2014-09-22,163.5975341796875,164.6079623521423,163.25251451157166,164.58331898547505,125553000
2014-09-23,162.6610565185547,163.6879052953278,162.6117697828336,163.00607620337743,111393000
2014-09-24,163.9343719482422,164.04116824547012,162.2585600509073,162.68572017026568,107276000
2014-09-25,161.28915405273438,163.51536724673207,161.2316570514401,163.5071444359954,150300000
2014-09-26,162.5706787109375,162.9732079077673,161.35489337826505,161.5849064808038,103547000
2014-09-29,162.27499389648438,162.5625166272838,161.05099792398883,161.1742147887442,95112000
2014-09-30,161.84779357910156,162.8992856800085,161.5109841859803,162.39818299639077,131302000
2014-10-01,159.6544952392578,161.64247349502955,159.29304236824868,161.58496393156062,177798000
2014-10-02,159.67909240722656,160.23769211185038,158.01149103608077,159.51478657901976,157285000
2014-10-03,161.4371337890625,161.78215362987822,160.25420145781965,160.74708157265033,121569000
2014-10-06,161.2481231689453,162.3242712934313,160.6648800413629,162.11067871028055,104778000
2014-10-07,158.75900268554688,160.77984623099928,158.7261490458851,160.41839352085552,147913000
2014-10-08,161.53564453125,161.76565766907584,158.01971509902543,158.84940445084177,186461000
2014-10-09,158.33189392089844,161.50280390198415,158.20045425018122,161.28100102449594,210705000
2014-10-10,156.5246124267578,159.0794127696509,156.4835485021425,158.29079990235928,221909000
2014-10-13,153.95335388183594,157.0256767504991,153.86299070718275,156.4588668746991,230939000
2014-10-14,154.19158935546875,155.93313317345851,153.64941026492173,154.78305517519757,215847000
2014-10-15,153.14833068847656,154.18340229625286,149.4434647480626,152.10506133763343,380715000
2014-10-16,153.01690673828125,154.09304229233166,150.24030352753704,150.3799534623979,270391000
2014-10-17,154.8241424560547,155.87563453471907,154.125880317747,154.78306600060583,214625000
2014-10-20,156.32749938964844,156.450716259775,154.4956042233569,154.5448909714075,130011000
2014-10-21,159.42453002929688,159.53131383893523,157.29688863192595,157.4611820223391,154949000
2014-10-22,158.290771484375,160.1144556478967,158.22505166810348,159.70371619727962,151822000
2014-10-23,160.13088989257812,161.1741716960859,159.580500485864,159.87623341698531,154944000
2014-10-24,161.36314392089844,161.41244319926489,159.76948489414252,160.39380453756925,117927000
2014-10-27,161.14129638671875,161.3795197411156,160.21302126263492,160.78805395839686,82954000
2014-10-28,162.98963928222656,162.99784955909732,161.60954814673516,161.68349077766734,106736000
2014-10-29,162.74322509765625,163.57291447662246,161.66708948159052,163.10467790743206,142557000
2014-10-30,163.78646850585938,164.25470496481606,162.15993124479303,162.3078039661506,113330000
2014-10-31,165.65940856933594,165.79084817834428,164.92829297953725,165.75798200870668,146903000
2014-11-03,165.7498321533203,166.30843189307168,165.371946273366,165.87304899744913,93600000
2014-11-04,165.1747589111328,165.6101417002347,164.34505724774155,165.3061860011234,93343000
2014-11-05,166.21803283691406,166.42340255600723,165.48691713833324,166.38232610523403,91709000
2014-11-06,166.88343811035156,166.97380129322747,165.6430094497584,166.2591186417013,107089000
2014-11-07,167.03955078125,167.25314336131757,166.43987457097933,166.89990084377743,89540000
2014-11-10,167.5653076171875,167.61459435889068,166.86705788509786,167.0724276653789,66319000
2014-11-11,167.72959899902344,167.83639529466578,167.29421607263362,167.63102551675448,54499400
2014-11-12,167.54888916015625,167.7789023141723,167.0149202038658,167.0477863885977,90120300
2014-11-13,167.73779296875,168.26353900840627,166.9327470875082,167.71314960242034,85357900
2014-11-14,167.7788848876953,167.98425464921996,167.35171227398692,167.66387832263254,80417500
2014-11-17,167.88565063476562,168.05816673124568,167.2941847822257,167.45849060164446,80441000
2014-11-18,168.85499572753906,169.1589389189978,167.94315361838918,167.94315361838918,76068100
2014-11-19,168.58392333984375,168.85501291716375,167.82816415524326,168.65785344235604,82373000
2014-11-20,168.87973022460938,168.9865265537353,167.7296515868591,167.79537144056886,72840300
2014-11-21,169.7833251953125,170.73624413266037,169.20829222787106,170.57195078978833,142327300
2014-11-24,170.2596893310547,170.3664855847738,169.9721792757078,170.18575924837447,65880800
2014-11-25,170.13653564453125,170.69513541170875,169.8818791309782,170.4897656382271,79108300
2014-11-26,170.5718994140625,170.67047288313998,170.07079672162726,170.28437674955342,62167800
2014-11-28,170.21047973632812,170.76086927029675,169.97225629482244,170.44871571261106,57890100
2014-12-01,169.0275421142578,169.6682948360523,168.71538856695847,169.5532882586732,103968400
2014-12-02,170.12010192871094,170.32547170143906,169.04396632517984,169.0686096951251,74507200
2014-12-03,170.77723693847656,170.99081692609974,170.1282741648857,170.29256742727065,68952000
2014-12-04,170.58834838867188,171.08945112776877,169.79972295829236,170.48976237563946,91316600
2014-12-05,170.86764526367188,171.25374142642474,170.49798219193158,170.76084897425383,91025500
2014-12-08,169.7257843017578,170.96621313485872,169.1671720386272,170.47333323362324,108588200
2014-12-09,169.61074829101562,169.71754455839078,167.50776432739312,167.8856375992583,125180100
2014-12-10,166.89173889160156,169.20830401749527,166.70278962609396,169.15080698413428,159856400
2014-12-11,167.73779296875,169.38075090952267,167.34348657270138,167.48313649349413,159012800
2014-12-12,165.0269012451172,167.43384102078957,164.9940476033174,166.4644893682512,202330200
2014-12-15,163.893310546875,166.37418123860553,163.29363424109798,165.92236517201553,189965800
2014-12-16,162.57891845703125,166.2673512935725,162.5378419984192,163.12930790506184,259543800
2014-12-17,165.76625061035156,166.21806659106207,162.8910739591806,163.01430333652465,253910100
2014-12-18,169.86546325683594,174.95042136921452,167.51603230867772,168.18965125066777,257633900
2014-12-19,170.58824157714844,171.25731022107504,169.83656657551904,170.5138908136317,245084600
2014-12-22,171.3729248046875,171.3729248046875,170.5386561795622,170.77819441316655,148318900
2014-12-23,171.60415649414062,172.00063910278146,171.31504697711728,171.9510803521957,122167900
2014-12-24,171.6207275390625,172.0915484032343,171.57942436754888,171.82723079267222,42963400
2014-12-26,172.17408752441406,172.51275575305792,172.01714309631308,172.06670184119687,57326700
2014-12-29,172.40538024902344,172.6118834342006,171.92629134693792,171.9923738786691,79643900
2014-12-30,171.4803009033203,172.11632182757245,171.4059501555861,171.984169328845,73540800
2014-12-31,169.7787322998047,171.96767464514608,169.6548353725416,171.80247454080862,130333800
2015-01-02,169.68785095214844,170.8855799305739,168.6553346631324,170.47257341496748,121465900
2015-01-05,166.62335205078125,168.81228157325947,166.31773125812248,168.64708148544278,169632600
2015-01-06,165.0539093017578,167.44934175106874,164.2609313452381,166.92894957322903,209151400
2015-01-07,167.1106414794922,167.44930974013607,165.92944926830862,166.3754906183617,125346700
2015-01-08,170.0760955810547,170.29086705779733,168.4984201081495,168.5149312956221,147217800
2015-01-09,168.7131805419922,170.50562750822505,168.10192629293343,170.48910371663968,158567300
2015-01-12,167.39151000976562,169.0022452562674,166.78852411875266,168.84530078782205,144396100
2015-01-13,166.9207305908203,169.729170120032,165.6238839596993,168.60579178755538,214553300
2015-01-14,165.9129638671875,166.111211515272,164.0213997320499,164.91348263853635,192991100
2015-01-15,164.39312744140625,166.86289849504993,164.2774861138506,166.54902209394717,176613900
2015-01-16,166.54904174804688,166.70598626909864,164.00491963763713,164.18664354580645,211879600
2015-01-20,166.90415954589844,167.4493310684787,165.34299571593226,167.1850008985163,130991100
2015-01-21,167.74673461914062,168.22582370893434,165.97906716560615,166.44163246500446,122942700
2015-01-22,170.24130249023438,170.37345500531438,167.12722961914895,168.49841437027467,174356000
2015-01-23,169.30792236328125,170.2413212891238,169.17575722964745,169.98524661622298,117516800
2015-01-26,169.70436096191406,169.79522289212784,168.3827477816635,169.0931194349828,92009700
2015-01-27,167.4658660888672,168.60575536241527,166.63985315825929,167.655845533799,134044600
2015-01-28,165.31820678710938,168.74615497955716,165.12822736589717,168.64703747352567,168514300
2015-01-29,166.84637451171875,167.10243653138437,164.1122608271368,165.51649304484636,173585400
2015-01-30,164.74830627441406,166.9950628601836,164.48398864289024,165.6734494946458,197729700
2015-02-02,166.7885284423828,166.87939036836673,163.43491798072392,165.24388830461308,163107000
2015-02-03,169.20050048828125,169.20876868484345,167.30893625739085,167.68063958790245,124212900
2015-02-04,168.55624389648438,169.6465873207132,168.10193413638905,168.44060255791106,134306700
2015-02-05,170.2578125,170.40650140888124,169.1427024012078,169.21704055366874,97953200
2015-02-06,169.7869873046875,171.18295139519486,169.26659504269838,170.62125595934074,125672000
2015-02-09,169.0270538330078,169.8613224730138,168.62230290257145,169.14269515542406,87219000
2015-02-10,170.82778930664062,171.08385138415224,169.06837714263187,170.05960307410575,96164200
2015-02-11,170.92691040039062,171.3564408059999,170.01830341632518,170.66259272275832,91087800
2015-02-12,172.57069396972656,172.62852094957185,170.9599705849557,171.71990129459215,97545900
2015-02-13,173.28099060058594,173.3305493595107,172.43845388699384,172.69452848136683,93670400
2015-02-17,173.55355834960938,173.7270265917829,172.71928991847454,172.9670836873572,76968200
2015-02-18,173.57008361816406,173.64442174946387,172.91752641065045,173.18185657165742,80652900
2015-02-19,173.44618225097656,173.80962993740306,172.83494078194687,172.97536146007414,91462500
2015-02-20,174.4869384765625,174.5612765993815,172.41363840005616,173.0331479647899,140896400
2015-02-23,174.46224975585938,174.46224975585938,173.85925105800962,174.23922266755932,74411100
2015-02-24,174.95782470703125,175.15607237940614,174.09050847083483,174.38787367741764,72472300
2015-02-25,174.8091583251953,175.31302682594247,174.4704899254886,174.8339377101534,73061700
2015-02-26,174.6026153564453,174.87520113297848,173.99961684898244,174.7182566612815,72697900
2015-02-27,174.0078582763672,174.76778853466683,173.95829952534078,174.5034583905861,108076000
2015-03-02,175.10650634765625,175.16432070555928,174.05746627296082,174.10702503800874,87491400
2015-03-03,174.3878173828125,175.15601583681678,173.52876962108434,174.67692690286944,110325800
2015-03-04,173.6527099609375,173.86748140808916,172.68627626062957,173.7931306588669,114497200
2015-03-05,173.8427276611328,174.12356909840437,173.33885915122326,173.97488018199235,76873000
2015-03-06,171.397705078125,173.41317890386983,171.06730490510006,172.98364859577046,188128000
2015-03-09,172.10804748535156,172.46322698067183,171.43897905633878,171.59592352318504,89818900
2015-03-10,169.3161163330078,170.8277214133803,169.27481316828494,170.74512768789077,157121300
2015-03-11,168.91964721679688,169.74566016162228,168.83704088073142,169.57219189746775,110145700
2015-03-12,171.06727600097656,171.13334594125118,169.497843934388,169.54740269157224,93993500
2015-03-13,170.01817321777344,171.7527920975202,168.98565747841752,170.79462707040136,162410900
2015-03-16,172.28976440429688,172.38062632334677,170.04300840956867,170.74512438440473,136099200
2015-03-17,171.77764892578125,172.15760780310515,170.96814720565243,171.5546219127697,94510400
2015-03-18,173.8427276611328,174.51179627508682,170.67082768526348,171.30686131999258,228808500
2015-03-19,173.04971313476562,173.85094670509045,172.6614860397028,173.4296846377479,117917300
2015-03-20,174.5772247314453,175.08334236742368,173.81390205525543,173.9964371148031,177715100
2015-03-23,174.2370147705078,175.15798235498923,174.2370147705078,174.5854872808226,71784500
2015-03-24,173.25804138183594,174.568956856019,173.19166383146083,174.11263177005281,77805300
2015-03-25,170.71910095214844,173.69773415857858,170.6776260721813,173.46541912579568,159521700
2015-03-26,170.31251525878906,171.22517762361446,169.35835270347835,170.0553102954272,153067200
2015-03-27,170.7025604248047,170.8767904145592,170.00560248511746,170.19644268752697,118939000
2015-03-30,172.78504943847656,173.08374198713193,171.71474185758936,171.73132674457867,96180400
2015-03-31,171.2749786376953,172.66058888963727,171.21690621635824,171.96363121206426,126768700
2015-04-01,170.66928100585938,171.2666659960578,169.68193601760873,171.2417760098176,137303600
2015-04-02,171.28326416015625,171.73129657431807,170.42036909998382,170.6029041065504,86900900
2015-04-06,172.4365997314453,172.95100982101852,170.26278918753715,170.39553160211617,114368200
2015-04-07,171.9802703857422,173.20822323643148,171.94708794554901,172.4614980599821,81236300
2015-04-08,172.56103515625,173.0007752267654,171.81431007882907,172.2042701655457,89351900
2015-04-09,173.3243408203125,173.55665582878575,171.90556078000932,172.3950807864195,85548900
2015-04-10,174.2702178955078,174.31170543599447,173.37415285413942,173.57327279212356,72722900
2015-04-13,173.48204040527344,174.7597860138336,173.43226041069465,174.12920565524252,74436600
2015-04-14,173.81385803222656,173.9963930455423,172.66057553548654,173.2828505371855,75099900
2015-04-15,174.59375,175.0998674631492,174.19549757890078,174.27847263589555,99529300
2015-04-16,174.5439910888672,175.05010861308017,174.0627635527124,174.26189611739576,68934900
2015-04-17,172.53614807128906,173.59816327762158,171.7562278847155,173.35755579846713,191113200
2015-04-20,174.11256408691406,174.44443904955597,173.37413153385023,173.45709394440155,92189500
2015-04-21,173.90516662597656,174.95058431814448,173.60647404818283,174.79293925483387,72559800
2015-04-22,174.75970458984375,174.94223959173425,173.3243145604123,174.24528201169025,78264600
2015-04-23,175.19947814941406,175.8466432219657,174.24531542741792,174.36147293633184,102585900
2015-04-24,175.60604858398438,175.87155873444283,175.1580160303617,175.6143536888242,61327400
2015-04-27,174.87586975097656,176.2946496385879,174.68502963866905,176.17019970466308,79358100
2015-04-28,175.43177795410156,175.48155793071655,173.68111036857317,174.8509904598969,86863500
2015-04-29,174.70994567871094,175.30731806756097,173.9051356170558,174.54399554046685,125684900
2015-04-30,172.95925903320312,174.52739144939122,172.2623014458399,174.1374314558223,161304900
2015-05-01,174.83444213867188,174.87592968427109,173.63967172265475,173.7392317039157,103399700
2015-05-04,175.3322296142578,175.9130171469318,175.14969458110048,175.25754698417074,70927200
2015-05-05,173.3243408203125,175.44838364955402,173.1832933266122,175.09160603354397,113326200
2015-05-06,172.61080932617188,174.17894206411373,171.5487941735033,173.87195706754807,135060200
2015-05-07,173.29942321777344,173.72257829166836,172.17933588972457,172.51121080317245,88244900
2015-05-08,175.58111572265625,175.78024828688288,174.8841707381896,174.96714580500512,155877300
2015-05-11,174.7431640625,175.80517933263093,174.66849408105816,175.53968184520852,75708100
2015-05-12,174.2204132080078,174.75972583742453,173.09202063195485,173.91342824033026,119727600
2015-05-13,174.25363159179688,175.24926925428832,174.02131655922287,174.62699413270371,94667900
2015-05-14,176.07069396972656,176.1619615027784,174.9920811228103,175.26588372196588,95934000
2015-05-15,176.26153564453125,176.40258317781456,175.78030794615304,176.26153564453125,76510100
2015-05-18,176.80909729003906,177.05799719315343,176.02917716636372,176.09555469393385,74549700
2015-05-19,176.75103759765625,177.19908280806544,176.46894256012197,176.92528021508664,72114600
2015-05-20,176.6265869140625,177.37331204809766,176.31129677913978,176.85059685814068,76857500
2015-05-21,177.14102172851562,177.34844681250686,176.31961383823028,176.48556403360118,64764600
2015-05-22,176.7178497314453,177.1741747121736,176.65147219637822,176.7593246131695,57433500
2015-05-26,174.8178253173828,176.65146828487644,174.40297522756453,176.22831309072097,124308600
2015-05-27,176.47723388671875,176.70954893500715,174.86761343770593,175.2741711023209,93214000
2015-05-28,176.27806091308594,176.38591330006497,175.58940841986788,176.1701958658901,74974600
2015-05-29,175.1829071044922,176.25321483710226,174.91740961261766,176.2117399535306,124919600
2015-06-01,175.53964233398438,176.17850224503937,174.7514171732241,175.84662729540608,93338800
2015-06-02,175.3654327392578,176.0540854164766,174.46106257022674,175.0833377129909,91531000
2015-06-03,175.83004760742188,176.45232269634687,175.34052757592013,175.8964251361335,87820900
2015-06-04,174.3448944091797,175.78027210602187,174.0296043048185,175.1248145661451,151882800
2015-06-05,174.04612731933594,174.71818211906913,173.39065739993677,174.19546720362598,121704700
2015-06-08,172.9759521484375,174.08776041098437,172.9012821438542,173.93840774159318,89063300
2015-06-09,172.95103454589844,173.4903473667893,172.3204668407854,172.95103454589844,105034700
2015-06-10,175.02528381347656,175.4069515395513,173.65628331951808,173.71435575987715,134551300
2015-06-11,175.58941650390625,175.971071417342,175.23263891764168,175.46495390674622,73876400
2015-06-12,174.24526977539062,175.4649296295469,173.97146729178252,174.76798475866207,135382400
2015-06-15,173.49859619140625,173.78069119959363,172.40338593342784,173.1086361141157,124384200
2015-06-16,174.4444122314453,174.52738728945883,173.17497233718007,173.34920223470553,85308200
2015-06-17,174.72657775878906,175.33226807449984,173.70604996607278,174.72657775878906,126708600
2015-06-18,176.54354858398438,177.00817851517942,174.7596988138142,175.3238886844893,165867900
2015-06-19,175.75985717773438,176.37682630299184,175.38467857961558,176.30179312772805,130478700
2015-06-22,176.6603240966797,177.24393676409846,176.45189009247287,176.6770023791208,70696000
2015-06-23,176.78538513183594,177.1188871824413,176.39354089530357,176.8687638249379,68476800
2015-06-24,175.5013885498047,176.89372583021103,175.47637749317096,176.51854725890612,92307300
2015-06-25,174.96780395507812,176.12669626422877,174.8927707826826,176.00164097690288,97107400
2015-06-26,174.93453979492188,175.5681747423012,174.38427083646332,175.32638411427922,104174800
2015-06-29,171.2660675048828,174.94284674557986,171.19103430939182,173.45879751078752,202621300
2015-06-30,171.6245574951172,172.8501504100554,171.14932187749557,172.80011556467298,182925100
2015-07-01,173.0001678466797,173.44204677572495,172.21645420745284,173.19192350676775,135979900
2015-07-02,172.84182739257812,173.64221963939704,172.4249593461065,173.47547496516904,104373700
2015-07-06,172.34988403320312,173.12525230369525,171.35773628956693,171.55783748282298,117975400
2015-07-07,173.4337615966797,173.55881690458054,170.17385087151584,172.55000349604325,173820200
2015-07-08,170.5240020751953,172.3832295642684,170.29055704167047,172.09976241238823,164020100
2015-07-09,170.83251953125,172.87518312654962,170.72414249051633,172.61671425266942,144113100
2015-07-10,172.98355102539062,173.40041904782046,170.87419984963972,172.82513914137888,129456900
2015-07-13,174.8927764892578,175.00115350121004,174.2007741926102,174.24246353034553,106069400
2015-07-14,175.6515350341797,175.96002607641583,174.79278777313695,174.85115541311302,81709600
2015-07-15,175.59312438964844,176.1517259350618,175.11788880399487,175.69316863008046,97914100
2015-07-16,177.00216674804688,177.00216674804688,176.40187577162789,176.6436536296121,106683300
2015-07-17,177.15225219726562,177.2106198337727,176.58531772618835,176.99384029452227,89030000
2015-07-20,177.24391174316406,177.73581287041966,176.92710075231818,177.37731254025718,70446800
2015-07-21,176.54351806640625,177.3689209125373,176.24337273343096,177.1104521832507,77965000
2015-07-22,176.22679138183594,176.56029344734014,175.8266016250339,175.85994547068282,88667900
2015-07-23,175.234619140625,176.4602120277821,174.87611878188716,176.36016778288803,90509100
2015-07-24,173.41708374023438,175.39303394072115,173.08359443714681,175.3346790374915,117755000
2015-07-27,172.40823364257812,173.04188104088917,171.9663546525979,172.53330165520254,132361100
2015-07-28,174.52593994140625,174.66767351979433,172.41658910232414,173.24197951304296,123544800
2015-07-29,175.7265625,175.9516620887631,174.50930218850357,174.65103579980737,105791300
2015-07-30,175.7682342529297,175.9349789129583,174.6009961891253,175.21796542521344,91304400
2015-07-31,175.5013885498047,176.29343502740363,175.21792142675645,176.2684239707699,103266900
2015-08-03,174.909423828125,175.52639288566456,173.95896554703882,175.4680379963532,113965700
2015-08-04,174.567626953125,175.29297311573126,174.08405860412074,174.83441582600307,81820800
2015-08-05,175.14291381835938,176.1767382349005,174.85943393213935,175.4597248225571,85786800
2015-08-06,173.7089385986328,175.4347658799372,173.1253130938221,175.32637610530585,116030800
2015-08-07,173.37539672851562,173.70055325602934,172.47496033190805,173.5504868841622,117858000
2015-08-10,175.55978393554688,175.64314989691428,174.4842574429596,174.4842574429596,80270700
2015-08-11,173.97573852539062,174.64273005734745,173.2170354987672,174.22586194010012,126081400
2015-08-12,174.1841583251953,174.36758129951346,171.2160596088534,172.67509789978138,172123700
2015-08-13,173.96739196777344,174.70941664884634,173.4254558251804,174.02574688422862,89383300
2015-08-14,174.60098266601562,174.67601584894675,173.63384590223302,173.77557948836994,72786500
2015-08-17,175.5764923095703,175.5764923095703,173.55051957690992,174.00907700255445,79072600
2015-08-18,175.06788635253906,175.65149902362893,174.83444128410312,175.301331420975,71692700
2015-08-19,173.68389892578125,175.09290215490807,172.87517394473667,174.32586652045595,172946000
2015-08-20,170.05712890625,173.65886172552786,169.99876128116887,172.1748126984539,194327900
2015-08-21,164.93798828125,170.0321155609395,164.67953216633668,168.18955347177467,346588500
2015-08-24,157.99295043945312,164.64615924941685,152.07342055854252,156.31714588799085,507244300
2015-08-25,156.13369750976562,162.9536498402753,155.84188490846205,162.93697156316705,369833100
2015-08-26,162.1282958984375,162.4034175624489,157.0508343737949,160.1440002975013,339257000
2015-08-27,166.13858032226562,166.26363563658603,162.75361411543824,164.26267427664732,274143900
2015-08-28,166.1468963623047,166.61378645112822,165.01301498010434,165.49658334975751,160414400
2015-08-31,164.80458068847656,166.02184075075263,164.25431191833255,165.17142653523922,163298800
2015-09-01,159.88555908203125,162.3867671258326,159.0184665026377,161.01109506866067,256000400
2015-09-02,162.9203643798828,162.96205372669115,160.42748901365306,162.26170577699753,160269300
2015-09-03,163.03704833984375,165.12138796903685,162.54514724058606,163.62899367032688,152087800
2015-09-04,160.5692138671875,161.62806215377893,159.75215614582967,160.78599337005926,207081000
2015-09-08,164.60446166992188,164.7545407372646,162.72022324123685,163.362203403593,116025700
2015-09-09,162.4034881591797,166.30538065563044,162.03665487376858,166.18032529944557,149347700
2015-09-10,163.2872314453125,164.4294459094821,161.95324850532432,162.21170467851854,158611100
2015-09-11,164.02919006347656,164.09589045579688,162.18662830079998,162.89530883762922,119691200
2015-09-14,163.42054748535156,164.25428327467455,162.93697920092842,164.20426116280294,79452000
2015-09-15,165.46324157714844,165.90512061114862,163.37890171043026,163.92082498705662,113806200
2015-09-16,166.89724731445312,167.0890157322511,165.42154392267057,165.76337869686665,99581600
2015-09-17,166.5220489501953,169.15665715006932,166.14687038190033,166.7638394581135,276046600
2015-09-18,163.80084228515625,166.50780585133356,163.39019601063427,164.0187487536993,223657500
2015-09-21,164.64735412597656,165.66978848327827,163.5997658860086,164.6305891335132,105726200
2015-09-22,162.51023864746094,162.971179937286,161.3788384622485,162.48509755782862,153890900
2015-09-23,162.25042724609375,163.14715588396928,161.67215665007348,162.67783852718148,92790600
2015-09-24,161.66378784179688,162.12472915587193,159.70270601966715,161.03523499204192,159378800
2015-09-25,161.62188720703125,163.42373351263564,160.7502868003842,163.12202764694086,155054800
2015-09-28,157.5655975341797,160.83407948138324,157.2555156054115,160.72512624676162,178515900
2015-09-29,157.6577911376953,159.01547380900044,156.6604853688763,157.78350936374622,159045600
2015-09-30,160.59945678710938,160.76706833242253,158.76408031426854,159.54347975454826,163452000
2015-10-01,161.01849365234375,161.32019955209685,159.08255279057036,160.97658756861168,131079000
2015-10-02,163.42376708984375,163.4489081848222,158.495907866993,159.040661430058,211003300
2015-10-05,166.33184814453125,166.5581307533342,164.5383778401069,164.647331093964,126320800
2015-10-06,165.76193237304688,166.7592381565138,165.09986240936743,166.1977325448011,110274500
2015-10-07,167.11968994140625,167.47167811893536,165.50220675758175,166.69226567816438,124307300
2015-10-08,168.628173828125,168.91311473391343,166.4324203846099,166.73412628130978,153055200
2015-10-09,168.7287139892578,169.20640746419622,168.10016119364352,168.7706200665533,107069200
2015-10-12,168.88795471191406,169.08908342854323,168.3767312439153,168.80414255469205,56395600
2015-10-13,167.8235626220703,169.42427982155294,167.65595113459193,168.15878559702708,88038700
2015-10-14,167.01907348632812,168.34322648356653,166.72575646799194,167.7649557607535,99106200
2015-10-15,169.58355712890625,169.59193322957273,167.3123806301731,167.68113366653773,134142200
2015-10-16,170.3545379638672,170.37129016102787,169.22313804661948,169.9857850193439,114580100
2015-10-19,170.43836975097656,170.43836975097656,169.3991706600181,169.7092526096829,76523900
2015-10-20,170.2205352783203,170.83232329032947,169.75121774648076,170.00264150652157,78448500
2015-10-21,169.1645050048828,170.79035073953665,168.99688070478732,170.6395042149771,102038000
2015-10-22,172.02232360839844,172.23184120585051,169.16451329798593,170.11152414267062,174911700
2015-10-23,173.90798950195312,174.27674253547696,172.89393144770239,173.6900957948435,144442300
2015-10-26,173.4805908203125,173.79067280838166,173.1118377599379,173.73201452401705,69033000
2015-10-27,173.1453094482422,173.48053241502902,172.4664618404037,172.8100736935189,77905800
2015-10-28,175.11483764648438,175.1399787397741,172.8185325397445,173.48060264294352,135906700
2015-10-29,175.01425170898438,175.3830047490535,174.49465212776337,174.61198147797265,90525500
2015-10-30,174.260009765625,175.52550452719265,174.10078709710965,175.20703361427752,131076900
2015-11-02,176.3216552734375,176.51440791141056,174.46113770568715,174.5868559557975,86270800
2015-11-03,176.83287048339844,177.38600006681244,175.7433763067183,175.9696589159223,95246100
2015-11-04,176.29647827148438,177.2518779531897,175.76011376224523,177.1261725166253,96224500
2015-11-05,176.1204833984375,176.81608334110962,175.23213085100582,176.35514207934628,78408700
2015-11-06,176.0283203125,176.26299181489833,174.70418019003608,175.77690939553904,110471500
2015-11-09,174.38568115234375,175.56736342301136,173.43865755824206,175.41650410925396,131008700
2015-11-10,174.78793334960938,174.8214633216322,173.6397811726082,173.90795700910348,75874600
2015-11-11,174.10079956054688,175.10648177213253,174.03375237471542,175.0561995797447,67846000
2015-11-12,171.6703338623047,173.5308511321067,171.65358166199235,173.06153376457812,121315200
2015-11-13,169.74278259277344,171.52787673580528,169.65898322089475,171.25970084267732,153577100
2015-11-16,172.3240509033203,172.3827219761185,169.44108635756888,169.5584285031652,117645200
2015-11-17,172.19833374023438,173.51409767680042,171.703875251433,172.63413394816544,121123700
2015-11-18,174.93043518066406,175.07290561750696,172.63413041421526,172.67602370486216,121342500
2015-11-19,174.77964782714844,175.19868317902942,174.4863179656541,174.81316502860352,88220500
2015-11-20,175.41647338867188,176.09530821184927,175.03934435223294,175.53380270640702,94011500
2015-11-23,175.21542358398438,175.97805809854208,174.754482204015,175.4752234196192,64931200
2015-11-24,175.4500732421875,175.85234352208911,173.82421434316055,174.20971963158328,98874400
2015-11-25,175.42489624023438,175.77688426159057,175.16508368329,175.57574276884174,51980100
2015-11-27,175.62603759765625,175.82717910489592,175.03939085313215,175.51708434940895,37317800
2015-11-30,174.89691162109375,175.9025935308499,174.78795837832422,175.78526418784404,112822700
2015-12-01,176.564697265625,176.68203941900245,175.24893315237756,175.52549796832068,97858400
2015-12-02,174.76278686523438,176.83282138984717,174.5113632345808,176.51435060515686,108441300
2015-12-03,172.3156280517578,175.28239116925315,171.59488711086138,175.0142153336303,166224200
2015-12-04,175.67628479003906,175.96961449785195,172.31562763233055,172.31562763233055,192913900
2015-12-07,174.6119842529297,175.76851278396063,173.6481955578069,175.34947755684817,102027100
2015-12-08,173.43865966796875,174.5616708891859,172.458118874404,173.05315446089486,103372400
2015-12-09,172.08937072753906,174.88852275963552,171.1172060065192,172.80173567385899,162401500
2015-12-10,172.5335235595703,173.84091114354192,171.9217358389554,172.15639449310737,116128900
2015-12-11,169.18963623046875,171.08367050452372,168.87954152371802,170.42160059431686,211173300
2015-12-14,170.0444793701172,170.17019760312135,167.5721742429756,169.34889219017325,182385200
2015-12-15,171.82955932617188,172.73467682022866,170.01932433805825,171.55299458177075,154069600
2015-12-16,174.34381103515625,174.64551693695873,171.63684680850224,172.9526108886259,197017000
2015-12-17,171.68710327148438,174.72091403822824,171.6703382828012,174.65386687143496,173092500
2015-12-18,168.6284637451172,171.0817527336505,168.468280667836,170.94687323113737,251393500
2015-12-21,170.01956176757812,170.19660966654243,168.6875281416203,169.80037124585664,99094300
2015-12-22,171.5623016357422,171.85737707901342,169.91834112162374,170.9047174300948,111026200
2015-12-23,173.68682861328125,173.72898408993737,172.4728229242392,172.5655598272645,110987200
2015-12-24,173.40017700195312,173.94817246379162,173.18098653564485,173.43390652848993,48539600
2015-12-28,173.00396728515625,173.0461099010935,171.93327984099471,172.70889178931722,65899900
2015-12-29,174.85025024414062,175.17904239882662,174.06621236144557,174.09992902631632,92640700
2015-12-30,173.61097717285156,174.6901035548786,173.46765881575018,174.60579258526704,63317700
2015-12-31,171.874267578125,173.577248708989,171.874267578125,172.93652912124026,114877900
2016-01-04,169.47152709960938,169.47995304876915,167.4228894178709,169.02470737729644,222353500
2016-01-05,169.7581329345703,170.2133785234323,168.65372918495945,169.7918495891355,110845800
2016-01-06,167.61683654785156,168.66222047693086,166.58830452056264,167.2121593520333,152112600
2016-01-07,163.59547424316406,166.45344151506174,163.20766174470162,164.67458789447326,213436100
2016-01-08,161.79974365234375,165.1129693840645,161.513106924341,164.5565478315544,209817200
2016-01-11,161.95989990234375,163.0558780579135,160.02930242058451,162.71864708325168,187941300
2016-01-12,163.2666473388672,164.01696859123618,161.14213716090515,163.40153973265294,172330500
2016-01-13,159.19468688964844,164.27832698024162,158.81531325949402,163.93267001905855,221168900
2016-01-14,161.8081512451172,162.92942017466441,158.20830205788596,159.80168151270632,240795600
2016-01-15,158.33474731445312,159.13564997514615,156.40414983282272,157.45797250848364,324846400
2016-01-19,158.54551696777344,160.27378878445893,156.9774282612069,160.14733520491595,195244400
2016-01-20,156.5137481689453,158.07341096946286,152.61039748829143,155.99105620650136,286547800
2016-01-21,157.39047241210938,159.2283323543087,155.6622012430965,156.98580824517373,195772900
2016-01-22,160.61941528320312,160.82174097213112,159.23680066466977,159.99554772623839,168319600
2016-01-25,158.1914520263672,160.30752363639772,157.9975522277229,160.11362383775347,130371700
2016-01-26,160.34967041015625,160.62788116564204,158.51180967058326,158.84902781199466,141036800
2016-01-27,158.60452270507812,161.49620578116728,157.70244437337146,159.82695436366987,185681700
2016-01-28,159.43067932128906,160.3496093411016,157.78671899592658,160.14728367892937,143798800
2016-01-29,163.31724548339844,163.45213789098824,160.07990488553142,160.19793252616049,210529300
2016-02-01,163.2581787109375,164.04222935059738,161.7322457690278,162.31395785495897,136061600
2016-02-02,160.31591796875,161.84185094381846,159.79321324293684,161.83342499457996,182564900
2016-02-03,161.27706909179688,161.68173350831097,157.73622650318634,161.36980602725322,205054900
2016-02-04,161.52993774414062,162.49944941735478,160.14732296923702,160.77961654673646,139531800
2016-02-05,158.45277404785156,161.58895134209288,157.82048044601333,161.01567798450176,180788300
2016-02-08,156.31982421875,156.9099622889876,154.1110162141271,156.61489968589137,191526700
2016-02-09,156.3282928466797,157.60131910006854,154.44827645822463,154.58316887226096,184513100
2016-02-10,156.19338989257812,158.7815717708362,156.06692344935064,157.1544756864922,148214100
2016-02-11,154.16159057617188,155.20698715558402,152.66937427376337,153.72319680234816,219058900
2016-02-12,157.33993530273438,157.35678720240546,155.0889717482724,155.9320298374662,127632400
2016-02-16,159.99560546875,160.02089618899345,158.18303524304264,159.14412120444007,120250700
2016-02-17,162.60906982421875,162.98001749067555,161.03254224177735,161.15900869027703,136009500
2016-02-18,161.9430694580078,162.93788496403232,161.63114199637977,162.87886470694102,102343000
2016-02-19,161.8671875,162.01893181353807,160.56044461143512,161.167447593684,114793000
2016-02-22,164.2108917236328,164.3542100883974,163.37625939042303,163.44370559690904,103640300
2016-02-23,162.13697814941406,163.8230947464884,162.01893763813206,163.55330991621312,111455300
2016-02-24,162.87879943847656,163.15701011603204,159.6077432180979,160.71214711551747,150812200
2016-02-25,164.85157775878906,164.86001657290862,162.5668974763839,163.3256446324791,110728300
2016-02-26,164.47225952148438,165.81271928483804,164.31207636786658,165.71999521069117,129833700
2016-02-29,163.1823272705078,165.43329090200194,162.9884275052904,164.48906992628648,125918100
2016-03-01,167.018310546875,167.10262153774923,163.93271352321347,164.40482419838662,141799700
2016-03-02,167.7686004638672,167.81918190324672,166.29324844973772,166.7063516447515,102415000
2016-03-03,168.4261016845703,168.44296644404685,167.0181965732756,167.591469755054,95172200
2016-03-04,168.97413635253906,169.74976115952904,167.7938601054609,168.62005347841563,129293600
2016-03-07,169.10903930664062,169.5137165001027,167.97934441899835,168.05521656875482,100219000
2016-03-08,167.2627410888672,168.54419314985492,167.10257083728501,168.0383659502354,123974900
2016-03-09,168.08895874023438,168.43460284757697,167.288043107976,168.07209397322683,94801200
2016-03-10,168.22390747070312,169.51379896429842,166.40291067044313,168.57800340325295,156838700
2016-03-11,170.93844604492188,170.9806015203438,168.2069461885924,169.6738589665338,137964500
2016-03-14,170.7193145751953,171.17456042054744,170.10388558631487,170.43267782574958,73612000
2016-03-15,170.4410400390625,170.74454144381465,169.49681916385336,169.75816509438127,93169100
2016-03-16,171.4274139404297,171.83209105035002,169.9183457514907,169.96050122511295,129303200
2016-03-17,172.5150146484375,173.02084188245536,170.94692578129084,171.34316418983127,134278500
2016-03-18,173.1929168701172,173.53187424367286,172.701419627185,173.01495584424373,138372400
2016-03-21,173.4385986328125,173.66740189200755,172.70135949032795,172.930162749523,72926700
2016-03-22,173.34547424316406,173.91323505526816,172.50655007068661,172.66754644663476,97471900
2016-03-23,172.20152282714844,173.15061420240843,172.03203114122326,172.96418369221092,81052500
2016-03-24,172.12518310546875,172.15908660234746,170.955771071062,171.17609207919185,84360900
2016-03-28,172.2268829345703,172.7522707695527,171.77775857297658,172.5404191676539,62408200
2016-03-29,173.81997680664062,173.930143763803,171.515030627081,171.82009741350487,92922900
2016-03-30,174.58262634277344,175.3029138438038,174.21823495839973,174.81989904080604,86365300
2016-03-31,174.15895080566406,174.91314191454202,173.99794153572478,174.48943875381522,94584100
2016-04-01,175.34527587890625,175.53170626301244,172.8538997734796,173.16744883605352,114423500
2016-04-04,174.77752685546875,175.47240613852486,174.47246010955988,175.26902399778817,63497000
2016-04-05,173.0319061279297,174.78603056334993,172.7776816347166,173.43865755883377,99662200
2016-04-06,174.92161560058594,174.98094025112778,172.85394205681024,173.03190307804113,91839800
2016-04-07,172.8285675048828,174.19289260089965,172.09979733687882,173.83698339286025,113859000
2016-04-08,173.29457092285156,174.43857448496388,172.76070086981346,174.00638903997393,95040600
2016-04-11,172.8878631591797,174.62504892364467,172.79464793483095,173.9301694457003,83757500
2016-04-12,174.49794006347656,174.7775857523279,172.6166966514925,173.05735163971852,115350600
2016-04-13,176.26052856445312,176.34527437534416,175.2775340518565,175.41312217712402,96336400
2016-04-14,176.26901245117188,176.76899208786213,175.92158563093162,176.31986770012065,65212900
2016-04-15,176.07408142089844,176.40456936338802,175.75206288653632,176.26898125098356,75761600
2016-04-18,177.3113250732422,177.3452156408778,175.4131300257505,176.07410600301003,82531000
2016-04-19,177.87057495117188,178.12479942403957,177.0570721544678,177.73499977198375,88316100
2016-04-20,178.0401153564453,178.73498198033556,177.43845103674758,177.91299661996968,81100300
2016-04-21,177.08253479003906,178.16721405999155,176.8113585073525,178.05704707885053,85695000
2016-04-22,177.08253479003906,177.35369814232877,176.18428598183434,176.7266256168106,99251700
2016-04-25,176.77748107910156,176.81985399272102,175.87074986315722,176.4808836141633,66166500
2016-04-26,177.0401153564453,177.54856428767246,176.56556991684315,177.14179997053336,75864200
2016-04-27,177.404541015625,177.79434073179453,176.3029100722661,176.6588192206628,77329400
2016-04-28,175.79449462890625,177.752001784273,175.379273674979,176.65038356084295,97216200
2016-04-29,174.84532165527344,175.5232491969226,173.74369101639257,175.17580955389846,142424100
2016-05-02,176.23512268066406,176.41307079640367,174.91317067072708,175.34534331077683,62188000
2016-05-03,174.7013397216797,175.24367940351192,173.95561781026115,175.00640660086017,106422100
2016-05-04,173.72671508789062,174.43854601924568,173.2267486060506,173.70977627624188,92243800
2016-05-05,173.69288635253906,174.54876213947264,173.26918316349162,174.1928530123202,67619200
2016-05-06,174.32839965820312,174.37077255310513,172.7691753967892,172.9217023019659,89315000
2016-05-09,174.47250366210938,174.90467627236418,174.02337930329685,174.20134033716386,74374900
2016-05-10,176.641845703125,176.65879745012035,175.10804232510174,175.1758363826888,77472200
2016-05-11,174.98939514160156,176.7180982468476,174.98939514160156,176.18424108823578,81727000
2016-05-12,175.04025268554688,175.82834731079288,174.03183706537783,175.65885569735008,89586300
2016-05-13,173.51495361328125,175.29451246957413,173.1929479297748,174.74370340616778,96474600
2016-05-16,175.22674560546875,175.70129125939403,173.62514755827127,173.68447223021158,77486800
2016-05-17,173.5911865234375,175.2436262299386,173.06578582235952,174.95551118991153,114924900
2016-05-18,173.64202880859375,174.81992305361686,172.557349774201,173.24374681139082,120062100
2016-05-19,173.0403594970703,173.32847452848824,171.83704413315402,172.92172313528684,115430500
2016-05-20,174.13352966308594,174.65044803642593,173.59965954280523,173.65050185323304,104990400
2016-05-23,173.8963165283203,174.43017390117976,173.70988603925866,174.1505281675873,58682600
2016-05-24,176.15037536621094,176.46392454670195,174.68436582204296,174.7097869812184,93537800
2016-05-25,177.34515380859375,177.76038746713309,176.15030806229205,176.82823555220452,76621400
2016-05-26,177.39605712890625,177.7096062974516,177.08252089075677,177.48080294319328,55280700
2016-05-27,178.1587371826172,178.16720659219732,177.5062305938494,177.55707291212292,64211200
2016-05-31,177.81979370117188,178.54009446656318,177.26050225489618,178.42992747340026,109879400
2016-06-01,178.1841583251953,178.36210643913597,177.0147332834286,177.2096331469243,69936200
2016-06-02,178.7264862060547,178.74342502410155,177.31131907541297,177.78586458863467,63044700
2016-06-03,178.19264221191406,178.54008198883983,176.98932650367107,178.16722105071435,101757100
2016-06-06,179.0993194580078,179.45522853801452,178.38748836760095,178.548497626974,64887000
2016-06-07,179.37893676757812,179.93822795837676,179.2264098593925,179.25183101075677,60974800
2016-06-08,179.96368408203125,180.0908027939479,179.38745396527267,179.51455974679448,66170900
2016-06-09,179.7179412841797,179.8365776566402,178.96375014559598,179.23491345533657,73786900
2016-06-10,178.0146484375,178.6840937280972,177.47229598991518,178.3451363787507,113829200
2016-06-13,176.641845703125,178.26886429403115,176.55711282893694,177.41298856148404,117751200
2016-06-14,176.29440307617188,176.88759783759872,175.34531214651957,176.26051251313893,125059300
2016-06-15,176.0487060546875,177.41303108091927,175.8622755842411,176.29444825824095,109124500
2016-06-16,176.57406616210938,176.74355778520848,174.2182774214604,176.0486783356093,149533100
2016-06-17,175.91651916503906,176.4957460782021,175.26061916236992,176.4701927142474,117055700
2016-06-20,177.04933166503906,178.5485178186072,176.96414516867182,177.8755912887902,82789600
2016-06-21,177.55197143554688,177.96083819196116,176.98977152195235,177.4327180900244,72461700
2016-06-22,177.26234436035156,178.4548777236498,177.1175246684293,177.73083125459377,95560500
2016-06-23,179.5707244873047,179.62183119566257,178.2589379814508,178.71891135430852,102731400
2016-06-24,173.12252807617188,179.6048273711775,172.67958155075527,173.4547347208247,333444400
2016-06-27,170.02194213867188,171.72556876131333,169.2127090948055,171.71704230971076,230775800
2016-06-28,173.08843994140625,173.11399329763964,171.31666692260927,171.62332019504794,159382400
2016-06-29,176.03575134277344,176.26573159068695,174.3832313518315,174.48544479534866,137328600
2016-06-30,178.43788146972656,178.48898819813584,175.95058770521945,176.5042742574847,165021900
2016-07-01,178.81260681152344,179.298146523958,178.27596039201924,178.43780696283076,106055300
2016-07-05,177.52638244628906,178.09709569943664,176.9301158383466,177.986355830234,109803700
2016-07-06,178.5911865234375,178.71043987015673,176.37646665849195,177.03236656426765,96021500
2016-07-07,178.48043823242188,179.43446496128354,177.71381146782082,178.77005163259213,85593800
2016-07-08,181.1380615234375,181.38509461612574,179.5451750888838,179.77516827919834,133971000
2016-07-11,181.77694702148438,182.34767335157056,181.39363364866333,181.5980735130661,73633900
2016-07-12,183.09725952148438,183.39539936460767,181.8024997136228,182.7394995083198,101275600
2016-07-13,183.0717315673828,183.52319162266443,182.58620469558443,183.51467816794545,87324100
2016-07-14,184.0938720703125,184.56237194878827,183.70204526114256,184.33237873614772,91230900
2016-07-15,183.8468475341797,184.85198088781613,183.4039010235686,184.65606748793815,107155400
2016-07-18,184.34092712402344,184.50277373745146,183.71058057636697,183.96612717664067,58725900
2016-07-19,184.15350341796875,184.18757022804962,183.6764900910065,183.92351020759827,54345700
2016-07-20,184.92013549804688,185.15864216846145,184.15350877137692,184.15350877137692,58159500
2016-07-21,184.2216796875,185.03089978296316,183.77873309932338,184.80943298769506,67777300
2016-07-22,185.04794311523438,185.09904983834693,184.0768763831738,184.3409364510158,62787500
2016-07-25,184.54534912109375,184.89459569896835,183.96612230693654,184.84348897979444,55873100
2016-07-26,184.63055419921875,184.9883142670159,183.78725425521344,184.44315421166203,70080500
2016-07-27,184.4346160888672,185.0734760525525,183.66797633386125,185.0053294300427,84083900
2016-07-28,184.64752197265625,184.9371352956895,183.77866900592056,184.23864234264187,65035700
2016-07-29,184.94566345214844,185.3034234086294,184.1023767681707,184.38347666204226,79519400
2016-08-01,184.7923583984375,185.3971384940866,184.34089844051198,185.00531169925665,73311400
2016-08-02,183.6083526611328,184.698672605218,182.7735792971761,184.54533945808532,92295500
2016-08-03,184.14498901367188,184.20462218226243,183.25059546592718,183.54872231596235,53993600
2016-08-04,184.34092712402344,184.65609389903167,182.5010071992208,184.25574059138555,46585500
2016-08-05,185.8485870361328,185.89118029320792,184.3408871172442,184.3408871172442,71892200
2016-08-08,185.7378692626953,186.1382225030644,185.47380925258756,186.03599608154948,39906500
2016-08-09,185.8485870361328,186.3426402234022,185.52490687716386,185.80600677669491,51251700
2016-08-10,185.38856506347656,186.03593820937604,185.0393186436898,185.95927816531565,57941100
2016-08-11,186.24891662597656,186.49594968708675,185.65265009548986,185.91671005916,72504300
2016-08-12,186.08714294433594,186.30009627357856,185.68678964554863,185.942323242528,61313500
2016-08-15,186.6237335205078,186.97298001947587,186.44486004381267,186.45337349587163,49813500
2016-08-16,185.6612091064453,186.27450264705396,185.6612091064453,186.20636902959353,53213600
2016-08-17,186.01043701171875,186.14673023779346,184.86049703551163,185.69527029935375,75134300
2016-08-18,186.4278564453125,186.4619232578189,185.8741830080184,185.98490989689367,52989300
2016-08-19,186.1552276611328,186.33411412965725,185.47378758471052,185.95931428904322,75443000
2016-08-22,186.14671325683594,186.37670643015156,185.5504466941994,185.91672008352035,61368800
2016-08-23,186.5215301513672,187.05817660563002,186.46189699083246,186.76003679823123,53399200
2016-08-24,185.56753540039062,186.47045543237448,185.15014219795066,186.37675544805694,71728900
2016-08-25,185.43972778320312,185.85712092302123,185.03086109372353,185.18418122816422,69224800
2016-08-26,185.09051513671875,186.64933511037958,184.20463498108924,185.62716170076396,122506300
2016-08-29,186.00193786621094,186.26599788851843,185.18419144450021,185.21827125245898,70502200
2016-08-30,185.69525146484375,186.19781806267832,185.14157816182413,185.91671818652438,58114500
2016-08-31,185.16714477539062,185.4823114783603,184.3919916975407,185.36305815850932,85269500
2016-09-01,185.17567443847656,185.46528781237726,184.01720794523555,185.1586345348241,97844200
2016-09-02,186.01043701171875,186.43634359497415,185.43972374987302,186.02747691438745,79293900
2016-09-06,186.57264709472656,186.64930716450087,185.57602719474625,186.29154717458266,56702100
2016-09-07,186.5555877685547,186.73447424370875,185.9508077286711,186.41078109706655,76554900
2016-09-08,186.1296844482422,186.49597085702842,185.8230311980916,186.22338441350036,74102900
2016-09-09,181.67469787597656,184.86899701764105,181.64914452265418,184.81789031099626,221589100
2016-09-12,184.28126525878906,184.68161850409962,180.8484590897426,180.91660570571437,168110900
2016-09-13,181.6321563720703,183.26763643886903,181.0103362679948,183.00357638087698,182828800
2016-09-14,181.56396484375,182.88427780483661,181.0102915040864,181.6832181629531,134185500
2016-09-15,183.37835693359375,183.76167029972945,181.2232704331191,181.40215693605646,134427900
2016-09-16,182.66946411132812,182.94342749776695,181.9845817718176,182.76363739250482,155236400
2016-09-19,182.70370483398438,183.96219630356973,182.3783765984122,183.32010935228303,80250500
2016-09-20,182.7122802734375,183.7139344539165,182.67804138032696,183.55983983997842,69665300
2016-09-21,184.76699829101562,184.94677537147538,182.72943762383147,183.4143331732737,110284400
2016-09-22,185.93125915527344,186.23090496857742,185.52889666963492,185.77716455183224,76678700
2016-09-23,184.91249084472656,185.67443352635397,184.81831756662461,185.537451837607,73630900
2016-09-26,183.41433715820312,184.2618838253767,183.21742102902655,184.08210674101107,89827300
2016-09-27,184.5529327392578,184.6470929586741,182.88349608546716,183.25163275907568,78494800
2016-09-28,185.46896362304688,185.62307129089558,183.81666606772146,184.77551177596033,87411000
2016-09-29,183.79098510742188,185.66588132423695,183.24307136462014,185.26350574056914,128070600
2016-09-30,185.17784118652344,185.87984931562187,184.37309028336225,184.62135810549358,117202900
2016-10-03,184.7327423095703,184.9553278063955,184.09921165404296,184.76699427111006,83512100
2016-10-04,183.79098510742188,185.06660270918726,183.2002760132762,184.8440172416814,119948100
2016-10-05,184.6043243408203,185.03238240361438,184.3474868904848,184.4159777481273,72816000
2016-10-06,184.7327423095703,184.9553278063955,183.84238725897382,184.38173155191478,62927400
2016-10-07,184.09921264648438,185.17792736477304,183.37152175103935,185.00670674603865,89788300
2016-10-10,185.0580291748047,185.52032604567063,184.91249102910072,185.0580291748047,51855000
2016-10-11,182.7208251953125,184.69846405905517,181.99313445883374,184.62997321386428,130367400
2016-10-12,182.96058654785156,183.48281791726936,182.36129479750986,182.85784372771823,73866100
2016-10-13,182.36126708984375,182.8578159446073,180.82026871823211,181.63357631731463,101357000
2016-10-14,182.45545959472656,183.79956814610816,182.37841228068805,183.33725813528716,93346200
2016-10-17,181.82192993164062,182.68660243484823,181.6421398142282,182.42976500852797,58275700
2016-10-18,182.96058654785156,183.4742483953358,182.58389335505242,183.414327058279,76869700
2016-10-19,183.4485626220703,183.75676495027773,182.86640992617598,183.22597713186872,66519200
2016-10-20,183.1061248779297,183.66259514566121,182.44691178997869,183.09755535598893,73639800
2016-10-21,183.19168090820312,183.27729772552206,182.1472184407151,183.10607715417646,89089100
2016-10-24,183.97076416015625,184.3389008279515,183.61975346984508,184.0649374413789,60146600
2016-10-25,183.35435485839844,184.04780670068533,183.19169073474242,183.79096929824388,66542300
2016-10-26,182.9862518310547,183.56840448294915,182.29278684752947,182.532511363168,75705500
2016-10-27,182.49827575683594,183.73964154554864,182.42122843952794,183.70540264784358,77220200
2016-10-28,181.95887756347656,183.14887820685595,181.24831282341424,182.4725523568128,140623200
2016-10-31,181.9674530029297,182.51536670410897,181.8047888776386,182.2927681902188,61272500
2016-11-01,180.6490478515625,182.34416708158656,179.44193411679908,182.2927891440418,122781800
2016-11-02,179.56178283691406,180.72610117322677,179.12515529623803,180.34083850479635,103330800
2016-11-03,178.73992919921875,179.98986452919675,178.465978823447,179.77583549116116,88939300
2016-11-04,178.54299926757812,179.690191603582,178.3974611112159,178.85120155849046,109122100
2016-11-07,182.4811248779297,182.51537683425684,178.54299901440498,178.54299901440498,109794900
2016-11-08,183.3030242919922,183.8680640704405,181.82194705147958,182.08734096045808,106772100
2016-11-09,185.2463836669922,185.8627882300816,181.78766772262458,181.81335015747885,258429000
2016-11-10,185.70867919921875,186.89867990417122,184.2532846271845,186.03400745605103,172113300
2016-11-11,185.28062438964844,185.52033582618566,184.338904621336,184.98954808289514,100552700
2016-11-14,185.42616271972656,186.00832839708144,184.68134597429705,185.80285585272793,94580000
2016-11-15,186.8729705810547,186.8729705810547,185.60592275441377,185.81138220218224,91652600
2016-11-16,186.5220184326172,186.75317344713747,186.1367687839471,186.25662452049548,65617700
2016-11-17,187.4808349609375,187.54075628400358,186.56478463203283,186.67608388481742,69797200
2016-11-18,187.0613250732422,187.72053797721748,186.88153498550636,187.5493174090308,86265800
2016-11-21,188.47398376464844,188.49966620661488,187.48945532047617,187.63499351271832,72402600
2016-11-22,188.84207153320312,189.02184858031546,188.11436769753672,188.7821371419699,67429000
2016-11-23,188.94480895996094,188.9961738326538,188.13150132797097,188.32840436105832,56620200
2016-11-25,189.64682006835938,189.68105896052663,189.2101925476429,189.28725291578274,37872300
2016-11-28,188.75645446777344,189.61257047886514,188.6537247266964,189.33862014822847,76572500
2016-11-29,189.12461853027344,189.57835903678915,188.4910878875461,188.79073376013366,69886700
2016-11-30,188.6708984375,189.90370789549405,188.61096403117952,189.74104372210638,113291800
2016-12-01,187.97743225097656,188.97051707232507,187.61785196668092,188.97051707232507,79040500
2016-12-02,188.07162475585938,188.55961732306042,187.71205747316827,188.06306829554467,74840300
2016-12-05,189.20167541503906,189.54411666106003,188.70512646400132,188.90202952729857,67837800
2016-12-06,189.80091857910156,189.8351705352663,188.91056366822536,189.3899865481813,59877400
2016-12-07,192.2836456298828,192.3435669528581,189.52695125399703,189.6468069632402,110738100
2016-12-08,192.75457763671875,193.22544420929003,191.99263466048444,192.25804168378673,99714400
2016-12-09,193.9188232421875,193.93594921927246,192.94285156103166,192.9771035152016,88005800
2016-12-12,193.69630432128906,194.30415261529737,193.27680265002715,193.82471653529913,102016100
2016-12-13,194.98899841308594,195.48554731913939,194.33835487927195,194.35548085901033,110477500
2016-12-14,193.3795166015625,195.3913816792487,192.94288901254768,194.68937324201593,142501800
2016-12-15,194.17576599121094,195.0318824238256,193.3881404408014,193.6192955353314,124972600
2016-12-16,193.79592895507812,194.6915449704416,193.47730315707153,194.6312573112015,156420200
2016-12-19,194.2178955078125,194.63986968501598,193.830375174617,193.97677116092234,90341100
2016-12-20,194.96710205078125,195.11351117714477,194.5193072017222,194.7518115170943,89838800
2016-12-21,194.42462158203125,195.01020565505,194.42462158203125,194.83797581829708,67909000
2016-12-22,194.0887451171875,194.39876404162973,193.69260471473083,194.27820185658513,56219100
2016-12-23,194.3728485107422,194.38145539880819,193.9422675822742,194.131711101736,36697800
2016-12-27,194.8551483154297,195.25127551528226,194.6226308736002,194.6398577945518,42672500
2016-12-28,193.24478149414062,195.13072870792,193.13283934987078,195.1135149259041,64095000
2016-12-29,193.20175170898438,193.6667735318223,192.7625505615506,193.31369386357355,48696100
2016-12-30,192.49559020996094,193.6151037253256,191.80665780509864,193.52898224710808,108998300
2017-01-03,193.9681396484375,194.4762220905839,192.79695876636885,193.7958967308444,91366500
2017-01-04,195.12210083007812,195.26849680321703,194.28677258194588,194.2953794720281,78744400
2017-01-05,194.96710205078125,195.12211806798737,194.17483446364827,194.85515990866216,78379000
2017-01-06,195.6646270751953,196.12964878124782,194.53649379847863,195.07903007244784,71559900
2017-01-09,195.01878356933594,195.54409299917106,194.98432972524992,195.4063039034097,46939700
2017-01-10,195.01878356933594,195.87132567623993,194.63125009497077,195.03599735108756,63771900
2017-01-11,195.5699005126953,195.5699005126953,194.2695374492885,194.9326358857143,74650000
2017-01-12,195.07904052734375,195.26849723189008,193.7270229252161,195.05320671675017,72113200
2017-01-13,195.52685546875,195.82825431654757,195.21683659025288,195.25127729217894,62717900
2017-01-17,194.83790588378906,195.29432070049256,194.4503856051168,194.8895735022401,61240800
2017-01-18,195.2685089111328,195.31156964479436,194.53651585975967,195.08765908587074,54793300
2017-01-19,194.54510498046875,195.4837683798126,194.114523992848,195.3459793101046,66608800
2017-01-20,195.25985717773438,195.75071263593273,194.59675882444665,195.2254033426013,129168600
2017-01-23,194.75177001953125,195.32014006102685,193.9939564378257,195.25986555738928,75061600
2017-01-24,196.00047302246094,196.41382709593856,194.8551260056911,194.9670681283333,95555300
2017-01-25,197.6969451904297,197.6969451904297,196.78410253166146,196.94772539634906,84437700
2017-01-26,197.4903106689453,197.8175564796249,197.21473248304858,197.55058518442826,59970700
2017-01-27,197.18028259277344,197.7141988777078,196.9994327741686,197.5678029008803,59711100
2017-01-30,195.95741271972656,196.51716275501758,194.97568858040952,196.49132894663734,79737300
2017-01-31,195.94020080566406,196.0004884566942,194.89820208042732,195.4665590486064,75880800
2017-02-01,196.0177001953125,196.853028428981,195.4321163128962,195.94019876504385,79117700
2017-02-02,196.1468963623047,196.43108143382898,195.32879499049955,196.01771416236227,69657600
2017-02-03,197.49888610839844,197.67973590662965,196.74107249844477,197.05109133806323,80563200
2017-02-06,197.14584350585938,197.49031624796152,196.809990794992,197.09417587961693,57790100
2017-02-07,197.15444946289062,197.7744872141205,196.964992753332,197.53336288200782,57931200
2017-02-08,197.41278076171875,197.54194980504766,196.61189327221177,197.15442953477168,51566200
2017-02-09,198.5839385986328,198.88533737824977,197.41275789372457,197.41275789372457,65955200
2017-02-10,199.36761474609375,199.59152528133336,198.60118107303498,198.92842684589928,66015900
2017-02-13,200.45272827148438,200.71107955863835,199.83269043843177,199.85852425311793,55182100
2017-02-14,201.25355529785156,201.2621753275736,199.92737160929255,200.27183115065384,71109000
2017-02-15,202.30416870117188,202.49362538606246,200.98659193643488,201.0382595522616,86785800
2017-02-16,202.13197326660156,202.51088670074023,201.38276642928537,202.33003687434092,84722400
2017-02-17,202.45059204101562,202.45059204101562,201.4516408656272,201.46886778666237,77204100
2017-02-21,203.6562042236328,203.82843399397925,202.81225601044366,202.82087604014896,88946100
2017-02-22,203.47540283203125,203.6993002727197,203.08788247148524,203.2515053913428,62115200
2017-02-23,203.61314392089844,204.00927107949298,202.85531716144558,203.99205730062485,74615900
2017-02-24,203.87155151367188,203.91459911303326,202.72620416839197,202.7692649080462,82381600
2017-02-27,204.1901397705078,204.36236955714747,203.535661325161,203.78539254474492,56515400
2017-02-28,203.6389923095703,204.05234641691743,203.25147201266427,203.81122209260744,96961900
2017-03-01,206.48944091796875,206.95447579618843,205.27519924075014,205.29242616150023,149158200
2017-03-02,205.1890869140625,206.308600215748,205.13741929311072,206.29998018539592,70246000
2017-03-03,205.3182830810547,205.4819059958703,204.72407908105768,205.102992538464,81974300
2017-03-06,204.7068328857422,205.05989933306515,204.10400894970482,204.52598307687302,55391500
2017-03-07,204.0953826904297,204.7584810729663,203.88869909137853,204.40540151886213,65103700
2017-03-08,203.71649169921875,204.6465482866462,203.57870261805394,204.38819704453468,78168800
2017-03-09,203.9748077392578,204.3020534654755,203.01031061813754,203.83701868187268,90683900
2017-03-10,204.68966674804688,204.97385188049256,203.74238297322788,204.93079113794738,81991700
2017-03-13,204.79293823242188,204.8359989615552,204.30208271311278,204.62931534588895,57256800
2017-03-14,204.00927734375,204.3020824172589,203.39785966792678,204.25040165819996,59880800
2017-03-15,205.77471923828125,206.19669347585736,204.34518673412697,204.57770422342756,96081800
2017-03-16,205.36990356445312,205.98994123600284,205.04267095023275,205.91243981213134,78344000
2017-03-17,205.00930786132812,205.82232414995448,205.00930786132812,205.6320431803841,89002100
2017-03-20,204.78436279296875,205.29465557467637,204.3951566577249,205.00923422284296,52537000
2017-03-21,202.1550750732422,205.51092452648842,202.02534406755785,205.38983785536394,131809300
2017-03-22,202.63075256347656,202.9161739384226,201.56691885500925,202.1896540008086,97569200
2017-03-23,202.41455078125,203.54757889187846,202.04264643239952,202.63077792289533,100410300
2017-03-24,202.26748657226562,203.2880721879376,201.4890742619211,202.71724265249742,112504900
2017-03-27,202.05990600585938,202.31938117796201,200.32144478844586,200.59820862722134,87454500
2017-03-28,203.5302734375,203.9540701538015,201.6447660551732,201.75720838274196,93483900
2017-03-29,203.72055053710938,203.95407953685887,203.01997673531778,203.24486140080134,61950400
2017-03-30,204.36923217773438,204.56817064319617,203.48703497312647,203.66001404084622,56737900
2017-03-31,203.89352416992188,204.55949417887837,203.84161857669875,204.0318994928165,73733100
2017-04-03,203.53890991210938,204.14434319591695,202.3107414799695,203.94541794497783,85546500
2017-04-04,203.66864013671875,203.75513626156143,202.872925938498,203.25348777187656,56466200
2017-04-05,203.06320190429688,205.32061345411282,202.85561912820899,204.34326269653357,108800600
2017-04-06,203.634033203125,204.15297031801492,202.76046728392677,203.20157900865607,69135800
2017-04-07,203.42649841308594,204.11842792690598,202.94215171264923,203.38325034394884,74412300
2017-04-10,203.5475311279297,204.3432452387694,203.01993649822074,203.56483299048935,67615300
2017-04-11,203.3053741455078,203.40915893428013,201.81773058497976,203.16698562884116,88045300
2017-04-12,202.41455078125,203.21892261084852,202.18967930502347,203.02864167040403,81864400
2017-04-13,201.09988403320312,202.8124124799033,201.09988403320312,202.07723492675308,92880400
2017-04-17,202.881591796875,202.881591796875,201.41989433024537,201.61881958860167,68405400
2017-04-18,202.2761688232422,202.81242112623795,201.59289684029733,202.1464378130178,83225800
2017-04-19,201.90420532226562,203.21021216665906,201.67932070713752,202.83830791464553,68699900
2017-04-20,203.5475311279297,203.98864283974876,202.19827619226862,202.5182880636242,92572200
2017-04-21,202.8988800048828,203.52161517502364,202.50102948907167,203.46972277708795,110389800
2017-04-24,205.1303253173828,205.33790808615962,202.8729138470728,205.13896965036957,119209900
2017-04-25,206.3239288330078,206.669886959925,205.68389178100873,205.77038791146632,76698300
2017-04-26,206.19418334960938,207.17153418835883,206.15094848210717,206.28932381353593,84702500
2017-04-27,206.36715698242188,206.66986701489674,205.83090478075857,206.51418983204485,57410300
2017-04-28,205.91741943359375,206.65258374786688,205.7876752387527,206.62663754838997,63532800
2017-05-01,206.4363555908203,206.8601655092565,206.02120320380425,206.4363555908203,66882500
2017-05-02,206.51422119140625,206.69584459897976,206.10771311117955,206.57475792811164,57375700
2017-05-03,206.2633819580078,206.60935328750722,205.588754362305,206.51421282157696,73137700
2017-05-04,206.50552368164062,206.64391219225826,205.6579171496534,206.56607360408137,61462700
2017-05-05,207.31857299804688,207.33587486401794,206.43636259791836,206.87747439671105,62001300
2017-05-08,207.2839813232422,207.50885278980158,206.86017139275205,207.3618199234985,48385700
2017-05-09,207.0937042236328,207.7423856326874,206.74773288699615,207.54346036253196,51363200
2017-05-10,207.46563720703125,207.46563720703125,206.84290191256463,207.05048474320645,54293800
2017-05-11,207.04180908203125,207.20614381507636,205.96067341458388,207.01586288180906,62358300
2017-05-12,206.69581604003906,207.08502219994918,206.4276965342667,206.7909564966798,53912700
2017-05-15,207.83753967285156,207.95862634921738,207.10236208226476,207.11966394959072,61918900
2017-05-16,207.647216796875,208.15750960156078,207.25801064410544,208.13156340453983,51241800
2017-05-17,203.96273803710938,207.64724366280345,203.90218810458956,207.64724366280345,172174100
2017-05-18,204.78436279296875,205.631969318215,203.62537552258183,203.88485067856263,107047700
2017-05-19,206.1163330078125,206.7823162173544,205.21683401621968,205.268726412231,115011400
2017-05-22,207.16293334960938,207.32726811248173,206.55749990544214,206.6266809869533,61010600
2017-05-23,207.6212921142578,207.78562684405628,207.15423412457204,207.53479598358814,48341700
2017-05-24,208.10565185546875,208.20943666083193,207.5175071643434,207.85483417668863,46927700
2017-05-25,209.10025024414062,209.37702726719854,208.40833408140554,208.61590365124414,64071700
2017-05-26,209.05703735351562,209.2213588810894,208.83215269928246,208.90999129615258,46629900
2017-05-30,208.8754119873047,209.12622965651605,208.58134625168944,208.73702345379505,35201900
2017-05-31,208.823486328125,209.20404813593743,208.13155696823463,209.16944440934273,91796000
2017-06-01,210.48410034179688,210.50140220439292,208.99645689744077,209.28187824173105,68962000
2017-06-02,211.1846923828125,211.34038276481593,210.2419453498353,210.5360110522851,88666100
2017-06-05,211.029052734375,211.29717228709103,210.8301142554598,211.0117508671959,44698800
2017-06-06,210.35440063476562,211.0203706729839,210.27654884023806,210.4668297647165,50375400
2017-06-07,210.74359130859375,210.9684627494031,210.02571572770137,210.69169891436508,54144300
2017-06-08,210.84739685058594,211.32309917359729,210.3198021282382,210.83875251651543,65950700
2017-06-09,210.52743530273438,211.91128134020343,209.26466276105234,211.11556689923026,132256400
2017-06-12,210.48410034179688,210.5359927321307,209.6364938389512,210.2851751130325,86108100
2017-06-13,211.5133514404297,211.56524383273413,210.6743892382955,211.02034731862815,60067000
2017-06-14,211.24525451660156,211.79013789146447,210.42358089248344,211.78149355764182,78602300
2017-06-15,210.83871459960938,210.95980124210382,209.61919064469484,209.89595445720175,66464900
2017-06-16,210.88482666015625,211.04996279608503,210.00701378083883,210.99781733459514,84553100
2017-06-19,212.64047241210938,212.70130436516789,211.61489634368257,211.71050078004595,65123800
2017-06-20,211.20639038085938,212.2927983226885,211.18901740229742,212.2841118334075,56906400
2017-06-21,211.1542510986328,211.7104914506489,210.684928689232,211.59751403942832,55977600
2017-06-22,211.0586395263672,211.65833882940308,210.8848169088331,211.16294370634014,44148100
2017-06-23,211.31068420410156,211.64094318419558,210.73705765609583,211.1194753547663,66986800
2017-06-26,211.44973754882812,212.39709532104865,211.24115571861205,211.97990513698605,56700500
2017-06-27,209.74623107910156,211.5279424723989,209.72884484149196,211.23242948028994,82247700
2017-06-28,211.6236114501953,211.82350682734375,210.52850359751773,210.763171460494,70042600
2017-06-29,209.7635955810547,211.8234202535992,208.55551079773352,211.77127480798728,106949700
2017-06-30,210.15475463867188,210.94566280210128,209.96354578022047,210.57193157446784,86820700
2017-07-03,210.5111083984375,211.52798468158704,210.5111083984375,211.09342148732742,39153800
2017-07-05,210.99783325195312,211.2064151136477,210.0678615791739,210.8761560786922,54427600
2017-07-06,209.0683135986328,210.35461668308216,208.88579125834767,210.23293954349657,65400800
2017-07-07,210.42416381835938,210.5719136942868,209.07701543431983,209.64195547243426,57972300
2017-07-10,210.65017700195312,211.02390827791277,210.1200093280225,210.42420889538926,36663300
2017-07-11,210.4936981201172,210.80658411472686,209.3290720753313,210.65013448651465,50354600
2017-07-12,212.0755615234375,212.24069768736183,211.45848910877328,211.45848910877328,59610400
2017-07-13,212.43186950683594,212.54486018070784,211.85824290969333,212.08422425743714,39471600
2017-07-14,213.4226531982422,213.77899816590127,212.3362453176828,212.4318497416446,60262700
2017-07-17,213.3966064453125,213.72687872498506,213.2227838156278,213.34446098258874,33531900
2017-07-18,213.5095977783203,213.56174324120425,212.64915785528538,212.98811662584762,42742500
2017-07-19,214.66552734375,214.6742138332142,213.81377395088398,213.82247370216416,51034300
2017-07-20,214.76112365722656,215.03923718954388,214.21356981991232,214.91756003256464,47135200
2017-07-21,214.56991577148438,214.59598850082523,213.96151672202305,214.18749805873117,82340800
2017-07-24,214.5177459716797,214.65679609178116,214.04841037316834,214.49165998348326,46622300
2017-07-25,215.0391845703125,215.36945674207502,214.81321655173468,215.2651525888903,54915600
2017-07-26,215.0478515625,215.36073747006552,214.78712435770458,215.32597826336314,47575400
2017-07-27,214.84803771972656,215.54334147361757,213.52696191351524,215.50858225374023,70766600
2017-07-28,214.595947265625,214.72631088727954,213.91802990939547,214.36996597233983,50088400
2017-07-31,214.4743194580078,215.09139175817583,214.26572435357318,214.9957873263703,65838700
2017-08-01,214.95233154296875,215.10876791760106,214.43085043723022,215.074008699399,55050400
2017-08-02,215.05661010742188,215.19567349587365,214.12663861669216,215.08268283502977,47211200
2017-08-03,214.6394500732422,214.96970906950318,214.36132327447956,214.94363633984614,40856000
2017-08-04,215.0305633544922,215.36082236469053,214.64814562096288,215.1261677878745,60191800
2017-08-07,215.4303436279297,215.4303436279297,214.9957804539439,215.1000846337351,31995000
2017-08-08,214.90017700195312,216.33424343971365,214.52645903629823,215.11745858993362,61719400
2017-08-09,214.8915252685547,214.94367073621333,213.85726262059882,214.21360766535665,62632600
2017-08-10,211.85824584960938,214.18751149071593,211.80610038765755,214.05713457402004,120479500
2017-08-11,212.17112731933594,212.762140152982,211.84955480300584,212.08422263855766,74869900
2017-08-14,214.27442932128906,214.491710933965,213.4140026226554,213.448761845484,73291900
2017-08-15,214.2483367919922,214.67421348773985,213.94415051944327,214.65682724702344,55242700
2017-08-16,214.6219940185547,215.16954768687026,214.19611746966356,214.76974385915497,56715500
2017-08-17,211.27593994140625,214.32658218751973,211.27593994140625,214.01369614334953,128490400
2017-08-18,210.94564819335938,212.2319513923749,210.50238529682153,211.110771048936,136748000
2017-08-21,211.11074829101562,211.3714888029037,210.18079015485125,210.88478025367974,65469700
2017-08-22,213.318359375,213.47479574199497,211.6757112124789,211.6930974516388,63140100
2017-08-23,212.55357360839844,212.97945036542944,212.2059283149406,212.35367822775106,50203800
2017-08-24,212.05813598632812,213.0923851691312,211.84954089488582,212.93594879691088,50741700
2017-08-25,212.55357360839844,213.46615908099753,212.40582369558797,212.84907343401937,64445900
2017-08-28,212.56224060058594,213.10978119030355,212.14505039855294,213.08370846040347,40565600
2017-08-29,212.8055877685547,213.0663150587926,211.1368535401398,211.24984420711982,51135700
2017-08-30,213.8137969970703,214.08323734129397,212.6057117405338,212.78823413348303,62030800
2017-08-31,215.10006713867188,215.34342143536554,213.84852317749608,214.430836191857,103803900
2017-09-01,215.404296875,215.83017361111806,215.25654696944488,215.47382858264075,62007000
2017-09-05,213.85719299316406,215.12612309426453,212.8924623701218,214.9001417922281,91398800
2017-09-06,214.5872802734375,214.91755251446293,214.00496723813447,214.53513481681557,57916900
2017-09-07,214.56124877929688,214.90890732661396,214.15275827483524,214.89152108379372,58034700
2017-09-08,214.3091583251953,214.76979418966545,214.06580402931732,214.27438584760446,63832800
2017-09-11,216.5949249267578,216.67314309426294,215.56066272814962,215.57803570194272,71364800
2017-09-12,217.32508850097656,217.3598477265002,216.77753455079753,216.96005695479658,56896000
2017-09-13,217.42933654785156,217.46410902833395,216.9252416753817,217.03823234422606,59228000
2017-09-14,217.35980224609375,217.55971085193482,216.93393882890064,217.10776144378448,95446300
2017-09-15,217.65243530273438,217.73977127387886,217.11090696769054,217.21571546411664,95432400
2017-09-18,218.11532592773438,218.46469641738005,217.7310103925462,218.01924704393736,46235200
2017-09-19,218.33364868164062,218.4209979530107,218.0104803673011,218.35985079752612,47108100
2017-09-20,218.41229248046875,218.52584388719498,217.41657192320085,218.42103540568147,59574100
2017-09-21,217.82708740234375,218.34241353480814,217.65240215902375,218.25507757696303,48211400
2017-09-22,217.8707733154297,218.0367289698389,217.50393028719216,217.5301324086641,51214000
2017-09-25,217.42535400390625,217.96689572024886,216.68293820126146,217.6175118181515,57064400
2017-09-26,217.5563507080078,218.0978790288707,217.32051826959304,217.85331699185963,54082000
2017-09-27,218.4036102294922,218.7879258485287,217.37294440320042,218.25512707261586,81001400
2017-09-28,218.66563415527344,218.7442405296163,218.03675650526645,218.1240924786589,44778800
2017-09-29,219.43418884277344,219.5128085221101,218.47341344631633,218.65682826696917,85578000
2017-10-02,220.3863067626953,220.3863067626953,219.4866516296174,219.6613502279669,59023000
2017-10-03,220.85794067382812,220.8841427959599,220.30766945379898,220.38628914782512,66810200
2017-10-04,221.11993408203125,221.36449606151285,220.59586508164023,220.7094164748382,55953600
2017-10-05,222.4301300048828,222.447589200853,221.15490233464226,221.45186859770155,63522800
2017-10-06,222.17678833007812,222.4650249475023,221.72260941258702,221.9846305851287,80646000
2017-10-09,221.80996704101562,222.46504669165515,221.5479325152339,222.4039128546295,35803100
2017-10-10,222.3951873779297,222.7707733374642,221.83618656529862,222.3777281817695,43057400
2017-10-11,222.7445526123047,222.7445526123047,222.13314760699538,222.29908992244182,47674300
2017-10-12,222.41265869140625,222.77950172323375,222.1768262682205,222.43013121510202,47065100
2017-10-13,222.6834716796875,222.96297880960688,222.41270747734904,222.84942737212296,54800400
2017-10-16,222.9803924560547,223.1725502367093,222.56988810025342,222.91052901548102,38221700
2017-10-17,223.13760375976562,223.18127840295898,222.70961358067885,222.9279734690156,31561000
2017-10-18,223.35597229003906,223.55685966334508,223.1638145146575,223.51318501846194,40888300
2017-10-19,223.41714477539062,223.45208982839378,222.15940274756386,222.57865009017277,61903800
2017-10-20,224.5700225830078,224.59625135770185,223.39963015043398,224.21193583581314,89176400
2017-10-23,223.69659423828125,224.9194309537116,223.61798787604818,224.89322883296725,63915300
2017-10-24,224.08970642089844,224.32552556412546,223.7315929147093,224.12465147535426,66935900
2017-10-25,222.9803924560547,223.87130459112328,221.85366122188066,223.75775317683716,103715300
2017-10-26,223.2686309814453,223.86256352467024,223.14634996797955,223.59181270302912,69798000
2017-10-27,225.09414672851562,225.25138613887677,223.27740380734522,224.01108998639089,85562500
2017-10-30,224.25558471679688,224.99801359997798,223.95861849457592,224.01102273054096,54285700
2017-10-31,224.6050567626953,224.8583617879331,224.308090406158,224.6312588925289,60304800
2017-11-01,224.9019317626953,225.7229670376646,224.5351020940333,225.38233948819274,54202700
2017-11-02,224.98931884765625,225.12907239190451,223.76650865456273,224.8321061061006,56449500
2017-11-03,225.74053955078125,225.7842008811072,224.7360624005961,225.1465801956816,59589700
2017-11-06,226.08985900878906,226.220869625396,225.53958776377712,225.60945120754656,49652600
2017-11-07,225.93264770507812,226.52658027431363,225.4260377772938,226.1946689399576,57502200
2017-11-08,226.31687927246094,226.41297147107142,225.47838487809508,225.75789189463578,50469600
2017-11-09,225.4959259033203,225.68808369230456,223.91497561583995,225.11161032535176,95085500
2017-11-10,225.42601013183594,225.6007087038398,224.79713258998552,225.11158468854057,59984700
2017-11-13,225.63563537597656,225.86273819686548,224.70979155194425,224.74473659867962,50228600
2017-11-14,225.11163330078125,225.2164418045128,224.0547520258686,224.8321261873201,61315200
2017-11-15,223.98486328125,224.66614513383567,223.27737930569037,224.14207601909382,80811500
2017-11-16,225.8889923095703,226.2558487465771,224.88454189064078,224.92820321766374,67777000
2017-11-17,225.22512817382812,225.86274869389405,225.1465218064658,225.5395802985394,75756800
2017-11-20,225.60948181152344,225.80163962703412,225.22516618050204,225.46975490503058,48075500
2017-11-21,227.0855255126953,227.2689669982189,225.57449224745827,226.3780416549843,69176800
2017-11-22,226.8846893310547,227.22531692979058,226.7187336670959,227.09430631489215,45033400
2017-11-24,227.40867614746094,227.51351126899064,227.2340042554232,227.37375776220694,27856500
2017-11-27,227.29519653320312,227.74937552896802,227.09429582945995,227.45240926382237,52274900
2017-11-28,229.6009979248047,229.62720003912366,227.66196149943977,227.75805368877843,98971700
2017-11-29,229.46124267578125,230.26481860084243,229.01580673576407,229.73200674009183,77512100
2017-11-30,231.47021484375,232.37857274930585,230.2998090900364,230.37841544790612,127894400
2017-12-01,230.9898223876953,231.7322513570046,227.75811195549682,231.25187025317766,164390900
2017-12-04,230.7103271484375,233.03365281038865,230.6578962545037,232.6056759761227,94040600
2017-12-05,229.8805694580078,231.59250360309943,229.74955884962907,229.8805694580078,77994500
2017-12-06,229.92422485351562,230.3522283702102,229.46130294566018,229.97662909551735,75898600
2017-12-07,230.64923095703125,230.96365645856784,229.6622398184337,230.64923095703125,77218600
2017-12-08,231.90699768066406,231.9157139526257,230.61429724847798,231.60128843562327,76563900
2017-12-11,232.60568237304688,232.66682953826898,231.8807392812659,232.60568237304688,83077500
2017-12-12,233.01625061035156,233.4879155290524,232.64067792289777,233.39182329780536,85195800
2017-12-13,232.9899444580078,233.69742819254532,232.9025951927648,233.26070852158372,102905400
2017-12-14,232.03793334960938,233.40049679362306,231.98552911370558,233.28694539741238,100666700
2017-12-15,233.97024536132812,234.43553349269078,232.98699699252464,233.0396690986028,144610300
2017-12-18,235.4538116455078,235.8049678098464,235.2606717363969,235.36601590654868,83653600
2017-12-19,234.5496368408203,235.74357348896925,234.47938951357304,235.69968900306878,82382900
2017-12-20,234.42674255371094,235.5680072245659,234.1282583596644,235.51533511923463,76751500
2017-12-21,234.90960693359375,235.6207340227915,234.66379481577025,235.05007482828026,67032300
2017-12-22,234.84814453125,234.96227635583207,234.31260907548216,234.92715268868957,78720900
2017-12-26,234.56723022460938,234.7867062791785,234.30386967573068,234.44431077412563,45244400
2017-12-27,234.6813201904297,235.04126407068716,234.40917207463843,234.73399229080826,57751000
2017-12-28,235.16415405273438,235.20806533022463,234.795449354247,235.1817292803327,45116100
2017-12-29,234.27752685546875,235.7611872545007,234.0844136307907,235.74363881357894,96007400
2018-01-02,235.95428466796875,235.9894083349834,234.7515602899202,235.13784025255728,86655700
2018-01-03,237.44671630859375,237.59597178965154,236.12107258166156,236.12107258166156,90070400
2018-01-04,238.44757080078125,238.93043423408284,237.5082335741826,238.0876536192369,80636400
2018-01-05,240.03663635253906,240.15952903875095,238.74611579397373,239.2377401218542,83524000
2018-01-08,240.47549438476562,240.6335106872347,239.65026241653015,239.9399589710568,57319200
2018-01-09,241.01980590820312,241.64311033514758,240.6159507209364,240.89688647081562,57254000
2018-01-10,240.65110778808594,240.91449513696924,239.5976387670871,240.26482777626626,69574300
2018-01-11,242.40687561035156,242.40687561035156,241.03734735877387,241.20415128096022,62361500
2018-01-12,243.9871368408203,244.15391398365108,242.37176960389846,242.6702805959339,90816100
2018-01-16,243.15309143066406,245.89214784344935,242.4595397134825,245.24250740468787,106555100
2018-01-17,245.470703125,245.856982994558,243.1530506991537,244.0836267144975,113258800
2018-01-18,245.05813598632812,245.777996906449,244.56648509700818,245.35662013203756,100728000
2018-01-19,246.173095703125,246.173095703125,245.05816712382477,245.63756026225914,140920100
2018-01-22,248.17483520507812,248.17483520507815,245.90982650095543,245.96252542126732,91322400
2018-01-23,248.70147705078125,248.99117363539048,247.89379343511357,248.21861368775413,97084700
2018-01-24,248.60487365722656,249.939305019952,247.42848539217053,249.34230987749274,134816100
2018-01-25,248.71022033691406,249.56178838394288,247.92011200672914,249.4652317930512,84587300
2018-01-26,251.58978271484375,251.63369400129739,249.28967791641975,249.54427764501574,107743100
2018-01-29,249.9218292236328,251.45816199163124,249.76381285460286,251.01920977220314,90118300
2018-01-30,247.3583221435547,249.97445978985772,246.88424632375978,248.09575853461737,131796400
2018-01-31,247.4811553955078,248.7102157521953,246.41011134364305,248.2098307869233,108364800
2018-02-01,247.2002716064453,248.49957956598647,246.4101631247902,246.75255864869757,90102500
2018-02-02,241.8186492919922,246.0150290240728,241.78352563301817,245.88332200079572,173174800
2018-02-05,231.70526123046875,242.1698916316703,231.1609648845585,240.06292679944846,294681800
2018-02-06,236.27035522460938,236.7707670349998,227.11382109691172,228.20241370210414,355026800
2018-02-07,234.98861694335938,239.10596278188044,234.90958199288642,235.71726560370294,167376100
2018-02-08,226.17445373535156,235.42757111233564,226.13933006721916,235.28710323131492,246449500
2018-02-09,229.57196044921875,231.4243255493233,222.0395404071036,228.95741676009237,283565300
2018-02-12,232.94305419921875,234.4091657307602,229.7123737697383,231.61741052872057,143736000
2018-02-13,233.52244567871094,234.0667418293669,231.16088196067,231.7403017701914,81223600
2018-02-14,236.67417907714844,237.0341229974219,232.03005857309503,232.03884618797034,120735700
2018-02-15,239.69418334960938,239.70297096491808,235.95430287347807,238.41245071551432,111200300
2018-02-16,239.764404296875,241.70459187762137,239.02696798048893,239.07087926559547,160420100
2018-02-20,238.26315307617188,240.25601241008334,237.47304479191206,238.81623691260538,86369700
2018-02-21,237.07801818847656,241.17784258546794,236.98146158652554,238.70214631468968,98883700
2018-02-22,237.38531494140625,239.71175595438413,236.71812589843753,237.99985866174583,110511300
2018-02-23,241.1690216064453,241.1690216064453,238.13148100019365,238.60555670362223,92766400
2018-02-26,243.96958923339844,244.06617263387662,241.6519359115766,242.24011676430848,86491400
2018-02-27,240.9232635498047,244.86507195937202,240.86180382064492,244.15394484904607,99099200
2018-02-28,238.48268127441406,242.46837402290828,238.16664860815584,242.02063428753124,121907800
2018-03-01,235.01498413085938,239.81712156627023,233.5225361531255,238.2720014755822,176855100
2018-03-02,236.2264862060547,236.78835783926957,232.48663196458529,233.34696106461368,139083200
2018-03-05,238.9567413330078,239.57128497673156,234.9359251780348,235.04129618469474,97307400
2018-03-06,239.56240844726562,240.01014798698463,238.06996117586863,239.9311130634464,79213200
2018-03-07,239.47471618652344,239.8258725222724,237.20973504815836,237.40287505154694,87063500
2018-03-08,240.63348388671875,240.75637651111668,239.1586116449256,240.1506206276118,66901200
2018-03-09,244.8210906982422,244.8210906982422,241.72209056756208,242.0381499475418,113625300
2018-03-12,244.51390075683594,245.7342006175469,244.12762071398598,245.11089605402182,71924800
2018-03-13,242.9336700439453,246.1731389352705,242.32791395587557,245.67272707268907,91968900
2018-03-14,241.68701171875,244.07491217662238,241.1339545863704,243.8905597991625,105895100
2018-03-15,241.42364501953125,242.83705786317586,240.92323321625588,242.19620497023516,83433000
2018-03-16,241.68545532226562,242.73434762380472,241.63257225654203,241.9498706508836,100343700
2018-03-19,238.41531372070312,241.8616695320334,236.76706244111185,240.9361891885773,109208400
2018-03-20,238.82078552246094,239.4554090668735,238.14207483401023,238.81196271389197,59757300
2018-03-21,238.36244201660156,240.86567198647185,238.15090979060938,238.77671055837496,78709600
2018-03-22,232.40408325195312,236.98745229628895,232.13081823448522,236.14129640944108,148785900
2018-03-23,227.45050048828125,233.17093659771976,227.25658694391362,232.84481538646813,183534800
2018-03-26,233.6732940673828,233.95535498438946,228.64921511489823,231.04667911183574,141956100
2018-03-27,229.6981658935547,235.13651479940432,228.14685735306975,234.60768406861757,129941400
2018-03-28,229.01937866210938,231.49619395397707,227.91760350865525,229.83029701052686,146452300
2018-03-29,231.94573974609375,233.80555051179851,229.0282407907725,230.1564576656507,111601600
2018-04-02,226.9392852783203,231.92812739453532,224.47130575320918,231.41688855818825,186286300
2018-04-03,229.84799194335938,230.32396649914327,226.38401616801403,228.17329853456886,119956900
2018-04-04,232.3070831298828,233.01220846166905,226.17240666715955,226.30461430451857,123715300
2018-04-05,234.1405029296875,235.0219232354331,232.9770216703882,234.0611514312149,82652600
2018-04-06,228.92250061035156,233.6733424388094,227.4064564911248,232.18376675366508,179521200
2018-04-09,230.0506591796875,233.4353093282673,229.11635597247158,230.37678033142026,105442900
2018-04-10,233.70858764648438,234.49306462652993,231.79592065488106,232.93293347707709,103529000
2018-04-11,232.4833984375,234.1404727021837,232.15727727028641,232.22777905016653,91140200
2018-04-12,234.39605712890625,235.3391831575739,233.6292258920898,233.80552068394104,68890500
2018-04-13,233.70858764648438,235.81519507925242,232.703782489798,235.7006061362064,85079200
2018-04-16,235.63006591796875,236.3969241380238,234.51949468322138,235.3392090680808,63405300
2018-04-17,238.15098571777344,238.75034514837742,236.8817381595435,237.3929501682783,64682000
2018-04-18,238.32717895507812,239.12924752533578,237.86882331629653,238.59159420914054,57303900
2018-04-19,237.00509643554688,237.87769384781993,235.97382294019738,237.67495751316204,77655900
2018-04-20,234.99546813964844,237.15495877080377,234.1140477838813,236.934603681862,99953100
2018-04-23,234.96017456054688,236.12365560791923,233.88484090745573,235.56835661263662,65558000
2018-04-24,231.79595947265625,236.20306171976785,230.29753394911134,235.98270660741227,112885500
2018-04-25,232.36880493164062,232.8095150189369,229.91845792222574,231.73418132998165,103840900
2018-04-26,234.7310333251953,235.55957054280748,232.95057403778003,233.39128417911363,67731900
2018-04-27,234.9513702392578,235.6388769306565,234.0170669637368,235.3391972855658,57053600
2018-04-30,233.14447021484375,236.12367485222273,233.0739415341474,235.5683758116827,82182300
2018-05-01,233.55870056152344,233.66446666644478,231.02900235772682,232.5803102933891,74203400
2018-05-02,231.98974609375,234.17565039686312,231.60191915633266,233.36475909048332,86368900
2018-05-03,231.47857666015625,232.1308190231915,228.3318999811481,231.1612782885642,136311500
2018-05-04,234.47537231445312,235.15408302694007,230.18286060318687,230.50898174610822,91222100
2018-05-07,235.2686767578125,236.23821739751983,234.5547016940085,235.24223522943518,55304900
2018-05-08,235.2686767578125,235.63003534603325,233.70854588712598,234.89846846172185,67499200
2018-05-09,237.54278564453125,237.8689068720325,235.4185593613736,235.93859414290463,59666100
2018-05-10,239.76397705078125,240.0901252067452,238.17743102727061,238.2831971756624,72063900
2018-05-11,240.4954833984375,240.75989867301982,239.37606263882225,239.88730136809096,59871500
2018-05-14,240.61009216308594,241.57963284906248,240.06358905252702,240.9273905187562,54790600
2018-05-15,238.9530029296875,239.40250890537564,238.00987693366224,239.3848901863238,87036100
2018-05-16,239.9578399658203,240.4161957105122,238.96183078069996,238.98829921102723,53942600
2018-05-17,239.75509643554688,240.83043006232478,238.97944242294543,239.69339057117915,56536400
2018-05-18,239.15570068359375,239.77270550482476,238.8031380280931,239.41132004082448,64368000
2018-05-21,240.95379638671875,241.49147660821697,240.24867110149415,240.6364980780093,58025900
2018-05-22,240.28395080566406,241.72949286311118,239.9578296314086,241.47387347025818,52966400
2018-05-23,240.9450225830078,240.9714910129223,238.85606092939213,239.0147370148245,64694200
2018-05-24,240.451416015625,240.82162432927402,238.67095692322204,240.54838622347975,76043800
2018-05-25,239.87852478027344,240.50432564990533,239.3761087629519,239.87852478027344,56374800
2018-05-29,237.11962890625,239.01470366657188,236.0090578560398,238.2566683826817,115908600
2018-05-30,240.28395080566406,240.72466091115743,238.35366529050847,238.42416707191094,69678400
2018-05-31,238.81199645996094,240.17818704087188,238.21263716632328,239.87850739405306,93519900
2018-06-01,241.15658569335938,241.45626535039463,240.0371647610212,240.10769344433027,71258400
2018-06-04,242.30242919921875,242.55804861167155,241.73833420831608,241.97630799995767,45385200
2018-06-05,242.4786376953125,242.8576418244624,241.66771949222644,242.43455055779108,51135000
2018-06-06,244.50595092773438,244.6117170448222,242.4698724773669,243.08687735879116,62732200
2018-06-07,244.4795684814453,245.28166426161448,243.57170655862802,244.99080736933206,72969400
2018-06-08,245.20228576660156,245.25516882630356,243.85371394658182,244.0211859352413,72139700
2018-06-11,245.52842712402344,246.24237538751734,245.30807205754232,245.4226609959224,58892500
2018-06-12,245.84579467773438,246.20715337794084,245.20234808940336,245.9427380122248,72329000
2018-06-13,245.06121826171875,246.33928810853234,244.8584819643025,246.0836687594085,79070600
2018-06-14,245.6782989501953,246.20712963062033,245.0877354919689,245.92509556733162,77097600
2018-06-15,245.3648681640625,245.70131620768888,243.78889602781166,244.8956187925833,120041600
2018-06-18,244.86021423339844,244.9841801616414,243.434768176209,243.912852991887,52917600
2018-06-19,243.9216766357422,244.1430211698944,242.17748062583885,242.59360943082888,97531500
2018-06-20,244.33778381347656,245.0018173571571,244.00133582821002,244.60338642311115,53785500
2018-06-21,242.8060760498047,244.34665228256307,242.31026648649697,244.32892742841975,71061400
2018-06-22,243.24874877929688,244.17841191285814,243.0274042741051,244.06330844702353,54898500
2018-06-25,239.93743896484375,242.25712501103698,238.25522616199765,242.0977634550983,137854200
2018-06-26,240.46873474121094,241.3186902838372,239.7515805303076,240.50415743620357,68547400
2018-06-27,238.4765625,242.4784612120571,238.3260363559265,241.0530156445214,105110700
2018-06-28,239.84014892578125,240.60156132062505,237.71521931683532,238.4235381930181,76650500
2018-06-29,240.1854248046875,242.29262948762698,240.07032130223428,240.9291393363835,97592500
2018-07-02,240.6988525390625,240.85824111556073,238.3791664787934,238.61823583374448,63554800
2018-07-03,239.84898376464844,241.6905858187362,239.42401945955305,241.59318015241695,42187100
2018-07-05,241.8056182861328,241.86760124254315,239.90206063048137,240.97338766695466,56925900
2018-07-06,243.850830078125,244.2226737215322,241.45143615123604,241.8321692408488,66493700
2018-07-09,246.0465850830078,246.0997056110018,244.80706106381928,244.85131916394857,50550400
2018-07-10,246.9319305419922,247.02933617681353,246.20591406275534,246.49810394762574,51966800
2018-07-11,245.1258087158203,246.17057558311728,244.8247833539211,245.38257597316954,77054700
2018-07-12,247.3480987548828,247.40121928431503,245.7809890974369,246.3830397774005,60124700
2018-07-13,247.5428466796875,247.84387197545811,246.71945157482142,247.17100302827427,48216000
2018-07-16,247.3214874267578,247.72875374151752,246.87879842649093,247.58711703867334,48201000
2018-07-17,248.32205200195312,248.71162061414097,246.49817487198345,246.5512954082271,52315500
2018-07-18,248.84429931640625,248.95054033653466,247.95892145588545,248.40161038614585,44593500
2018-07-19,247.9058837890625,248.56105497851968,247.42777201912497,248.18034885597547,61412100
2018-07-20,247.62257385253906,248.33089263963382,247.46321225779238,247.70225464991242,82337700
2018-07-23,248.08297729492188,248.28659698414955,247.07363319847968,247.41894365871448,47047600
2018-07-24,249.33120727539062,250.17232691896348,248.46355440053,249.49059580020386,68026900
2018-07-25,251.4562530517578,251.7749762113117,249.03916101342188,249.08341911238333,78882900
2018-07-26,250.8630828857422,251.54481444589769,250.6417383119721,250.7391439746236,57919500
2018-07-27,249.1631317138672,251.2880338772159,248.24233086923053,251.19062823019235,76768700
2018-07-30,247.86167907714844,249.40222875482118,247.33928207511173,249.24286713704873,63742500
2018-07-31,249.08343505859375,249.69434817311216,248.2423419873048,248.62304812545446,68570500
2018-08-01,248.66726684570312,249.79171426487278,248.0209581599443,249.28704229026565,53853300
2018-08-02,250.02194213867188,250.19013912469651,247.1621610627142,247.36580775888575,63426400
2018-08-03,251.09329223632812,251.1464127729615,249.9688444985181,250.14593096703038,53935400
2018-08-06,252.0140838623047,252.32394464127194,250.73913699132908,251.12870559188278,39400900
2018-08-07,252.84629821777344,253.22703138431552,252.54527286766023,252.67810121530914,43196600
2018-08-08,252.7400665283203,253.13849754684549,252.27967956747327,252.67811058599844,42114600
2018-08-09,252.39479064941406,253.19162569081698,252.261989312447,252.80205708931322,35717000
2018-08-10,250.70367431640625,251.50050922879808,249.99535560126085,250.9604415393712,77076000
2018-08-13,249.7650604248047,251.58893636796338,249.47287064599342,250.97802357908574,65732900
2018-08-14,251.35874938964844,251.59781868568558,250.10152805775334,250.49109644724965,43842000
2018-08-15,249.4817657470703,250.15466154923706,248.04745797473575,250.01299785301316,102925400
2018-08-16,251.50051879882812,252.36819912554938,250.88074327694193,250.91616596894616,69967900
2018-08-17,252.38587951660156,252.82856856746483,250.88958836311608,251.29685472442358,65618500
2018-08-20,252.9259490966797,253.19155169298872,252.38585445806106,252.83740589137912,39807500
2018-08-21,253.51918029785156,254.37799819792022,252.96138773126302,253.43949950542424,67272000
2018-08-22,253.36868286132812,253.891052739408,252.8462859636508,253.1119156264762,44993300
2018-08-23,253.0321807861328,254.05036006048783,252.7134306627465,253.1915423380301,49204900
2018-08-24,254.55502319335938,254.69668690778963,253.55454178616444,253.60766230162693,57487400
2018-08-27,256.56488037109375,256.6711214264323,255.5909589978284,255.75032058083627,57072400
2018-08-28,256.6888122558594,257.13150127415275,256.22839838429445,257.02523321330386,46943500
2018-08-29,258.070068359375,258.3002483366861,256.66232014973934,256.90136255603954,61485500
2018-08-30,257.0252685546875,257.96376724094705,256.4320803195823,257.5919235454238,61229500
2018-08-31,257.03411865234375,257.4768077102713,256.13104270122597,256.617989857108,66140800
2018-09-04,256.5915222167969,256.9456681870566,255.59104026159915,256.61808248907624,57594400
2018-09-05,255.90081787109375,256.4409125342316,254.89150093970582,256.2372658547544,72452400
2018-09-06,255.130615234375,256.3081564896613,254.10357315973954,256.0071311087581,65909900
2018-09-07,254.63478088378906,255.6087023274441,253.84678130041397,254.0858507118014,73524800
2018-09-10,255.07752990722656,255.90978778914595,254.8827455727432,255.6441580496112,50210900
2018-09-11,255.91845703125,256.36114595676304,254.08574541451273,254.43102872622725,50530500
2018-09-12,255.9805450439453,256.58259574508,255.1925724832599,255.92742451264513,59810800
2018-09-13,257.49444580078125,257.6803946160753,256.7595940237465,257.0429214397845,51034200
2018-09-14,257.53875732421875,257.8840406945149,256.75962035999163,257.69811887974004,55079900
2018-09-17,256.17523193359375,257.5209965808677,255.9007669530286,257.48560091985763,68244000
2018-09-18,257.56536865234375,258.1585568998184,256.3612402817185,256.3878005462383,61930400
2018-09-19,257.8398132324219,258.2559420232231,257.4945028015122,257.6184687058169,49080600
2018-09-20,259.9293212890625,260.2480714927518,257.8575395336768,259.0970906351815,100360600
2018-09-21,259.6918640136719,260.78581879458903,259.5317810140974,260.6701942475922,105479700
2018-09-24,258.8291320800781,259.25604717756437,258.25103654562844,259.11374214506895,53409600
2018-09-25,258.5890808105469,259.3895230957644,258.34895626755684,259.28280107665773,44370000
2018-09-26,257.8152770996094,259.91421551245395,257.3972644981479,258.7313438038446,79739700
2018-09-27,258.53570556640625,259.62075793744515,258.01097090674455,258.28667848822926,59249500
2018-09-28,258.5622863769531,259.0603403412746,257.87746896148747,257.913024857578,70091400
2018-10-01,259.4605712890625,260.5278181370274,258.79353183087005,259.79851514867977,62078900
2018-10-02,259.3093566894531,260.02085456876165,258.93582980248266,259.3093566894531,47258200
2018-10-03,259.45166015625,260.7768364839188,259.0959112187038,260.3588240182784,64694600
2018-10-04,257.42388916015625,259.02477312297555,255.840783146468,258.97141213367536,111545900
2018-10-05,255.98312377929688,258.1621035239601,254.5601005355288,257.6462715083235,105951700
2018-10-08,255.98312377929688,256.3388728047612,253.91974143292867,255.29827908481946,87742200
2018-10-09,255.60958862304688,256.9080848761821,255.049270973965,255.60071321754165,74339000
2018-10-10,247.5161590576172,255.17378805809057,247.1426320674937,255.10262196536394,214731000
2018-10-11,242.06422424316406,248.04977526262698,240.4544104484742,246.43108606352877,274840500
2018-10-12,245.42601013183594,246.4398957795036,242.24199392710045,246.15528582363575,183186500
2018-10-15,244.04759216308594,246.3955849931058,243.95864810584297,245.07038096659127,102263700
2018-10-16,249.3839111328125,249.75746531832138,245.5328804265037,246.00425407612462,118255800
2018-10-17,249.4283905029297,250.05094460734145,246.85805115219537,249.4194879548089,110626000
2018-10-18,245.82638549804688,249.09044539526639,244.55456951201742,248.49454458914414,134557500
2018-10-19,245.69288635253906,248.405502838311,244.9991663473376,246.47555038751653,139901600
2018-10-22,244.5900421142578,246.68007741159767,244.05640510863475,246.35991149336718,82415800
2018-10-23,243.3448944091797,244.4655294729058,238.89796433649786,240.97915149539128,146352700
2018-10-24,235.97193908691406,243.47836034056346,235.42052401836114,243.09590366941856,177806700
2018-10-25,240.2053985595703,241.74404636445752,236.7812836082861,237.8040722486143,138061500
2018-10-26,235.98080444335938,241.0236356256426,233.2770902132027,236.5055661327389,201574600
2018-10-29,234.67340087890625,240.35659102695715,231.10698111147096,239.06697033859635,160749100
2018-10-30,238.15090942382812,238.46219999139012,234.01526943167627,234.50444807839088,157116000
2018-10-31,240.6945343017578,243.00694329919477,240.2409387624176,240.71231225043348,128296300
2018-11-01,243.2559814453125,243.45164745734314,240.4721988322022,241.55725087311626,99495000
2018-11-02,241.815185546875,244.78573168928202,239.76958135193883,244.3588166152821,122634100
2018-11-05,243.14926147460938,243.70067647437028,241.33490636095422,242.30433388342226,65622500
2018-11-06,244.68788146972656,244.8479644418792,243.02473392791143,243.0869974643845,60085900
2018-11-07,249.92645263671875,250.00649414662107,246.4311438528233,246.85805904755142,102752100
2018-11-08,249.47279357910156,250.1131526376013,248.33438049086973,249.1259199823726,65584900
2018-11-09,247.03585815429688,248.35213203208713,245.63061310834027,248.16536857627477,98812600
2018-11-12,242.4199981689453,246.76908248561793,241.90413898385665,246.52895798753946,99673600
2018-11-13,241.96636962890625,244.8746522778252,241.24596909071613,242.88243618622874,98176600
2018-11-14,240.31216430664062,244.23433359982502,238.75573844232798,243.8341260912925,125335900
2018-11-15,242.8201904296875,243.28268858618313,237.47499826716003,239.04920193961252,135101400
2018-11-16,243.45162963867188,244.3587935506492,241.21035963910745,241.72621869757143,126668000
2018-11-19,239.33383178710938,243.14040363645833,238.41776508702043,242.84689099106228,103061700
2018-11-20,234.9045867919922,237.4660223874147,234.04188143022697,236.0074165626149,136021300
2018-11-21,235.70506286621094,237.59945934806558,235.6961874628989,236.4521438330722,75563700
2018-11-23,234.13082885742188,235.5271711789093,233.9707459158495,234.06856533284287,42807900
2018-11-26,237.91078186035156,238.13312838545468,235.98970462643132,236.3810366819656,79981400
2018-11-27,238.71124267578125,238.71124267578125,236.27433325461553,236.87910933634961,75502400
2018-11-28,244.2076416015625,244.2076416015625,238.64897806215677,239.7785158641876,127629600
2018-11-29,243.67401123046875,245.07032676690406,242.29544650287454,243.43385961483304,82346400
2018-11-30,245.1592559814453,245.71957352817088,243.20262298270973,243.52278892831978,98204200
2018-12-03,248.40557861328125,249.38390895543824,246.81359670486466,249.27718694391484,103176300
2018-12-04,240.35659790039062,248.00532392800807,240.04530733134203,247.57840882114908,177986000
2018-12-06,239.99192810058594,240.1075526296109,233.41047676923458,236.5055499894933,204185400
2018-12-07,234.4154510498047,241.21924783980407,233.57942612220694,239.6539199512119,161018900
2018-12-10,234.86021423339844,235.82964190912955,230.0130487128308,234.2376330528424,151445900
2018-12-11,234.91346740722656,238.2397614964422,233.44598631739024,238.0529980847648,121504400
2018-12-12,236.09642028808594,239.24485459889894,236.0163787982232,237.88409498741427,97976700
2018-12-13,236.01637268066406,237.90186677142725,234.90464011376045,237.03916121383372,96662700
2018-12-14,231.65835571289062,234.82456747202116,231.10694077556747,233.87291800694808,116961100
2018-12-17,227.11363220214844,231.8184786411639,225.48605403096258,230.70674603004963,165492300
2018-12-18,226.8645782470703,229.41712524737136,225.26368076295105,228.75008575990108,134515100
2018-12-19,223.4671173095703,230.70671867180351,221.76840039515483,226.9446197617869,214992800
2018-12-20,219.82952880859375,223.78729366508378,217.58827236195947,222.22197924177337,252053400
2018-12-21,215.3253173828125,223.38548870397216,214.68121894770843,220.72858607171847,255345600
2018-12-24,209.6358184814453,215.45058694361018,209.57320499611265,213.84034063943142,147311600
2018-12-26,220.22764587402344,220.22764587402344,209.11696653417636,211.09399387368785,218485400
2018-12-27,221.9184112548828,222.1152062471228,213.76878896161634,216.99822249418898,186267300
2018-12-28,221.6321258544922,224.89733637571823,220.46916948727355,223.26920838177477,153100200
2018-12-31,223.57337951660156,223.81491988199966,221.38166176077164,223.2513302461389,144299400
2019-01-02,223.80593872070312,224.72736835312008,220.02187048062882,220.0487067791242,126925200
2019-01-03,218.46530151367188,222.36566931905944,217.98222086036947,222.06150186504593,144140700
2019-01-04,225.7830047607422,226.42710333610125,221.11329691449131,221.4890188084166,142628800
2019-01-07,227.56321716308594,228.96770037116784,225.15679528246304,226.05137509532184,103139100
2019-01-08,229.7012481689453,230.18432891084558,227.2232719214142,229.74599353972656,102512600
2019-01-09,230.77474975585938,231.61565694335764,229.18239882003667,230.40796876553281,95006600
2019-01-10,231.5887908935547,231.8392721108213,228.56510722057578,229.2449965104731,96823900
2019-01-11,231.6782989501953,231.70513525362898,229.93385732577602,230.51532876711232,73858100
2019-01-14,230.2648162841797,231.0699325784489,229.37919109052422,229.78173558745547,70908200
2019-01-15,232.90382385253906,233.21693219887842,230.63158383386505,230.64053836674492,85208300
2019-01-16,233.4674530029297,234.3530782952415,233.1275083007143,233.3332441885954,77636700
2019-01-17,235.2386932373047,236.09750948945432,232.55495387525625,232.59969924486884,96118400
2019-01-18,238.36972045898438,238.83491941669797,235.2744820652817,237.04575985726618,127900300
2019-01-22,235.14918518066406,237.1172712595665,233.53895278912816,236.9025808874693,115531200
2019-01-23,235.6412811279297,236.87580568670793,233.181186544988,236.17803449701725,86030300
2019-01-24,235.76649475097656,236.34799345977734,234.451461356412,235.46234089582398,59204100
2019-01-25,237.7614288330078,238.58445429816075,235.86492393987604,237.60933824799548,96883400
2019-01-28,235.95436096191406,236.01696079540557,234.1920377820725,235.62337082617444,85613700
2019-01-29,235.6412811279297,236.66108795882667,234.80932842106972,236.09752558671568,66136300
2019-01-30,239.37164306640625,240.2125502350187,236.3927044417232,237.15310270700996,92473700
2019-01-31,241.4739227294922,241.957003473344,239.09433714733026,239.30905486704737,104012100
2019-02-01,241.59014892578125,242.60998270784233,240.8029145607659,241.67065780851223,85782500
2019-02-04,243.28988647460938,243.35251360542537,240.9639738049802,241.63490857696522,60744800
2019-02-05,244.30970764160156,244.61386144626238,243.21831937762838,243.71928179711728,79552800
2019-02-06,243.98773193359375,244.52448537491085,243.25419710755494,244.0324773122784,58347800
2019-02-07,241.66184997558594,242.92318372862786,240.00687154514668,242.37750304260123,95482000
2019-02-08,241.9569549560547,242.05534561170498,239.59525161560148,240.4182768919302,75788900
2019-02-11,242.0911407470703,242.8694206752519,241.56334202911273,242.61001223279428,68021400
2019-02-12,245.20423889160156,245.57994698185766,243.62977028375013,243.70135192977918,72270200
2019-02-13,246.00047302246094,246.84138015886657,245.61581028783473,246.03626385603758,65277200
2019-02-14,245.45480346679688,246.58198272142158,244.10397926802654,244.91805014076567,83234400
2019-02-15,248.12962341308594,248.16541425333372,247.02035306911316,247.22608897461075,97088700
2019-02-19,248.5590362548828,249.21206212427865,247.32451159710354,247.3334661324364,59120800
2019-02-20,249.05992126464844,249.51616561794017,248.02220560446585,248.5231680196707,76610800
2019-02-21,248.17431640625,248.7826240600063,247.21710955964718,248.4247976342912,64214700
2019-02-22,249.71302795410156,249.90980930917786,248.15644047874292,248.7915845167354,78114600
2019-02-25,250.0529327392578,251.6542382053372,249.97242383431418,251.13539394000878,69030700
2019-02-26,249.87400817871094,250.75067881182883,249.4982726927991,249.70403585179915,56844100
2019-02-27,249.7666473388672,250.11551920355708,248.22796926031745,249.15831243309327,56921600
2019-02-28,249.30142211914062,249.99026584400565,248.9793865857502,249.5519033008003,69268300
2019-03-01,250.85804748535156,251.26954649667508,249.4267145280981,250.87592925092025,78880500
2019-03-04,249.9455108642578,252.15512335685045,247.65538949141686,251.9135967161056,106494600
2019-03-05,249.60568237304688,250.2676900858793,249.0600017196552,250.07088140915823,59114600
2019-03-06,248.0938720703125,249.73096884223287,247.7718363580493,249.72201430564232,75039800
2019-03-07,246.01834106445312,247.7895911752292,245.17743406827364,247.6464551651984,94885100
2019-03-08,245.5263214111328,245.69629372749952,243.7013985939388,244.1665701806032,85795800
2019-03-11,249.0867462158203,249.24776399185794,246.21515334153762,246.2419896375439,65098900
2019-03-12,250.0260467529297,250.5449182155576,249.4535299980749,249.64138407228003,79667500
2019-03-13,251.68109130859375,252.61146199517697,250.75072062201053,250.91176574305734,80639200
2019-03-14,251.52003479003906,252.12834244134714,251.08169946783266,251.70788888521233,67518400
2019-03-15,252.76272583007812,253.57138855973614,251.88216612584606,252.07087511860678,81309000
2019-03-18,253.67910766601562,253.9756345843303,252.75363327910617,252.97826325088664,62199800
2019-03-19,253.7420196533203,255.50311101686006,252.85249370807736,254.73939102219583,90268100
2019-03-20,252.97828674316406,254.7304116540192,251.8731247285923,253.526398183946,84609200
2019-03-21,255.8356475830078,256.239965190846,252.11576106694608,252.1607035260337,79550400
2019-03-22,250.91163635253906,254.99989018429508,250.84873339004528,254.47876080234462,122659300
2019-03-25,250.72311401367188,251.75640688205587,249.4651910686538,250.5703534964687,85575200
2019-03-26,252.59197998046875,253.54440914506105,251.19029074123256,252.47516797375593,68125900
2019-03-27,251.2711639404297,253.16705578717867,249.7257081273142,252.58299573112288,72224700
2019-03-28,252.22357177734375,252.6728318312341,250.7500130593253,251.90011770045834,56238500
2019-03-29,253.8139190673828,254.13737307946633,252.60990565465173,253.73305556436193,82186800
2019-04-01,256.82403564453125,257.12056268797323,255.5391582447158,255.808730776996,77617900
2019-04-02,256.9497985839844,257.1834225886773,256.1590964948618,257.01270157304134,40070400
2019-04-03,257.3541564941406,258.55817021900583,256.7521359213784,258.16281915464305,68243200
2019-04-04,258.0369567871094,258.28854128030713,256.9857037843611,257.6775542854916,48997500
2019-04-05,259.2859191894531,259.3398281950125,258.41435370537175,258.7018866821242,58621700
2019-04-08,259.4836120605469,259.59143007888594,258.20770152867095,258.86363103444137,53566300
2019-04-09,258.15386962890625,258.8457204003386,257.6057853984204,258.52226624870707,66142300
2019-04-10,259.0343933105469,259.1242508136989,258.1538336527132,258.5671452624204,52601500
2019-04-11,258.9624328613281,259.52850482970075,258.39636089295544,259.5195108553922,55093100
2019-04-12,260.714599609375,260.9931386511058,259.0074168766403,260.57083310063365,69727800
2019-04-15,260.54388427734375,260.8853263154702,259.74418819639936,260.78647484201645,49596700
2019-04-16,260.714599609375,261.47834719052565,260.12157304356356,261.4244381773299,52153200
2019-04-17,260.07672119140625,261.8557739004012,259.66338209560803,261.8288193872547,58268300
2019-04-18,260.5887756347656,260.8583481027852,259.36680152584245,260.6606725944999,68708500
2019-04-22,260.8134460449219,260.96620654252615,259.73523826780877,259.8250957710666,40160100
2019-04-23,263.1585693359375,263.3921933348262,260.94821758401093,261.1818141622424,52246600
2019-04-24,262.5744934082031,263.41011037612645,262.43072692651964,263.07766238376894,50392900
2019-04-25,262.41290283203125,263.0688326729098,261.2268766037163,262.4758058484175,57770900
2019-04-26,263.63482666015625,263.70669621419734,261.68502567610466,262.45776734051964,50916400
2019-04-29,264.0481262207031,264.56928329115584,263.634814607374,263.72467211131345,57197700
2019-04-30,264.1828918457031,264.47042488251304,262.29602141570473,263.7066772500253,81111700
2019-05-01,262.1971435546875,265.0185097807534,262.1881495792361,264.8118402899683,71671900
2019-05-02,261.631103515625,262.99687175976754,260.13955670306206,262.08036361263817,65030200
2019-05-03,264.1917724609375,264.4703114018737,261.73880356555196,263.10457119403674,56543700
2019-05-06,263.1046447753906,263.54491082051743,259.58243415240935,259.89692165063803,107198100
2019-05-07,258.7109680175781,261.29871111513995,256.8061091876135,260.70568437022655,144729900
2019-05-08,258.35150146484375,260.0586842910349,257.75847486656824,258.35150146484375,91568300
2019-05-09,257.5698547363281,258.1718480337544,254.55081200881037,256.2849771773048,103471100
2019-05-10,258.86370849609375,259.6184622709735,253.6522742114518,256.63536824121263,112429300
2019-05-13,252.35830688476562,254.7214188050858,251.52268988940895,253.76002327203466,127290500
2019-05-14,254.64065551757812,256.16815104372284,253.24795997718948,253.37373856438703,77003200
2019-05-15,256.13214111328125,256.77008271546595,252.80760572827901,253.01427522562122,73956400
2019-05-16,258.5042419433594,259.8609886388919,256.76111076781007,256.83298031022184,76749600
2019-05-17,256.8329772949219,259.312901499198,256.1860417381828,256.2040296890674,100353000
2019-05-20,255.13487243652344,256.9408797512074,254.3890851668155,255.2336965162362,62877600
2019-05-21,257.43511962890625,257.81248288684833,256.5725201979847,256.8241048435027,46847100
2019-05-22,256.6443176269531,257.59674680267347,256.16810303909295,256.48259057914987,49482500
2019-05-23,253.5084686279297,254.46986427419012,252.09778552084444,254.42494923843603,98733800
2019-05-24,254.08351135253906,255.35942195245426,253.46353029337246,254.94608296590505,55268100
2019-05-28,251.7203826904297,255.31446283570273,251.70242216113928,254.36203379085782,70029400
2019-05-29,250.03115844726562,251.01054198780503,248.62946939652528,250.6062244273925,104972900
2019-05-30,250.714111328125,251.62162558081897,249.61791549539754,250.7859808850597,62523800
2019-05-31,247.3356170654297,248.99788472790675,247.30866255936388,248.171261594784,86862800
2019-06-03,246.7067108154297,248.4857633553792,245.3768909783469,247.37160702364017,96428000
2019-06-04,252.0618438720703,252.19661640364242,248.54862697225056,248.99788702459594,77231900
2019-06-05,254.24526977539062,254.2722242847403,251.87319069063545,253.67919765838639,71169700
2019-06-06,255.89857482910156,256.5724650655764,253.89489207520805,254.54182779905042,69430400
2019-06-07,258.4593505859375,259.5375858798903,256.7431735770717,256.9138946222919,74272200
2019-06-10,259.6453552246094,261.3076228990596,259.5554977301904,260.0047577816279,60799100
2019-06-11,259.58245849609375,261.8287588074491,258.93552290959707,261.46036226590786,58641300
2019-06-12,259.1242370605469,259.9059451972257,258.61207399835774,259.3488670961745,47096300
2019-06-13,260.1935119628906,260.55294204090757,259.33094010111313,260.03178488018204,48945200
2019-06-14,259.90594482421875,260.50793796326803,259.1421972200491,259.90594482421875,52324700
2019-06-17,260.0047302246094,260.7684777152376,259.83400922950466,260.13950274162505,39205700
2019-06-18,262.727294921875,263.778575596661,261.4603781786856,261.81980818690425,85434800
2019-06-19,263.3202209472656,263.85034436003326,261.89157769848856,262.86196705629305,78674400
2019-06-20,265.83612060546875,266.24046558371964,263.3831784940885,265.9978750491621,116570000
2019-06-21,265.44970703125,266.8220901549572,265.2330222101439,265.5670871606895,83309500
2019-06-24,265.1246032714844,265.97329442718274,264.9710998648289,265.6573050056202,47582700
2019-06-25,262.5244445800781,265.2060304057759,262.4161021312064,265.17894479355795,82028700
2019-06-26,262.2625427246094,263.92385754593755,262.1542002988309,263.41824118962137,51584900
2019-06-27,263.1925048828125,263.69812121274236,262.6417550625053,263.02095353294095,40355200
2019-06-28,264.5467834472656,265.04336195090093,263.65293111911507,264.167557504222,59350900
2019-07-01,266.94854736328125,268.0861979498704,265.7476878432094,267.8694855427903,78705600
2019-07-02,267.6436767578125,267.697847953627,266.0636192538525,266.9033003429931,61504500
2019-07-03,269.7835998535156,269.8016752933706,268.1764562858047,268.3209220345233,40898900
2019-07-05,269.47662353515625,269.63916472557844,267.2645588956779,268.5556853748782,51677300
2019-07-08,267.9958801269531,269.2960442403786,267.4541404873554,268.16743147205943,45841800
2019-07-09,268.3299865722656,268.6279282653834,266.7860517816925,266.840222998623,41101300
2019-07-10,269.612060546875,270.56011189882554,268.8626737180611,269.39537569112645,58448500
2019-07-11,270.2441101074219,270.4878805839635,269.2419150387237,270.25314782826575,50826100
2019-07-12,271.4539489746094,271.5261956250817,270.42466841458145,270.73164779402924,40326000
2019-07-15,271.5441589355469,271.8872615333681,271.03854275581523,271.8872615333681,33900000
2019-07-16,270.6684875488281,271.66167251628906,270.3615081141636,271.45399780135625,36650100
2019-07-17,268.8265686035156,270.8039007082595,268.8265686035156,270.641387055438,36036300
2019-07-18,269.8106384277344,270.18986439626957,267.88750564607955,268.32991298102115,51392600
2019-07-19,268.31195068359375,270.93032731709434,268.1403993042997,270.90324170741786,58678600
2019-07-22,268.9710693359375,269.5128091364652,268.19459674660476,268.7092233807768,43638100
2019-07-23,270.8941650390625,270.8941650390625,269.259935864137,270.090607031503,44564500
2019-07-24,272.16717529296875,272.16717529296875,270.0453781926008,270.1356727072155,47213200
2019-07-25,270.8670654296875,271.76995564778645,270.0634799096485,271.71578443902234,55394100
2019-07-26,272.68182373046875,272.8804606370098,271.4267933768651,271.55321120558057,45084100
2019-07-29,272.185302734375,272.68190893290586,271.6345528760698,272.5645287849981,38126500
2019-07-30,271.5171813964844,271.923493066979,270.40661637008486,270.78584243281495,45849000
2019-07-31,268.5466613769531,271.9505755193534,266.5332335970876,271.7609487131754,104245200
2019-08-01,266.2080993652344,271.65252527131696,265.41355171160745,268.7000847236065,142646600
2019-08-02,264.2037658691406,265.5581013739478,262.650793388134,265.314330902532,116749700
2019-08-05,256.2583312988281,260.2220053837113,254.36225615994783,260.1136629564653,178745400
2019-08-06,259.8517761230469,260.0684884974278,256.67361269034296,258.1453280546701,120711700
2019-08-07,260.00531005859375,260.7727722927134,254.6511774136103,256.7819852077057,140572300
2019-08-08,265.106689453125,265.106689453125,260.9443777056149,261.4951276540409,87713900
2019-08-09,263.3008728027344,264.76355072411707,261.52217775603447,264.167639801697,93730000
2019-08-12,260.0955810546875,263.29179245654484,259.1475298322207,261.80202916869314,65527600
2019-08-13,264.1405029296875,265.58513268360247,259.4545008367751,259.79760350315723,94299800
2019-08-14,256.3304443359375,260.7004282688296,256.20405407445605,260.0955074489988,135622100
2019-08-15,257.00775146484375,257.9016317136364,254.96723786093705,257.2154261800236,99556600
2019-08-16,260.7998352050781,261.2332048589005,257.0618566167302,258.6599898772652,83018300
2019-08-19,263.9418029785156,264.6189704308014,263.13824526322384,263.81541271550964,53571800
2019-08-20,261.9194030761719,263.9689538188934,261.79301278192634,263.4362519312439,51596400
2019-08-21,264.05029296875,264.4204537634302,263.3911730960728,264.07737857699556,49524700
2019-08-22,263.9689636230469,265.38650783914835,262.1993065597355,264.75450123640525,51666400
2019-08-23,257.1882019042969,264.33006455244094,255.9422093930637,262.6687503888014,149161500
2019-08-26,260.03240966796875,260.03240966796875,257.84740299073746,259.37328982123614,72423800
2019-08-27,259.0120849609375,261.7930019677156,258.2536605647307,261.42281371111113,66668900
2019-08-28,260.8359375,260.9984511070822,257.5494042686789,258.3529896937288,59696700
2019-08-29,264.1676025390625,264.69129428520955,262.3889077432596,263.3911301931494,57899400
2019-08-30,264.05029296875,265.6664468507787,263.12031701361735,265.6483989632906,62901200
2019-09-03,262.50628662109375,263.26471107882736,261.1790369315544,262.35281071811187,69101400
2019-09-04,265.4858703613281,265.5039182477998,263.9238602297381,264.6732746057014,46887300
2019-09-05,268.8987731933594,269.8106735830968,265.44972592383255,267.96879736456265,83258100
2019-09-06,269.1064453125,269.74751727016104,268.5376475637681,269.2148152948554,49584300
2019-09-09,269.2417907714844,270.1807764689451,268.30277752000933,270.09050951827663,51260300
2019-09-10,269.1787109375,269.24191987648885,267.22846442804376,268.4834677166774,57947100
2019-09-11,271.0927734375,271.17403024628595,268.8355480133743,269.48563003768334,68821100
2019-09-12,272.0318298339844,273.0881960688336,271.23728195073244,271.99570650637503,72908700
2019-09-13,271.85113525390625,272.8262718427624,271.48094706313816,272.4741315317824,62104800
2019-09-16,271.0115051269531,271.8963473751053,270.3704608488334,270.7225736719622,58191200
2019-09-17,271.6977844238281,271.78805141832373,270.6413905587591,270.81294193474486,41475500
2019-09-18,271.8603210449219,271.9686634906912,269.2780400199562,271.3095435402211,73375800
2019-09-19,271.8421325683594,273.2416287217111,271.5080676481326,272.24844412507855,76560500
2019-09-20,270.5577392578125,272.7256250118713,269.7686018264229,272.44441106611964,89565000
2019-09-23,270.49420166015625,271.2107864050894,269.64156352852916,269.89553907744414,43476800
2019-09-24,268.37176513671875,271.97279346935863,267.4102840114436,271.5827644184251,94869400
2019-09-25,269.9590759277344,270.40352627736024,266.97484206860895,268.4533536576858,71854000
2019-09-26,269.39678955078125,270.1768477756016,267.99085778219984,269.9682417151954,56179700
2019-09-27,267.9454345703125,270.2584534548734,266.39437020670596,270.1495830366901,84746600
2019-09-30,269.1881408691406,269.8956464426555,268.41716214409126,268.4625040639401,51662400
2019-10-01,265.9862060546875,270.7210593029976,265.7685205613803,270.06797514180766,88242400
2019-10-02,261.2876281738281,264.4169953695027,259.9996188362365,264.4079159140389,122539500
2019-10-03,263.42840576171875,263.45561645739946,258.3488636781905,261.0609645123863,85278800
2019-10-04,266.9930419921875,267.2470176140269,264.0269389043035,264.0813879558739,65091200
2019-10-07,265.8409729003906,267.81838355011155,265.559786683832,266.194739374856,59610500
2019-10-08,261.71392822265625,264.72537300214316,261.67763808472165,263.99065687623875,95708100
2019-10-09,264.19927978515625,265.13355020756165,263.10174525349936,263.72761868689645,62359400
2019-10-10,265.9862060546875,266.8660551651619,263.9544009671046,264.1176650870851,55296300
2019-10-11,268.7437744140625,270.97513458480597,268.61680039003045,268.7346949547465,98720400
2019-10-14,268.4442443847656,269.09732826946083,268.09955737877976,268.4260854804991,40394800
2019-10-15,271.10205078125,271.8458464973218,269.3695631563232,269.4874853651235,46754500
2019-10-16,270.6666259765625,271.3560002499491,270.23125500917473,270.63941529110076,48928200
2019-10-17,271.46490478515625,272.33567459941145,270.77553035484783,271.8277232343232,45736600
2019-10-18,270.2765197753906,271.57360821426397,269.42388163261506,270.92960372131955,64304000
2019-10-21,272.10882568359375,272.3083799212792,271.1564240881151,271.5918227015919,39048600
2019-10-22,271.219970703125,272.93429940069217,271.12925918317654,272.6440336093649,48594700
2019-10-23,272.00909423828125,272.0635156111766,270.7573472991516,270.9659810160959,34352200
2019-10-24,272.4535217285156,273.0884746005034,271.62809406743776,272.94334172458434,35453100
2019-10-25,273.56927490234375,274.11351638561285,271.8277076921369,271.8821290723367,45205400
2019-10-28,275.1112365722656,275.61013608971376,274.75749763127527,274.7847083190437,42147000
2019-10-29,275.0295715332031,275.9547901689378,274.7120950931229,274.8390967416614,44284900
2019-10-30,275.87322998046875,276.24510020516715,273.92302891820503,275.22919747728037,49643900
2019-10-31,275.1383972167969,275.86406156075225,273.6871238914147,275.86406156075225,69053800
2019-11-01,277.6873474121094,277.73268933726877,276.41744133237114,276.58073316174546,71141500
2019-11-04,278.8029479980469,279.37440006354313,278.4310501827038,279.2383466387265,60606900
2019-11-05,278.49456787109375,279.30186437599883,278.2043020930648,279.00251914201027,42933200
2019-11-06,278.5580749511719,278.8301818233875,277.6147249920431,278.4945741205653,46487100
2019-11-07,279.5376892089844,280.87106825413883,279.06602806695554,279.89145582645773,54272300
2019-11-08,280.2270812988281,280.2815026770793,278.4945936077772,279.1930197495144,49032100
2019-11-11,279.6919250488281,279.86426864392786,278.71228485760133,278.848365987301,35797300
2019-11-12,280.281494140625,281.17947453569053,279.5104877305214,280.05472917772806,46484600
2019-11-13,280.3721923828125,280.77130091310977,279.0660240438884,279.29278899604503,53917700
2019-11-14,280.7804260253906,280.8620857890122,279.45612610965475,280.09107921404535,51219900
2019-11-15,282.8121643066406,282.8575062211695,281.4243640106054,282.1137105902836,62023600
2019-11-18,283.0208435058594,283.25668795742666,282.1228629883897,282.5763929760045,49228000
2019-11-19,282.93914794921875,283.62852223373176,282.2951432620522,283.619442778009,67804700
2019-11-20,281.8869934082031,282.86663359563494,280.3359287395858,282.3496028123388,79406200
2019-11-21,281.4334411621094,282.10468425402297,280.6352517705745,281.9958415043259,54664700
2019-11-22,282.059326171875,282.31330182529547,281.052503014795,282.1772483826184,44850200
2019-11-25,284.245361328125,284.245361328125,282.98456243967775,282.98456243967775,48647200
2019-11-26,284.88934326171875,285.0707663027961,283.96415218727157,284.28162866852205,37569000
2019-11-27,286.1591796875,286.1591796875,285.1523291122122,285.3700145636202,44444600
2019-11-29,285.0979919433594,285.8417876970087,284.87122697075444,285.59686381058185,36592700
2019-12-02,282.6761169433594,285.4154274537873,282.2497977488334,285.351926627072,75767800
2019-12-03,280.7804260253906,280.8620857890122,278.5853562166905,279.96407752065693,73941700
2019-12-04,282.51287841796875,283.1115412943075,281.4788444906727,281.8235316935288,49080000
2019-12-05,283.0208435058594,283.2294772654207,281.714674927027,283.2113460311746,40709000
2019-12-06,285.6059875488281,286.00509617699373,284.9166130672193,284.92569252553795,48927000
2019-12-09,284.7079162597656,285.88708285190785,284.63533597889335,285.21586750080536,34838500
2019-12-10,284.3904113769531,285.3156022560636,283.73732732073876,284.6534664265952,52649800
2019-12-11,285.1977233886719,285.4516989977195,284.3087949163725,284.8439568182491,53429100
2019-12-12,287.65594482421875,288.43600314424464,284.97105495075266,285.20687172961357,96389600
2019-12-13,287.8282775878906,289.05281408902283,286.64908301294815,287.4200895270887,81503900
2019-12-16,289.80560302734375,290.39518635483904,287.7647184989822,289.5516273932872,82749700
2019-12-17,289.86907958984375,290.48587355216506,289.7874475372953,290.18655602615394,61097700
2019-12-18,289.88726806640625,290.48593091791935,289.83284668729334,290.2591659445252,48133000
2019-12-19,291.07562255859375,291.1482028785831,289.8238750109508,290.07785076835074,85310500
2019-12-20,292.3516845703125,293.4819599466499,291.1302516726063,292.1055564808797,147142100
2019-12-23,292.7983093261719,293.19025605431125,292.65246286090326,293.13556710700664,52990000
2019-12-24,292.807373046875,293.0716936318886,292.50655608135855,293.02612879098643,20270000
2019-12-26,294.3661193847656,294.37524348162793,293.18115512214473,293.19025140163853,30911200
2019-12-27,294.2930908203125,295.1499211381323,293.7644218965359,295.0952322086851,42528800
2019-12-30,292.6705322265625,294.5118185603214,292.1874282297292,294.37509626260527,49729100
2019-12-31,293.3816223144531,293.62775035689424,291.82293192090606,292.16931374555315,57077300
2020-01-02,296.1253356933594,296.14358388648566,293.9923834001532,294.9130269972677,59151200
2020-01-03,293.88299560546875,295.0041745676097,292.68890732538284,292.74359626818324,77709700
2020-01-06,295.004150390625,295.0861837981025,292.01434006994486,292.1328420420894,55653900
2020-01-07,294.1746520996094,294.9129805533922,293.7279886988713,294.43897268463854,40496400
2020-01-08,295.7425231933594,296.9548319309042,294.1200195395933,294.3661197989049,68296000
2020-01-09,297.7477722167969,297.820709338136,296.71775096243204,297.3011366636997,48473300
2020-01-10,296.89093017578125,298.48608887965315,296.42607426931494,298.3311461832845,53029300
2020-01-13,298.9327392578125,298.9418355342063,297.0823563543286,297.5107715003253,47086800
2020-01-14,298.47698974609375,299.5434516916106,297.9209485381816,298.4952101168568,62832800
2020-01-15,299.1515197753906,299.9080685509151,298.3038135068561,298.38584690535674,72056600
2020-01-16,301.6399841308594,301.6399841308594,300.30004962435345,300.52792945323296,54050300
2020-01-17,302.57891845703125,302.78855014536276,301.5762414127228,302.3510385750234,95846000
2020-01-21,301.9863586425781,302.7885001455664,301.5488471444855,301.62175645504635,77742400
2020-01-22,302.0227966308594,303.49035714511143,301.867853930092,302.84315842409643,48914900
2020-01-23,302.369140625,302.77933537903976,300.2635335646252,301.3755880663374,51963000
2020-01-24,299.6802062988281,303.1075279519649,298.39496067890184,303.0254945486543,87578400
2020-01-27,294.8764953613281,296.3531521856209,294.1108224827082,294.4480801750021,84062500
2020-01-28,297.966552734375,298.8416034600196,294.96764649476006,296.2984568633764,63834000
2020-01-29,297.7204284667969,299.55259115613137,297.5198931086739,299.32471133178075,53888900
2020-01-30,298.6866149902344,298.89627442765044,294.9129398382602,295.66036446661803,75491800
2020-01-31,293.2632141113281,298.2218830146405,292.35169450141586,298.06691244131224,113845600
2020-02-03,295.44158935546875,297.30109625380913,294.6212276647578,294.73972960780577,69083000
2020-02-04,299.94451904296875,300.8104734483571,298.723086598825,299.0421238964606,62573200
2020-02-05,303.4083251953125,303.6179846653886,301.41212336008243,302.870532103236,65951100
2020-02-06,304.42919921875,304.6206104661579,303.3535853975724,304.365386197161,50359700
2020-02-07,302.8066711425781,304.4382703838826,302.25975409202255,303.3718085617881,64139400
2020-02-10,305.0672302246094,305.13104324290214,301.8860372115477,301.92250576733755,42070000
2020-02-11,305.595947265625,307.20020220152,305.06725053223005,306.41630901268127,54864500
2020-02-12,307.5648498535156,307.77448148627434,306.6624268441835,307.02702899526753,43992700
2020-02-13,307.2366943359375,308.20290257264736,305.8694153801374,306.1428600443528,54501900
2020-02-14,307.72894287109375,307.8474448392001,306.4528213248784,307.64690946641167,64582200
2020-02-18,306.9360046386719,307.7928352872699,305.5504770448348,306.7354692141623,57226200
2020-02-19,308.40338134765625,309.07789660720476,307.61948824248975,307.902056949455,48814700
2020-02-20,307.136474609375,308.67694462905206,304.1557883522253,307.85655491074664,74163400
2020-02-21,303.9735412597656,306.0973695137125,303.15315143324005,305.78745621324725,113788200
2020-02-24,293.89208984375,304.0464012409805,292.8164758374308,294.5483849080448,161088400
2020-02-25,284.9865417480469,295.8883062471929,284.11149089171784,295.2776038121276,218913200
2020-02-26,283.938232421875,289.9633610159589,283.2090281846531,286.3810972156628,194773800
2020-02-27,271.1861572265625,283.99299421889395,271.1861572265625,278.43272007694435,284353500
2020-02-28,270.0467529296875,271.5325340386913,260.27526361074985,263.15566832306206,384975800
2020-03-02,281.7415771484375,281.80539019373504,268.40604154971504,271.82423989590694,238703600
2020-03-03,273.6744689941406,286.0711335616796,271.2407287232659,282.11514424699317,300139100
2020-03-04,285.1779479980469,285.3967315712866,276.49116917188974,279.0343161033958,176613400
2020-03-05,275.6980895996094,281.17632889627316,273.46488424875696,277.9951357880224,186366800
2020-03-06,271.1406555175781,272.34386825696504,264.55038556535095,267.2120076426159,228667200
2020-03-09,249.96597290039062,259.04469825650165,249.25498888727407,250.94127750870393,309417300
2020-03-10,262.9004821777344,262.9916118792991,249.3005981834413,259.4549393740364,276444100
2020-03-11,250.08448791503906,256.99382161350735,246.91241771549264,255.8635462842316,255316300
2020-03-12,226.15708923339844,243.06577765843556,225.76512864095778,233.3489770719644,392220700
2020-03-13,245.49041748046875,247.4593027706441,226.5308107156286,239.81164146550884,329566100
2020-03-16,218.6279296875,234.16932404862888,216.35824141554718,219.84023822786799,297240000
2020-03-17,230.4320831298828,233.50391264622428,216.0938883539165,223.35868442017195,262070500
2020-03-18,218.7646026611328,226.39401372816258,207.84460680606134,215.3464057445526,327597100
2020-03-19,219.2295379638672,225.4916860447425,211.67304784141282,218.0810284637233,289322000
2020-03-20,209.78204345703125,224.1495443005765,209.50697679443658,222.37079573833208,347158800
2020-03-23,204.41827392578125,210.5888688079637,200.11810699641129,209.22272735900054,326025200
2020-03-24,222.93923950195312,223.81028619851725,214.3664247760725,214.93488557553914,235494500
2020-03-25,226.276611328125,235.04198822111258,219.82178792403363,224.516204945191,299430300
2020-03-26,239.48892211914062,240.95590684573168,228.34882847309677,228.7797629312914,257632800
2020-03-27,232.35552978515625,239.1312666476789,230.18253051508594,232.2180034986201,224341200
2020-03-30,239.90147399902344,240.61663876583322,232.45641822635318,234.44604471765408,171369500
2020-03-31,236.32565307617188,241.4418275508448,234.92282878626662,238.90208181788717,194881100
2020-04-01,225.68983459472656,236.24312431481496,223.62685616519354,227.36772539626958,189554600
2020-04-02,230.897705078125,231.67704405266247,224.2594942177443,224.80962736839078,177660400
2020-04-03,227.560302734375,232.2638985790031,224.83716977069236,229.9166755402143,135561200
2020-04-06,242.84463500976562,244.80677011871967,227.54193143111638,236.40815247528656,188061200
2020-04-07,243.0922393798828,252.16933982804701,242.87219727816253,251.41749200591784,201427200
2020-04-08,251.25245666503906,253.05871017209918,243.20225678677284,245.68699208459705,153774500
2020-04-09,255.07577514648438,257.8264124285201,252.5726851466973,254.50728660421632,189999200
2020-04-13,252.74696350097656,254.44319588474661,248.8502262862596,254.10395500418002,114839100
2020-04-14,260.2012023925781,261.21892505517496,252.60944238232008,257.6247736197147,134143400
2020-04-15,254.67245483398438,260.3387633386726,252.56361522887224,254.49824549327255,121775000
2020-04-16,255.9010009765625,256.75369195266023,252.83862767870144,255.94683374609875,131798300
2020-04-17,262.8143005371094,263.4194162623719,258.9267132107058,261.65902364519036,146684800
2020-04-20,258.18408203125,262.95186638326464,257.96403991624453,259.11928900096365,100109300
2020-04-21,250.34474182128906,254.929138502849,249.4095069904513,253.72802881075526,126385700
2020-04-22,255.9010009765625,257.64306593294725,253.89303320643955,255.21334154791583,92951600
2020-04-23,255.8826446533203,260.3386922865704,255.58008681730885,257.1754477326912,104709700
2020-04-24,259.4493713378906,260.11870338954105,255.35091919954365,257.39557038512345,85063200
2020-04-27,263.19024658203125,264.30884067979105,260.9622361353189,261.42067588061485,77896600
2020-04-28,261.97998046875,267.17867138306195,261.67739457497856,266.8302527082662,105270000
2020-04-29,268.838134765625,270.369335297768,266.27088427087654,267.29778446877594,118745600
2020-04-30,266.33514404296875,268.93907823852754,264.60222850800403,267.4628878219718,122901700
2020-05-01,259.2843933105469,266.5002313799912,258.11993829550914,261.5949198596324,125180000
2020-05-04,259.99951171875,260.3020696248995,255.92856473218876,257.40472721224256,80873200
2020-05-05,262.4017639160156,265.2074131354292,260.1278925305998,262.81437091102384,79569900
2020-05-06,260.62298583984375,264.48304052192884,260.1920513755059,264.09796681903833,73632600
2020-05-07,263.7678527832031,265.6933050734505,263.2635803176103,263.8320410550969,75250400
2020-05-08,268.1322326660156,268.5998501465137,265.76666797978606,266.89443979354115,76452400
2020-05-11,268.1872863769531,269.56260579427084,265.7850662716561,266.2068230583022,79514200
2020-05-12,262.84173583984375,269.7824891482687,262.7041815943228,269.3699103544919,95870800
2020-05-13,258.1932678222656,263.3186207708161,255.77269255804435,262.2825424788248,144721100
2020-05-14,261.2830810546875,261.41142959963264,250.29885756390482,255.76347804149395,121977900
2020-05-15,262.48431396484375,262.53014675651616,257.9549261021003,258.899311054319,111146300
2020-05-18,270.47943115234375,272.0839701507051,268.3706196611589,268.6915050760796,119703800
2020-05-19,267.7012939453125,271.58885385664627,267.68296642946405,269.8834715117107,95189300
2020-05-20,272.2489929199219,273.1108617924765,271.00205036955106,271.23127021904025,85861700
2020-05-21,270.36944580078125,272.9275475763484,269.27835689934,272.12068909653203,78293900
2020-05-22,270.8827819824219,271.0569912617553,268.84730912262285,270.0851015880697,63958200
2020-05-26,274.2202453613281,277.07175449936034,270.90114681308035,276.83335693039163,88951400
2020-05-27,278.3004150390625,278.33709805129075,272.1939946167621,277.00761167218025,104817400
2020-05-28,277.78692626953125,281.3352447299404,277.1175942986496,279.3272767982314,90405200
2020-05-29,279.02471923828125,279.61150744849493,274.5778489741923,277.3193091660714,119090800
2020-06-01,280.1524353027344,280.75757894742645,277.8694149921172,278.3828651183529,55758300
2020-06-02,282.4721374511719,282.5179982006775,279.73985528660774,281.069313365472,74267200
2020-06-03,286.2313537597656,287.1849160018017,284.17755322085765,284.4526057998422,92567600
2020-06-04,285.4794921875,286.98318749531984,283.3890087460685,285.2502723891811,75794400
2020-06-05,292.7963562011719,294.56592728354195,290.7975651968073,290.8617534903932,150524700
2020-06-08,296.3354187011719,296.52795553104175,293.0621526886974,293.60310815038525,73641200
2020-06-09,294.12579345703125,296.4088145420949,292.81463445829365,293.67650345846687,77479200
2020-06-10,292.48455810546875,295.5927930158741,291.76939322056137,294.7034187889176,95000800
2020-06-11,275.623046875,286.2038408309795,275.0729417317749,285.57119193533765,209243600
2020-06-12,278.9238586425781,283.38905659074294,273.7801789307393,282.6188812960742,194678900
2020-06-15,281.5278015136719,282.65557322051234,272.0747773753375,273.2483818586524,135782700
2020-06-16,286.946533203125,289.4037909524716,282.0962619316776,289.25708690915724,137627500
2020-06-17,285.75457763671875,288.2576679504427,285.0210574809537,287.96425988813667,83398900
2020-06-18,285.8646545410156,286.3414217497539,283.7833484028866,284.2417880969982,80828700
2020-06-19,284.2309875488281,289.5170263493881,282.2878438676283,289.32364222607004,135549600
2020-06-22,286.0543518066406,286.4503381503588,282.49041850503755,283.6323430698322,74649400
2020-06-23,287.3712463378906,289.6274972240298,286.9660418676936,288.69736494870455,68471200
2020-06-24,280.04083251953125,285.953114826548,278.20822201391996,285.336089865643,132813500
2020-06-25,283.04296875,283.3100417218154,277.45301313177083,279.46981736237365,89468000
2020-06-26,276.3203430175781,282.15896480300063,275.7401905770656,281.9471443823184,127961000
2020-06-29,280.3814697265625,280.51960120631884,275.2888164097337,277.572693256611,79773300
2020-06-30,283.9730529785156,285.667559621828,279.7921232790596,279.9486629348006,113394800
2020-07-01,285.9622497558594,287.22392574002134,284.62694111006857,285.08739818187286,72396500
2020-07-02,287.5370178222656,290.7325908541107,286.8739585501112,289.38803604130976,69344200
2020-07-06,291.975830078125,292.55601050927066,290.6036769406393,291.3496151795207,61713800
2020-07-07,288.9644775390625,292.4086879039096,288.5868993171508,290.4379459868934,82910000
2020-07-08,291.17462158203125,291.2851267804882,287.9698584105039,289.728779659392,54638600
2020-07-09,289.5169677734375,292.0218551502653,286.1095744969354,291.78240850045916,83354200
2020-07-10,292.4730529785156,292.74012588856067,288.02505104229334,289.4524563986217,57550400
2020-07-13,289.940673828125,297.18826534712787,289.2868325014448,294.8123186633165,102997500
2020-07-14,293.6979675292969,294.4715320808562,287.32522893206374,288.522406144319,93657000
2020-07-15,296.39617919921875,297.49206911744704,294.0202053194717,296.9118887955538,87196500
2020-07-16,295.4200744628906,295.87131342816184,293.85450907927094,294.4991602617193,54622500
2020-07-17,296.2765197753906,297.0593024720893,294.45309952821765,296.4238694209868,62774900
2020-07-20,298.6708984375,299.4168366870497,295.26350467471246,296.0094429242622,56308800
2020-07-21,299.3063049316406,301.0744442907489,298.3209200855165,300.632423503006,57292200
2020-07-22,301.0099792480469,301.32311478404205,298.83663538971115,298.94714058873586,57792900
2020-07-23,297.4184265136719,301.3507479273714,296.05549155599056,300.65084417889534,75738000
2020-07-24,295.5029602050781,296.5251615020732,294.0018655257891,295.56743094562876,73766600
2020-07-27,297.6578674316406,297.83284336537673,295.4016165623497,296.19361733148213,48293000
2020-07-28,295.77001953125,298.04467867981947,295.47532024869815,296.9303522871835,57495000
2020-07-29,299.4076232910156,299.9693955729184,296.60803622504216,296.64488066256155,48454200
2020-07-30,298.33929443359375,298.7537169791964,294.3609672745089,296.4422138237154,61861700
2020-07-31,300.6969299316406,300.798245119707,295.9173824216007,300.12596755695097,84986800
2020-08-03,302.787353515625,303.5516998495723,301.8111868221174,302.3545227663099,53077900
2020-08-04,303.9569091796875,303.9569091796875,301.9308868941844,301.9308868941844,41917900
2020-08-05,305.8446960449219,306.1025789119358,304.9882528791218,305.2553257741995,42697700
2020-08-06,307.8892517089844,308.00897505925286,304.9423429439364,305.26466855525786,43679400
2020-08-07,308.1101989746094,308.3956800618827,306.0197062402385,306.92221206378724,57308300
2020-08-10,309.03118896484375,309.21535494485994,306.6275882566364,308.5615137232704,44282100
2020-08-11,306.4801940917969,310.8453459347755,305.7526922046899,310.2099129722672,69601100
2020-08-12,310.7532958984375,311.52686046889016,308.88384116049235,308.91146746286313,53774400
2020-08-13,310.1915283203125,311.49923889521347,309.2706140885454,309.98892606516085,41816100
2020-08-14,310.20074462890625,310.73489061846544,309.07722814860483,309.80475825655594,47260400
2020-08-17,311.1861877441406,311.5821741904847,310.2100207301367,311.2138140519303,35481000
2020-08-18,311.85833740234375,312.28194998264934,309.98885496076423,311.5820463337453,38733900
2020-08-19,310.5598449707031,312.75159673010216,309.9980728045905,312.23588712741235,68054200
2020-08-20,311.5268249511719,312.0056901723592,308.70883001435334,308.83774337602864,42207800
2020-08-21,312.6318664550781,312.85287680171285,310.85448123734926,311.19524299382766,55106600
2020-08-24,315.7999572753906,315.8736180566661,312.60438339712664,315.06320894225934,48588700
2020-08-25,316.9049987792969,316.9878776871024,315.2013018413242,316.3616627587458,38463400
2020-08-26,320.0821838378906,320.3492287448196,316.95108089894495,317.49441695300277,50790200
2020-08-27,320.7820129394531,322.2278548973866,319.1243787139967,320.94779884525434,58034100
2020-08-28,322.85400390625,322.98294535067055,320.6161897272106,321.8041766053933,48588900
2020-08-31,321.6845397949219,323.5171500758055,321.4543112428884,322.6422984405211,66099200
2020-09-01,324.7143249511719,324.8156120146118,321.6200388879637,322.51332671022755,54908700
2020-09-02,329.4111022949219,330.3780512031536,325.4787796988695,326.62073270090923,69540000
2020-09-03,318.0746154785156,328.19545502122673,315.4960384795062,327.72577971733415,148011100
2020-09-04,315.47760009765625,320.3215899223895,308.38654915956926,318.75605256613443,139156300
2020-09-08,306.8578186035156,315.54206103531834,306.5539292774732,310.0810183653904,114465300
2020-09-09,312.91741943359375,315.37624441716423,309.98889114735533,310.8545526760322,91462300
2020-09-10,307.48406982421875,315.44075426286713,306.5263111431715,314.7869130200324,90569500
2020-09-11,307.640625,310.32048895230275,304.8226295252226,309.2614431412323,84680200
2020-09-14,311.692626953125,313.4607946662511,307.78795955439836,310.79933901286097,65605700
2020-09-15,313.2674255371094,314.97109448568426,311.7018600067676,314.142277247769,52920900
2020-09-16,312.0240478515625,315.92871371302925,311.7477568248734,314.50130843935,82096000
2020-09-17,309.27978515625,310.99269998077335,306.6551743743273,307.1801021515254,91523300
2020-09-18,305.7190856933594,310.1941477907214,303.2411636439755,310.08320026859406,105877900
2020-09-21,302.3166809082031,302.46462040076045,297.4717824473857,301.1424482202814,99450800
2020-09-22,305.39556884765625,305.9503348545205,301.2903399000604,303.7960278580259,63612100
2020-09-23,298.3130798339844,306.22765682115056,297.8137877286705,305.95025977750316,93112200
2020-09-24,299.1083068847656,302.1594777085532,295.68727323191223,297.0002185553226,76681300
2020-09-25,303.9439392089844,304.7298270780176,297.38852490576954,298.25762343564503,71069400
2020-09-28,308.9922180175781,309.70415018624124,307.1060252515909,308.0953544774506,64584600
2020-09-29,307.3094482421875,309.5284836874694,306.6159979020015,308.788814611231,51304000
2020-09-30,309.6395263671875,312.78316294549495,307.7810700245136,307.9752282610911,104081100
2020-10-01,311.62738037109375,313.1991843917802,309.7504423645945,312.22836509125534,88698700
2020-10-02,308.6687316894531,311.5997286787622,306.21854518098957,306.6901006244103,89431100
2020-10-05,314.1423034667969,314.3272066536649,310.675051276602,310.7212700191764,45713100
2020-10-06,309.6764221191406,316.3705485681372,309.16790315798374,314.28094252067115,90128900
2020-10-07,315.0668640136719,315.87126190492677,312.598168352672,312.6259052380061,56999600
2020-10-08,317.8591003417969,317.92382913687663,316.08385529278047,316.9992288068096,45242500
2020-10-09,320.6976623535156,321.15996256500506,318.88545342511554,319.5049199072346,59528600
2020-10-12,325.85699462890625,327.32710625079835,322.7410950073578,323.23113221465513,80388500
2020-10-13,323.73040771484375,325.89396970025575,322.76881520469266,325.71829333157706,73255500
2020-10-14,321.6962890625,325.39469156684834,320.96587488382295,324.30366960004284,57727900
2020-10-15,321.2986755371094,321.7794576418191,317.2581758442864,317.79443172197927,60357700
2020-10-16,321.1044921875,324.30360178414776,320.9288158479538,322.6485591089017,89501900
2020-10-19,316.2226867675781,322.99074228284945,315.325822981665,322.3620205940744,68425600
2020-10-20,317.4893493652344,320.7254513716909,316.8051539703146,317.5633049958053,60051900
2020-10-21,316.8883056640625,319.6066331009399,316.5831717303874,317.4430433315355,63575000
2020-10-22,318.6265563964844,319.2090592108434,314.9651464132425,317.10097125484754,55399300
2020-10-23,319.7083740234375,319.9025322364598,317.258188232449,319.84705846131055,49143900
2020-10-26,313.8002014160156,317.1195140807674,310.31443920384794,316.33359795190205,91473000
2020-10-27,312.7183837890625,314.4751191044585,312.5057155150436,314.1422764667609,65994100
2020-10-28,302.030029296875,312.7461466489848,301.5399921174108,307.05985871686283,127094300
2020-10-29,305.0997009277344,308.2618190207296,300.57839067530114,302.26117045534187,90597700
2020-10-30,301.91900634765625,304.8314918083679,298.27607870942455,303.52780192819796,120287300
2020-11-02,305.3030700683594,307.300182145621,302.56623250835605,305.3030700683594,86068300
2020-11-03,310.6935119628906,312.746126248305,305.38631400131226,308.52995012960014,93294200
2020-11-04,317.6373291015625,321.7055664962755,313.9851450876126,315.1593778065313,126959700
2020-11-05,323.83209228515625,325.63507467035436,322.55613899305547,322.907491721787,82039700
2020-11-06,323.7580871582031,325.00630337123437,321.43733106964845,323.5454189031764,74973000
2020-11-09,327.82635498046875,336.9059387720614,327.36405472488747,336.52684917649657,172304200
2020-11-10,327.34552001953125,328.3995497594577,324.08168187076836,326.8369728905607,85552000
2020-11-11,329.7771911621094,330.6000707309104,328.28857005278473,329.52753103027277,58649000
2020-11-12,326.578125,329.82348168786507,324.7751710085161,328.76942360523407,67546200
2020-11-13,331.0994567871094,331.8391259274995,327.96504743366876,328.48282147525566,62892200
2020-11-16,335.23236083984375,335.4265190156994,332.4770415964014,333.76224964666625,74541100
2020-11-17,333.4294128417969,334.6314103678308,331.32132492500256,332.82842818706325,66111000
2020-11-18,329.4166564941406,334.2430721080145,329.379664574458,333.697561213107,70591300
2020-11-19,330.8036193847656,331.1734540014024,327.44731451105605,328.7879967400085,59940900
2020-11-20,328.5382995605469,330.7481084092092,328.46434393216515,330.5446951604477,70417300
2020-11-23,330.5076904296875,331.7651617960009,328.1129784945893,330.34126910985094,63230600
2020-11-24,335.8333740234375,336.37888489880055,332.1997010545498,333.0503176608031,62415900
2020-11-25,335.3157043457031,335.7780047110036,334.22468225557213,335.7502678177485,45330900
2020-11-27,336.2494812011719,336.7210082758483,335.24164181075275,336.40664748720786,28514100
2020-11-30,334.7608642578125,335.7409385582566,332.08878340971694,335.47279650501997,83872700
2020-12-01,338.4223327636719,339.9571732876584,337.41452140242126,338.0062793851227,74231400
2020-12-02,339.1342468261719,339.2914131198718,336.73953476512753,337.3127825968703,45927000
2020-12-03,339.0417175292969,340.42861810719086,337.94144081350913,339.0324624961436,62882000
2020-12-04,341.9634704589844,341.9634704589844,339.53176684344106,339.62423252861316,50749900
2020-12-07,341.2608337402344,341.75087093197277,339.9941354266788,341.1961049259402,48944300
2020-12-08,342.25933837890625,342.82333107219165,339.9478374066258,339.99405613944555,42458900
2020-12-09,339.189697265625,343.0730024150456,338.35756246336115,342.915836132159,74098300
2020-12-10,339.0787353515625,340.1235101648178,336.9521373730438,337.8212640589187,57735400
2020-12-11,338.68115234375,339.0879788216525,335.8703871356922,337.38671728522763,57698600
2020-12-14,337.16473388671875,341.91716454612543,336.9890575801559,340.8446530760877,69216200
2020-12-15,341.7231140136719,341.7231140136719,338.329845795208,339.6982365511047,63865300
2020-12-16,342.25933837890625,343.1746837346286,341.05734094338163,341.93572259947405,58420500
2020-12-17,344.17327880859375,344.3766920459077,343.0730019635639,343.8959099470601,64119500
2020-12-18,342.79901123046875,344.62823947679175,340.7933577976849,344.4611087749372,136542300
2020-12-21,341.57342529296875,351.4159755487242,336.1600382375715,338.88995381488303,96386700
2020-12-22,340.9977111816406,342.0098184311258,339.87418344037354,341.89839793934385,47949000
2020-12-23,341.3040466308594,343.2075455979744,340.9790513997604,341.96330324011194,46201400
2020-12-24,342.63189697265625,342.6597520909689,341.1926686317637,341.77762611632846,26457900
2020-12-28,345.5754089355469,345.96538061700096,344.5540073036612,345.17611443159626,39000400
2020-12-29,344.9161682128906,347.27467258670123,344.33118227864804,347.09824735774396,53680500
2020-12-30,345.40826416015625,346.4389603203097,345.0182924625775,345.733259466037,49455300
2020-12-31,347.1632385253906,347.8875000497571,344.7026082398412,345.2132949330659,78520700
2021-01-04,342.43695068359375,348.6210426946345,338.7506384714175,348.4910332362678,110210800
2021-01-05,344.79547119140625,345.88187774542536,341.7498547168132,341.7962988166081,66426200
2021-01-06,346.8568420410156,350.04176253855144,342.74340790904097,343.2912442716804,107997700
2021-01-07,352.0101623535156,352.75298437501374,349.0481120785787,349.2245372676321,68766800
2021-01-08,354.01580810546875,354.22935455515557,350.153071336751,353.39367271496,71677200
2021-01-11,351.6294860839844,353.3844152987946,350.7287994312137,350.84951439553026,51034700
2021-01-12,351.70367431640625,352.71578121015943,349.46588577015143,351.81512310586595,52547700
2021-01-13,352.65087890625,353.6443970420134,350.84950564563337,351.6294773146356,45303600
2021-01-14,351.4159240722656,353.89514316325904,351.0816626236897,353.39372265354797,49989100
2021-01-15,348.85321044921875,350.5988454547158,346.9961266104406,349.80031300572944,107160000
2021-01-19,351.5924072265625,352.13097743160114,349.8281831712378,351.30456148612353,51233300
2021-01-20,356.4579162597656,357.29359819142803,353.48657123958117,353.87654291716206,61836100
2021-01-21,356.7829284667969,357.4422136144088,355.8636810590546,357.0150639404166,47840100
2021-01-22,355.52001953125,356.6806965547213,354.5543283134063,354.93503377752586,52860500
2021-01-25,356.92218017578125,357.2750022410849,351.415906011499,356.25362897614195,70402000
2021-01-26,356.3650207519531,358.2778143535909,356.1328853310083,357.86925374578055,42665300
2021-01-27,347.6553039550781,353.1429888444501,345.4268095254111,353.05012900637144,123351100
2021-01-28,350.6452331542969,354.6379514307327,349.0295795422171,349.465966970764,94198100
2021-01-29,343.62548828125,349.75387014169314,341.95409595375736,348.7881786860428,126765100
2021-02-01,349.3453369140625,350.3760048440203,343.91336101234145,347.01468762606163,75817600
2021-02-02,354.2851867675781,355.83586436704974,349.42893027054663,352.5209626448965,64450700
2021-02-03,354.563720703125,356.28152883956943,353.29162286803046,355.11155700905664,52427100
2021-02-04,358.5935363769531,358.63995212915546,354.67508910571235,355.59433635934124,47142600
2021-02-05,360.0049133300781,360.71061412663744,358.54712432112404,360.4599180558391,48669800
2021-02-08,362.6048583984375,362.6512741525483,360.59920475972706,361.4534473259199,38365200
2021-02-09,362.3634033203125,362.95768361802595,361.3605907389764,361.76912302259905,35551100
2021-02-10,362.20556640625,364.24836966450124,359.8099410732521,364.09979957873327,59154400
2021-02-11,362.7906188964844,363.70060021262947,360.3671379983436,363.2827449986079,42913300
2021-02-12,364.5826416015625,364.82404318438233,361.9177030106144,361.9920022182859,50593300
2021-02-16,364.26690673828125,366.0033035639086,363.5519398125603,365.80828939947554,50972400
2021-02-17,364.3504638671875,364.6011599060725,361.5091004089487,362.5212357222634,52290600
2021-02-18,362.7998962402344,363.5427184335589,360.03283114692755,361.7506393479471,59712800
2021-02-19,362.1590881347656,364.3411666164825,361.7133779544017,364.0533209802604,83241000
2021-02-22,359.37353515625,361.7784550408201,359.1042500973584,359.4013902770424,67414200
2021-02-23,359.80999755859375,361.15639469065013,353.0316528102948,357.17294188013483,107284100
2021-02-24,363.7748718261719,364.2020215283774,357.7393491134109,358.72360131962074,72433900
2021-02-25,355.0093078613281,363.87689740324714,353.57007967389603,362.51194007778116,146670500
2021-02-26,353.1801452636719,358.0271345906392,351.20237503364604,356.8850463128118,152701600
2021-03-01,361.74127197265625,362.9855428178806,353.3751303176071,358.03639956573255,105348800
2021-03-02,358.9185485839844,362.19629994312015,358.41712808705853,361.9641644974679,79595300
2021-03-03,354.1644287109375,359.18781495345684,354.06227437694446,358.22215187611573,119940200
2021-03-04,349.7816467285156,356.5599893581393,345.30606922791776,353.9786447353223,183433000
2021-03-05,356.2165222167969,357.265779064072,346.01185613057277,353.2730320198999,152039600
2021-03-08,354.44293212890625,359.97703262153334,354.1643809589317,357.17284694203045,123149200
2021-03-09,359.5035095214844,362.04770476168795,357.77640719038783,358.2778276525571,113633600
2021-03-10,361.74127197265625,363.4312247093334,360.4320530796693,361.84342629734385,109899400
2021-03-11,365.4090576171875,367.3775617218999,363.7469598417814,364.201964598063,86245000
2021-03-12,365.9012451171875,366.0405207448169,363.2456286942137,364.05345567131616,64653600
2021-03-15,368.08331298828125,368.3433035974085,364.01629476654966,366.15192988889174,73427200
2021-03-16,367.6189880371094,369.40177242737843,366.84828247321997,368.6960999272851,73722500
2021-03-17,368.87255859375,369.6710910137919,365.19551232371896,366.33762904443535,97959300
2021-03-18,363.5054931640625,368.37104231310417,362.8276475623629,366.2911180973628,115349100
2021-03-19,362.8329772949219,364.7799824618673,360.6623728633488,363.20560482975657,113624500
2021-03-22,365.7301330566406,367.1088860050199,363.2893903689639,363.34528306947146,73778600
2021-03-23,362.85162353515625,366.54068471271836,362.0690971295922,365.0967422553669,90686600
2021-03-24,361.00701904296875,365.87920816679144,360.9604512667513,364.2489379839986,97588600
2021-03-25,363.037841796875,363.8296644620866,357.6346443016574,359.5723525170637,116128600
2021-03-26,368.88818359375,369.2887573922417,363.5874749543767,364.1836731891651,114409100
2021-03-29,368.701904296875,369.60554090899944,365.93510175704296,367.4163152580118,108107600
2021-03-30,367.72381591796875,368.3945569028789,366.1307883102693,367.4350274245717,76262200
2021-03-31,369.2142333984375,370.76998933005086,368.26402908759354,368.2919754370403,112734200
2021-04-01,373.201416015625,373.2573371455199,370.93767636691575,371.1426257443496,99682900
2021-04-05,378.55810546875,379.0984396024881,375.7820059480064,375.8565200890422,91684800
2021-04-06,378.3344421386719,379.3778104361055,377.66370131465686,377.9990859414913,62021000
2021-04-07,378.7723083496094,379.1169894924743,377.7103185696919,378.16678511784755,55836300
2021-04-08,380.57025146484375,380.62614416673193,379.08903800549706,380.02062094317336,57863100
2021-04-09,383.3370666503906,383.5047731912766,380.328071856803,380.4491821914655,61104600
2021-04-12,383.47686767578125,383.74700629608895,382.1353857837753,382.74090909191403,56704900
2021-04-13,384.6133117675781,385.2374848347506,382.99236657978923,383.374318989603,56551000
2021-04-14,383.2998962402344,385.6381506011491,382.759562095724,384.585457098943,61659900
2021-04-15,387.4173583984375,387.68752538741427,385.38651459221114,385.4330823632249,60229800
2021-04-16,388.7123107910156,389.31783402254797,387.28699001478793,388.70298586402646,82037300
2021-04-19,386.8025207519531,388.22784142524785,385.4796889791716,387.78069983654575,78498500
2021-04-20,383.9706115722656,386.6908182521964,382.4986943815011,385.59155703811007,81851800
2021-04-21,387.60369873046875,387.80864810285476,383.21592286206607,383.3556830388797,66793000
2021-04-22,384.06365966796875,388.2651075101176,383.0016699793457,387.43601353904774,97582800
2021-04-23,388.2278747558594,389.6345741269456,384.54813911119874,384.6226532391619,73209200
2021-04-26,389.038330078125,389.60661044348035,388.29307511302295,388.87997690212677,52182400
2021-04-27,388.9544677734375,389.5320730309627,387.81793554032805,389.3364201598553,51303100
2021-04-28,388.8427429199219,390.342606350338,388.3769514146441,389.2246953658085,51238900
2021-04-29,391.3207092285156,391.93555735176267,387.94838369193803,391.56292987909427,78544300
2021-04-30,388.7495422363281,389.9047243925387,387.85523059091884,389.05698052139843,85527000
2021-05-03,389.5880432128906,391.1158246327663,389.0943053331574,390.73387217038277,68128300
2021-05-04,387.1845397949219,388.09750141176715,383.5048038327527,387.60376353614816,101591200
2021-05-05,387.3056640625,389.0570447951,386.74670853065714,388.82414902597037,60162200
2021-05-06,390.3985290527344,390.5289359008101,385.3772825937991,387.3801805344539,74321400
2021-05-07,393.2397766113281,393.89189602548134,390.48229913565626,391.16236490015007,67733800
2021-05-10,389.34576416015625,393.8173507618117,389.2246538329622,393.5937799606252,81852400
2021-05-11,385.87091064453125,386.85838615611584,382.00484764015937,384.8368673639602,116888000
2021-05-12,377.6731262207031,384.3618863785904,376.35959057471223,383.09494694764567,134811000
2021-05-13,382.20989990234375,384.13828367571983,379.17293000396353,379.21952621514686,106394000
2021-05-14,388.0788879394531,388.9266319996469,384.9115109821357,384.93945733886034,82201600
2021-05-17,387.09136962890625,387.90187074432333,385.0791468765085,386.97028771615726,65129200
2021-05-18,383.75628662109375,387.59440386559174,383.597905008926,387.3521831986254,59810200
2021-05-19,382.7501220703125,382.92712508894346,377.5984699667049,379.0797117393857,106467100
2021-05-20,386.8677978515625,388.1254406224363,383.5047967743601,383.62587868681237,78022200
2021-05-21,386.5509948730469,389.5879640994018,386.09452836834424,388.34894297284785,76578700
2021-05-24,390.4915771484375,391.5628916889913,388.5445440665606,388.7867646935149,51376700
2021-05-25,389.625244140625,391.9262551656702,389.0476672600288,391.5722490957163,57451400
2021-05-26,390.3985290527344,390.9015634477315,389.17815748951244,390.2122010644439,43088600
2021-05-27,390.6033935546875,391.93555024942225,390.3239016330106,391.4231910374945,56707700
2021-05-28,391.3021545410156,392.4293620777178,391.0692587771713,392.1685199593985,58520200
2021-06-01,390.9574890136719,393.79880607447905,390.5196438229263,393.6590742965092,54216600
2021-06-02,391.5722961425781,392.410743642536,390.60347022695476,391.6095674253817,49097100
2021-06-03,390.1189880371094,391.2555203916502,387.79935555163786,389.2619476298755,58138800
2021-06-04,393.68701171875,393.985125124761,390.1842502722685,391.9635773504691,55938800
2021-06-07,393.3050537109375,393.85468430384935,392.3734706525122,393.67768124837585,51555000
2021-06-08,393.3888854980469,394.2552509032389,391.5629906976117,394.1620869131879,47134300
2021-06-09,392.802001953125,394.30186550282065,392.5784311103021,394.22732293544,48436300
2021-06-10,394.6278076171875,395.57804034366546,392.7087491710795,394.0222844350054,51020100
2021-06-11,395.2799987792969,395.3917841957337,393.8919491424424,395.17753829078254,45570800
2021-06-14,396.16497802734375,396.26743850654356,394.1527554254345,395.39174825118516,42358500
2021-06-15,395.4382629394531,396.351195855603,394.5625728646135,396.31395301429274,51508500
2021-06-16,393.2304992675781,395.8016775286566,391.19035858653814,395.5781066988787,80386100
2021-06-17,393.1000671386719,394.0782178856841,390.63137795315737,392.82060361942723,90949700
2021-06-18,387.7969970703125,390.5167474088944,387.5913771677302,389.82512979232945,118676300
2021-06-21,393.3486328125,393.53557034735695,388.7409106571749,389.55403474074245,72822000
2021-06-22,395.4516296386719,396.28346475320944,392.61969941589416,393.33938339648705,57700300
2021-06-23,394.9749755859375,396.33017311106846,394.8908622379778,395.52640432656335,49445400
2021-06-24,397.3115234375,397.73209014648296,396.8628904252522,397.1152589733079,45110300
2021-06-25,398.7228088378906,399.1714418641056,397.73210252899935,398.05922899461444,58129500
2021-06-28,399.5265808105469,399.6948074887242,398.0498768754374,399.2462030135846,53159600
2021-06-29,399.74151611328125,400.5452847325405,399.2087698297282,399.9097427746152,35970500
2021-06-30,400.0780334472656,400.7509687229313,399.2555538300446,399.2835916114196,64827900
2021-07-01,402.2930908203125,402.4519905914438,400.76963819499144,400.83506919032,53441000
2021-07-02,405.3680725097656,405.72323677808726,402.37724253484845,403.45209077508554,57697700
2021-07-06,404.629638671875,405.6390557421083,401.90053315862076,405.4240804253988,68710400
2021-07-07,406.0596618652344,406.34006819983387,403.3025183056718,405.3119686849688,63549500
2021-07-08,402.7510986328125,403.50814726468866,399.57333123869796,400.7509751205796,97595200
2021-07-09,407.0503845214844,407.349473214676,402.55481277928465,404.25584763381096,76238600
2021-07-12,408.50836181640625,408.76073035250516,406.536304788165,406.9662269112006,52889600
2021-07-13,407.1158447265625,409.21876411942253,406.85414923191337,407.7233490688548,52911300
2021-07-14,407.7232971191406,409.29349840963926,406.4802508086064,408.8074721795963,64130400
2021-07-15,406.3306884765625,407.0596992666777,404.43338933545084,406.38676403559714,55126400
2021-07-16,403.14361572265625,407.555073909898,402.75108678868395,407.5083537824567,75874700
2021-07-19,397.1900939941406,403.209119261047,394.3862012992217,398.3303448309812,147987000
2021-07-20,402.8819274902344,404.1530401378472,397.0591676686946,397.85360950811923,99608200
2021-07-21,406.14373779296875,406.2839552086843,402.8351658262947,404.078212041571,64724400
2021-07-22,406.9942626953125,407.23727579624176,405.33997668113454,406.3213274734552,47878500
2021-07-23,411.1814270019531,411.51788035862415,408.2373460404216,408.91960818789283,63766600
2021-07-26,412.19085693359375,412.20021236866125,410.5459261537889,410.5926462837905,43719200
2021-07-27,410.3122863769531,411.18148619614936,407.4896830394306,411.15344841239045,67397100
2021-07-28,410.1439208984375,411.5178289786352,408.7232926987571,410.93836258827423,52472400
2021-07-29,411.8450622558594,412.9198819868287,411.05997579525564,411.0693312306445,47435300
2021-07-30,409.8449401855469,411.29360644207577,409.1532940336554,409.28415602981516,68951200
2021-08-02,408.9849853515625,412.10664801469085,408.6298211733792,411.55521940428144,58783300
2021-08-03,412.3124084472656,412.4339150257173,407.5925338958521,409.77956673996874,58053900
2021-08-04,410.2841796875,412.28427447929056,410.0505220211944,411.03187281061224,46732200
2021-08-05,412.88250732421875,412.96662067268136,411.1253968736616,411.4431679198543,38969700
2021-08-06,413.5647277832031,413.9853230057107,412.9198303207797,413.20023664333985,46930000
2021-08-09,413.228271484375,413.85445807390835,412.46186747322616,413.5366870620658,41222600
2021-08-10,413.7422790527344,414.45260745639985,412.99458596031207,413.6768480634151,43339300
2021-08-11,414.77044677734375,414.8639155599606,413.6862716488568,414.80783999492405,44034300
2021-08-12,416.01348876953125,416.15370620330873,413.72366049428854,414.62089804805976,38909400
2021-08-13,416.77056884765625,416.7892511950456,415.9761269822574,416.46212471839107,39470300
2021-08-16,417.7518615722656,417.88269503110484,413.91987021373245,415.4713605109986,73740000
2021-08-17,415.013427734375,415.87327201338974,412.0319534928369,415.2003367624512,92673900
2021-08-18,410.4711608886719,415.5649103189403,410.22817626839674,414.00406428357036,89351900
2021-08-19,411.10662841796875,412.30298304453,407.6111188768107,407.7513077712783,92812200
2021-08-20,414.3779602050781,414.7050867388792,410.96656297583365,411.45258931954015,72008700
2021-08-23,418.0229187011719,418.92951158354134,414.4526227295589,416.0601886079049,54973000
2021-08-24,418.68658447265625,419.2193309044513,418.1725489124351,418.68658447265625,38744700
2021-08-25,419.5650634765625,420.07909894332823,418.4995708066867,418.87344589815075,40529700
2021-08-26,417.0882873535156,419.5183042507706,416.9948185830064,419.2846465858296,57829600
2021-08-27,420.8174743652344,421.1913209422029,417.8360001384459,417.89207569885787,77235100
2021-08-30,422.6681213378906,423.4532078324658,421.2474641854184,421.49047733469286,48357400
2021-08-31,422.04180908203125,422.91100873089704,421.4436603048322,422.57455539172196,59300200
2021-09-01,422.2661437988281,423.4905077483613,422.03248612109024,422.9764722664043,48721400
2021-09-02,423.5653381347656,424.369106938718,422.36901184150173,423.68684470342555,42501000
2021-09-03,423.4624938964844,423.9765579301553,422.0325099688313,422.4344228744772,47170500
2021-09-07,421.9483947753906,423.2101520054819,421.27545948751975,423.1166832249812,51671500
2021-09-08,421.4343566894531,422.14468518971387,419.5183465302411,421.4156743425341,56181900
2021-09-09,419.6305236816406,422.9858446456514,419.38751055980504,421.23808970978325,57970400
2021-09-10,416.3219299316406,421.97643464658915,416.2004233686548,421.55586791625456,89948200
2021-09-13,417.3873596191406,419.57442052650157,415.07882068151736,419.3127250750678,83738600
2021-09-14,415.1349182128906,419.03231214319595,414.2470076652523,418.8266922544094,78197100
2021-09-15,418.60247802734375,419.09783124683656,414.45271468859767,415.55557226819735,78792200
2021-09-16,417.9388427734375,419.0510271190857,414.99473310868217,418.07903168064803,77786700
2021-09-17,413.8677062988281,417.59007902636665,413.5114041887088,417.1681649070518,118425000
2021-09-20,406.9667053222656,409.32950968626983,402.10978676408575,407.7543067769337,166445500
2021-09-21,406.5823974609375,410.59543194937584,406.0573296672389,409.3015046670298,92526100
2021-09-22,410.5484924316406,412.5831513891095,406.6948671942367,408.85139337293356,102350100
2021-09-23,415.5366516113281,417.14001100580157,412.17996661282217,412.4143728690153,76396000
2021-09-24,416.2210693359375,416.9336734105124,413.68947068134617,413.9051347076099,62094800
2021-09-27,415.0303039550781,416.3523298980062,414.33644206403306,415.1896841659372,61371100
2021-09-28,406.666748046875,412.5925453791143,405.93540163406385,412.2643708805607,130436300
2021-09-29,407.3511962890625,409.77964162679973,406.7886155612909,408.045029638689,82329200
2021-09-30,402.3724060058594,409.5264607159928,402.03484612674845,408.82324196639286,140506000
2021-10-01,407.1542663574219,408.8326231008619,400.58153463739126,404.0976283486504,129240100
2021-10-04,401.903564453125,406.8917073430287,399.7657521393978,405.9915954205408,128570000
2021-10-05,406.0854187011719,408.32632771246665,402.60683774485324,403.4037961536202,90682500
2021-10-06,407.7731018066406,407.97938044868795,400.8721956255004,402.49426854273986,113032200
2021-10-07,411.2985534667969,414.1301704422201,410.86725401277494,411.0454050378357,72437500
2021-10-08,410.5484924316406,412.45189876084635,409.9202996692927,412.0674690550003,74557400
2021-10-11,407.57623291015625,412.79881127574237,407.5105922896659,409.89216791478833,65233300
2021-10-12,406.5729064941406,408.89822655825884,405.78530500807835,408.4950547167105,71181200
2021-10-13,408.03564453125,408.8513737107969,404.62270437794365,407.59495963247764,72974000
2021-10-14,414.8990783691406,415.04910180856405,411.2235756383798,411.6923881563111,70236800
2021-10-15,418.05877685546875,418.4244642725793,416.389805808692,417.0086416279291,66260200
2021-10-18,419.2965087890625,419.6340400404351,415.621006350095,416.27735526871015,62213200
2021-10-19,422.5313415527344,422.59695355572194,420.3091462784129,420.91862541650084,46996800
2021-10-20,424.1909484863281,424.49099536699856,422.8782791509517,422.99078957769177,49571600
2021-10-21,425.29736328125,425.5223841474882,423.1595792098458,423.59087874148474,41305400
2021-10-22,424.8566589355469,426.3099949344086,422.9157682107572,424.8660443425605,58845100
2021-10-25,427.135009765625,427.4631842019091,424.1721402757418,425.94423644921017,45214500
2021-10-26,427.51947021484375,429.8916602272119,427.144425952367,428.68214462677764,56075100
2021-10-27,425.6255798339844,428.6447340818077,425.55055379512856,427.97902821072444,72438000
2021-10-28,429.73223876953125,429.8072361692125,427.0412599615864,427.05061675277136,51437900
2021-10-29,430.60430908203125,430.89497056169455,427.14447031928165,427.435131798945,70162400
2021-11-01,431.3450622558594,431.9638982601933,429.6198354925865,431.5888253261382,48433600
2021-11-02,433.08892822265625,433.3983604582575,431.3824440663046,431.5137252848119,48908400
2021-11-03,435.7330627441406,436.1362346004919,432.0856879971298,432.5263728629684,52509800
2021-11-04,437.78643798828125,437.87082079414984,435.98618562096254,436.33310224976924,52847100
2021-11-05,439.30535888671875,441.29311894097486,437.7957966505477,440.0085775067078,66390600
2021-11-08,439.68048095703125,440.89941061596096,438.9960330253521,440.4024705143944,50405200
2021-11-09,438.2271728515625,440.2805738708811,436.8207353651275,440.0461676231419,51149100
2021-11-10,434.70166015625,438.2271390064617,433.2202253751318,436.53939698466087,69429700
2021-11-11,434.84234619140625,436.2675545379645,434.8236039920207,436.19252851233256,34848500
2021-11-12,438.1239929199219,438.67718819768925,435.161094692695,436.1081050332003,53466700
2021-11-15,438.2739562988281,439.5678831096425,437.1488236998005,439.4085029164484,46980500
2021-11-16,440.0086364746094,441.14315465497026,437.9364933419403,438.0114907479462,48857500
2021-11-17,438.9397888183594,439.9242836397509,438.3209528739824,439.7461325975495,47858300
2021-11-18,440.4305114746094,440.69304527635444,437.2519496399447,439.9710558610268,50625600
2021-11-19,439.64300537109375,441.5651251990252,439.27731788187225,440.31806790988196,57315600
2021-11-22,438.40533447265625,444.0029569483632,438.19905582510415,441.5182563851529,72762000
2021-11-23,438.98663330078125,439.83987544998917,435.4799250989726,438.07713594296996,73206500
2021-11-24,440.15869140625,440.2805872370219,436.17378507370955,436.98951426235885,61858800
2021-11-26,430.3416748046875,434.96415840759806,429.2165135488616,433.501465943448,112669600
2021-11-29,435.62054443359375,437.45828126856935,432.9295654860119,435.12360436955294,86268800
2021-11-30,427.1444091796875,435.0860934508205,426.9006175423312,433.18271599479897,148559600
2021-12-01,422.4000549316406,435.6862135337651,422.2031616971008,432.84521097923056,131939200
2021-12-02,428.86968994140625,430.43553635703284,422.22193180478286,422.61574691393747,127637800
2021-12-03,425.1379699707031,431.5888063882985,420.9186571741517,430.52931409962997,137331600
2021-12-06,430.1730041503906,432.0482542479885,425.2692148441158,427.6789180869,98977500
2021-12-07,439.0710144042969,439.633595102183,430.0416814760553,435.4424103932935,95484700
2021-12-08,440.23370361328125,440.68377393878586,437.71148993714627,439.4648728181905,72238800
2021-12-09,437.261474609375,440.3368838174408,437.0645813487315,438.9491883572712,61272600
2021-12-10,441.3775939941406,441.52761743144606,437.41145846142433,439.9617996675269,77159800
2021-12-13,437.46771240234375,441.2088270752524,437.18640772794674,440.86191039613635,87724700
2021-12-14,434.4579162597656,436.6894683893485,431.5419161774256,434.20476780499797,97264100
2021-12-15,441.2463073730469,441.49007040259744,432.00131048296834,434.51416709666717,116899300
2021-12-16,437.35516357421875,443.37469964954175,435.8080595359977,443.09342361388826,116568600
2021-12-17,432.700439453125,437.2827106378424,430.99737826772844,434.28117656754216,135511600
2021-12-20,428.0993957519531,428.4945657060667,424.4862697414786,427.62893618734074,107134800
2021-12-21,435.7019958496094,435.84312797159805,429.3507919289712,431.5148943716561,69806300
2021-12-22,440.0584411621094,440.17134685592566,435.25032979357655,435.44794347232624,58890200
2021-12-23,442.7965087890625,444.2925666264492,440.9523154989883,441.0558028110541,56439700
2021-12-27,449.06304931640625,449.11008378457836,444.12322414632985,444.17025861450196,56808600
2021-12-28,448.696044921875,450.5214301033936,447.9339028188725,449.49583182545905,47274600
2021-12-29,449.27008056640625,450.28626060152465,447.8022490075834,448.7996209971791,54503000
2021-12-30,448.0280456542969,450.70025247373695,447.56700448030426,449.6934621372565,55329000
2021-12-31,446.89886474609375,448.68660504135966,446.62601892001857,447.5387114670403,65237400
2022-01-03,449.48651123046875,449.61825370387953,445.85457683489585,448.15981168840295,72668200
2022-01-04,449.3359680175781,451.6224235757482,447.48235598087507,450.90731577034717,71178700
2022-01-05,440.7076721191406,449.74050080120287,440.61357447061033,448.96894028365364,104538900
2022-01-06,440.293701171875,443.0035528678846,437.9319849605687,440.2466667010779,86858900
2022-01-07,438.552978515625,441.47925183914367,437.1980527186537,440.3031029677847,85111600
2022-01-10,438.00726318359375,438.2236562011222,429.62367048499374,435.36328278709937,119362000
2022-01-11,441.9967041015625,442.0908017452963,434.7516162526011,437.74376052174716,74303100
2022-01-12,443.1917419433594,445.24296757937765,441.2346426828555,443.7280727675989,67605400
2022-01-13,437.0851745605469,444.94185525916146,436.0595761258511,444.2926187440994,91173100
2022-01-14,437.2638854980469,437.6120209390258,432.7286489573756,433.9424425259686,95890900
2022-01-18,429.5201110839844,432.7851012078921,428.40983354006795,432.5780978764357,109709100
2022-01-19,425.0601501464844,432.4557595624984,424.78727560160723,431.06321784637055,109357600
2022-01-20,420.35552978515625,431.63713850835614,418.23846220369774,426.94196226080504,122379700
2022-01-21,412.1037902832031,421.58824292541317,412.07556385655806,419.23594498974285,202271200
2022-01-24,413.8537902832031,414.3618945596718,395.9010692318445,406.5052155318438,251783900
2022-01-25,408.80108642578125,413.7409112645625,401.9135523304981,407.47438716618876,167997300
2022-01-26,407.7755126953125,417.80571346524874,403.5225401054795,414.6818552495206,186391100
2022-01-27,405.7619323730469,415.50045053402,404.0777079047049,412.3672026513168,149878300
2022-01-28,415.83917236328125,415.88620682845203,402.54398201671927,407.1168346707988,164457400
2022-01-31,423.32891845703125,423.677053931945,413.82562974282484,415.17113717300543,152251400
2022-02-01,426.1893310546875,426.82914917104256,420.5343978995624,424.0534262540882,123155400
2022-02-02,430.3293762207031,431.05387362428513,426.28340667304684,428.58867006151223,117361000
2022-02-03,420.2145080566406,426.208158589354,419.37707621036856,424.30751219871513,118024400
2022-02-04,422.1904296875,426.0293671450485,417.6081293545503,419.97926396514714,118454400
2022-02-07,420.83544921875,424.3450587788941,419.5087499574974,422.95251700944823,84472900
2022-02-08,424.2980041503906,425.2201150815416,418.9159464741092,420.3367433125656,81012000
2022-02-09,430.5081481933594,430.8280572528607,428.1276239352286,428.3252089130967,92589900
2022-02-10,422.7737731933594,430.66806944150386,420.7790293131962,424.67441942143387,140103700
2022-02-11,414.437255859375,424.92849902096657,413.0070690365457,422.85849404433793,153214600
2022-02-14,413.0822448730469,415.5098319487012,409.6196698794952,413.92909493615394,123006300
2022-02-15,419.74395751953125,419.91331604233613,416.9964614975675,417.5139841588956,88482700
2022-02-16,420.2145080566406,421.5882420080019,415.8298212683436,417.7022412323989,84863600
2022-02-17,411.2381286621094,420.18627912524965,410.63595532705654,417.03419417418587,102259100
2022-02-18,408.5753479003906,412.7436129970205,406.3077292195654,411.4921744012356,132642900
2022-02-22,404.19061279296875,409.7702560003978,400.6997823601273,406.37355193227506,124391800
2022-02-23,397.0207824707031,407.66257403498787,396.4562253293039,407.09801689358864,132578000
2022-02-24,402.9956970214844,403.4285405442477,386.3790885937456,386.73661378294065,213942900
2022-02-25,411.8873291015625,411.97200837339045,402.58162557598797,404.22823397331,121804500
2022-02-28,410.8334655761719,412.31071529051957,405.2538228246702,406.5052324542038,145615000
2022-03-01,404.5763854980469,411.34159579885494,401.8759236906789,409.3374336179091,137785900
2022-03-02,412.0190734863281,413.740942784039,406.0724579549326,406.8251817399771,117726500
2022-03-03,409.96783447265625,415.04879163986294,408.17067562721684,414.4466183746847,105501700
2022-03-04,406.636962890625,407.76604842308336,402.6004124792588,406.2417642897953,113978200
2022-03-07,394.649658203125,406.7592814126414,394.5837869801388,406.05359214668294,137896600
2022-03-08,391.65753173828125,401.9699958852327,390.5942886794115,394.82842415766316,164772700
2022-03-09,402.1582336425781,404.134169484024,397.8394184443937,400.02235763522094,116990800
2022-03-10,400.3423156738281,401.23617169428314,395.6000748169369,397.5571741386675,93972700
2022-03-11,395.2519226074219,403.4379021571393,394.7438182155745,402.8263104395944,95636300
2022-03-14,392.3632507324219,399.4671781987032,391.2247467020312,396.0234396841189,95729200
2022-03-15,400.9914855957031,401.62188528128036,393.69936293232934,394.9695806826798,106219100
2022-03-16,409.8832092285156,409.9396620822366,399.7024567937387,404.49176069614015,144954800
2022-03-17,415.0111999511719,415.0111999511719,407.5967527483876,407.9731146505722,102676900
2022-03-18,419.5567321777344,419.87763507524926,412.66669551110175,413.4028912886427,106345500
2022-03-21,419.43408203125,421.3878136478484,415.93240645546575,419.38687263527476,88349800
2022-03-22,424.34197998046875,425.27637447242336,420.8214384644653,420.8214384644653,74650400
2022-03-23,418.877197265625,423.30381991515435,418.79225491588033,421.81256176889076,79426100
2022-03-24,425.1914367675781,425.200884406194,419.7832397355188,420.8969665486931,64736900
2022-03-25,427.2678527832031,427.5415750381884,423.2470765001447,425.8237756229709,77101300
2022-03-28,430.3070983886719,430.3070983886719,424.7856157896072,426.6733001787727,68529800
2022-03-29,435.63037109375,436.1211874892994,431.50578514438973,434.18629362949696,86581500
2022-03-30,432.9404296875,435.30003519309184,430.83565120715195,434.4883159212036,79666900
2022-03-31,426.2768859863281,432.9970375414447,425.823831381212,432.17589947274035,121699900
2022-04-01,427.4850158691406,427.99466991123313,423.91729355560483,427.8530993439852,89048800
2022-04-04,431.1470642089844,431.25090181901925,426.86204176947047,427.68317979634264,59601000
2022-04-05,425.7011413574219,432.11925672118474,424.5591003737765,429.65584243367965,74214500
2022-04-06,421.4443664550781,423.71902938512,418.5656595556562,421.793612229182,106898000
2022-04-07,423.5680236816406,425.3802132507673,418.62230012164184,420.5666126114327,78097200
2022-04-08,422.4354248046875,425.32357938924946,420.89695753959705,422.8129558921499,79272700
2022-04-11,415.21502685546875,420.0097320215141,414.7147916975716,419.16969873165914,89770500
2022-04-12,413.6766052246094,420.71765996000386,412.12869019333453,418.19758861647455,84363600
2022-04-13,418.4147033691406,419.16976564370555,413.25188513631514,413.4312174671857,74070400
2022-04-14,413.2046813964844,419.7549485147844,413.1008437773758,418.64119283709516,97869500
2022-04-18,413.37451171875,415.0545494478205,411.14702946006696,412.2796514632989,66002500
2022-04-19,420.04754638671875,420.76484688177004,413.1008527235854,413.27073740895713,77821000
2022-04-20,419.7359924316406,422.43539568830266,418.5750851378038,421.8219041129893,65224400
2022-04-21,413.45947265625,424.7383973991878,412.55339229515056,423.3509483444846,85417300
2022-04-22,402.1145324707031,413.4783716367902,401.5482213990768,412.37409241070765,132471800
2022-04-25,404.4457702636719,404.6156549215308,395.31880487171003,399.87757815067505,119647700
2022-04-26,392.732666015625,402.1144578967915,392.70435190748356,401.91623033602906,103996300
2022-04-27,393.83697509765625,399.169705902769,391.7039115793856,393.8086609873536,122030000
2022-04-28,403.7850341796875,405.51228112900816,394.14841565232734,398.57503683208756,105449100
2022-04-29,388.86297607421875,401.9540624319965,388.11733269096055,399.8021034252902,145491100
2022-05-02,391.2037353515625,392.56287045835074,382.2749671742883,388.929072135393,158312500
2022-05-03,392.9969787597656,395.40376459664327,390.1465571793375,391.7039196895496,100028200
2022-05-04,404.9649658203125,405.5312769483244,390.4769810805958,393.65772495141096,144247900
2022-05-05,390.5713195800781,401.1329155913623,386.4467339742489,400.7081751004019,172929100
2022-05-06,388.2400817871094,391.50576802589364,382.9451403977338,388.0135688560758,151770800
2022-05-09,375.80963134765625,383.5868812355381,374.23340232623997,382.35045035687074,155586100
2022-05-10,376.677978515625,383.2754262479383,372.6477827083813,381.7747206128694,132497200
2022-05-11,370.6940612792969,381.3500488525497,369.94841780135306,375.71530920049423,142361000
2022-05-12,370.3070068359375,373.57269244374504,363.5207798183708,367.5037946408941,125090800
2022-05-13,379.1602783203125,380.53827982576547,373.3933876739787,374.43161982347493,104174400
2022-05-16,377.6217956542969,381.28390774009296,375.271637959596,377.51798684544667,78622400
2022-05-17,385.38958740234375,385.625547911558,379.971914524219,383.70010209131334,83029700
2022-05-18,369.8539733886719,381.12345103452697,368.61754246873323,380.840309909265,117674500
2022-05-19,367.58880615234375,372.00600991179766,365.3707710345012,366.79598209392395,98510700
2022-05-20,367.749267578125,374.7336946022532,359.1697448163897,371.1659719805041,131432200
2022-05-23,374.6298522949219,375.3943621595535,368.45711634736125,370.7695124155736,76414900
2022-05-24,371.7699890136719,372.9592105064328,365.2291411864955,370.5146628553773,91448800
2022-05-25,375.0545349121094,377.0177426324369,369.88229858000193,370.2786961363731,91472900
2022-05-26,382.5487060546875,384.1815635422074,376.07396194375553,376.2816083941698,82168300
2022-05-27,391.93994140625,392.0531978674875,384.8044963104918,385.0026951176574,84768700
2022-05-31,389.7408142089844,393.07257654836985,387.00367715799683,390.32599185668306,95937000
2022-06-01,386.5882263183594,392.8647696139848,384.077603239355,391.8548806040497,86585800
2022-06-02,393.9503173828125,393.9974979722233,384.18154466114504,386.42789374965014,79609600
2022-06-03,387.48492431640625,390.78837150030967,386.512768154437,389.24045670832646,71874300
2022-06-06,388.6647644042969,393.21406164588547,387.4943805595861,391.48684319664267,57508900
2022-06-07,392.3929748535156,392.8460295110228,384.71953261443264,385.18203491181913,59272400
2022-06-08,388.1268005371094,392.4684805286195,387.33397652533813,390.6846048993001,64350000
2022-06-09,378.8959655761719,388.6175274447086,378.8959655761719,386.352312221375,86289800
2022-06-10,367.9096984863281,373.55388552538324,367.86251789521714,372.7044332589276,132893900
2022-06-13,353.9408264160156,360.3683895194282,352.3362831480851,358.5184668650851,170004900
2022-06-14,352.8742370605469,356.71568127410126,349.7784361620524,355.68689685396777,104011800
2022-06-15,357.9049987792969,362.3410401471121,351.2225794060758,356.1683036625761,125666800
2022-06-16,346.05975341796875,350.1088447146559,343.63407193506487,349.70299946215493,134473300
2022-06-17,346.80572509765625,350.142419392661,343.30792965713135,346.47397650063243,111113900
2022-06-21,355.5361022949219,356.92005638665404,352.44587608946637,352.521725834006,76811900
2022-06-22,354.8915100097656,358.99598772773135,350.90074904768903,351.3178358414842,90059400
2022-06-23,358.370361328125,359.1002487608876,353.46963484148904,357.0243321478926,79292100
2022-06-24,369.76434326171875,369.7738317116263,361.5079743602973,361.53641078181903,98050300
2022-06-27,368.35198974609375,370.97771602411575,367.2618882407592,370.6838633295004,66009600
2022-06-28,360.8255310058594,372.6840125215524,360.7117853009558,369.9066154900696,86548900
2022-06-29,360.5316467285156,362.3611241546952,358.71165775298255,361.3753088463661,65676000
2022-06-30,357.6025085449219,360.8349164010324,353.1567653026987,356.64510092174794,112508300
2022-07-01,361.384765625,361.8208293565842,354.33224330989844,356.94850998659183,74839700
2022-07-05,362.0672607421875,362.08623764291843,353.4791138897527,356.3039239194396,81438000
2022-07-06,363.2900085449219,365.7735520504945,359.83010948727616,362.2093668453206,70426200
2022-07-07,368.7310485839844,369.527297172002,363.3089500699822,365.0626062245405,64525900
2022-07-08,368.4278259277344,370.2952282014979,365.5745794315864,367.10071569720793,72397800
2022-07-11,364.2190246582031,366.7215164411496,363.5270331899998,365.7546492181339,58366900
2022-07-12,360.9960632324219,366.04848886653093,359.2518953418649,363.6692023712076,62219200
2022-07-13,359.10028076171875,362.02937706003513,355.14747320454023,355.5645600399159,84224600
2022-07-14,358.2281799316406,359.3087928722651,351.715979081912,354.1521096552973,89704800
2022-07-15,365.0721435546875,365.1858892356065,360.7211976903377,362.62649570213034,79060400
2022-07-18,362.0577697753906,368.825898190188,360.8349458407432,368.1528836213448,63203600
2022-07-19,371.8402099609375,372.40896719895636,365.3185509399986,365.9725884962962,78506000
2022-07-20,374.2100830078125,375.62250240338216,370.6648741646818,372.02988023942527,71843800
2022-07-21,378.0207214355469,378.068105826219,371.2336162126565,373.6318507302927,64903900
2022-07-22,374.5133972167969,379.3383025244326,372.29526973672574,378.143943990978,72197300
2022-07-25,374.96844482421875,375.8215664094441,372.73134023128426,375.13906335562353,53631500
2022-07-26,370.5322265625,373.537114847819,369.64118001606494,373.3285714235852,52946400
2022-07-27,380.1535339355469,381.8977018374365,373.52755888438156,373.8214115297532,82342100
2022-07-28,384.92156982421875,385.61353235014826,377.4140367716771,380.95927437369363,73966600
2022-07-29,390.53326416015625,391.51910833460266,385.585124244229,386.352936564959,87003700
2022-08-01,389.3768310546875,391.8793520889404,387.1302667656035,387.84120629648845,69997500
2022-08-02,386.8079528808594,391.4906766053588,385.63254218875403,387.8127450392465,63435400
2022-08-03,392.8652038574219,394.0311261963377,388.64695098882254,388.9313152353376,67820600
2022-08-04,392.5997009277344,393.4717703766951,390.9597903262571,392.7892674075008,45656600
2022-08-05,391.9361877441406,392.5807659148732,388.26774474140564,388.3246175842232,56814900
2022-08-08,391.481201171875,395.87007236927724,390.3816112599049,393.6235081493515,53886100
2022-08-09,389.9266357421875,391.2537170647009,388.8554822335221,390.75132095945645,44931800
2022-08-10,398.1165771484375,398.2587881715667,395.0168917661512,396.9696030117307,68665700
2022-08-11,398.1165771484375,402.818277227606,397.37720132659865,400.9603347598482,59489700
2022-08-12,404.85626220703125,404.96051942476663,399.10238620203563,400.05030532266636,61694500
2022-08-15,406.5246276855469,407.04600061972724,402.5907686609456,402.64764150057266,54048300
2022-08-16,407.3209533691406,409.24522847882577,404.64781387838514,405.45355110579476,59289000
2022-08-17,404.4298400878906,407.1314163897386,402.42974387195756,403.7283889301824,63563400
2022-08-18,405.605224609375,406.2876987703884,403.3396834770453,404.6288399076743,49023200
2022-08-19,400.15460205078125,403.11210515684974,399.28250370833194,402.84668895318197,68016900
2022-08-22,391.82244873046875,395.5003802457015,390.9219138235221,395.3297327861423,77695600
2022-08-23,390.87457275390625,393.78469227238185,390.3247632987665,391.3959168557966,49105200
2022-08-24,392.1258239746094,393.4908012724624,389.96456893805333,390.64704312287796,49177800
2022-08-25,397.6617126464844,397.70909704947985,392.5239763063099,393.6140779290685,50942300
2022-08-26,384.2011413574219,398.088152311537,384.14426851779484,397.5478603350803,103087000
2022-08-29,381.6607360839844,384.70354880710715,380.3052184856568,381.25313774516417,65370800
2022-08-30,377.470947265625,383.0542059895712,375.3760536519589,382.8172261577202,85652400
2022-08-31,374.5987243652344,380.3431127380741,374.46603071215685,379.10134082789193,76029700
2022-09-01,375.7742004394531,376.1154375189932,369.7264703742915,372.428046300128,78740100
2022-09-02,371.8117980957031,380.6464115154421,370.0012690480302,379.43307616071115,99632100
2022-09-06,370.4089660644531,373.5939611226999,368.1908383071308,372.6555302445026,76637400
2022-09-07,377.0633239746094,377.8311362647998,369.8781086762223,370.0961115930664,70964200
2022-09-08,379.5279541015625,379.9829368756566,373.59396971166063,374.79784580059123,80821700
2022-09-09,385.42401123046875,386.28662130528346,381.49961125899546,381.7650275183075,76706900
2022-09-12,389.56640625,390.2868341942052,387.1871194866291,387.49046061347366,69256300
2022-09-13,372.62713623046875,382.1063305943667,371.5085982382981,380.90245439610015,122947100
2022-09-14,374.04888916015625,375.56556553221003,370.75012022055387,373.9256550464987,85023700
2022-09-15,369.8022766113281,375.33812191068284,368.53206820723454,372.49436398050875,87633800
2022-09-16,366.98114013671875,367.6378936491365,363.69737257463,365.62958149307445,103084800
2022-09-19,369.8269958496094,369.8269958496094,363.7639505998914,363.84011191988435,73278500
2022-09-20,365.5818786621094,367.51405803281153,362.8311539935767,366.50513850212155,77274900
2022-09-21,359.20477294921875,370.55036925173334,359.1952455228189,367.504555601014,106746600
2022-09-22,356.1875305175781,360.07091552367,355.44511739669144,358.4337956869669,89472600
2022-09-23,350.2196960449219,352.7610211494688,345.78424282582023,352.722940486398,122346900
2022-09-26,346.7550354003906,352.37072699861113,345.53671576875286,348.753848761664,92581200
2022-09-27,345.8698425292969,352.5515599107997,343.48078239742836,350.2862401271678,108294100
2022-09-28,352.67535400390625,354.3600529595543,345.127482081543,346.8217084645166,110802200
2022-09-29,345.308349609375,349.42016092257757,342.36725004597866,349.1346285560483,112952300
2022-09-30,339.9686279296875,348.2779675279083,339.8353891876637,344.36600021604005,153711200
2022-10-03,348.9441833496094,350.79070306991537,341.9007722856018,343.6806581182504,89756500
2022-10-04,359.7568054199219,359.7853586515844,348.90614168269303,354.4551993806732,103602800
2022-10-05,358.919189453125,361.1749817964111,353.0750722691506,355.3974984990643,88065700
2022-10-06,355.2166748046875,360.4706728707626,354.7217133827097,357.52004633285617,82333500
2022-10-07,345.308349609375,355.3023890964065,343.5474892236813,351.19054873616767,107789500
2022-10-10,342.6717529296875,346.659852271921,340.43501530969775,346.42189898919605,76042800
2022-10-11,340.50164794921875,345.5367479558779,338.56946829764377,340.9775545535183,92482800
2022-10-12,339.3785095214844,342.4814298234217,339.13102879643657,340.91094386553914,76991800
2022-10-13,348.33502197265625,349.80082219820514,331.3356258487721,332.3826260098785,147254500
2022-10-14,340.3970031738281,352.4184100845512,339.7592754670555,350.7907883892063,123737000
2022-10-17,349.1441345214844,350.24824134925336,340.06382821256403,346.46954168027236,93168200
2022-10-18,353.24639892578125,357.35823847132036,349.81033854515664,357.0536513093477,97162900
2022-10-19,350.7431640625,353.93174409065676,347.93530350478727,351.2095432352664,79746900
2022-10-20,347.8020324707031,354.71220495349155,347.0405645534775,350.29577817467606,88283100
2022-10-21,356.2541198730469,356.7395247837277,346.02212943460694,347.5259812950986,131038400
2022-10-24,360.6134338378906,361.7460937798273,355.1309809456278,357.77704931693273,85436900
2022-10-25,366.3719482421875,366.6860338162217,360.4231157662592,360.5373287022716,78846300
2022-10-26,363.61163330078125,368.90371186098525,362.9739347843384,363.2309138667366,104087300
2022-10-27,361.66998291015625,366.44807462100994,361.05128110498777,364.6110821532887,81971800
2022-10-28,370.27435302734375,370.75025961760167,361.3844214069697,361.5652682350303,100302000
2022-10-31,367.5997619628906,369.68423516133385,366.69555686556424,367.81868945232327,96631300
2022-11-01,365.9911804199219,371.5783479860967,364.8204688405162,371.34039469961164,85407600
2022-11-02,356.80621337890625,369.90317244332704,356.7015278683844,365.4010855031739,126990400
2022-11-03,353.13226318359375,356.1685499468717,351.0192364870028,353.57008917022813,87100100
2022-11-04,358.2148132324219,360.6133714342037,352.170795128248,358.83348584689054,103505200
2022-11-07,361.64141845703125,362.231537963315,357.4343915475703,359.50933724612685,68286900
2022-11-08,363.5926208496094,366.5622732100706,359.5188617569453,362.745493209243,84641100
2022-11-09,356.1018981933594,362.77411841444257,355.6069367100275,361.622403460563,78495500
2022-11-10,375.6711730957031,376.0043135418382,367.0572748219786,369.351119187772,141455800
2022-11-11,379.3070373535156,380.1065568499029,374.6431300540452,376.5277303971915,93839900
2022-11-14,376.0804138183594,380.89658611860307,375.8043798668183,377.5462142284,71903500
2022-11-15,379.2880554199219,382.9239890323085,375.48080239259394,381.8198821687392,93194500
2022-11-16,376.39453125,378.61224316456577,375.76633106956126,377.6604299906343,68508500
2022-11-17,375.24285888671875,375.9186672305997,371.3404476693323,371.64500584373235,74496300
2022-11-18,376.94659423828125,378.6408206344442,374.1006819611119,378.5741867367159,92922500
2022-11-21,375.57586669921875,376.7466070791755,373.73887468559207,375.62347477471184,51243200
2022-11-22,380.6301574707031,380.79197852286205,376.109044003385,377.51773823539907,60429000
2022-11-23,383.0286865234375,383.51409151080327,380.06853232216565,380.29695819857307,68261600
2022-11-25,382.9430236816406,383.4950916496888,382.19111210524926,382.4671170422372,30545400
2022-11-28,376.8323974609375,381.49627670237254,376.07092941217024,379.8591567063179,67881600
2022-11-29,376.1851501464844,378.15538144006086,374.34812855248094,376.96561491269216,52310000
2022-11-30,388.03515625,388.03515625,374.51942770651925,376.4325522787015,144566700
2022-12-01,387.74969482421875,390.2434409456629,385.2464212750172,389.07270016589297,76398200
2022-12-02,387.3023376464844,388.2065428165103,382.76219884695456,382.86688436312187,85342700
2022-12-05,380.3349914550781,385.41766990087285,378.98343312541476,384.4849116571129,77289800
2022-12-06,374.8525695800781,380.7157422182558,372.7681254520418,380.17323078475664,77972200
2022-12-07,374.2148742675781,376.5753814167961,373.0822142567911,374.0054742055746,65927900
2022-12-08,377.14642333984375,378.212449392276,374.3195371968257,376.0994521400108,60737900
2022-12-09,374.3290710449219,378.45993659247966,374.205330689029,375.9090843451082,81447700
2022-12-12,379.72589111328125,379.72589111328125,374.45283780553007,375.11908962319546,75405800
2022-12-13,382.6003723144531,390.7098107273862,379.8401197057134,390.45283160745686,123782500
2022-12-14,380.1542053222656,385.9602719426471,377.2131058725146,382.2577044665144,108111300
2022-12-15,370.8549499511719,376.2041350287874,369.19880442028864,375.2999009475401,117705900
2022-12-16,366.4765625,369.6415286124747,364.3442912550409,368.3028770994123,119858000
2022-12-19,363.3689880371094,367.00250429400353,361.70523742151596,366.6678340994925,79878100
2022-12-20,363.86627197265625,365.48222528681765,361.2941346468216,362.61367325179793,74427200
2022-12-21,369.3068542480469,370.4351440513577,365.92195565770254,366.457416214542,78167400
2022-12-22,364.038330078125,369.28777027212345,358.34902428686854,366.2662256920997,100120900
2022-12-23,366.13238525390625,366.2758070046261,361.4662030943732,363.01521636298173,59857300
2022-12-27,364.68853759765625,366.3618594408892,363.0152157544233,366.01764723973866,51638200
2022-12-28,360.1562194824219,366.59134742365524,359.92674469166934,364.6215818081712,70911500
2022-12-29,366.6391906738281,367.5093216045126,362.4702133125497,362.9961320141737,66970900
2022-12-30,365.6733703613281,365.8167920978852,361.8486350909296,363.9618223377231,84022200
2023-01-03,364.13397216796875,369.49815002254616,361.274962367188,367.52841345608357,74850700
2023-01-04,366.94512939453125,368.9722345195995,363.34986872415914,366.3905264117615,85934100
2023-01-05,362.757080078125,365.10928447945327,362.1642506841692,364.9945470716449,76970500
2023-01-06,371.0758361816406,372.19458418736764,362.7857380848977,365.8455090657922,104189600
2023-01-09,370.8654479980469,376.4495872696216,370.68379991549534,373.2654787600865,73978100
2023-01-10,373.46630859375,373.5332484725184,369.34515816722075,370.2822289287242,65358100
2023-01-11,378.1898193359375,378.26633038365287,374.2312334389066,375.0439955334967,68881100
2023-01-12,379.5667724609375,381.02973273660194,375.22571833967487,379.289500125456,90157700
2023-01-13,381.0392761230469,381.61299228704434,376.10536380133436,376.3730941204777,63903900
2023-01-17,380.3412780761719,382.6935115955875,379.6623956443495,381.0201896884126,62677300
2023-01-18,374.33642578125,382.58829750949707,374.1356353327088,381.526947386791,99632300
2023-01-19,371.611328125,373.94439001524745,370.29178966269103,372.2997525257694,86958900
2023-01-20,378.53411865234375,378.6871115907864,371.36273880270227,373.0073764154368,91806400
2023-01-23,383.0758972167969,385.0073778706405,378.3810315420442,379.33721528402043,84178800
2023-01-24,382.664794921875,383.57315208650715,380.21696655885887,381.4026252152029,59524900
2023-01-25,382.8082580566406,383.14292828207675,376.3157607326886,378.6010544265812,84800300
2023-01-26,387.015380859375,387.17794493963646,382.5021922983197,385.46636782103366,72287400
2023-01-27,387.9046630859375,390.2760095744735,385.762820567528,385.97318218490153,68346200
2023-01-30,383.0376892089844,387.37877210654403,382.7412745466371,385.1508473703547,74202000
2023-01-31,388.669677734375,388.717475261581,383.2098461559824,383.5540875652921,86811800
2023-02-01,392.80029296875,395.5445649835094,384.7205573752073,387.4552290338302,101459200
2023-02-02,398.5184020996094,399.98136258361916,394.78929000119456,396.6825158155469,101654500
2023-02-03,394.2824401855469,398.7000051703591,393.0776391240828,393.55573107794413,94736800
2023-02-06,391.872802734375,393.2688521236934,390.21862339860974,391.8345763914126,60295300
2023-02-07,396.998046875,398.2410744328294,389.71192928803475,390.95495684586416,90990700
2023-02-08,392.65692138671875,396.3669196696717,391.9684677962696,395.02826801613645,76227500
2023-02-09,389.2528991699219,396.40516522520073,388.028984948847,396.25217230001425,78694900
2023-02-10,390.1612854003906,390.54375312300726,387.26404936045475,388.07678232835883,70769700
2023-02-13,394.7413635253906,394.8752432701656,390.3524831825662,390.81146193268944,64913500
2023-02-14,394.55975341796875,396.86413102531327,390.61070909281807,393.2210725630297,88389300
2023-02-15,395.84100341796875,395.9174852871057,391.52860488743005,392.3700513500147,61555700
2023-02-16,390.3907165527344,394.81785216860595,390.25686599597043,390.8783796232902,76431500
2023-02-17,389.4154357910156,389.65448174842203,386.34606468801917,388.26800352329917,89257800
2023-02-21,381.60345458984375,386.4513142893378,381.34529542458307,385.39950609313314,82655900
2023-02-22,381.0774841308594,383.5539965692342,379.624066139242,382.0145255408099,83742300
2023-02-23,383.1046447753906,384.577176151522,378.88787027584414,383.965204449082,96242400
2023-02-24,379.01220703125,379.84408241701556,376.39227228887677,378.0942785897589,108194400
2023-02-27,380.3030090332031,383.707021167783,379.3659383654355,382.3492272761536,80444700
2023-02-28,378.8974609375,381.78512595829335,378.79226552930106,379.82496053517093,96438600
2023-03-01,377.4440002441406,379.3085704071732,376.14360422634064,378.08465625730815,99706800
2023-03-02,380.3795471191406,381.2209936912257,375.1396483986959,375.4743186281051,85127800
2023-03-03,386.48004150390625,386.7286586997874,381.5461282021258,382.1963263662835,90120000
2023-03-06,386.74774169921875,389.5971805098177,386.30790523195174,387.3023155770407,72795900
2023-03-07,380.8193664550781,386.93896700217493,380.20742390861926,386.699921017692,108310600
2023-03-08,381.44085693359375,382.196221130841,379.2129323233864,380.9340806833584,74746600
2023-03-09,374.4033508300781,383.8887075845493,373.4184826190144,382.22492782127654,111945300
2023-03-10,369.0009460449219,375.93327957719293,367.4806170891498,373.8583475978051,189253000
2023-03-13,368.4750061035156,373.2846390345943,363.9713881978472,365.0805650006383,157790000
2023-03-14,374.5659484863281,376.21058604424246,370.0909854321958,373.3898317252391,149752400
2023-03-15,372.22320556640625,372.42399598152093,366.8972551252059,368.98175785790704,172996900
2023-03-16,378.7539978027344,379.0982391870772,369.36429390384325,369.87107021323396,143254200
2023-03-17,374.3253173828125,378.55818505074,372.9431553160695,377.4255889740926,140553400
2023-03-20,377.92474365234375,378.3374942216171,374.4021719427654,375.1028314855244,93055800
2023-03-21,382.8870849609375,383.3670015855469,379.69082383763816,381.28415054635593,91524200
2023-03-22,376.3601379394531,386.32321007597335,376.3217657060295,382.7142575848104,111746600
2023-03-23,377.3776550292969,383.25182988301947,374.6709182110407,379.2205184817109,119351300
2023-03-24,379.85400390625,379.94038538264834,373.7590569871103,376.10105243097433,107682400
2023-03-27,380.56427001953125,382.8966870426311,379.6716321408978,382.1288028794633,74010400
2023-03-28,379.7099914550781,380.564227707631,377.8767066648121,379.87314668350865,62871700
2023-03-29,385.2290954589844,385.4690537806492,382.6663276952182,383.86611930354206,77497900
2023-03-30,387.4846496582031,388.1085353397573,385.6225710265115,387.8589693504225,69840000
2023-03-31,392.9461364746094,393.24368242982905,388.30051790737826,388.4061147934353,112062600
2023-04-03,394.4435119628906,394.846625551224,392.0343209722465,392.42785614585927,67391100
2023-04-04,392.25506591796875,395.37452397054454,390.88248211307797,395.08655642138893,66601500
2023-04-05,391.22802734375,392.28384974684195,389.57711302940226,391.5255732993779,65200200
2023-04-06,392.7541809082031,393.0325407601975,389.3851567329968,390.4313714897771,63743300
2023-04-10,393.1572570800781,393.23406013832266,389.66347951634174,390.27775752337686,63681000
2023-04-11,393.2628173828125,394.66416550169424,392.49496262249465,393.78113545650683,59297900
2023-04-12,391.6599426269531,395.6144801885437,391.07445840947173,395.32651264091214,86420400
2023-04-13,396.8621826171875,397.21731616818573,391.60228682213693,392.7444905245143,85814800
2023-04-14,395.8927917480469,398.4171577397506,393.58919793642514,396.22873922494233,78161500
2023-04-17,397.3133239746094,397.3325100919648,394.5777937246766,395.80637894641507,66436400
2023-04-18,397.572509765625,399.0218673008723,396.1999552913603,398.8874765900454,63560000
2023-04-19,397.5053405761719,398.4075568472331,395.60486027089866,395.6624479202901,55227300
2023-04-20,395.3360900878906,397.0829934844094,393.7907434550367,394.6929889766768,75840400
2023-04-21,395.6432800292969,396.10398124565415,393.6948196903557,395.63367232336066,73457400
2023-04-24,396.05596923828125,396.4782981802782,394.1075090570705,395.44166194381876,64332100
2023-04-25,389.76910400390625,394.6450737017642,389.7115163477085,394.088353969468,97766700
2023-04-26,388.1181640625,391.4583943618871,387.56147365849546,390.3833857943013,80447000
2023-04-27,395.8448486328125,396.11360078097556,390.4025810177756,390.65214704527966,92968400
2023-04-28,399.22344970703125,399.23305741321724,394.90419994068407,394.9617875942257,89433100
2023-05-01,398.8203125,400.8455465437123,398.58993260769745,398.7819109693187,62122300
2023-05-02,394.3378601074219,398.1580067083917,391.43917444922255,398.1099974743272,103998500
2023-05-03,391.631103515625,397.2461331896153,391.3911452329056,394.83694265774216,91531800
2023-05-04,388.85723876953125,390.91126663739385,387.52305652796423,390.5849268562114,94901900
2023-05-05,396.05596923828125,397.1021838881152,392.22624422840113,392.48538864162396,87891800
2023-05-08,396.1614990234375,396.64141556702043,394.7601509178742,396.3822711785269,50046800
2023-05-09,394.4241943359375,395.53760420625383,394.19384377372745,394.616172665633,49220100
2023-05-10,396.26715087890625,397.88927136463667,392.44700411687967,397.25577792419296,96142900
2023-05-11,395.5760498046875,395.8639880395315,393.5028066384593,395.4032868637811,70157100
2023-05-12,395.0577697753906,397.0254455424627,392.63900049417026,396.8142810526254,70481500
2023-05-15,396.42071533203125,396.8238288685914,393.75238023444746,395.6624389099318,54289400
2023-05-16,393.77154541015625,396.23832360826236,393.7619377053924,395.3168627044219,57705500
2023-05-17,398.5515441894531,399.1562144912637,394.14591338269895,395.78721992832476,87287000
2023-05-18,402.390869140625,402.8131980774416,398.01403224251106,398.23477512417634,97177200
2023-05-19,401.805419921875,403.8210757531866,400.5864421499419,403.2931791436521,103793300
2023-05-22,401.9685363769531,403.50427528786696,400.586374286309,401.8245672616326,60745400
2023-05-23,397.45733642578125,401.9013689419868,397.0638012887145,400.32722839371974,86383500
2023-05-24,394.5777893066406,396.2383111304324,393.41639944632345,395.8543837451471,89213700
2023-05-25,397.9948425292969,399.4442000783956,395.84482546980115,398.0812240048889,90961600
2023-05-26,403.149169921875,403.86904489294824,398.5707756508926,398.6475494260872,93830000
2023-05-30,403.3027648925781,405.606359045202,401.92060254264607,405.0784624260676,72216000
2023-05-31,401.0663146972656,402.3812815149699,399.50178187032054,401.4790359496369,110811800
2023-06-01,404.8768615722656,405.9326839874396,400.0489015795839,401.2966730663804,88865000
2023-06-02,410.7318420410156,411.5188830151562,406.92130300774403,407.44919955900986,91426200
2023-06-05,409.9447937011719,412.3635629860605,409.2441048720611,411.0773899248413,65460200
2023-06-06,410.8373107910156,411.3652072152746,408.8792433028101,409.53195199339734,64022200
2023-06-07,409.4169006347656,412.36359602704806,408.994571620611,411.2309997126284,85373300
2023-06-08,411.8932800292969,412.3444028643595,408.7162340623749,409.48408900675076,61952800
2023-06-09,412.63226318359375,414.63831094166113,411.6436362158996,412.689850828952,85742800
2023-06-12,416.3756103515625,416.45241340725585,412.8914406087862,413.61131547404943,76104300
2023-06-13,419.12078857421875,419.76386044542505,417.1723282571571,417.8346155400201,95899700
2023-06-14,419.619873046875,421.4243641568749,416.1740753599218,419.45671780561304,100612100
2023-06-15,424.8221435546875,426.069914890404,418.70801128446885,418.80397116276845,110303100
2023-06-16,423.3751220703125,427.37322020593024,422.9030661850773,426.804818584776,114165800
2023-06-20,421.1785583496094,422.3250049416328,419.107257409602,421.4386947666536,76160400
2023-06-21,419.0206298828125,420.995585443212,418.43294139177686,420.19597746428883,76982300
2023-06-22,420.5330810546875,420.6390407754928,417.72958794220574,418.0667832912389,70637200
2023-06-23,417.3538513183594,419.1361444036858,416.6409458444642,417.08410091737835,92074500
2023-06-26,415.648681640625,418.70263864501453,415.4078319979814,416.7854848977608,72823600
2023-06-27,420.20562744140625,420.82218732627064,416.07263875155775,416.52543732038123,72813700
2023-06-28,420.4175720214844,421.4291288943605,418.51003201482644,419.1265918933675,75636000
2023-06-29,422.0745544433594,422.2383451446893,419.5986423394109,420.00325329466176,67882300
2023-06-30,427.0553283691406,428.0379843526411,424.96474047999936,425.28267848094407,104964000
2023-07-03,427.5467224121094,427.82608687001783,426.42917637868914,426.70857023719304,32793400
2023-07-05,426.91082763671875,427.6430199831629,425.7258367708566,425.7354801650757,58418400
2023-07-06,423.5678405761719,423.991738320798,421.06299828536083,423.3366343156822,80658300
2023-07-07,422.4984436035156,426.438769743823,422.2575939538954,422.5755319557256,86134200
2023-07-10,423.5678405761719,423.7412452715391,421.57359837767063,422.1420000351028,62443500
2023-07-11,426.2653503417969,426.7566930521444,423.3558970583311,424.32893908451956,64463800
2023-07-12,429.695068359375,431.10165159958825,428.6257099376319,430.0515505672172,91924500
2023-07-13,433.1054992675781,433.89549322497544,431.0727422071223,431.506253963796,72425200
2023-07-14,432.835693359375,434.83954937929775,432.0746002832751,433.99178336356243,69815800
2023-07-17,434.3386535644531,435.3887545883977,432.64306249429234,432.6912500682276,52680200
2023-07-18,437.56597900390625,438.2114395521847,433.57749499281715,434.01103608987984,80668200
2023-07-19,438.5390319824219,439.7239933832524,437.48890168977437,438.3559839057652,65891700
2023-07-20,435.6295471191406,438.44268380742795,434.9166416038705,437.54673021651973,70591600
2023-07-21,435.6295471191406,437.54673021651973,435.6199331260899,437.34439535359957,71275600
2023-07-24,437.57562255859375,438.38487379289774,435.7451418375123,436.77598531715506,54023400
2023-07-25,438.770263671875,440.02267010001805,437.2577208036124,437.3059083742901,55191200
2023-07-26,438.83770751953125,440.263518637083,436.7856637889011,437.83576473919794,71052900
2023-07-27,435.9282531738281,442.62388566589414,435.0226560753175,442.2192452897237,92194400
2023-07-28,440.1961669921875,441.0246757996423,435.92828821232376,439.1942240663801,80011800
2023-07-31,441.03424072265625,441.39069349037516,439.35790721415856,440.66814456102355,62040400
2023-08-01,439.7721862792969,440.51399258801536,438.8184017102693,439.5698514127993,55291500
2023-08-02,433.6546630859375,436.92056940230765,432.903213273274,436.6604623365917,93933400
2023-08-03,432.4118347167969,434.2904737931767,430.9956375639887,431.64112757810364,64276100
2023-08-04,430.4561462402344,436.3232404604835,429.9359027397443,434.2230384704291,100128900
2023-08-07,434.21337890625,434.36752621178806,431.59293351328745,432.28658168791264,58357500
2023-08-08,432.32513427734375,434.2037733620173,428.9724964679823,431.67964426037906,71361300
2023-08-09,429.4348449707031,432.75858127417706,428.67375198805803,432.59479060680286,78789600
2023-08-10,429.5890808105469,435.16716703483127,428.42337671620794,431.7856284811605,93005500
2023-08-11,429.33856201171875,430.3501481391964,427.1227570858758,427.7200594884635,68690900
2023-08-14,431.7085266113281,431.7085266113281,428.1150686990038,428.4233633029166,47867400
2023-08-15,426.67962646484375,430.2923712690211,426.1111954097984,429.9358890851779,75707500
2023-08-16,423.54852294921875,427.92233089124835,423.44253382784007,426.26528432536145,80107200
2023-08-17,420.3211975097656,425.27305119137833,419.8009540161682,425.01294414487614,95711300
2023-08-18,420.5234375,421.5542809321435,417.1611862051528,417.5079955464786,98852000
2023-08-21,423.25958251953125,424.00138893640195,419.38673031886054,421.5350906095178,68719000
2023-08-22,422.11309814453125,425.0321947779214,421.55433988295033,425.0321947779214,64994200
2023-08-23,426.814453125,427.431042301619,423.0283039267051,423.17280782729074,68441000
2023-08-24,420.8992004394531,428.92429730681755,420.87027025881116,428.41369725884107,88517300
2023-08-25,423.866455078125,425.14776219480035,419.07836317797603,422.62366273446645,102325100
2023-08-28,426.55438232421875,427.1709421526019,423.8664919427265,426.05339622552776,61595400
2023-08-29,432.7200622558594,432.9994560455783,426.265280717647,426.4483287798158,83081900
2023-08-30,434.5024108886719,435.1382574911251,432.35402143192493,433.05731299234867,69053900
2023-08-31,433.8665466308594,436.2557562391773,433.6834985527266,435.1189529964718,66084600
2023-09-01,434.6757507324219,437.0649894821143,433.2210096589612,436.5832902552028,58944100
2023-09-05,432.797119140625,434.55051141170435,432.7297035921897,434.2326028529468,55166200
2023-09-06,429.8877258300781,432.093916863234,427.56593166865076,431.9879277285903,70758500
2023-09-07,428.56787109375,429.24223247025344,426.5447281630559,426.8915375451562,70355400
2023-09-08,429.2133483886719,430.74514868706615,428.25959315019446,428.61604594030854,61659700
2023-09-11,432.0361633300781,432.3444285728758,430.1286232997532,431.8338284325165,60180100
2023-09-12,429.6661376953125,432.11317840274216,429.0881220484013,430.59102153155527,67565400
2023-09-13,430.1671142578125,431.3231749266096,428.78943192828973,429.8877204342684,60199300
2023-09-14,433.8761901855469,434.5698383708397,431.332833106535,432.6334271290332,83430800
2023-09-15,428.64874267578125,432.62229333118586,428.21370176743056,432.2935859212208,111848900
2023-09-18,428.90008544921875,430.1955896700722,427.86560575276553,428.3393267614431,55752200
2023-09-19,428.0106201171875,428.57137880593234,425.3326034960519,427.981617392204,66514600
2023-09-20,424.07574462890625,429.6831540306982,423.87269606637597,429.26743850526196,82562600
2023-09-21,417.06646728515625,421.4943834516094,416.91177626347593,421.2333589486901,104095800
2023-09-22,416.12872314453125,419.6865285568745,415.71297806578804,418.09131961695476,100829700
2023-09-25,417.8786315917969,417.91728222441265,414.4851650567311,414.92023546020613,70874500
2023-09-26,411.7394104003906,415.54859200929735,410.90794984146544,414.8428197503268,96168400
2023-09-27,411.90380859375,413.4700443597365,408.26867230252077,412.9092856337623,104705800
2023-09-28,414.2917785644531,415.964347748709,410.76297593705533,411.3527373620953,92258300
2023-09-29,413.2862854003906,417.5111824781116,411.7684074215334,417.3371661441051,115111300
2023-10-02,413.12188720703125,414.36906318614757,410.36651076659473,412.4547951371058,83798600
2023-10-03,407.5918884277344,413.1799731499237,406.2287013020404,410.94667474306095,103760600
2023-10-04,410.5599670410156,411.3043900178651,406.59609392791054,408.0559666596498,87453000
2023-10-05,410.4052429199219,411.2463514179395,407.1858225474584,410.269877205424,70142700
2023-10-06,415.27789306640625,416.8150963910029,406.63472757769614,407.9592344326086,113273300
2023-10-09,417.9366760253906,418.5070827048213,412.83198913552894,413.3830409925468,80374400
2023-10-10,420.1118469238281,422.7028550027733,418.1685761124723,418.5649663005958,78607300
2023-10-11,421.83282470703125,422.08417183466213,418.797068320578,421.17540990507433,62451700
2023-10-12,419.2611083984375,422.8189135801861,416.91179922986146,422.44187816631086,81154200
2023-10-13,417.1728210449219,421.9584770278049,415.60661494268294,420.7596289275812,95143100
2023-10-16,421.5621337890625,422.62561629317145,419.1741442361407,419.4158434641518,75433200
2023-10-17,421.5427551269531,423.5923892481788,418.09131276942526,418.4393454760135,75324700
2023-10-18,415.9256591796875,420.73064064200355,414.8428514424272,419.77352121429993,93559800
2023-10-19,412.27117919921875,418.4490253157197,411.59443909771255,416.64111990263626,121323000
2023-10-20,407.2051086425781,412.37747694190307,407.0987456622459,411.8360731446502,123919900
2023-10-23,406.4993591308594,410.3568982821464,403.9276761980999,405.67757598059893,92035100
2023-10-24,409.5641174316406,410.71460793995783,406.77006062450005,408.61664598235126,78564200
2023-10-25,403.68603515625,407.9109624071266,403.17363397769196,407.8819596802007,94223200
2023-10-26,398.85205078125,403.47333880031834,397.93361142540357,402.6225823087564,115156800
2023-10-27,397.04412841796875,400.8339851009318,395.62293584989493,400.43759484678344,107367700
2023-10-30,401.7911071777344,402.84491222424634,398.53300645045545,399.82851071417565,86562700
2023-10-31,404.314453125,404.63348310254605,400.45691364342605,402.361504611754,79665200
2023-11-01,408.6263732910156,409.43847913059346,404.7495083565733,405.2812643437381,98068100
2023-11-02,416.45745849609375,416.61214954670544,412.3968995543654,412.41622487157895,94938900
2023-11-03,420.2569274902344,421.80380835994043,418.63271585397734,418.75840416588386,100167800
2023-11-06,421.22369384765625,421.66841210779677,419.2804228673673,421.0109973746679,67831700
2023-11-07,422.4224853515625,423.0605747296388,420.08285380291056,421.223666855701,64256100
2023-11-08,422.7319641113281,423.5440700044392,420.43098266202935,423.0219913930459,61746000
2023-11-09,419.4351501464844,423.91142437106953,419.00975716373983,423.8727442351021,83174400
2023-11-10,425.9803161621094,426.2896982135309,419.4254351571336,421.5040718428815,89462200
2023-11-13,425.57427978515625,426.6764127794683,423.86306009469695,424.64616313137293,52236100
2023-11-14,433.830810546875,435.1166375219735,431.2784524100305,431.50082633241226,97176900
2023-11-15,434.7492370605469,436.3928036457593,433.89845104016877,435.164952660045,77327600
2023-11-16,435.2809143066406,435.59994425440004,433.24095780816333,434.30444014118734,66665800
2023-11-17,435.82232666015625,436.43141334936854,434.3721314970017,435.29057073108856,83133200
2023-11-20,439.1771240234375,440.01823251915994,435.56128392675316,435.5709613361329,69936200
2023-11-21,438.2199401855469,439.05140070988807,436.9534388382608,438.13293202095787,49244600
2023-11-22,439.91192626953125,441.2267854299995,438.8194705277012,439.8732756356209,59394900
2023-11-24,440.18255615234375,440.3759273074353,439.631504418495,439.9602117787139,29737400
2023-11-27,439.3898620605469,440.3663068584605,439.0031197003399,439.55420100976517,50506000
2023-11-28,439.8248291015625,441.1203331786689,438.44231685931027,439.00304598057033,62115000
2023-11-29,439.5155029296875,443.10234049536746,439.1191421839662,441.97117519611106,63146000
2023-11-30,441.24603271484375,441.5940948885885,438.2876370073433,440.3565962233876,79752700
2023-12-01,443.8564147949219,444.38814123082403,440.0472330596215,440.6369649429203,89183400
2023-12-04,441.5264892578125,443.87579870037587,439.25451058722007,440.4726841519421,72430900
2023-12-05,441.439453125,442.3965725770802,439.76688393206007,440.14394887033336,69793500
2023-12-06,439.6605224609375,443.60504042530386,439.2254520989698,443.57603770145914,69124700
2023-12-07,443.0152893066406,443.6630266124851,441.13970123464765,441.73911050428126,66995400
2023-12-08,444.9198913574219,445.4516177863762,442.02914891320626,442.2708481089666,83194400
2023-12-11,446.65045166015625,446.8244975103325,444.2141343049595,444.4268307846884,65002200
2023-12-12,448.6903991699219,448.78708475043413,445.30661038207074,446.30240990232363,68327600
2023-12-13,454.87786865234375,455.12924524748996,448.70970069679584,449.0674107718607,93278000
2023-12-14,456.3377380371094,458.0006296077065,453.6693695971455,456.81145899765846,119026000
2023-12-15,455.5863952636719,456.9163018501235,453.7420397034311,455.7417134699126,141553700
2023-12-18,458.1491394042969,459.12957270241793,456.13006180277284,457.1881393985243,70375300
2023-12-19,460.9350891113281,461.0127630324847,458.61509172941334,458.69273602664884,55761800
2023-12-20,454.5477600097656,461.96401935450547,454.12064234016117,460.0808267995912,102921000
2023-12-21,458.8577880859375,459.1295875723286,455.1108062836296,457.52788134560456,86667500
2023-12-22,459.77996826171875,461.4593188510491,457.887088433067,459.9838104781131,67160400
2023-12-26,461.7213439941406,462.62410332069675,460.1099508863103,460.1876248035588,55387000
2023-12-27,462.55615234375,462.7017539013479,460.98359627385656,461.51747852635486,68000300
2023-12-28,462.73089599609375,463.5656980482324,462.31349497002446,462.9153345190397,77158100
2023-12-29,461.3913269042969,463.06096072132885,459.4401769650659,462.5367654374911,122283100
2024-01-02,458.8092041015625,459.7993540123723,456.7124526493962,458.3335624378489,123623700
2024-01-03,455.062255859375,457.3919698393569,454.4604162904711,456.6542157231931,103585900
2024-01-04,453.5964660644531,457.16869615612853,453.37319057475315,454.5865863632777,84232200
2024-01-05,454.2177429199219,456.66393818647634,452.7713549830218,453.8003122508208,86118900
2024-01-08,460.7021484375,460.8477500166702,454.5866154970485,454.71281340697016,74879100
2024-01-09,460.00323486328125,461.02247554943773,457.54732279548995,458.05208481523704,65931400
2024-01-10,462.604736328125,463.4686883884697,459.99350610212235,460.275022232607,67310600
2024-01-11,462.4008483886719,464.1190060691037,458.43062113494074,463.6045274671268,77940700
2024-01-12,462.72119140625,464.58498035155515,461.3136700813151,463.8472262405501,58026400
2024-01-16,461.02239990234375,462.65319658217305,459.207164709733,461.3427529504032,85014900
2024-01-17,458.4598083496094,458.94516670999695,456.1106608508071,458.0035703058881,68843900
2024-01-18,462.5367431640625,463.09005873569527,458.58594911701266,460.12938495584103,91856200
2024-01-19,468.3028564453125,468.5843725866021,462.58535041381515,463.6628317450775,110834500
2024-01-22,469.29296875,471.0111265282756,468.6425755704272,469.83656769535,75844900
2024-01-23,470.66168212890625,470.9043613024555,468.74939868030367,469.8365966379768,49945300
2024-01-24,471.1761474609375,474.45714470411593,470.6810725123754,473.52526505734005,81765000
2024-01-25,473.73883056640625,474.0106300348732,471.1761540957068,473.30199623812143,72525000
2024-01-26,473.13702392578125,474.7969411657135,472.2925051479898,473.3117458196852,76641600
2024-01-29,476.8839111328125,477.029542315143,472.9039969579279,473.4475958586122,61322800
2024-01-30,476.5151062011719,477.2237103899132,475.7579187820987,476.19475312019154,58618400
2024-01-31,468.7396545410156,474.75807991768903,468.7202212489611,474.31155855924624,126011100
2024-02-01,474.87457275390625,474.9036930669608,469.6326794127357,470.43839078044346,91891600
2024-02-02,479.873779296875,481.5239798187347,474.971642466127,475.31139921660196,99228200
2024-02-05,478.1264343261719,479.9028622372628,475.8743943997294,479.24278207992484,75757100
2024-02-06,479.51458740234375,479.84462748505155,477.64108188661896,479.06803644581043,55918600
2024-02-07,483.51397705078125,483.93137810723994,480.854193242822,481.756982255993,70556500
2024-02-08,483.7275085449219,484.1060726186496,482.69855130751233,483.513949705615,52343600
2024-02-09,486.523193359375,486.9599980744067,483.8925299274153,484.2322866772762,63979400
2024-02-12,486.3096618652344,488.7558572787602,485.59131136468835,486.4941004077062,56502300
2024-02-13,479.6116638183594,482.53353038052535,476.3500701317823,480.04849815534635,113099200
2024-02-14,483.97021484375,484.4555731763151,479.92231331563113,482.2423403647749,68387800
2024-02-15,487.30950927734375,487.4939478237512,484.19348728209525,484.66915861837293,61683000
2024-02-16,484.8826904296875,488.1442842020213,484.144936285217,487.00856229426716,75532900
2024-02-20,482.213134765625,483.8148110550334,479.97078203566997,483.1450143046399,71736700
2024-02-21,482.6500244140625,482.8053426352379,479.1069145137689,480.9124629140013,59293400
2024-02-22,492.63873291015625,493.5997329784438,488.2899113619232,489.25094105413393,76402500
2024-02-23,492.97845458984375,495.1916873577398,492.25041710535265,494.35685563775104,61321800
2024-02-26,491.17291259765625,493.8521000550051,491.0467146922128,493.41526570907337,50386700
2024-02-27,492.0853576660156,492.30863314805396,489.9692025931845,491.86211180789684,48854500
2024-02-28,491.4350280761719,492.01743437576624,490.17307863790023,490.5322390639573,56506600
2024-02-29,493.20166015625,494.8130532117829,490.55162288856457,493.19197313484807,83924800
2024-03-01,497.83197021484375,498.2590878764062,493.6676174504883,494.07533144522296,76844800
2024-03-04,497.29815673828125,499.14254217920546,497.0069535759895,497.03610351614157,49799300
2024-03-05,492.32806396484375,495.745005535815,490.1245478315941,495.2984545471132,72855600
2024-03-06,494.82281494140625,497.07488469099843,493.53177482463775,495.59937641592427,68382400
2024-03-07,499.7346496582031,500.78304025779806,494.8810662776538,498.11356939849594,58652100
2024-03-08,496.735107421875,503.04473579557066,496.1623881738849,500.36560770630734,86532500
2024-03-11,496.3079833984375,496.89041928478855,493.6093924281333,495.5314219659159,62557200
2024-03-12,501.6469421386719,502.2293483869414,495.9002573325016,498.41443934118087,73114400
2024-03-13,500.860595703125,502.1419486738022,499.4239541516855,501.9672268025058,55104100
2024-03-14,499.8705139160156,501.9866689472691,496.8321662856789,501.83132111592977,110171800
2024-03-15,496.4381103515625,498.2590153922283,494.7730358188075,496.80813351794416,107646300
2024-03-18,499.3885192871094,501.93969410963876,498.97956820958467,500.4985887866016,88893300
2024-03-19,502.1636962890625,502.44605736767124,497.6942371868493,498.6972103635703,60755300
2024-03-20,506.808349609375,506.9446864437559,501.5502289693654,502.22210687375775,69594600
2024-03-21,508.4831848144531,510.34298796408666,508.2007643189091,509.64192900671355,60256100
2024-03-22,507.5192565917969,508.8824467519345,507.28551081424,508.3955803879005,79070800
2024-03-25,506.1170349121094,507.2660322991133,505.96120440733904,506.1462159868013,48512100
2024-03-26,505.18231201171875,507.87957088818524,504.78310771343683,507.53872874874105,65463700
2024-03-27,509.4276428222656,509.4666301607913,505.84431416109436,508.00603133212223,82999800
2024-03-28,509.3303527832031,510.8298796934876,509.04799170553036,509.46668962011773,96294900
2024-04-01,508.4442138671875,510.60593125263364,507.2854696375655,510.07039018205234,62477500
2024-04-02,505.2114562988281,505.3477336967163,502.9134021583385,504.627181070464,74230300
2024-04-03,505.7664489746094,507.2660352902269,504.0721636747669,504.12083842082313,59155800
2024-04-04,499.593017578125,510.1093183056524,499.2911628340767,509.76853565111946,96858100
2024-04-05,504.8122253417969,506.7694375345306,500.5083435441168,500.94653513579135,74546500
2024-04-08,505.0946044921875,506.5162756490336,504.2864491311744,505.51336185898396,48401800
2024-04-09,505.6788330078125,507.0712635271461,500.8393509659492,506.8278303713481,68049200
2024-04-10,500.6153869628906,502.601780021425,498.6387407392185,499.99218385090813,82652800
2024-04-11,504.3935546875,505.8346601112469,498.6290735605831,502.1344876196163,70099000
2024-04-12,497.4313659667969,502.27081877394835,495.70784003413945,500.85889444352966,92561100
2024-04-15,491.199462890625,501.7644387082916,490.3522904966187,501.5989207934361,92101400
2024-04-16,490.30364990234375,493.19563735543574,489.0183155418661,491.6766166443132,73484000
2024-04-17,487.40185546875,492.9229325491744,486.00942494137024,492.75738492725213,75910300
2024-04-18,486.39898681640625,490.8879103775737,485.4642116695209,488.79439084700124,74548100
2024-04-19,482.1534729003906,487.3142441699,480.8876025986124,486.32104754330464,102212600
2024-04-22,486.59368896484375,489.18382142190774,482.4163675078979,484.75331996273405,67961000
2024-04-23,492.367919921875,492.7963646750655,486.4086807205422,488.5995792337359,64633600
2024-04-24,492.13421630859375,494.04272395926796,489.91410708182036,493.25400289949073,55928100
2024-04-25,490.2646484375,491.02415872515365,484.42225246602163,486.0678630419317,69122400
2024-04-26,494.9093933105469,496.48683553540934,492.41663996726425,493.04956028124485,64306100
2024-04-29,496.66204833984375,497.33392621215023,493.92586210692747,496.69125912925006,46415400
2024-04-30,488.79437255859375,496.1752536684076,488.79437255859375,495.2015209263445,77483600
2024-05-01,487.2071838378906,494.84124497607075,486.7397814235659,488.2101273744075,80242800
2024-05-02,491.7641906738281,492.60161619088024,486.4281251448712,490.90730120185356,62550200
2024-05-03,497.8597717285156,499.08665465274976,495.20147091341136,497.73318173027803,72756700
2024-05-06,503.0010986328125,503.0400265445959,499.8169737447077,500.2551653379584,47264700
2024-05-07,503.5561218261719,504.9485523975052,502.8842439138016,503.96507290224616,52561300
2024-05-08,503.60479736328125,504.14033844049237,501.6086572944442,501.72550045922026,42047200
2024-05-09,506.5065002441406,506.54548758690595,503.13742328274043,503.78980752288453,43643700
2024-05-10,507.1588439941406,508.91155054743115,505.9416784110343,508.1033359593128,52233200
2024-05-13,507.22705078125,508.94082976185797,506.0878002167031,508.8337334335511,36716400
2024-05-14,509.5543212890625,510.070428158798,506.8863031411852,507.42184425163964,57535900
2024-05-15,515.864013671875,516.1561215249,511.3848086751437,512.0177585499588,59504900
2024-05-16,514.8027954101562,517.5584758697495,514.6567117176663,515.9615398171848,50244800
2024-05-17,515.542724609375,515.6108930215729,513.4686694664939,514.9195214966393,59187600
2024-05-20,516.1366577148438,517.5972564963745,515.2700215074756,515.6595382886503,37764200
2024-05-21,517.402587890625,517.5584184029028,515.1727614260365,515.3772666864285,33437000
2024-05-22,515.9127807617188,517.4220544657823,513.741316563043,516.7112486575287,48390000
2024-05-23,512.1444091796875,519.0676335599267,510.9369308576571,518.9605372397859,57211200
2024-05-24,515.5330810546875,516.3412958961842,513.0403275362747,513.9848197975488,41291100
2024-05-28,515.893310546875,516.5749353115505,513.2642204156563,516.3412489766735,36269600
2024-05-29,512.2808837890625,513.4591220599656,511.5700777502226,511.87193258895735,45190300
2024-05-30,508.8825378417969,511.4045322089782,507.6361906313772,510.7424009672022,46377600
2024-05-31,513.517333984375,513.6439239713764,504.7439941340697,509.8366558224101,90785800
2024-06-03,513.9360961914062,515.4064420460951,508.87267437322015,515.1240809646227,46835700
2024-06-04,514.5106201171875,515.2506664560023,511.17072418863216,512.631323194632,34632700
2024-06-05,520.625732421875,520.6452260973251,514.8417568472363,516.8282099211538,47610400
2024-06-06,520.6158447265625,521.3558910101924,518.6878732006264,520.927446289771,30808500
2024-06-07,519.9829711914062,522.787325920015,518.5515533208824,519.6421291117942,43224500
2024-06-10,521.5896606445312,521.9110090941606,518.5808597177815,519.1748224338155,35686100
2024-06-11,522.845703125,522.9041247005574,518.0743898707741,520.0413486344055,36383400
2024-06-12,527.139892578125,529.8274041983666,526.1077383475028,527.4028194115604,63251300
2024-06-13,528.2012329101562,529.0581223075357,525.4163720846324,528.8828575806059,44760900
2024-06-14,528.522705078125,528.551886156822,525.6696157422205,526.6725890295746,40089900
2024-06-17,532.7291259765625,534.1216160104203,527.3833430672393,527.8410283318889,55839500
2024-06-18,534.08251953125,534.2091095084603,532.3687408538616,532.7874386892827,41376400
2024-06-20,532.6318359375,535.6698774866474,530.8596351285086,535.0077463215187,70328200
2024-06-21,531.9176635742188,533.0313142277637,530.4621308750893,531.810221745453,64338600
2024-06-24,530.1885986328125,534.3012597413704,530.0713785197397,531.7418545665156,45528700
2024-06-25,532.2303466796875,532.5917853363576,529.8956032092343,531.4097461795637,37936200
2024-06-26,532.8945922851562,533.6076912884868,530.4719636310322,531.1166742934914,38550600
2024-06-27,533.7346801757812,534.3110621107577,532.0153722749866,532.7578061070262,35041500
2024-06-28,531.6343383789062,537.5542520433446,530.3937489459842,534.5063503169283,76144500
2024-07-01,532.728515625,533.2560061424955,529.9737236752046,533.0117876323043,40297800
2024-07-02,536.3135986328125,536.3135986328125,531.0775683576217,531.126400132376,40434800
2024-07-03,538.7069702148438,539.068408833479,535.9619565950238,536.0010100914286,32789900
2024-07-05,541.8134155273438,542.2139076372644,538.3747999305978,539.0097918869257,41488400
2024-07-08,542.4385986328125,543.3861377502993,541.3737797869028,542.5948722312855,36110500
2024-07-09,542.9661865234375,544.2947210316149,542.6731362089374,543.396013525926,27289700
2024-07-10,548.3388671875,548.6807492045888,543.8941028470899,544.1871530936876,38701200
2024-07-11,543.61083984375,549.3255886798729,542.9759074999535,548.4561564855596,53054200
2024-07-12,547.0396728515625,550.6345620898736,544.2653840243584,544.7342644743289,53084400
2024-07-15,548.5441284179688,551.7775792240066,546.6880438244344,549.0325654558818,40584300
2024-07-16,551.7970581054688,552.090108393895,549.1008762046278,549.8530882979716,36475300
2024-07-17,544.0601196289062,547.5475663976358,543.7377345666142,545.8770906642837,57119000
2024-07-18,539.8792724609375,546.5806748281783,537.700862061102,545.5940223403177,56270400
2024-07-19,536.2940673828125,541.2663824595259,535.2390267295067,539.644738170822,65509100
2024-07-22,541.8232421875,542.4288993582354,538.277184442637,540.2113760766848,43346700
2024-07-23,540.973388671875,543.8648979607326,540.4849516029554,541.7157629327536,34439600
2024-07-24,528.7135009765625,536.4698829953903,527.7952370228695,536.1670544374522,74515300
2024-07-25,525.958740234375,534.7994982405838,525.0209792890996,528.8307523766035,61158300
2024-07-26,531.849365234375,534.535769150024,528.9675745637637,529.7393433023149,53763800
2024-07-29,532.161865234375,534.3988851266782,530.169004207153,533.3927359573876,39515800
2024-07-30,529.4656982421875,534.6822315404584,526.0661958644091,533.6271909452782,46853600
2024-07-31,538.0719604492188,540.6997538692295,534.9166765387299,536.2842643515584,65663400
2024-08-01,530.452392578125,542.0381046138815,526.9551667505608,539.7913062018092,76428700
2024-08-02,520.576171875,524.5715530952934,516.3755660291246,523.3602388903765,82789100
2024-08-05,505.41510009765625,511.4717311244644,498.4695101090915,499.80785259777787,146267400
2024-08-06,510.0747375488281,517.4989554385519,505.8936885816187,507.2124445147762,84826300
2024-08-07,506.6654968261719,519.2965314666948,506.0696179320819,516.2486294067602,70698300
2024-08-08,518.3782958984375,519.0034500456989,509.77203694963987,511.7941139882875,63276600
2024-08-09,520.6640625,522.1489300560904,516.3365178449808,517.5576103421191,45619600
2024-08-12,520.9376220703125,523.3406939742863,518.6712672136742,521.8558860240913,42542100
2024-08-13,529.5047607421875,529.739260585726,523.8780165940644,524.122235093717,52333100
2024-08-14,531.17529296875,532.3573320967027,527.6292352085552,530.2960824274743,42446900
2024-08-15,540.2797241210938,540.5629961238054,536.1866195717042,536.7922766972661,60846800
2024-08-16,541.4910888671875,542.1846909540823,538.5116347380534,538.6679083622046,44430700
2024-08-19,546.6683959960938,546.6683959960938,541.0513709978661,541.9012465320536,39121800
2024-08-20,545.7796020507812,547.8701270511177,544.4412892289927,546.2192073450451,33732300
2024-08-21,547.6552124023438,549.1107454289771,541.9014090213768,546.8248931770081,41514600
2024-08-22,543.3568725585938,550.1559376249218,542.1455582382872,549.5502804647684,56121500
2024-08-23,549.1301879882812,550.0680084955276,544.4020915801096,546.5903394303513,50639400
2024-08-26,547.8211059570312,550.8689478276912,546.1213548703539,550.1558489432847,35788600
2024-08-27,548.5733032226562,549.0617401711636,545.4082413361126,546.5511671009976,32693900
2024-08-28,545.3887329101562,548.661296528156,542.2041141850556,548.2314695905903,41066000
2024-08-29,545.4376220703125,550.644377643334,544.2946960843145,547.352316743397,38715200
2024-08-30,550.6444091796875,551.1524028130747,544.2556737558524,547.8017316610252,62700100
2024-09-03,539.3125610351562,547.8406511283397,536.801987949737,547.5084877669302,60600100
2024-09-04,538.2088012695312,541.6083040829072,536.7532683896355,537.4761456891545,47224900
2024-09-05,536.8997192382812,540.9928237930679,534.4477558926965,538.1501466111926,44264300
2024-09-06,527.8637084960938,538.8437645502386,526.9650009606123,537.2221796738046,68493800
2024-09-09,533.773681640625,535.043665505135,530.1299607989381,532.0544335310877,40445800
2024-09-10,536.0987548828125,536.450474898389,530.8138918516801,535.678706144088,36394600
2024-09-11,541.5985107421875,542.5167747623394,527.4729497044474,536.0108196239122,75248600
2024-09-12,546.1605834960938,546.4634120914028,539.9573969973035,542.1749203516514,51819600
2024-09-13,549.0130615234375,550.0094922558702,546.5122660345418,546.7662628583907,39310500
2024-09-16,549.8237915039062,550.0875069413107,546.9517795427174,548.7491943236346,36656100
2024-09-17,550.0484008789062,553.477237850398,547.8210997398118,552.031423916307,49321000
2024-09-18,548.4169921875,555.5383809459731,547.8601669493836,550.7028435611916,59044900
2024-09-19,557.7755126953125,559.6315971955383,554.9426137920285,557.8048475354702,75315500
2024-09-20,556.8113403320312,557.8500005367814,553.7933228326182,556.4096197933483,77503100
2024-09-23,558.2028198242188,558.8495678561227,556.6644159380835,557.8795056148167,44116900
2024-09-24,559.7999267578125,559.8587165873663,556.1743944512203,558.9964258828836,46805700
2024-09-25,558.5653076171875,560.378103761662,557.4580492681129,559.6432009533316,38428600
2024-09-26,560.7798461914062,563.1413674659622,558.428192996937,562.8179934718497,48336000
2024-09-27,559.9664916992188,562.6611352170194,558.9376397719122,561.8478858705382,42100900
2024-09-30,562.2105102539062,562.8180251821971,556.6448529649051,558.9377164538611,63557400
2024-10-01,557.173828125,562.5043247858904,554.6065728022052,561.8576367225866,72668800
2024-10-02,557.4091186523438,558.4282222492225,553.8914170466389,556.2823034605133,38097800
2024-10-03,556.3900146484375,558.3301388916863,554.106899883147,555.9392527365582,40846500
2024-10-04,561.4461669921875,561.8185225581165,556.6643942780399,560.828843806913,42939100
2024-10-07,556.370361328125,560.446655391967,555.2239297880301,559.7999074826037,49964700
2024-10-08,561.63232421875,562.2300906410503,558.0656412646009,558.9376805045769,37398700
2024-10-09,565.5223999023438,566.0809331902332,561.0247685875196,561.6224751598685,37912200
2024-10-10,564.53271484375,565.9535388259317,562.9257131010544,564.1799758679994,44138100
2024-10-11,567.9132690429688,568.6481717987969,564.3171018304082,564.4542980317323,42268000
2024-10-14,572.5579223632812,573.4888112745962,569.0401610478535,569.520288010914,36217200
2024-10-15,568.1092529296875,573.1261842726946,566.8941634738084,572.8224268603595,54203600
2024-10-16,570.5785522460938,571.097912292803,567.3058184280349,568.1093193754714,30725400
2024-10-17,570.6275634765625,574.3216944108202,570.441385688738,574.1159000748407,34393700
2024-10-18,572.8224487304688,573.6063330690159,570.8528997080355,572.3128969974695,37416800
2024-10-21,571.8817138671875,573.0771269383695,568.9126781204517,572.0972566282711,36439000
2024-10-22,571.5779418945312,572.7341816541917,568.6971208640092,569.3536172092114,34183800
2024-10-23,566.355224609375,570.0003732214365,562.8570804647936,569.5594196255329,49314600
2024-10-24,567.580078125,568.3835789691921,564.9638411001258,568.3051725972728,34979900
2024-10-25,567.3840942382812,572.6950344865168,566.443456997856,569.8044050522926,47268200
2024-10-28,569.1381225585938,570.9802836348513,568.8343651367928,570.8528957024953,30174700
2024-10-29,570.0592041015625,571.1762108700161,566.7864107519835,568.1778099310847,42899700
2024-10-30,568.3345947265625,571.5779630983764,567.6290569957021,569.588797638648,41435800
2024-10-31,557.1935424804688,564.0428273008541,556.9975564307639,563.9742291931302,60182500
2024-11-01,559.545166015625,563.9643910438907,559.1336371976272,559.8195584319851,45667500
2024-11-04,558.3399047851562,560.9757583388703,556.4585705161212,559.6823223393656,38217000
2024-11-05,565.09130859375,565.1304818819561,559.0357163025479,559.2512590975022,39478300
2024-11-06,579.1426391601562,580.014738259286,573.6064067155438,577.3397109306703,68182000
2024-11-07,583.6205444335938,584.6396478381987,581.0630972629532,581.1415036340469,47233200
2024-11-08,586.1486206054688,587.569444510154,584.1692634497057,584.1692634497057,46444900
2024-11-11,586.7072143554688,588.0888053142032,584.9826328704219,587.7360663213191,37586800
2024-11-12,584.8845825195312,587.2264269895784,582.4054820528869,586.6287204841349,43006100
2024-11-13,585.1687622070312,587.1676761411395,582.9836705187753,585.3451316888757,47388600
2024-11-14,581.4060668945312,585.7763103260314,580.7202054727688,585.296183408181,38904100
2024-11-15,573.9591674804688,578.3196033347165,572.1071978105703,577.8492248081469,75988800
2024-11-18,576.310791015625,577.6237838402152,573.5573576252949,574.4195885423085,37001700
2024-11-19,578.41748046875,579.142574989824,572.2737337790142,572.9400384688264,49412000
2024-11-20,578.613525390625,578.897666302881,572.8616903884546,578.4959457161364,50032600
2024-11-21,581.7196044921875,583.1404284379229,575.6248397212988,581.4550801704302,46750300
2024-11-22,583.522705078125,584.1498365668012,581.210224996001,581.7099087255345,38226400
2024-11-25,585.5020751953125,588.7650010479646,583.218960080664,587.4520080099294,42441400
2024-11-26,588.5592041015625,589.2255088244219,586.0311216188419,586.746407902425,45621300
2024-11-27,586.7758178710938,588.755115442667,585.2570306878304,588.3730114334577,34000200
2024-11-29,590.4208984375,591.2047827973582,587.3147260107087,587.5890586237147,30177400
2024-12-02,591.479248046875,592.1553610993941,590.342564749557,590.832500010613,31746000
2024-12-03,591.7534790039062,591.9984465923378,590.2151351783115,591.2439870884159,26906600
2024-12-04,595.427978515625,595.6729460981672,592.7725681970518,593.438872844782,42787600
2024-12-05,594.4481201171875,596.2314913306755,594.0953811448159,595.4279904670244,28762200
2024-12-06,595.5750122070312,596.8096584526629,594.800936138575,595.212464951605,31241500
2024-12-09,592.508056640625,595.6240374954255,591.9201582931329,595.457476264727,34742700
2024-12-10,590.6658935546875,593.605504896008,590.0093971009587,593.1841677805376,37234500
2024-12-11,595.232177734375,596.1826234477978,593.3116099521484,593.5860024095599,28677700
2024-12-12,592.1649780273438,594.9379676481675,592.1649780273438,594.3696859896878,31543800
2024-12-13,592.0474853515625,594.9086900260288,590.6756429397628,594.1934038090473,35904700
2024-12-16,594.5755615234375,595.5456834945226,593.0274092921627,593.8014854078001,43695200
2024-12-17,592.125732421875,592.9880229689915,590.7539500471205,592.0277693260103,55773500
2024-12-18,574.4784545898438,594.2031909866316,574.0962907751041,591.822113059209,108248700
2024-12-19,574.3020629882812,581.0631932062172,574.0570953688857,579.456191269411,85919500
2024-12-20,581.1998901367188,585.7224397345614,571.1321976271144,571.9777678628068,125716700
2024-12-23,584.6802978515625,585.2800160502417,577.7685966184363,580.9442707021165,57635800
2024-12-24,591.1790771484375,591.2184422848073,585.4471892507113,586.0272849416975,33160100
2024-12-26,591.2183837890625,592.3391499159457,588.0132458991934,589.409327922106,41219100
2024-12-27,584.9949951171875,587.7183905820746,580.8165297326684,587.4823797773107,64969300
2024-12-30,578.3192749023438,581.7800467977985,574.5734057798932,577.9948725430215,56578800
2024-12-31,576.21533203125,580.698577374324,574.5832389413312,579.9808236627084,57052700
2025-01-02,574.7994384765625,581.1801901339398,570.7291079559299,579.4694871635404,50204000
2025-01-03,581.9865112304688,582.6255346471705,576.5594027877501,577.64092396713,37888500
2025-01-06,585.3390502929688,589.6060270134918,583.608664526265,586.2337670283534,47679400
2025-01-07,578.7223510742188,587.6888410122485,576.903513754268,587.3643786767495,60393100
2025-01-08,579.56787109375,580.6395509433228,575.350100693004,578.7911897402016,47304700
2025-01-10,570.7193603515625,576.0874809051687,568.8120114375996,576.0186519228087,73105000
2025-01-13,571.604248046875,571.9581742427216,565.6658729466735,566.0788468496604,47910100
2025-01-14,572.3907470703125,575.1534475548353,568.6153544470202,574.5242054496483,48420600
2025-01-15,582.8025512695312,583.9430001285099,579.2827918470954,580.3937768602567,56900200
2025-01-16,581.6817016601562,584.34604932179,580.9836305712422,584.1690862304802,43319700
2025-01-17,587.5217895507812,589.27179809953,585.5849165977943,586.9122299431212,58070600
2025-01-21,592.899658203125,592.9094994878243,588.5933760531964,590.5597127423754,42532900
2025-01-22,596.232666015625,597.5894432517595,595.1708273073808,595.7213992287225,48196000
2025-01-23,599.4868774414062,599.4868774414062,595.3280946897063,595.6033506126263,41152100
2025-01-24,597.7368774414062,600.4996383180872,596.5865871884719,599.5459337435196,34604700
2025-01-27,589.2815551757812,589.5961762199101,584.6311885086425,584.798310310645,70361100
2025-01-28,594.3449096679688,595.1805787054238,587.1972570477369,590.5105293609671,44433300
2025-01-29,591.680419921875,593.9613772229904,589.1339880186671,593.558244678493,37177400
2025-01-30,594.8561401367188,596.3898803192325,590.6088457833347,593.7943615542468,39281300
2025-01-31,591.6903076171875,599.6933113603776,590.9332488823969,597.2746959271392,66566900
2025-02-03,587.70849609375,590.1860392450765,580.5510025263411,582.6943020815504,65857200
2025-02-04,591.6510620117188,592.1622687341741,587.2268045597665,587.767535135661,33457800
2025-02-05,594.0499267578125,594.1974260072697,588.5049031019603,590.5302274178379,30653100
2025-02-06,596.1146240234375,596.242440705887,592.4867305159943,595.7901616750784,35771500
2025-02-07,590.657958984375,597.8940622927604,589.9500466999555,596.6749433667395,50788500
2025-02-10,594.6692504882812,595.3083338092902,592.5947800275039,593.8631053864565,26048700
2025-02-11,595.12158203125,595.662312577201,592.2900526181724,592.4080280097315,30056700
2025-02-12,593.2044067382812,594.3743794070193,588.4360645213627,589.1144530437037,45076100
2025-02-13,599.4672241210938,599.6737110792319,593.047165943141,594.3055902381474,40921300
2025-02-14,599.4376831054688,600.7059485220444,598.8182823186273,599.6736338799176,26910400
2025-02-18,601.1975708007812,601.1975708007812,598.1399318067746,600.5978525430173,26749000
2025-02-19,602.61328125,602.9082197102092,599.3000091966954,599.8112758662747,31011100
2025-02-20,600.1063232421875,601.3844301402796,596.8028918726411,601.2467721645895,36554000
2025-02-21,589.8419189453125,600.0275268646774,589.3797986977131,599.8898689179181,76519800
2025-02-24,587.1578979492188,592.8799440315161,586.4499856464254,591.8869345556642,50737200
2025-02-25,584.2378540039062,587.8264418905826,579.636634088407,587.0989070332523,58266500
2025-02-26,584.5328979492188,589.4881049123491,581.8980139327481,585.8995163780398,43321600
2025-02-27,575.2025756835938,587.9542991571739,574.809344386224,586.8039490929929,74196700
2025-02-28,584.178955078125,584.7098443771037,572.6365684069419,575.7040488167072,88744100
2025-03-03,573.9442138671875,587.2858157400013,570.1393571070072,586.1453068357338,74249200
2025-03-04,567.1504516601562,575.5369060706639,562.6180601948478,569.9525173224438,109648200
2025-03-05,573.24609375,575.035467216836,563.434093538414,566.9833166199888,71230500
2025-03-06,563.0703735351562,570.4047711019521,560.523941077153,565.7937090893346,80094900
2025-03-07,566.2262573242188,567.6715458955733,556.1094773560538,561.2907933786839,81158800
2025-03-10,551.1444702148438,559.9536192631458,546.2384702857362,558.0364891964213,99326600
2025-03-11,546.5628662109375,554.5265648872522,542.7285461144836,549.9843324603625,88102100
2025-03-12,549.4632568359375,553.631880779765,544.3704523001988,552.7077001878538,69588200
2025-03-13,542.1386108398438,549.6991769603108,540.4279077137791,549.0896174558009,74079400
2025-03-14,553.3368530273438,554.3397037227768,542.2073825911375,546.7496145526088,62660300
2025-03-17,557.60400390625,560.1209127085318,552.8847473951123,553.3173439083719,49008700
2025-03-18,551.5770263671875,555.5096990502625,549.6499951496645,555.2933708486255,66041400
2025-03-19,557.5842895507812,561.3399999727566,552.1768634471969,553.3566775077279,66556000
2025-03-20,555.9718627929688,560.966374832501,553.1304918485869,553.848245552193,62958200
2025-03-21,556.1552734375,557.0526817242638,550.2878724028328,551.5205297947124,83763000
2025-03-24,566.1151733398438,567.1703352751009,562.2890000340255,562.880651498493,58766800
2025-03-25,567.47607421875,568.4128457426297,565.7306119858723,567.3182603575567,38355700
2025-03-26,560.701416015625,568.3340217234003,559.3208155225726,567.2098236237739,51848300
2025-03-27,559.2123413085938,562.9793497998379,557.1020172521603,559.3109298319079,42164200
2025-03-28,547.9506225585938,558.4134627917625,547.3688420558537,557.6837393471919,71662700
2025-03-31,551.6289672851562,552.93066066187,539.2826520783074,542.201606334121,95328200
2025-04-01,553.18701171875,555.1297110203275,545.9981756472096,549.715889513425,54609600
2025-04-02,556.6878051757812,559.5475341360295,547.1125011420022,547.3491617248258,76014500
2025-04-03,529.2537841796875,540.3673821784607,529.2537841796875,537.5470765410741,125986000
2025-04-04,498.2696533203125,518.5739803507369,498.05270443606094,516.4044915082214,217965100
2025-04-07,497.3821716308594,515.9114550791749,475.115432610906,482.40291724281104,256611400
2025-04-08,489.591796875,517.6963548854247,482.3733480760591,514.6196468974629,165816600
2025-04-09,541.0084228515625,541.0084228515625,486.20939567811143,486.59399925019795,241867300
2025-04-10,517.302001953125,526.0982291567648,502.2537093296756,524.7866647036906,162331200
2025-04-11,526.5320434570312,528.9874872153164,512.8544826104954,515.7536950429114,97866300
2025-04-14,531.6401977539062,536.7286411738348,526.453165817952,536.5017912856171,68034000
2025-04-15,530.151123046875,535.6931457102869,529.3622343758641,532.1825399641931,56892900
2025-04-16,518.3668823242188,530.4272422697393,513.0713913810127,524.3033791384568,83484800
2025-04-17,519.1064453125,523.8004136549424,516.6411308627585,520.3194209498447,79868100
2025-04-21,506.7503356933594,514.4618467446136,501.40552056556845,513.9293002870572,69368100
2025-04-22,519.934814453125,521.9563602525908,511.9866431205122,512.9234746436815,75948100
2025-04-23,527.9915161132812,537.8626460694973,526.4729038847668,532.9320165359907,90590700
2025-04-24,539.1051635742188,539.8348871004667,528.0211182344198,529.2734571828396,64150400
2025-04-25,543.0003662109375,543.4046513367819,536.1467793425768,539.0657336001437,61119600
2025-04-28,543.2074584960938,545.8700106135369,537.4583875113086,543.7400050325934,47613800
2025-04-29,546.6293334960938,547.7436606136026,540.9393676118534,541.2943585019403,47775100
2025-04-30,546.84619140625,548.7987614609631,534.0068741379372,539.9729233205555,93101500
2025-05-01,550.7216796875,556.2440206119321,550.1201573586014,552.595342895286,63186100
2025-05-02,558.896728515625,560.4942476694231,554.5774922291787,556.8948640346016,60717300
2025-05-05,555.6917724609375,558.7882219920989,553.9068871278389,554.7648117792631,38659200
2025-05-06,551.047119140625,555.533979770925,549.2326812616892,550.1891944565425,48264700
2025-05-07,553.3645629882812,555.9975022415719,548.3254139860352,552.3784371058738,55588000
2025-05-08,557.2202758789062,562.3974366423718,553.9069074354913,557.3977713110521,65130800
2025-05-09,556.5103149414062,559.6264462916283,554.9522191721212,558.6205786168767,37603400
2025-05-12,574.9015502929688,574.9114211824733,569.0340889310521,573.4026196086874,78993600
2025-05-13,578.6981811523438,580.907093658496,574.7536773375426,575.3157161654024,67947200
2025-05-14,579.4376831054688,580.8083522191259,577.4160770724685,579.6546018902411,66283500
2025-05-15,582.2678833007812,582.770756919371,576.9822030720642,577.4358426248243,71268100
2025-05-16,585.9559936523438,586.2518193704545,581.1042713102905,583.0469103495059,76052100
2025-05-19,586.596923828125,587.2773530559552,579.9405744991373,579.9405744991373,68168500
2025-05-20,584.6246948242188,585.8080578995526,581.419785763877,584.8614155899625,60614500
2025-05-21,574.7732543945312,584.3584282191854,573.7477052570061,580.2758530681597,95197700
2025-05-22,575.0001220703125,578.4811148637216,573.3433777523152,574.5760350084579,70860400
2025-05-23,571.0753173828125,573.7378691727489,567.6140060747297,567.988738706783,76029000
2025-05-27,582.9483032226562,583.1060568711622,570.4047514802384,577.9387671986972,72588500
2025-05-28,579.5757446289062,584.545857588394,578.8460211072919,583.3526236048898,68445500
2025-05-29,581.8635864257812,584.9699071457442,577.9388245287198,584.8318350718904,69973300
2025-05-30,581.2127685546875,582.9286180198035,575.1480700909575,580.7591289651484,90601200
2025-06-02,584.4866943359375,584.5655410710423,576.9428072484826,579.6053591727813,61630500
2025-06-03,587.8197631835938,588.7960181097066,583.6385391723649,584.121791379625,63606200
2025-06-04,587.6619262695312,589.6539195966438,587.2280285207049,588.6776647088699,57314200
2025-06-05,584.8218994140625,590.6893600195378,582.8496477946317,589.3383724752952,92278700
2025-06-06,590.8274536132812,592.4940086999786,588.5790577947733,590.3540722792903,66588700
2025-06-09,591.3599243164062,592.9081490758875,590.1864321834666,591.3993476813894,53016400
2025-06-10,594.7127685546875,595.0973118762876,590.7781362147839,591.8924030034493,66247000
2025-06-11,593.0166015625,596.6652790904382,590.9556323288738,595.8073544523882,73658200
2025-06-12,595.3734741210938,595.3734741210938,591.2021810906274,591.6853731206485,64129000
2025-06-13,588.7171020507812,593.4997881009825,587.2181715759101,590.1962907494013,89506000
2025-06-16,594.318359375,596.0638215052488,591.8924679557008,592.0700235861916,79984100
2025-06-17,589.2398681640625,593.401290785268,588.480531921813,591.8826784891205,82209400
2025-06-18,589.1510009765625,592.8785252065284,588.1944276516227,590.1371267775953,76605000
2025-06-20,587.7673950195312,592.8906208578056,586.3629131433069,591.8224395288368,94051400
2025-06-23,593.572998046875,593.9586781700418,585.403509483969,588.5189525073708,87426000
2025-06-24,600.13037109375,601.1885919192599,596.7972471416377,597.7072083922786,67735300
2025-06-25,600.4666748046875,601.940336500435,598.903972841808,601.247995602986,62114800
2025-06-26,605.1646118164062,605.5997923429508,601.7029677445283,602.3161684365299,78548400
2025-06-27,608.1712646484375,609.6350865938839,604.1360202356653,606.1635425121184,86258400
2025-06-30,611.0790405273438,612.4340220516922,608.2998373553096,610.6142201701539,92502500
2025-07-01,610.8812866210938,612.0483479268365,608.7746241554748,609.6053849111585,70030100
2025-07-02,613.650634765625,613.6901746824169,609.8526899336259,610.4757907292374,66510400
2025-07-03,618.4869995117188,619.4167005776212,615.6088560521965,615.628656191773,51065800
2025-07-07,613.8780517578125,617.1913758193931,611.0988485499288,616.5286747873084,74814500
2025-07-08,613.5418090820312,615.2923708557059,612.7307881009865,614.5406899285775,59024600
2025-07-09,617.2210083007812,617.8737488887257,614.1055045789822,615.945166968477,66113300
2025-07-10,618.9617919921875,620.000273214104,616.1825885407072,617.3595500232223,57529000
2025-07-11,616.7858276367188,618.0122289852302,614.7187654701638,615.9154666088177,63670200
2025-07-14,617.9627685546875,618.3089087938923,614.9857451789246,616.3308265898004,51898500
2025-07-15,615.3220825195312,620.9793689858044,615.242942324076,620.6431287961128,74317300
2025-07-16,617.3792724609375,617.883693134462,611.2769051241828,616.9045519994012,88987500
2025-07-17,621.1574096679688,621.5135103761386,617.3397251475282,617.5573456006476,68885700
2025-07-18,620.7024536132812,622.5716954836944,619.5947323692288,622.4035753929759,65621600
2025-07-21,621.87939453125,624.6189973413707,621.4541141003111,621.87939453125,63375000
2025-07-22,621.9684448242188,622.828905853138,619.3277216791315,622.2058050575365,60046300
2025-07-23,627.259765625,627.259765625,622.8288205336723,624.6288825447934,70511000
2025-07-24,627.4674682617188,629.1785504969665,627.0421878119985,627.6454884244192,71307100
2025-07-25,630.1181030273438,630.5928838363332,627.8829206987424,628.1301809903662,56865400
2025-07-28,629.9598999023438,631.0478210681617,628.5752180855901,630.4939604147171,54917100
2025-07-29,628.2982788085938,631.6708825055948,627.3883778702398,631.3543820995848,60556300
2025-07-30,627.5070190429688,630.6917023127537,624.6189756546709,628.9509803708415,80418900
2025-07-31,625.153076171875,632.8378839877031,623.8574348268075,632.4522038612699,103385200
2025-08-01,614.9065551757812,619.475980234049,612.5031927364548,619.436379958757,140103600
2025-08-04,624.2530517578125,624.3024917393647,618.7243458354196,618.813325728958,73218000
2025-08-05,621.088134765625,625.6773001361546,620.1683337507773,624.866279158634,68051400
2025-08-06,625.8455200195312,626.4982606508958,621.2464542892866,622.1563552914652,64357500
2025-08-07,625.3212890625,629.9994345491891,622.2156852544556,629.2675537310744,74205800
2025-08-08,630.1972045898438,630.6620853000642,626.7949007710238,627.1114011688534,64051600
2025-08-11,628.9509887695312,631.9478122276477,627.7047873460086,630.474150672182,58742300
2025-08-12,635.6467895507812,635.8050095563038,629.8114232578196,631.2949848204768,64730800
2025-08-13,637.82275390625,639.10849531226,635.6369512596368,637.8424936799373,60092800
2025-08-14,637.882080078125,638.5447207235369,635.300697252298,635.7457174616427,59327500
2025-08-15,636.388671875,639.0096552004113,635.4787708739423,638.9107148606824,68592500
2025-08-18,636.2501831054688,636.9425240091701,635.1424618060598,635.8150025688236,43804900
2025-08-19,632.7984008789062,637.0512656505922,631.4829592777961,636.0721245937336,69750700
2025-08-20,631.1170654296875,632.6500672159099,626.0136394005863,632.3929672116759,88890300
2025-08-21,628.5850830078125,630.9785456585483,626.864161086776,629.3071240874224,54805800
2025-08-22,638.2380981445312,639.4150594466402,630.2664294390896,630.7708500494616,84083200
2025-08-25,635.4292602539062,638.218363635622,635.3105801411765,636.9820621561176,51274300
2025-08-26,638.0897216796875,638.4359222802034,634.5390979794016,635.1621986940528,51581600
2025-08-27,639.543701171875,640.2755819843173,637.3578984386413,637.5062787617181,48341100
2025-08-28,641.80859375,642.362454403162,638.2678697444891,640.1470117905141,61519500
2025-08-29,637.98095703125,640.7404203673219,636.0919150690585,640.374419619015,74522200
2025-09-02,633.2533569335938,633.4709169972102,627.9619508913343,630.5136938017484,81983500
2025-09-03,636.685302734375,637.1501834379544,633.4412793439511,635.6270215222661,70820900
2025-09-04,642.0064086914062,642.0361089027498,636.4579021356687,637.3579030521721,65219200
2025-09-05,640.1469116210938,645.062476969223,636.2797877246134,644.3404359625918,85178900
2025-09-08,641.7196044921875,642.7185457406785,640.1371023874503,641.5118841129237,63133100
2025-09-09,643.2031860351562,643.7273464852004,640.1272219983028,641.8580441132016,66133900
2025-09-10,645.0625,647.3768223058731,643.4997982019892,646.4570213518696,78034500
2025-09-11,650.423095703125,651.115436538164,646.4273914384058,647.0108918753651,69934400
2025-09-12,650.20556640625,651.8869485652141,649.701206088218,650.3934866540098,72780100
2025-09-15,653.6671142578125,653.7956944276398,652.114372883025,652.4110731340584,63772400
2025-09-16,652.76708984375,654.5276118800496,651.9857691498868,654.2209512044083,61169000
2025-09-17,651.9561157226562,654.4682584259048,647.1295902463727,652.7770367516476,101952200
2025-09-18,655.0023803710938,657.603563340362,653.0341982051615,654.6364399867887,90459200
2025-09-19,658.2465209960938,659.0895125014193,654.9438659954435,656.8877828567474,97945600
2025-09-22,661.3607177734375,661.8069717744121,656.7290467709187,656.7588293222589,69452200
2025-09-23,657.7605590820312,661.856628548307,656.5406245808955,661.2416672722171,81708900
2025-09-24,655.6678466796875,659.1490153831234,654.2496039734066,659.0498612769777,68082200
2025-09-25,652.6429443359375,653.9917550046746,649.0328388399253,652.5338627083877,89622100
2025-09-26,656.3818969726562,656.9273655696547,652.4742691464395,654.0908804383538,69179200
2025-09-29,658.2266845703125,659.8135740530697,656.4216318338509,658.9010899003678,73499000
2025-09-30,660.7060546875,661.1722242194463,656.173598681204,657.4827596300943,86288000
2025-10-01,662.9574584960938,663.8698820443607,657.6117327913598,657.7208144097488,72545400
2025-10-02,663.7210693359375,665.0600128657511,661.3011766397112,664.9410037342527,56896000
2025-10-03,663.7113037109375,667.1527626006609,662.6698828508305,664.4848631838105,70494400
2025-10-06,666.0914916992188,666.9841207809839,663.9591941673339,666.1014192164715,54623300
2025-10-07,663.6220092773438,667.4602056461605,662.1839114453724,667.0138910729768,72020100
2025-10-08,667.5791625976562,667.6783772359653,663.919480237528,664.7426772273783,60702200
2025-10-09,665.6452026367188,668.4023890582872,663.7112737749407,667.9957845708525,66501900
2025-10-10,647.6542358398438,668.4122493878771,647.4757221413303,666.6071968358344,159422600
2025-10-13,657.5919189453125,659.664772492732,654.3488290056752,655.2216030747315,79560500
2025-10-14,656.78857421875,660.3590300864076,647.8030207789583,651.7701536094826,88779600
2025-10-15,659.7044067382812,664.7228272522149,653.5156893256119,661.3408732132422,81702600
2025-10-16,655.211669921875,663.215367636124,651.7106461582608,661.3408828539109,110563300
2025-10-17,658.9308471679688,660.2895852935891,652.7322022395391,654.0810128478913,96500900
2025-10-20,665.7840576171875,666.6866142382812,661.7872027532737,661.8367798071084,60493400
2025-10-21,665.7741088867188,667.4601523988813,664.4748753427003,665.9229005771253,56249000
2025-10-22,662.312744140625,666.4782452803545,657.8497201766941,666.4782452803545,80564000
2025-10-23,666.2402954101562,667.1825015615415,662.3128121266341,662.6301900162397,65604500
2025-10-24,671.6851806640625,672.8951271271609,670.0983517375236,670.9016937183009,74356500
2025-10-27,679.6094970703125,679.9070199177999,676.5151383891614,677.1201116013259,63339800
2025-10-28,681.41455078125,683.2493254549719,679.2028936555786,681.4046232640447,61738100
2025-10-29,681.7418212890625,684.0328379014793,677.2589421639235,683.0608492697363,85657100
2025-10-30,674.2440185546875,680.3037996369978,674.2440185546875,678.2805836148408,76335800
2025-10-31,676.4556884765625,679.4508932951077,673.6588524169174,679.4111832231399,87164100
2025-11-03,677.7251586914062,680.1649066224819,674.3530715971103,680.0359699637585,57315000
2025-11-04,669.691650390625,674.3728983771498,669.0371001406891,670.5544968959969,78427000
2025-11-05,672.012451171875,675.2654684624238,668.6304366940664,669.4337786331213,74402400
2025-11-06,664.80224609375,671.8141611273297,663.2252840482561,670.9116044462689,85035300
2025-11-07,665.4567260742188,665.5658682287408,655.7769731606511,662.4218719882706,100592400
2025-11-10,675.8406982421875,676.5746080726943,669.4833950163819,671.6751969912248,75842900
2025-11-11,677.387939453125,677.9532631527235,673.1530057317516,674.3630127379913,58953400
2025-11-12,677.7647705078125,679.3318048264125,675.3547447293747,679.1631581075335,62312500
2025-11-13,666.5180053710938,675.265541055433,665.0105359672095,674.9085136071693,103457800
2025-11-14,666.4088134765625,670.1081450818862,657.8199984349773,659.9126462553079,96846700
2025-11-17,660.2003173828125,668.1742931923078,656.7290761218832,664.1972328051172,90456100
2025-11-18,654.65625,659.6548153709225,650.4708935566339,656.6596108350068,114467500
2025-11-19,657.185302734375,661.856623370592,653.3371790986623,655.3505280387882,94703000
2025-11-20,647.1683349609375,670.0090710879778,646.5335791707308,667.3808213360044,165293500
2025-11-21,653.6148681640625,659.0894699034471,645.5020288545189,649.6675301260088,123956200
2025-11-24,663.2351684570312,664.5542570793402,656.1538823239337,657.2448196444445,80437900
2025-11-25,669.4735107421875,670.6537351639657,659.0200771396823,663.1360016067486,81077100
2025-11-26,674.09521484375,676.0986363282427,671.1595147067713,672.0620713400136,71879600
2025-11-28,677.7747192382812,678.0523870500939,674.9084513312986,675.2654787466182,49212000
2025-12-01,674.6803588867188,677.3779800628074,673.1629015749381,673.2323336611282,61201200
2025-12-02,675.9299926757812,678.2011542749951,673.748057660358,676.316742094939,62953800
2025-12-03,678.2706298828125,679.2822075879724,674.105128319461,674.9779023816353,57238500
2025-12-04,678.7665405273438,679.7384687237238,675.7416137771377,679.6690366334618,61970300
2025-12-05,680.0557861328125,682.7336127271673,678.9549213715281,679.8375623637357,79241000
2025-12-08,678.0127563476562,680.9980334759979,675.9696853695019,680.9484564225444,55231500
2025-12-09,677.4276123046875,679.7583392727543,676.9813582671167,677.5367544682442,58310100
2025-12-10,681.9203491210938,683.3088092137841,675.7117769038598,676.951505843926,85671300
2025-12-11,683.5072021484375,683.5865617528303,676.5647198382891,679.51034738166,86173700
2025-12-12,676.1581420898438,683.2196338188487,673.5893968987631,682.5154459360199,113160300
2025-12-15,675.1365966796875,680.1252955149479,673.6687768311533,680.1054404790556,90811000
2025-12-16,673.2918701171875,675.4837328267965,669.4338188610296,673.6488975485244,122030600
2025-12-17,665.8832397460938,674.8489377460819,665.6848710067972,674.3034691132465,110625200
2025-12-18,670.9114990234375,675.1464323222394,669.3544527925658,672.0322187932205,108650100
2025-12-19,676.9923095703125,677.4896664833268,672.8940327515619,673.0134542661981,103599500
2025-12-22,681.2098388671875,681.7370055876305,676.9922622536055,680.3245290528953,69556700
2025-12-23,684.3233032226562,684.562024812114,680.2548972126992,680.3046207584179,64840000
2025-12-24,686.7305297851562,687.1781631452748,684.164151137988,684.313382495532,39445600
2025-12-26,686.660888671875,688.0037280321676,685.6264081645946,686.989161229118,41613300
2025-12-29,684.2138671875,685.5567672531378,682.4433081832867,683.9055083361335,62559500
2025-12-30,683.3782958984375,684.9200900521846,682.9505762759469,683.8159723723246,47160700
2025-12-31,678.3152465820312,683.726492314561,678.1063955310838,683.5076844111845,74144800
2026-01-02,679.55859375,683.2390468658663,676.2263268834449,682.0852055985325,89377200
2026-01-05,684.0845947265625,685.7855773037328,682.7517121374489,682.910839643419,71927200
2026-01-06,688.1529541015625,688.6602678554459,684.1442890432024,684.2934596862484,69273800
2026-01-07,685.9347534179688,690.2916046822218,685.6761181181482,688.5309418430683,75588300
2026-01-08,685.8651123046875,686.9692300361542,683.8557710289468,685.1787573638412,64019200
2026-01-09,690.4010009765625,691.6344363504869,685.5368360184962,686.9791831428475,80125500
2026-01-12,691.4852294921875,692.410366767912,686.979207477028,687.0289310253164,63976000
2026-01-13,690.1026000976562,692.4103433578374,687.6953490317495,691.813478661017,78309700
2026-01-14,686.7105712890625,688.0633674208381,682.4134005947378,687.347202661372,94676700
2026-01-15,688.5806884765625,691.7737417111902,687.5959315038539,690.8983886882239,77862000
2026-01-16,688.0037231445312,690.5800586110835,686.4519720383781,689.9931507530615,79289200
2026-01-20,673.9981689453125,681.1501633341576,672.9934983300664,677.8874730475171,111623300
2026-01-21,681.77685546875,685.0991655259935,674.5452667925615,676.0572511802958,127844500
2026-01-22,685.3379516601562,687.476610793547,683.2888434897402,686.2033478813381,77112200
2026-01-23,685.5865478515625,687.3074439470811,683.5274830754288,684.5123006998919,63059600
2026-01-26,689.068115234375,690.4607389282814,686.2729717064406,686.8399658941375,60473800
2026-01-27,691.8134765625,692.8480177488461,689.9036431059924,690.5104039402848,55506100
2026-01-28,691.7438354492188,694.1510864943795,690.271678492269,693.3652237572153,61172200
2026-01-29,690.3711547851562,693.375209936545,681.2098793986574,692.7087686795362,97486200
2026-01-30,688.3121337890625,690.540343876794,683.4877957603626,688.1330925763239,101835100
2026-02-02,691.73388671875,693.2458711004026,685.7755608588325,685.9347490634862,79286500
2026-02-03,685.885009765625,693.2757257351432,680.4140840721383,692.529690413304,107904600
2026-02-04,682.5626831054688,687.7948875474046,678.1561081391175,686.7006659106327,105204600
2026-02-05,674.0379638671875,680.0758839506523,672.2176206040476,677.3404209861714,113610800
2026-02-06,686.96923828125,688.6503070282812,677.2508650473027,677.8576866055596,89127600
2026-02-09,690.2816162109375,692.1914496038428,684.7012866666231,685.7755337993461,73885200
2026-02-10,688.4613037109375,692.8579216647231,688.0037135108784,691.276360737094,65185700
2026-02-11,688.3021850585938,693.4547952732178,685.5368515439336,692.7087599208829,76353900
2026-02-12,677.668701171875,691.6742279947084,676.7734344520502,690.5701102294341,118829000
2026-02-13,678.1461181640625,682.6522007204912,673.9384983110481,678.0864377658819,96267500
2026-02-17,679.2402954101562,681.31927396984,672.2077222570326,676.5446598627462,81354700
2026-02-18,682.662109375,685.507036973797,679.2204384959671,680.4041503420104,73570300
2026-02-19,680.8616943359375,682.5527199680946,677.9471901363287,680.2251236342836,58649400
2026-02-20,685.7855834960938,686.4122580979458,678.126274472082,678.7131823752115,100034000
2026-02-23,678.7827758789062,686.3525334522094,676.7734345413753,684.1940214696967,90558100
2026-02-24,683.7164916992188,684.7112054782021,676.4053697086953,678.295350173768,73798700
2026-02-25,689.4859008789062,690.0130676270821,686.4519751919497,686.53156929616,56369500
2026-02-26,685.6561889648438,689.6350440416309,680.7323436648176,689.615191050754,71671000
2026-02-27,682.3637084960938,683.2291046432514,678.0367277603054,679.4790749097389,83308900
2026-03-02,682.7516479492188,684.9797970984218,674.4358553343317,675.1122534180175,87477200
2026-03-03,676.7337036132812,679.0016196644848,666.1200629162043,671.4915420947397,105003100
2026-03-04,681.50830078125,683.4579617719511,676.027417786932,678.026802327329,79182200
2026-03-05,677.7084350585938,681.9061587313661,672.0385544367263,678.4743840881955,106606500
2026-03-06,668.8256225585938,672.5358853430707,666.2194774432897,669.8501461298736,100687000
2026-03-09,674.6845092773438,676.3257505242918,658.888450195908,662.8673051642795,102667700
2026-03-10,673.6002807617188,679.7476047325034,671.1930903760745,674.1374043547928,81505300
2026-03-11,672.7548217773438,676.4849986405864,669.7806371390539,673.9982140650914,68441700
2026-03-12,662.5390625,668.0995392824933,662.3500644519811,667.6120785283837,108882200
2026-03-13,658.7890014648438,668.7859240392634,657.863924887251,665.7321452917186,97200200
2026-03-16,665.493408203125,668.5173163233716,663.5934708305671,664.8468199428278,82023100
2026-03-17,667.2440185546875,670.8747480492216,666.1598145596139,668.8355969918504,87128000
2026-03-18,657.9335327148438,666.1796881508768,657.6948111200146,664.8268919718373,82062600
2026-03-19,656.3121337890625,659.4753162945015,651.7066041735543,653.497076818377,111272500
2026-03-20,646.9034423828125,655.0025723674255,643.063298812559,654.8230422006715,163617500
2026-03-23,653.6959228515625,660.9173090129275,652.2596206790361,656.3790129905765,134802700
2026-03-24,651.5015869140625,655.3417305137531,648.2100787416998,649.6463809650626,96457500
2026-03-25,655.1322021484375,659.1917509309695,652.5588148295345,656.9774239230809,90653800
2026-03-26,643.432373046875,653.1672421520028,643.1630473705688,650.3844333840033,96494400
2026-03-27,632.4606323242188,641.0085567819559,631.4831091918358,640.8489947137006,103649400
2026-03-30,630.3460693359375,638.7245091624994,627.6630399662237,638.4651675144013,99275900
2026-03-31,648.6688842773438,649.865752001465,636.3405988140365,637.2981538716512,152534100
2026-04-01,653.5562744140625,656.8278752918841,651.3220400966815,652.219751792706,97841500
2026-04-02,654.144775390625,656.5086804928782,643.4522901873171,644.7589215344626,68358700
2026-04-06,657.23681640625,658.0247645183308,653.8356054757206,654.1746977251443,39105800
2026-04-07,657.5260009765625,657.9150134208243,649.386996170508,654.9626585699763,69980400
2026-04-08,674.27294921875,675.3402070755335,669.734652974974,674.6519776493207,93606100
2026-04-09,678.162841796875,679.4096297331154,672.0386657215836,673.1059235004034,57134400
2026-04-10,677.7140502929688,680.2774536083281,676.7066358948267,679.5692561407437,42253500
2026-04-13,684.3369750976562,684.536473353906,674.8414790590384,675.669302461078,54185800
2026-04-14,692.675537109375,692.7952238870419,685.8929616905456,685.9229138241225,63480500
2026-04-15,698.1414184570312,698.480571570673,692.4161778504387,693.4734516118131,58240400
2026-04-16,699.8569946289062,700.9741726960574,696.7350934539525,699.2585607342904,49972400
2026-04-17,708.3152465820312,710.5594650064761,703.9464965121796,704.3255249385737,70661900
2026-04-20,706.8988037109375,708.0857482546458,704.3254772575062,706.9587079747221,43546800
2026-04-21,702.2708129882812,709.4523240430285,700.8345107773317,708.4548936431559,58941400
2026-04-22,709.3825073242188,709.6218808832724,706.4001392457644,707.3278031045794,42518500
2026-04-23,706.6295776367188,710.5295037064266,700.4754491270062,707.6768673789517,56174000
2026-04-24,712.10546875,712.6340752101273,707.1881441382454,708.9236633096505,45182000
2026-04-27,713.332275390625,713.7911152864904,710.4696550399041,711.3374146094498,33135900
2026-04-28,709.8612060546875,711.0481506026886,707.4274735730012,709.9908768700561,43117400
2026-04-29,709.7515258789062,710.3699278433978,706.5497524472755,709.1729992133655,41859200
2026-04-30,716.8132934570312,717.9403946619685,708.6244289610544,712.7936806635566,67240900
2026-05-01,718.7982177734375,723.0073446973263,718.6186267345964,719.3966516418469,43049800
2026-05-04,716.1649780273438,720.2644021704073,713.152718877996,718.2196821209096,51950600
2026-05-05,721.9102172851562,723.1769124909786,719.6360467603954,719.9153564929043,36933200
2026-05-06,731.9443359375,732.7023927493656,725.9497697512824,726.288861980811,53288900
2026-05-07,729.7001342773438,734.238430329629,727.8748196364371,733.161188473549,51724600
2026-05-08,735.724609375,736.1834492768152,732.6824588199246,733.0415191543954,47227100
2026-05-11,737.4002685546875,738.8864300819614,734.5576163199453,734.5576163199453,44024000
2026-05-12,736.2831420898438,736.9414802248905,729.9494836014034,734.9964788307154,54185300
2026-05-13,740.4025268554688,741.9983910774667,733.5800764180441,736.5723674930287,44200200
2026-05-14,746.2474975585938,747.6040491923611,741.649357949993,741.7391534739264,45307600
2026-05-15,737.2706298828125,741.5496453663399,736.0637780312098,739.8838927249178,60410800
2026-05-18,736.751953125,739.5147938000424,731.5054597381557,737.9289136337939,47843900
2026-05-19,731.8446044921875,735.7545755811656,729.650306265128,732.8919551385734,54255900
2026-05-20,739.3452758789062,739.9636778498481,732.0042028263388,733.8195334397973,45768000
2026-05-21,740.8114624023438,742.9559620700644,735.1361419849363,736.7419902854853,43332200
2026-05-22,743.7239990234375,747.015507083493,742.566945697205,744.3224328967863,41762000
2026-05-26,748.6613159179688,750.1973368284331,746.4469887578754,748.0827892360243,41123600
2026-05-27,748.5316162109375,749.4492351039673,746.2973210478585,748.9505199197505,42106300
2026-05-28,752.6609497070312,753.2095851254732,747.3047533704411,748.3221518516883,41562600
2026-05-29,754.5361328125,756.1320579864754,752.7507543048832,753.9576670103595,55075700
2026-06-01,756.5908203125,758.3264003155792,752.7507376917755,753.4189990020213,43634900
2026-06-02,757.6182250976562,758.4461093852723,754.805464031348,755.0847737682097,31581900
2026-06-03,752.3018798828125,756.8501599793441,751.6336185743088,756.2018667594974,51402500
2026-06-04,755.1445922851562,756.3614281257201,749.5389775481502,750.1673635570705,49923000
2026-06-05,735.65478515625,750.8855669656407,733.6400171295905,750.3768677170906,93989400
2026-06-08,737.3204345703125,743.4247643242134,736.2931129658897,741.4498108327123,49319100
2026-06-09,735.1560668945312,744.9807928982774,720.7332622187009,741.7191759970133,87683500
2026-06-10,723.56591796875,736.4826536495077,723.4661992814284,731.5054857614351,60341300
2026-06-11,735.8642578125,738.0984921563339,722.5485255148498,726.8873842592473,86330500
2026-06-12,739.843994140625,742.5270843334097,733.1412911200548,738.8066884479139,57079500
2026-06-15,752.890380859375,754.7356026867302,749.8282623277308,749.9179969688896,60176400
2026-06-16,748.4019775390625,753.4988323298886,747.9531216783239,752.6111046530555,67093100
2026-06-17,739.0560302734375,750.217278570044,737.3204502885575,749.3594421826946,85945200
2026-06-18,746.739990234375,748.22998046875,743.8599853515625,747.760009765625,80875700
2026-06-22,744.3900146484375,750.1799926757812,743.1300048828125,747.7000122070312,46628100
2026-06-23,733.5800170898438,739.6300048828125,732.2999877929688,733.8099975585938,66846800
2026-06-24,733.239990234375,739.9500122070312,730.8400268554688,735.1699829101562,57439500
2026-06-25,734.2999877929688,739.3699951171875,729.5999755859375,738.9099731445312,53934400
2026-06-26,728.989990234375,736.530029296875,716.5800170898438,728.9500122070312,71034000
2026-06-29,741.0,741.5599975585938,732.0900268554688,736.530029296875,58035200
2026-06-30,746.77001953125,748.02001953125,740.8900146484375,741.2899780273438,55626000
2026-07-01,745.760009765625,749.4400024414062,742.3800048828125,745.0,47100900
2026-07-02,744.780029296875,751.3099975585938,740.030029296875,747.4000244140625,57447800
2026-07-06,751.280029296875,752.4099731445312,747.4099731445312,748.739990234375,50673300
2026-07-07,747.7100219726562,750.9600219726562,745.2100219726562,750.219970703125,43721500
2026-07-08,745.4000244140625,746.1500244140625,739.510009765625,743.1599731445312,43767400
2026-07-09,751.7100219726562,751.969970703125,745.5900268554688,747.3499755859375,41441700
2026-07-10,754.9500122070312,755.4199829101562,748.0999755859375,752.0499877929688,42114300
